{
"type": "FeatureCollection",
"name": "DCDevelopment",
"features": [
{ "type": "Feature", "properties": { "OBJECTID": 1, "PROJECTNAME": "17xM", "WARD": "2", "LOCATION": "1700 M St. NW", "DEVELOPER": "Skanska", "PROJECTTYPE": "Office", "TYPE_SQFT": 317000.0, "UNITS": null, "UNIT_TYPE": null, "ESTVALUEINMILLION": 216000000.0, "ESTDELIVERY": "Q2 24", "STATUS": "Completed", "LATITUDE": 38.905406, "LONGITUDE": -77.038834, "REPORT_EDITION_YEAR": "2024-2025", "ARCHITECT": null, "CREATED_USER": null, "CREATED_DATE": null, "LAST_EDITED_USER": null, "LAST_EDITED_DATE": null, "GLOBALID": "{44933299-0483-4621-BE99-09DC4C354795}" }, "geometry": null },
{ "type": "Feature", "properties": { "OBJECTID": 2, "PROJECTNAME": "Reunion Square (Building 4)", "WARD": "8", "LOCATION": "Shannon Place & W St. SE", "DEVELOPER": "Curtis Development / Four Points / Blue Sky Housing", "PROJECTTYPE": "Office", "TYPE_SQFT": 227000.0, "UNITS": null, "UNIT_TYPE": null, "ESTVALUEINMILLION": 0.0, "ESTDELIVERY": "Q1 24", "STATUS": "Completed", "LATITUDE": 38.865241, "LONGITUDE": -76.99096, "REPORT_EDITION_YEAR": "2024-2025", "ARCHITECT": null, "CREATED_USER": null, "CREATED_DATE": null, "LAST_EDITED_USER": null, "LAST_EDITED_DATE": null, "GLOBALID": "{D532C423-7ADD-49CB-A96E-6794401B8F4B}" }, "geometry": null },
{ "type": "Feature", "properties": { "OBJECTID": 3, "PROJECTNAME": "MLK Gateway II", "WARD": "8", "LOCATION": "1909 Martin L King Jr Ave. SE", "DEVELOPER": "Menkiti Group", "PROJECTTYPE": "Office", "TYPE_SQFT": 60000.0, "UNITS": null, "UNIT_TYPE": null, "ESTVALUEINMILLION": 70500000.0, "ESTDELIVERY": "Q1 24", "STATUS": "Completed", "LATITUDE": 38.867224, "LONGITUDE": -76.988901, "REPORT_EDITION_YEAR": "2024-2025", "ARCHITECT": null, "CREATED_USER": null, "CREATED_DATE": null, "LAST_EDITED_USER": null, "LAST_EDITED_DATE": null, "GLOBALID": "{EA30A5DA-AA45-4F10-B507-EDBC7ADA25F6}" }, "geometry": null },
{ "type": "Feature", "properties": { "OBJECTID": 4, "PROJECTNAME": "The Oliver", "WARD": "1", "LOCATION": "2711 - 2719 Georgia Ave. NW", "DEVELOPER": "Rock Creek Property Group / Howard University", "PROJECTTYPE": "Office", "TYPE_SQFT": 41000.0, "UNITS": null, "UNIT_TYPE": null, "ESTVALUEINMILLION": 62000000.0, "ESTDELIVERY": "Q3 24", "STATUS": "Completed", "LATITUDE": 38.925115, "LONGITUDE": -77.022258, "REPORT_EDITION_YEAR": "2024-2025", "ARCHITECT": null, "CREATED_USER": null, "CREATED_DATE": null, "LAST_EDITED_USER": null, "LAST_EDITED_DATE": null, "GLOBALID": "{D08B7329-12F9-40B0-8F4E-E302D04C213F}" }, "geometry": null },
{ "type": "Feature", "properties": { "OBJECTID": 5, "PROJECTNAME": "The Community Partnership for the Prevention of Homelessness", "WARD": "4", "LOCATION": "14 Kennedy St. NW", "DEVELOPER": "The Community Partnership for the Prevention of Homelessness", "PROJECTTYPE": "Office", "TYPE_SQFT": 20000.0, "UNITS": null, "UNIT_TYPE": null, "ESTVALUEINMILLION": 8000000.0, "ESTDELIVERY": "Q3 24", "STATUS": "Completed", "LATITUDE": 38.956436, "LONGITUDE": -77.010428, "REPORT_EDITION_YEAR": "2024-2025", "ARCHITECT": null, "CREATED_USER": null, "CREATED_DATE": null, "LAST_EDITED_USER": null, "LAST_EDITED_DATE": null, "GLOBALID": "{63C47A40-8B83-4EC3-BE7E-06A3850E0D5F}" }, "geometry": null },
{ "type": "Feature", "properties": { "OBJECTID": 6, "PROJECTNAME": "611 Division Avenue", "WARD": "7", "LOCATION": "611 Division Ave. NE", "DEVELOPER": "The Cox Development Group", "PROJECTTYPE": "Office", "TYPE_SQFT": 12000.0, "UNITS": null, "UNIT_TYPE": null, "ESTVALUEINMILLION": 0.0, "ESTDELIVERY": "Q2 24", "STATUS": "Completed", "LATITUDE": 38.897659, "LONGITUDE": -76.925616, "REPORT_EDITION_YEAR": "2024-2025", "ARCHITECT": null, "CREATED_USER": null, "CREATED_DATE": null, "LAST_EDITED_USER": null, "LAST_EDITED_DATE": null, "GLOBALID": "{6D07D4E6-6D10-46F7-8CFD-E4E2BB681570}" }, "geometry": null },
{ "type": "Feature", "properties": { "OBJECTID": 7, "PROJECTNAME": "226 Massachusetts Avenue", "WARD": "6", "LOCATION": "226 Massachusetts Ave. NE", "DEVELOPER": "Heritage Foundation", "PROJECTTYPE": "Office", "TYPE_SQFT": 5500.0, "UNITS": null, "UNIT_TYPE": null, "ESTVALUEINMILLION": 0.0, "ESTDELIVERY": "Q4 24", "STATUS": "Completed", "LATITUDE": 38.895084, "LONGITUDE": -77.002532, "REPORT_EDITION_YEAR": "2024-2025", "ARCHITECT": null, "CREATED_USER": null, "CREATED_DATE": null, "LAST_EDITED_USER": null, "LAST_EDITED_DATE": null, "GLOBALID": "{4CFF2098-7859-4911-AC22-2BE895B801C3}" }, "geometry": null },
{ "type": "Feature", "properties": { "OBJECTID": 8, "PROJECTNAME": "Federal Reserve Renovation & Expansion", "WARD": "2", "LOCATION": "1951 & 2051 Constitution Avenue NW", "DEVELOPER": "The Federal Reserve Board", "PROJECTTYPE": "Office", "TYPE_SQFT": 826000.0, "UNITS": null, "UNIT_TYPE": null, "ESTVALUEINMILLION": 0.0, "ESTDELIVERY": null, "STATUS": "Under Construction", "LATITUDE": 38.892855, "LONGITUDE": -77.044194, "REPORT_EDITION_YEAR": "2024-2025", "ARCHITECT": null, "CREATED_USER": null, "CREATED_DATE": null, "LAST_EDITED_USER": null, "LAST_EDITED_DATE": null, "GLOBALID": "{77DE8125-C734-4C02-B48C-5C7B591F6381}" }, "geometry": null },
{ "type": "Feature", "properties": { "OBJECTID": 9, "PROJECTNAME": "Cybersecurity & Infrastructure Security Agency HQ", "WARD": "8", "LOCATION": "2701 Martin Luther King Jr. Ave. SE", "DEVELOPER": "General Services Administration", "PROJECTTYPE": "Office", "TYPE_SQFT": 630000.0, "UNITS": null, "UNIT_TYPE": null, "ESTVALUEINMILLION": 524000000.0, "ESTDELIVERY": "Q1 27", "STATUS": "Under Construction", "LATITUDE": 38.851981, "LONGITUDE": -77.000374, "REPORT_EDITION_YEAR": "2024-2025", "ARCHITECT": null, "CREATED_USER": null, "CREATED_DATE": null, "LAST_EDITED_USER": null, "LAST_EDITED_DATE": null, "GLOBALID": "{CFE67A12-0D6C-4F91-A2D3-D4E43ACD0273}" }, "geometry": null },
{ "type": "Feature", "properties": { "OBJECTID": 10, "PROJECTNAME": "600 5th Street", "WARD": "2", "LOCATION": "600 5th St. NW", "DEVELOPER": "Stonebridge Associates / Rockefeller Group", "PROJECTTYPE": "Office", "TYPE_SQFT": 415000.0, "UNITS": null, "UNIT_TYPE": null, "ESTVALUEINMILLION": 370000000.0, "ESTDELIVERY": "Q4 25", "STATUS": "Under Construction", "LATITUDE": 38.897837, "LONGITUDE": -77.019472, "REPORT_EDITION_YEAR": "2024-2025", "ARCHITECT": null, "CREATED_USER": null, "CREATED_DATE": null, "LAST_EDITED_USER": null, "LAST_EDITED_DATE": null, "GLOBALID": "{BFD8F3DB-090A-4338-86AD-7462F5160FED}" }, "geometry": null },
{ "type": "Feature", "properties": { "OBJECTID": 11, "PROJECTNAME": "USDA South Building (Wing 7 Modernization)", "WARD": "6", "LOCATION": "1400 Independence Ave. SW", "DEVELOPER": "U.S. Department of Agriculture", "PROJECTTYPE": "Office", "TYPE_SQFT": 250000.0, "UNITS": null, "UNIT_TYPE": null, "ESTVALUEINMILLION": 114000000.0, "ESTDELIVERY": "Q2 25", "STATUS": "Under Construction", "LATITUDE": 38.886773, "LONGITUDE": -77.031541, "REPORT_EDITION_YEAR": "2024-2025", "ARCHITECT": null, "CREATED_USER": null, "CREATED_DATE": null, "LAST_EDITED_USER": null, "LAST_EDITED_DATE": null, "GLOBALID": "{5425AAAF-9F08-4D02-B5F1-1835EACD59B1}" }, "geometry": null },
{ "type": "Feature", "properties": { "OBJECTID": 12, "PROJECTNAME": "AIA Headquarters Modernization", "WARD": "2", "LOCATION": "1735 New York Ave. NW", "DEVELOPER": "American Institute of Architects", "PROJECTTYPE": "Office", "TYPE_SQFT": 180000.0, "UNITS": null, "UNIT_TYPE": null, "ESTVALUEINMILLION": 60000000.0, "ESTDELIVERY": "Q2 25", "STATUS": "Under Construction", "LATITUDE": 38.896541, "LONGITUDE": -77.040894, "REPORT_EDITION_YEAR": "2024-2025", "ARCHITECT": null, "CREATED_USER": null, "CREATED_DATE": null, "LAST_EDITED_USER": null, "LAST_EDITED_DATE": null, "GLOBALID": "{436F8D2B-BC54-497A-ACE3-574C6451D365}" }, "geometry": null },
{ "type": "Feature", "properties": { "OBJECTID": 13, "PROJECTNAME": "Cannon House Office Building Renewal (Ph IV)", "WARD": "6", "LOCATION": "27 Independence Ave. SE", "DEVELOPER": "Architect of the Capitol", "PROJECTTYPE": "Office", "TYPE_SQFT": 170000.0, "UNITS": null, "UNIT_TYPE": null, "ESTVALUEINMILLION": 188000000.0, "ESTDELIVERY": "Q4 25", "STATUS": "Under Construction", "LATITUDE": 38.886239, "LONGITUDE": -77.006633, "REPORT_EDITION_YEAR": "2024-2025", "ARCHITECT": null, "CREATED_USER": null, "CREATED_DATE": null, "LAST_EDITED_USER": null, "LAST_EDITED_DATE": null, "GLOBALID": "{6E569E19-0E5A-4540-BFE5-3652423FF6C0}" }, "geometry": null },
{ "type": "Feature", "properties": { "OBJECTID": 14, "PROJECTNAME": "The Milken Center for Advancing the American Dream", "WARD": "2", "LOCATION": "1501 - 1505 Pennsylvania Ave. NW & 730 15th St. NW", "DEVELOPER": "Milken Family Foundation / Akridge", "PROJECTTYPE": "Office", "TYPE_SQFT": 132000.0, "UNITS": null, "UNIT_TYPE": null, "ESTVALUEINMILLION": 0.0, "ESTDELIVERY": "Q3 25", "STATUS": "Under Construction", "LATITUDE": 38.899124, "LONGITUDE": -77.033909, "REPORT_EDITION_YEAR": "2024-2025", "ARCHITECT": null, "CREATED_USER": null, "CREATED_DATE": null, "LAST_EDITED_USER": null, "LAST_EDITED_DATE": null, "GLOBALID": "{5D53E04E-DBF9-4530-8093-B97335F4C20C}" }, "geometry": null },
{ "type": "Feature", "properties": { "OBJECTID": 15, "PROJECTNAME": "Carl F. West Estates", "WARD": "1", "LOCATION": "1370 Harvard St. NW", "DEVELOPER": "DMA Companies / National Caucus & Center on Black Aging", "PROJECTTYPE": "Office", "TYPE_SQFT": 10000.0, "UNITS": null, "UNIT_TYPE": null, "ESTVALUEINMILLION": 134000000.0, "ESTDELIVERY": "Q1 26", "STATUS": "Under Construction", "LATITUDE": 38.926488, "LONGITUDE": -77.031429, "REPORT_EDITION_YEAR": "2024-2025", "ARCHITECT": null, "CREATED_USER": null, "CREATED_DATE": null, "LAST_EDITED_USER": null, "LAST_EDITED_DATE": null, "GLOBALID": "{FC585D0B-DA3E-40FA-A18C-03CE73767825}" }, "geometry": null },
{ "type": "Feature", "properties": { "OBJECTID": 16, "PROJECTNAME": "EucKal - 1724 Kalorama Road", "WARD": "1", "LOCATION": "1724 Kalorama Rd. NW", "DEVELOPER": "Jubilee Housing", "PROJECTTYPE": "Office", "TYPE_SQFT": 7500.0, "UNITS": null, "UNIT_TYPE": null, "ESTVALUEINMILLION": 16000000.0, "ESTDELIVERY": "Q2 25", "STATUS": "Under Construction", "LATITUDE": 38.920794, "LONGITUDE": -77.039455, "REPORT_EDITION_YEAR": "2024-2025", "ARCHITECT": null, "CREATED_USER": null, "CREATED_DATE": null, "LAST_EDITED_USER": null, "LAST_EDITED_DATE": null, "GLOBALID": "{4D525E73-018A-4C66-8D40-ABE96FA4C7B7}" }, "geometry": null },
{ "type": "Feature", "properties": { "OBJECTID": 17, "PROJECTNAME": "900 New York Avenue", "WARD": "2", "LOCATION": "900 New York Ave. NW", "DEVELOPER": "Gould Property Company / Oxford Properties Group", "PROJECTTYPE": "Office", "TYPE_SQFT": 575000.0, "UNITS": null, "UNIT_TYPE": null, "ESTVALUEINMILLION": 0.0, "ESTDELIVERY": null, "STATUS": "Pipeline", "LATITUDE": 38.901517, "LONGITUDE": -77.024405, "REPORT_EDITION_YEAR": "2024-2025", "ARCHITECT": null, "CREATED_USER": null, "CREATED_DATE": null, "LAST_EDITED_USER": null, "LAST_EDITED_DATE": null, "GLOBALID": "{A7EDFF3F-9FF1-496E-B367-C6AFD707A899}" }, "geometry": null },
{ "type": "Feature", "properties": { "OBJECTID": 18, "PROJECTNAME": "Navy Yard - Parcel O", "WARD": "6", "LOCATION": "1000 O St. SE", "DEVELOPER": "Redbrick LMD", "PROJECTTYPE": "Office", "TYPE_SQFT": 400000.0, "UNITS": null, "UNIT_TYPE": null, "ESTVALUEINMILLION": 0.0, "ESTDELIVERY": "2029", "STATUS": "Pipeline", "LATITUDE": 38.872238, "LONGITUDE": -76.993226, "REPORT_EDITION_YEAR": "2024-2025", "ARCHITECT": null, "CREATED_USER": null, "CREATED_DATE": null, "LAST_EDITED_USER": null, "LAST_EDITED_DATE": null, "GLOBALID": "{8B685BE0-3487-44D0-9CBA-40720FA42F08}" }, "geometry": null },
{ "type": "Feature", "properties": { "OBJECTID": 19, "PROJECTNAME": "Reunion Square (Building 2)", "WARD": "8", "LOCATION": "Martin Luther King Jr. Ave. W St. & Shannon Place SE", "DEVELOPER": "Four Points / Curtis Development", "PROJECTTYPE": "Office", "TYPE_SQFT": 400000.0, "UNITS": null, "UNIT_TYPE": null, "ESTVALUEINMILLION": 0.0, "ESTDELIVERY": null, "STATUS": "Pipeline", "LATITUDE": 38.864754, "LONGITUDE": -76.990112, "REPORT_EDITION_YEAR": "2024-2025", "ARCHITECT": null, "CREATED_USER": null, "CREATED_DATE": null, "LAST_EDITED_USER": null, "LAST_EDITED_DATE": null, "GLOBALID": "{469EFE48-9F26-464F-AB6B-54CF1BC032A6}" }, "geometry": null },
{ "type": "Feature", "properties": { "OBJECTID": 20, "PROJECTNAME": "725 12th Street", "WARD": "2", "LOCATION": "725 12th St. NW", "DEVELOPER": "BXP", "PROJECTTYPE": "Office", "TYPE_SQFT": 306000.0, "UNITS": null, "UNIT_TYPE": null, "ESTVALUEINMILLION": 0.0, "ESTDELIVERY": "2028", "STATUS": "Pipeline", "LATITUDE": 38.898741, "LONGITUDE": -77.02732, "REPORT_EDITION_YEAR": "2024-2025", "ARCHITECT": null, "CREATED_USER": null, "CREATED_DATE": null, "LAST_EDITED_USER": null, "LAST_EDITED_DATE": null, "GLOBALID": "{6F3AA378-FCB2-4D15-9979-8FD582C3A1BB}" }, "geometry": null },
{ "type": "Feature", "properties": { "OBJECTID": 21, "PROJECTNAME": "The Bridge District (Phase V)", "WARD": "8", "LOCATION": "Howard Rd. SE", "DEVELOPER": "Redbrick LMD", "PROJECTTYPE": "Office", "TYPE_SQFT": 250000.0, "UNITS": null, "UNIT_TYPE": null, "ESTVALUEINMILLION": 0.0, "ESTDELIVERY": null, "STATUS": "Pipeline", "LATITUDE": 38.864545, "LONGITUDE": -76.997911, "REPORT_EDITION_YEAR": "2024-2025", "ARCHITECT": null, "CREATED_USER": null, "CREATED_DATE": null, "LAST_EDITED_USER": null, "LAST_EDITED_DATE": null, "GLOBALID": "{BEE6FE83-8C28-4C9A-874A-4AD9DD5C8F0E}" }, "geometry": null },
{ "type": "Feature", "properties": { "OBJECTID": 22, "PROJECTNAME": "Saint Elizabeths East (Parcel 17 - Bldg 2)", "WARD": "8", "LOCATION": "Saint Elizabeths East Campus", "DEVELOPER": "Redbrick LMD / Gragg Cardona Partners / DMPED", "PROJECTTYPE": "Office", "TYPE_SQFT": 154000.0, "UNITS": null, "UNIT_TYPE": null, "ESTVALUEINMILLION": 0.0, "ESTDELIVERY": null, "STATUS": "Pipeline", "LATITUDE": 38.845248, "LONGITUDE": -76.988885, "REPORT_EDITION_YEAR": "2024-2025", "ARCHITECT": null, "CREATED_USER": null, "CREATED_DATE": null, "LAST_EDITED_USER": null, "LAST_EDITED_DATE": null, "GLOBALID": "{AAE49B13-FEF4-4922-A3EA-861D66C70C41}" }, "geometry": null },
{ "type": "Feature", "properties": { "OBJECTID": 23, "PROJECTNAME": "525 Rhode Island Avenue", "WARD": "5", "LOCATION": "525 Rhode Island Ave. NE", "DEVELOPER": "The Wilkes Company", "PROJECTTYPE": "Office", "TYPE_SQFT": 130000.0, "UNITS": null, "UNIT_TYPE": null, "ESTVALUEINMILLION": 57000000.0, "ESTDELIVERY": null, "STATUS": "Pipeline", "LATITUDE": 38.920286, "LONGITUDE": -76.998079, "REPORT_EDITION_YEAR": "2024-2025", "ARCHITECT": null, "CREATED_USER": null, "CREATED_DATE": null, "LAST_EDITED_USER": null, "LAST_EDITED_DATE": null, "GLOBALID": "{DF9EAE6E-1E77-4BE6-A196-67F6EA25E422}" }, "geometry": null },
{ "type": "Feature", "properties": { "OBJECTID": 24, "PROJECTNAME": "Saint Elizabeths East (Parcel 7)", "WARD": "8", "LOCATION": "Saint Elizabeths East Campus", "DEVELOPER": "St. Elizabeths Legacy Partners / Menkiti Group / DMPED", "PROJECTTYPE": "Office", "TYPE_SQFT": 124300.0, "UNITS": null, "UNIT_TYPE": null, "ESTVALUEINMILLION": 0.0, "ESTDELIVERY": null, "STATUS": "Pipeline", "LATITUDE": 38.846047, "LONGITUDE": -76.995065, "REPORT_EDITION_YEAR": "2024-2025", "ARCHITECT": null, "CREATED_USER": null, "CREATED_DATE": null, "LAST_EDITED_USER": null, "LAST_EDITED_DATE": null, "GLOBALID": "{8E020864-EDB5-4D0C-8D55-FD92248679C9}" }, "geometry": null },
{ "type": "Feature", "properties": { "OBJECTID": 25, "PROJECTNAME": "2000 14th Street", "WARD": "1", "LOCATION": "2000 14th St. NW", "DEVELOPER": "Reeves CMC Venture (Capri Investment Group / MRP Realty / CSG Urban Partners) / DMPED", "PROJECTTYPE": "Office", "TYPE_SQFT": 108000.0, "UNITS": null, "UNIT_TYPE": null, "ESTVALUEINMILLION": 300000000.0, "ESTDELIVERY": "2030", "STATUS": "Pipeline", "LATITUDE": 38.917444, "LONGITUDE": -77.032404, "REPORT_EDITION_YEAR": "2024-2025", "ARCHITECT": null, "CREATED_USER": null, "CREATED_DATE": null, "LAST_EDITED_USER": null, "LAST_EDITED_DATE": null, "GLOBALID": "{55C213CE-0EC7-45A7-9C4B-E8FF7D750891}" }, "geometry": null },
{ "type": "Feature", "properties": { "OBJECTID": 26, "PROJECTNAME": "2828 Tenth Street", "WARD": "5", "LOCATION": "2828 Tenth St. NE", "DEVELOPER": "The Wilkes Company", "PROJECTTYPE": "Office", "TYPE_SQFT": 100000.0, "UNITS": null, "UNIT_TYPE": null, "ESTVALUEINMILLION": 42000000.0, "ESTDELIVERY": null, "STATUS": "Pipeline", "LATITUDE": 38.926199, "LONGITUDE": -76.992687, "REPORT_EDITION_YEAR": "2024-2025", "ARCHITECT": null, "CREATED_USER": null, "CREATED_DATE": null, "LAST_EDITED_USER": null, "LAST_EDITED_DATE": null, "GLOBALID": "{27867C4B-3298-4E93-90ED-D5FFCA860096}" }, "geometry": null },
{ "type": "Feature", "properties": { "OBJECTID": 27, "PROJECTNAME": "Upton Place on Wisconsin", "WARD": "3", "LOCATION": "4000 Wisconsin Ave. NW & 3990 Upton St. NW", "DEVELOPER": "Donohoe Development / AIMCO", "PROJECTTYPE": "Retail", "TYPE_SQFT": 110400.0, "UNITS": null, "UNIT_TYPE": null, "ESTVALUEINMILLION": 290000000.0, "ESTDELIVERY": "Q1 24", "STATUS": "Completed", "LATITUDE": 38.94169, "LONGITUDE": -77.076897, "REPORT_EDITION_YEAR": "2024-2025", "ARCHITECT": null, "CREATED_USER": null, "CREATED_DATE": null, "LAST_EDITED_USER": null, "LAST_EDITED_DATE": null, "GLOBALID": "{CC03825F-61DE-4419-8491-57F920FC8813}" }, "geometry": null },
{ "type": "Feature", "properties": { "OBJECTID": 28, "PROJECTNAME": "Vermeer", "WARD": "6", "LOCATION": "113 Potomac Ave. SW", "DEVELOPER": "Toll Brothers", "PROJECTTYPE": "Retail", "TYPE_SQFT": 37000.0, "UNITS": null, "UNIT_TYPE": null, "ESTVALUEINMILLION": 259000000.0, "ESTDELIVERY": "Q4 24", "STATUS": "Completed", "LATITUDE": 38.870201, "LONGITUDE": -77.011838, "REPORT_EDITION_YEAR": "2024-2025", "ARCHITECT": null, "CREATED_USER": null, "CREATED_DATE": null, "LAST_EDITED_USER": null, "LAST_EDITED_DATE": null, "GLOBALID": "{A43044AD-AE84-40AB-92AA-B9952299C28C}" }, "geometry": null },
{ "type": "Feature", "properties": { "OBJECTID": 29, "PROJECTNAME": "ART Place at Fort Totten (Aldi)", "WARD": "5", "LOCATION": "5300 South Dakota Ave. NE", "DEVELOPER": "Morris & Gwendolyn Cafritz Foundation", "PROJECTTYPE": "Retail", "TYPE_SQFT": 24000.0, "UNITS": null, "UNIT_TYPE": null, "ESTVALUEINMILLION": 0.0, "ESTDELIVERY": "Q4 24", "STATUS": "Completed", "LATITUDE": 38.954829, "LONGITUDE": -77.00012, "REPORT_EDITION_YEAR": "2024-2025", "ARCHITECT": null, "CREATED_USER": null, "CREATED_DATE": null, "LAST_EDITED_USER": null, "LAST_EDITED_DATE": null, "GLOBALID": "{AAFE4C91-6C4B-42C9-A731-C9D8BC85FA95}" }, "geometry": null },
{ "type": "Feature", "properties": { "OBJECTID": 30, "PROJECTNAME": "The Westerly", "WARD": "6", "LOCATION": "350 Maple Drive SW", "DEVELOPER": "Hoffman & Associates / Paramount Development Corp. / Affordable Housing Developers / CityPartners / DMPED", "PROJECTTYPE": "Retail", "TYPE_SQFT": 20000.0, "UNITS": null, "UNIT_TYPE": null, "ESTVALUEINMILLION": 179000000.0, "ESTDELIVERY": "Q1 24", "STATUS": "Completed", "LATITUDE": 38.878393, "LONGITUDE": -77.017095, "REPORT_EDITION_YEAR": "2024-2025", "ARCHITECT": null, "CREATED_USER": null, "CREATED_DATE": null, "LAST_EDITED_USER": null, "LAST_EDITED_DATE": null, "GLOBALID": "{129FA95D-4C5B-44E8-8A9C-3F65E18DE5D8}" }, "geometry": null },
{ "type": "Feature", "properties": { "OBJECTID": 31, "PROJECTNAME": "The Clara on Martin Luther King Jr. Ave", "WARD": "8", "LOCATION": "2323 Martin Luther King Jr. Ave. SE", "DEVELOPER": "Banneker Ventures / Masjid Muhammad", "PROJECTTYPE": "Retail", "TYPE_SQFT": 14000.0, "UNITS": null, "UNIT_TYPE": null, "ESTVALUEINMILLION": 43000000.0, "ESTDELIVERY": "Q3 24", "STATUS": "Completed", "LATITUDE": 38.86324, "LONGITUDE": -76.991883, "REPORT_EDITION_YEAR": "2024-2025", "ARCHITECT": null, "CREATED_USER": null, "CREATED_DATE": null, "LAST_EDITED_USER": null, "LAST_EDITED_DATE": null, "GLOBALID": "{40712068-BEF7-4918-AAD2-62F2DF20F1F5}" }, "geometry": null },
{ "type": "Feature", "properties": { "OBJECTID": 32, "PROJECTNAME": "17xM", "WARD": "2", "LOCATION": "1700 M St. NW", "DEVELOPER": "Skanska", "PROJECTTYPE": "Retail", "TYPE_SQFT": 13000.0, "UNITS": null, "UNIT_TYPE": null, "ESTVALUEINMILLION": 216000000.0, "ESTDELIVERY": "Q2 24", "STATUS": "Completed", "LATITUDE": 38.905406, "LONGITUDE": -77.038834, "REPORT_EDITION_YEAR": "2024-2025", "ARCHITECT": null, "CREATED_USER": null, "CREATED_DATE": null, "LAST_EDITED_USER": null, "LAST_EDITED_DATE": null, "GLOBALID": "{9983030B-4B30-4FD1-A472-08C148DB3355}" }, "geometry": null },
{ "type": "Feature", "properties": { "OBJECTID": 33, "PROJECTNAME": "The Arbor at Takoma", "WARD": "4", "LOCATION": "218 Cedar St. NW", "DEVELOPER": "Neighborhood Development Company", "PROJECTTYPE": "Retail", "TYPE_SQFT": 8400.0, "UNITS": null, "UNIT_TYPE": null, "ESTVALUEINMILLION": 22000000.0, "ESTDELIVERY": "Q3 24", "STATUS": "Completed", "LATITUDE": 38.975293, "LONGITUDE": -77.015943, "REPORT_EDITION_YEAR": "2024-2025", "ARCHITECT": null, "CREATED_USER": null, "CREATED_DATE": null, "LAST_EDITED_USER": null, "LAST_EDITED_DATE": null, "GLOBALID": "{99660FD0-C975-4620-AFE0-D3CA49F52CFC}" }, "geometry": null },
{ "type": "Feature", "properties": { "OBJECTID": 34, "PROJECTNAME": "MLK Gateway II", "WARD": "8", "LOCATION": "1909 Martin L King Jr Ave. SE", "DEVELOPER": "Menkiti Group", "PROJECTTYPE": "Retail", "TYPE_SQFT": 8000.0, "UNITS": null, "UNIT_TYPE": null, "ESTVALUEINMILLION": 70500000.0, "ESTDELIVERY": "Q1 24", "STATUS": "Completed", "LATITUDE": 38.867224, "LONGITUDE": -76.988901, "REPORT_EDITION_YEAR": "2024-2025", "ARCHITECT": null, "CREATED_USER": null, "CREATED_DATE": null, "LAST_EDITED_USER": null, "LAST_EDITED_DATE": null, "GLOBALID": "{C0B59324-E49E-4C24-939A-76DC74E30C99}" }, "geometry": null },
{ "type": "Feature", "properties": { "OBJECTID": 35, "PROJECTNAME": "Elle Apartments", "WARD": "2", "LOCATION": "1111 20th St. NW", "DEVELOPER": "WILLCO Companies", "PROJECTTYPE": "Retail", "TYPE_SQFT": 8000.0, "UNITS": null, "UNIT_TYPE": null, "ESTVALUEINMILLION": 40000000.0, "ESTDELIVERY": "Q2 24", "STATUS": "Completed", "LATITUDE": 38.904084, "LONGITUDE": -77.044497, "REPORT_EDITION_YEAR": "2024-2025", "ARCHITECT": null, "CREATED_USER": null, "CREATED_DATE": null, "LAST_EDITED_USER": null, "LAST_EDITED_DATE": null, "GLOBALID": "{34DC41FC-3753-496B-9F08-CF32DEEAE8DC}" }, "geometry": null },
{ "type": "Feature", "properties": { "OBJECTID": 36, "PROJECTNAME": "OZMA", "WARD": "6", "LOCATION": "44 M St. NE", "DEVELOPER": "Skanska", "PROJECTTYPE": "Retail", "TYPE_SQFT": 7700.0, "UNITS": null, "UNIT_TYPE": null, "ESTVALUEINMILLION": 128000000.0, "ESTDELIVERY": "Q3 24", "STATUS": "Completed", "LATITUDE": 38.906078, "LONGITUDE": -77.006823, "REPORT_EDITION_YEAR": "2024-2025", "ARCHITECT": null, "CREATED_USER": null, "CREATED_DATE": null, "LAST_EDITED_USER": null, "LAST_EDITED_DATE": null, "GLOBALID": "{95CE2B4B-1D3D-4724-AD4A-9B5909A58A90}" }, "geometry": null },
{ "type": "Feature", "properties": { "OBJECTID": 37, "PROJECTNAME": "Residences at Mazza", "WARD": "3", "LOCATION": "5300 Wisconsin Ave. NW", "DEVELOPER": "Tishman Speyer", "PROJECTTYPE": "Retail", "TYPE_SQFT": 90000.0, "UNITS": null, "UNIT_TYPE": null, "ESTVALUEINMILLION": 150000000.0, "ESTDELIVERY": "Q2 25", "STATUS": "Under Construction", "LATITUDE": 38.959718, "LONGITUDE": -77.085767, "REPORT_EDITION_YEAR": "2024-2025", "ARCHITECT": null, "CREATED_USER": null, "CREATED_DATE": null, "LAST_EDITED_USER": null, "LAST_EDITED_DATE": null, "GLOBALID": "{2E6B3052-4A53-40FC-AECF-F334C2F271A9}" }, "geometry": null },
{ "type": "Feature", "properties": { "OBJECTID": 38, "PROJECTNAME": "Reservoir District", "WARD": "5", "LOCATION": "North Capitol St. & Michigan Ave. NW", "DEVELOPER": "Vision McMillan Partners (Jair Lynch Real Estate Partners / Trammell Crow Company)", "PROJECTTYPE": "Retail", "TYPE_SQFT": 80000.0, "UNITS": null, "UNIT_TYPE": null, "ESTVALUEINMILLION": 720000000.0, "ESTDELIVERY": "2029", "STATUS": "Under Construction", "LATITUDE": 38.923912, "LONGITUDE": -77.010582, "REPORT_EDITION_YEAR": "2024-2025", "ARCHITECT": null, "CREATED_USER": null, "CREATED_DATE": null, "LAST_EDITED_USER": null, "LAST_EDITED_DATE": null, "GLOBALID": "{121BC09C-EE44-4E30-9B50-69391242EE3F}" }, "geometry": null },
{ "type": "Feature", "properties": { "OBJECTID": 39, "PROJECTNAME": "The Bridge District (Phase I)", "WARD": "8", "LOCATION": "632 Howard Rd. SE", "DEVELOPER": "Redbrick LMD", "PROJECTTYPE": "Retail", "TYPE_SQFT": 45000.0, "UNITS": null, "UNIT_TYPE": null, "ESTVALUEINMILLION": 350000000.0, "ESTDELIVERY": "Q1 25", "STATUS": "Under Construction", "LATITUDE": 38.86513, "LONGITUDE": -77.000747, "REPORT_EDITION_YEAR": "2024-2025", "ARCHITECT": null, "CREATED_USER": null, "CREATED_DATE": null, "LAST_EDITED_USER": null, "LAST_EDITED_DATE": null, "GLOBALID": "{7D086F47-88EF-4C23-87DE-E5A0E3B45282}" }, "geometry": null },
{ "type": "Feature", "properties": { "OBJECTID": 40, "PROJECTNAME": "The Stacks (Phase I)", "WARD": "6", "LOCATION": "101 V St. SW", "DEVELOPER": "Akridge / National Real Estate Development", "PROJECTTYPE": "Retail", "TYPE_SQFT": 40000.0, "UNITS": null, "UNIT_TYPE": null, "ESTVALUEINMILLION": 650000000.0, "ESTDELIVERY": "Q1 25", "STATUS": "Under Construction", "LATITUDE": 38.864802, "LONGITUDE": -77.012899, "REPORT_EDITION_YEAR": "2024-2025", "ARCHITECT": null, "CREATED_USER": null, "CREATED_DATE": null, "LAST_EDITED_USER": null, "LAST_EDITED_DATE": null, "GLOBALID": "{0BCB9BB7-3927-4DC5-A81D-025BA3DBA23A}" }, "geometry": null },
{ "type": "Feature", "properties": { "OBJECTID": 41, "PROJECTNAME": "Northern Bus Garage Reconstruction Project", "WARD": "4", "LOCATION": "4615 14th St. NW", "DEVELOPER": "WMATA", "PROJECTTYPE": "Retail", "TYPE_SQFT": 27500.0, "UNITS": null, "UNIT_TYPE": null, "ESTVALUEINMILLION": 500000000.0, "ESTDELIVERY": "Q2 27", "STATUS": "Under Construction", "LATITUDE": 38.947554, "LONGITUDE": -77.032352, "REPORT_EDITION_YEAR": "2024-2025", "ARCHITECT": null, "CREATED_USER": null, "CREATED_DATE": null, "LAST_EDITED_USER": null, "LAST_EDITED_DATE": null, "GLOBALID": "{1E9BEA14-E82E-4572-99D7-D7EB5FA6A620}" }, "geometry": null },
{ "type": "Feature", "properties": { "OBJECTID": 42, "PROJECTNAME": "The Yards DC Urby", "WARD": "8", "LOCATION": "110 N St. SE", "DEVELOPER": "Brookfield Properties / Urby", "PROJECTTYPE": "Retail", "TYPE_SQFT": 26000.0, "UNITS": null, "UNIT_TYPE": null, "ESTVALUEINMILLION": 0.0, "ESTDELIVERY": "Q1 25", "STATUS": "Under Construction", "LATITUDE": 38.874279, "LONGITUDE": -77.005206, "REPORT_EDITION_YEAR": "2024-2025", "ARCHITECT": null, "CREATED_USER": null, "CREATED_DATE": null, "LAST_EDITED_USER": null, "LAST_EDITED_DATE": null, "GLOBALID": "{CACADEBF-0208-49C9-B25B-4734BFC79989}" }, "geometry": null },
{ "type": "Feature", "properties": { "OBJECTID": 43, "PROJECTNAME": "The Edmonson", "WARD": "8", "LOCATION": "1130 Sumner Rd. SE", "DEVELOPER": "Preservation of Affordable Housing / DC Housing Authority", "PROJECTTYPE": "Retail", "TYPE_SQFT": 20000.0, "UNITS": null, "UNIT_TYPE": null, "ESTVALUEINMILLION": 0.0, "ESTDELIVERY": "Q4 26", "STATUS": "Under Construction", "LATITUDE": 38.861368, "LONGITUDE": -76.99779, "REPORT_EDITION_YEAR": "2024-2025", "ARCHITECT": null, "CREATED_USER": null, "CREATED_DATE": null, "LAST_EDITED_USER": null, "LAST_EDITED_DATE": null, "GLOBALID": "{A9F1079D-8841-473A-B809-F41FC33BE272}" }, "geometry": null },
{ "type": "Feature", "properties": { "OBJECTID": 44, "PROJECTNAME": "The Langston", "WARD": "1", "LOCATION": "1840 7th St. NW", "DEVELOPER": "Quadrangle Development / Capstone Development / Howard University", "PROJECTTYPE": "Retail", "TYPE_SQFT": 15400.0, "UNITS": null, "UNIT_TYPE": null, "ESTVALUEINMILLION": 112000000.0, "ESTDELIVERY": "Q1 25", "STATUS": "Under Construction", "LATITUDE": 38.914781, "LONGITUDE": -77.022191, "REPORT_EDITION_YEAR": "2024-2025", "ARCHITECT": null, "CREATED_USER": null, "CREATED_DATE": null, "LAST_EDITED_USER": null, "LAST_EDITED_DATE": null, "GLOBALID": "{81FDE485-86A5-4CA2-936B-CF63F9D4DB3A}" }, "geometry": null },
{ "type": "Feature", "properties": { "OBJECTID": 45, "PROJECTNAME": "111 Massachusetts Avenue", "WARD": "6", "LOCATION": "111 Massachusetts Ave. NW", "DEVELOPER": "Georgetown University", "PROJECTTYPE": "Retail", "TYPE_SQFT": 13200.0, "UNITS": null, "UNIT_TYPE": null, "ESTVALUEINMILLION": 168000000.0, "ESTDELIVERY": "Q3 25", "STATUS": "Under Construction", "LATITUDE": 38.89967, "LONGITUDE": -77.013174, "REPORT_EDITION_YEAR": "2024-2025", "ARCHITECT": null, "CREATED_USER": null, "CREATED_DATE": null, "LAST_EDITED_USER": null, "LAST_EDITED_DATE": null, "GLOBALID": "{04996233-C6AB-48A7-849A-0E8CB0E180EA}" }, "geometry": null },
{ "type": "Feature", "properties": { "OBJECTID": 46, "PROJECTNAME": "600 5th Street", "WARD": "2", "LOCATION": "600 5th St. NW", "DEVELOPER": "Stonebridge Associates / Rockefeller Group", "PROJECTTYPE": "Retail", "TYPE_SQFT": 12600.0, "UNITS": null, "UNIT_TYPE": null, "ESTVALUEINMILLION": 370000000.0, "ESTDELIVERY": "Q4 25", "STATUS": "Under Construction", "LATITUDE": 38.897837, "LONGITUDE": -77.019472, "REPORT_EDITION_YEAR": "2024-2025", "ARCHITECT": null, "CREATED_USER": null, "CREATED_DATE": null, "LAST_EDITED_USER": null, "LAST_EDITED_DATE": null, "GLOBALID": "{020A175A-8FA1-4CCE-AFAE-7D0E4AC7C8B2}" }, "geometry": null },
{ "type": "Feature", "properties": { "OBJECTID": 47, "PROJECTNAME": "East River Park (Northeast Heights - East Parcels)", "WARD": "7", "LOCATION": "Minnesota Ave. & Benning Rd. NE", "DEVELOPER": "Standard Real Estate Investments", "PROJECTTYPE": "Retail", "TYPE_SQFT": 127400.0, "UNITS": null, "UNIT_TYPE": null, "ESTVALUEINMILLION": 325000000.0, "ESTDELIVERY": "2027", "STATUS": "Pipeline", "LATITUDE": 38.893692, "LONGITUDE": -76.948405, "REPORT_EDITION_YEAR": "2024-2025", "ARCHITECT": null, "CREATED_USER": null, "CREATED_DATE": null, "LAST_EDITED_USER": null, "LAST_EDITED_DATE": null, "GLOBALID": "{C69E4973-FEE3-4053-A90D-C063536DBE0D}" }, "geometry": null },
{ "type": "Feature", "properties": { "OBJECTID": 48, "PROJECTNAME": "The Portals", "WARD": "6", "LOCATION": "1250 Maryland Ave. SW", "DEVELOPER": "Lowe", "PROJECTTYPE": "Retail", "TYPE_SQFT": 53000.0, "UNITS": null, "UNIT_TYPE": null, "ESTVALUEINMILLION": 0.0, "ESTDELIVERY": "2027", "STATUS": "Pipeline", "LATITUDE": 38.883695, "LONGITUDE": -77.029431, "REPORT_EDITION_YEAR": "2024-2025", "ARCHITECT": null, "CREATED_USER": null, "CREATED_DATE": null, "LAST_EDITED_USER": null, "LAST_EDITED_DATE": null, "GLOBALID": "{61F10E08-894E-4E99-B478-6475E2D8A782}" }, "geometry": null },
{ "type": "Feature", "properties": { "OBJECTID": 49, "PROJECTNAME": "Reservation 13 (Bundle 2)", "WARD": "7", "LOCATION": "19th St. Massachusetts Ave. Independence Ave. SE", "DEVELOPER": "Frontier Development & Hospitality Group / A. Wash & Associates", "PROJECTTYPE": "Retail", "TYPE_SQFT": 60000.0, "UNITS": null, "UNIT_TYPE": null, "ESTVALUEINMILLION": 0.0, "ESTDELIVERY": null, "STATUS": "Pipeline", "LATITUDE": 38.885662, "LONGITUDE": -76.974267, "REPORT_EDITION_YEAR": "2024-2025", "ARCHITECT": null, "CREATED_USER": null, "CREATED_DATE": null, "LAST_EDITED_USER": null, "LAST_EDITED_DATE": null, "GLOBALID": "{11AB9E6F-0972-463F-A36E-C922F70F442C}" }, "geometry": null },
{ "type": "Feature", "properties": { "OBJECTID": 50, "PROJECTNAME": "Fletcher Johnson @ The Park", "WARD": "7", "LOCATION": "4650 Benning Rd. SE", "DEVELOPER": "Gragg Cardona Partners / Marshall Heights CDO / Foundation Housing / H2 Design Build", "PROJECTTYPE": "Retail", "TYPE_SQFT": 50000.0, "UNITS": null, "UNIT_TYPE": null, "ESTVALUEINMILLION": 400000000.0, "ESTDELIVERY": null, "STATUS": "Pipeline", "LATITUDE": 38.883961, "LONGITUDE": -76.933812, "REPORT_EDITION_YEAR": "2024-2025", "ARCHITECT": null, "CREATED_USER": null, "CREATED_DATE": null, "LAST_EDITED_USER": null, "LAST_EDITED_DATE": null, "GLOBALID": "{5340B574-B5DF-4A47-A274-6A1CCB6ABC84}" }, "geometry": null },
{ "type": "Feature", "properties": { "OBJECTID": 51, "PROJECTNAME": "Bond Bread and Washington Railway & Electric Company (WRECO)", "WARD": "1", "LOCATION": "2112 & 2146 Georgia Ave. NW", "DEVELOPER": "EDENS / Menkiti Group / Fivesquares Development / Howard University", "PROJECTTYPE": "Retail", "TYPE_SQFT": 50000.0, "UNITS": null, "UNIT_TYPE": null, "ESTVALUEINMILLION": 0.0, "ESTDELIVERY": null, "STATUS": "Pipeline", "LATITUDE": 38.918814, "LONGITUDE": -77.022445, "REPORT_EDITION_YEAR": "2024-2025", "ARCHITECT": null, "CREATED_USER": null, "CREATED_DATE": null, "LAST_EDITED_USER": null, "LAST_EDITED_DATE": null, "GLOBALID": "{1A8AC127-F605-4669-907E-24B5DBDA6AC5}" }, "geometry": null },
{ "type": "Feature", "properties": { "OBJECTID": 52, "PROJECTNAME": "Saint Elizabeths East (Parcel 7)", "WARD": "8", "LOCATION": "Saint Elizabeths East Campus", "DEVELOPER": "St. Elizabeths Legacy Partners / Menkiti Group / DMPED", "PROJECTTYPE": "Retail", "TYPE_SQFT": 29300.0, "UNITS": null, "UNIT_TYPE": null, "ESTVALUEINMILLION": 0.0, "ESTDELIVERY": "2027", "STATUS": "Pipeline", "LATITUDE": 38.846047, "LONGITUDE": -76.995065, "REPORT_EDITION_YEAR": "2024-2025", "ARCHITECT": null, "CREATED_USER": null, "CREATED_DATE": null, "LAST_EDITED_USER": null, "LAST_EDITED_DATE": null, "GLOBALID": "{9E32DA6F-738A-48C2-9527-4AC9DD3F6F0E}" }, "geometry": null },
{ "type": "Feature", "properties": { "OBJECTID": 53, "PROJECTNAME": "Reservation 13 (Bundle 1)", "WARD": "7", "LOCATION": "19th St. Massachusetts Ave. Independence Ave. SE", "DEVELOPER": "Donatelli Development / Blue Skye Development & Construction", "PROJECTTYPE": "Retail", "TYPE_SQFT": 25000.0, "UNITS": null, "UNIT_TYPE": null, "ESTVALUEINMILLION": 700000000.0, "ESTDELIVERY": null, "STATUS": "Pipeline", "LATITUDE": 38.886176, "LONGITUDE": -76.97539, "REPORT_EDITION_YEAR": "2024-2025", "ARCHITECT": null, "CREATED_USER": null, "CREATED_DATE": null, "LAST_EDITED_USER": null, "LAST_EDITED_DATE": null, "GLOBALID": "{E002DCCF-6D39-40AD-9A5D-97D4E7DE892A}" }, "geometry": null },
{ "type": "Feature", "properties": { "OBJECTID": 54, "PROJECTNAME": "2000 14th Street", "WARD": "1", "LOCATION": "2000 14th St. NW", "DEVELOPER": "Reeves CMC Venture (Capri Investment Group / MRP Realty / CSG Urban Partners) / DMPED", "PROJECTTYPE": "Retail", "TYPE_SQFT": 22500.0, "UNITS": null, "UNIT_TYPE": null, "ESTVALUEINMILLION": 300000000.0, "ESTDELIVERY": "2030", "STATUS": "Pipeline", "LATITUDE": 38.917444, "LONGITUDE": -77.032404, "REPORT_EDITION_YEAR": "2024-2025", "ARCHITECT": null, "CREATED_USER": null, "CREATED_DATE": null, "LAST_EDITED_USER": null, "LAST_EDITED_DATE": null, "GLOBALID": "{6624C9C1-80F8-4AC4-A363-B568C919964B}" }, "geometry": null },
{ "type": "Feature", "properties": { "OBJECTID": 55, "PROJECTNAME": "The Lady Bird", "WARD": "3", "LOCATION": "4330 48th St. NW", "DEVELOPER": "Mill Creek Residential Trust", "PROJECTTYPE": "Retail", "TYPE_SQFT": 16500.0, "UNITS": null, "UNIT_TYPE": null, "ESTVALUEINMILLION": 160000000.0, "ESTDELIVERY": "2027", "STATUS": "Pipeline", "LATITUDE": 38.945742, "LONGITUDE": -77.09504, "REPORT_EDITION_YEAR": "2024-2025", "ARCHITECT": null, "CREATED_USER": null, "CREATED_DATE": null, "LAST_EDITED_USER": null, "LAST_EDITED_DATE": null, "GLOBALID": "{F0C651F3-51EB-4D76-9FDB-CD4671126AF8}" }, "geometry": null },
{ "type": "Feature", "properties": { "OBJECTID": 56, "PROJECTNAME": "Brookland Lanes", "WARD": "5", "LOCATION": "934 Michigan Ave. NE", "DEVELOPER": "Urban Investment Partners", "PROJECTTYPE": "Retail", "TYPE_SQFT": 21700.0, "UNITS": null, "UNIT_TYPE": null, "ESTVALUEINMILLION": 126000000.0, "ESTDELIVERY": "2027", "STATUS": "Pipeline", "LATITUDE": 38.935358, "LONGITUDE": -76.993581, "REPORT_EDITION_YEAR": "2024-2025", "ARCHITECT": null, "CREATED_USER": null, "CREATED_DATE": null, "LAST_EDITED_USER": null, "LAST_EDITED_DATE": null, "GLOBALID": "{412A1B1D-6D8B-4A56-844A-6AE9119A70E2}" }, "geometry": null },
{ "type": "Feature", "properties": { "OBJECTID": 57, "PROJECTNAME": "McCourt School of Public Policy", "WARD": "6", "LOCATION": "125 E St. NW", "DEVELOPER": "Georgetown University", "PROJECTTYPE": "Quality of Life", "TYPE_SQFT": 142000.0, "UNITS": null, "UNIT_TYPE": null, "ESTVALUEINMILLION": 0.0, "ESTDELIVERY": "Q3 24", "STATUS": "Completed", "LATITUDE": 38.896304, "LONGITUDE": -77.013265, "REPORT_EDITION_YEAR": "2024-2025", "ARCHITECT": null, "CREATED_USER": null, "CREATED_DATE": null, "LAST_EDITED_USER": "SDE", "LAST_EDITED_DATE": "2025-10-16T20:11:46Z", "GLOBALID": "{FA8DF422-8B90-4E58-9996-0EED14BC5269}" }, "geometry": null },
{ "type": "Feature", "properties": { "OBJECTID": 58, "PROJECTNAME": "John Francis Education Campus", "WARD": "2", "LOCATION": "2425 N St. NW", "DEVELOPER": "Department of General Services / DC Public Schools", "PROJECTTYPE": "Quality of Life", "TYPE_SQFT": 126000.0, "UNITS": null, "UNIT_TYPE": null, "ESTVALUEINMILLION": 97000000.0, "ESTDELIVERY": "Q3 24", "STATUS": "Completed", "LATITUDE": 38.907469, "LONGITUDE": -77.052321, "REPORT_EDITION_YEAR": "2024-2025", "ARCHITECT": null, "CREATED_USER": null, "CREATED_DATE": null, "LAST_EDITED_USER": "SDE", "LAST_EDITED_DATE": "2025-10-16T20:11:46Z", "GLOBALID": "{2C9CED43-0BAE-4823-AEED-54D2A0CD073A}" }, "geometry": null },
{ "type": "Feature", "properties": { "OBJECTID": 59, "PROJECTNAME": "Conway School of Nursing", "WARD": "5", "LOCATION": "7th St. & Michigan Ave. NE", "DEVELOPER": "Catholic University", "PROJECTTYPE": "Quality of Life", "TYPE_SQFT": 102000.0, "UNITS": null, "UNIT_TYPE": null, "ESTVALUEINMILLION": 85000000.0, "ESTDELIVERY": "Q2 24", "STATUS": "Completed", "LATITUDE": 38.933081, "LONGITUDE": -76.997139, "REPORT_EDITION_YEAR": "2024-2025", "ARCHITECT": null, "CREATED_USER": null, "CREATED_DATE": null, "LAST_EDITED_USER": "SDE", "LAST_EDITED_DATE": "2025-10-16T20:11:46Z", "GLOBALID": "{5912782A-E508-4E24-995F-58EC224C5A26}" }, "geometry": null },
{ "type": "Feature", "properties": { "OBJECTID": 60, "PROJECTNAME": "Dorothy Height Elementary School Modernization", "WARD": "4", "LOCATION": "1300 Allison St. NW", "DEVELOPER": "Department of General Services / DC Public Schools", "PROJECTTYPE": "Quality of Life", "TYPE_SQFT": 93000.0, "UNITS": null, "UNIT_TYPE": null, "ESTVALUEINMILLION": 65500000.0, "ESTDELIVERY": "Q3 24", "STATUS": "Completed", "LATITUDE": 38.9447, "LONGITUDE": -77.030541, "REPORT_EDITION_YEAR": "2024-2025", "ARCHITECT": null, "CREATED_USER": null, "CREATED_DATE": null, "LAST_EDITED_USER": "SDE", "LAST_EDITED_DATE": "2025-10-16T20:11:46Z", "GLOBALID": "{36B77EE3-73A3-4F6F-8C81-BF7F668B94F6}" }, "geometry": null },
{ "type": "Feature", "properties": { "OBJECTID": 61, "PROJECTNAME": "Myrtilla Miner Building", "WARD": "1", "LOCATION": "2400 6th St. NW", "DEVELOPER": "Howard University", "PROJECTTYPE": "Quality of Life", "TYPE_SQFT": 80000.0, "UNITS": null, "UNIT_TYPE": null, "ESTVALUEINMILLION": 50000000.0, "ESTDELIVERY": "Q4 24", "STATUS": "Completed", "LATITUDE": 38.923769, "LONGITUDE": -77.021789, "REPORT_EDITION_YEAR": "2024-2025", "ARCHITECT": null, "CREATED_USER": null, "CREATED_DATE": null, "LAST_EDITED_USER": "SDE", "LAST_EDITED_DATE": "2025-10-16T20:11:46Z", "GLOBALID": "{9372495D-2AD5-4045-B5F2-1267A4A5C91A}" }, "geometry": null },
{ "type": "Feature", "properties": { "OBJECTID": 62, "PROJECTNAME": "Garfield Elementary School Modernization", "WARD": "8", "LOCATION": "2435 Alabama Ave. SE", "DEVELOPER": "Department of General Services / DC Public Schools", "PROJECTTYPE": "Quality of Life", "TYPE_SQFT": 76000.0, "UNITS": null, "UNIT_TYPE": null, "ESTVALUEINMILLION": 60500000.0, "ESTDELIVERY": "Q3 24", "STATUS": "Completed", "LATITUDE": 38.851733, "LONGITUDE": -76.970805, "REPORT_EDITION_YEAR": "2024-2025", "ARCHITECT": null, "CREATED_USER": null, "CREATED_DATE": null, "LAST_EDITED_USER": "SDE", "LAST_EDITED_DATE": "2025-10-16T20:11:46Z", "GLOBALID": "{E333B18E-865D-406E-832B-5092B9C7214E}" }, "geometry": null },
{ "type": "Feature", "properties": { "OBJECTID": 63, "PROJECTNAME": "Whitlock Elementary School Modernization", "WARD": "7", "LOCATION": "533 48th Place NE", "DEVELOPER": "Department of General Services / DC Public Schools", "PROJECTTYPE": "Quality of Life", "TYPE_SQFT": 73000.0, "UNITS": null, "UNIT_TYPE": null, "ESTVALUEINMILLION": 45000000.0, "ESTDELIVERY": "Q3 24", "STATUS": "Completed", "LATITUDE": 38.897002, "LONGITUDE": -76.933701, "REPORT_EDITION_YEAR": "2024-2025", "ARCHITECT": null, "CREATED_USER": null, "CREATED_DATE": null, "LAST_EDITED_USER": "SDE", "LAST_EDITED_DATE": "2025-10-16T20:11:46Z", "GLOBALID": "{A62DFEA6-85B3-444E-93CB-EA8646DDF48F}" }, "geometry": null },
{ "type": "Feature", "properties": { "OBJECTID": 64, "PROJECTNAME": "Joy Evans Therapeutic Recreation Center", "WARD": "7", "LOCATION": "3030 G St. SE", "DEVELOPER": "Department of General Services / Department of Parks and Recreation", "PROJECTTYPE": "Quality of Life", "TYPE_SQFT": 37000.0, "UNITS": null, "UNIT_TYPE": null, "ESTVALUEINMILLION": 40400000.0, "ESTDELIVERY": "Q4 24", "STATUS": "Completed", "LATITUDE": 38.880914, "LONGITUDE": -76.96326, "REPORT_EDITION_YEAR": "2024-2025", "ARCHITECT": null, "CREATED_USER": null, "CREATED_DATE": null, "LAST_EDITED_USER": "SDE", "LAST_EDITED_DATE": "2025-10-16T20:11:46Z", "GLOBALID": "{27383379-CA93-47F6-96F1-C3A08954DB4E}" }, "geometry": null },
{ "type": "Feature", "properties": { "OBJECTID": 65, "PROJECTNAME": "Alice Deal Middle School Classroom Addition", "WARD": "3", "LOCATION": "3815 Fort Dr. NW", "DEVELOPER": "Department of General Services / DC Public Schools", "PROJECTTYPE": "Quality of Life", "TYPE_SQFT": 23300.0, "UNITS": null, "UNIT_TYPE": null, "ESTVALUEINMILLION": 18600000.0, "ESTDELIVERY": "Q3 24", "STATUS": "Completed", "LATITUDE": 38.95339, "LONGITUDE": -77.075579, "REPORT_EDITION_YEAR": "2024-2025", "ARCHITECT": null, "CREATED_USER": null, "CREATED_DATE": null, "LAST_EDITED_USER": "SDE", "LAST_EDITED_DATE": "2025-10-16T20:11:46Z", "GLOBALID": "{64FE7F26-4D1D-461A-AEF8-17586BE2352F}" }, "geometry": null },
{ "type": "Feature", "properties": { "OBJECTID": 66, "PROJECTNAME": "Reservoir Park Recreation Center", "WARD": "5", "LOCATION": "10 Lower Service Court NW", "DEVELOPER": "Department of General Services / Vision McMillan Partners", "PROJECTTYPE": "Quality of Life", "TYPE_SQFT": 17500.0, "UNITS": null, "UNIT_TYPE": null, "ESTVALUEINMILLION": 137670000.0, "ESTDELIVERY": "Q2 24", "STATUS": "Completed", "LATITUDE": 38.923186, "LONGITUDE": -77.010072, "REPORT_EDITION_YEAR": "2024-2025", "ARCHITECT": null, "CREATED_USER": null, "CREATED_DATE": null, "LAST_EDITED_USER": "SDE", "LAST_EDITED_DATE": "2025-10-16T20:11:46Z", "GLOBALID": "{465F6E1D-DFBF-40BE-ABD5-700A1F3590BC}" }, "geometry": null },
{ "type": "Feature", "properties": { "OBJECTID": 67, "PROJECTNAME": "Cedar Hill Regional Medical Center", "WARD": "8", "LOCATION": "1200 Pecan St. SE", "DEVELOPER": "Universal Health Services / Department of General Services", "PROJECTTYPE": "Quality of Life", "TYPE_SQFT": 407000.0, "UNITS": null, "UNIT_TYPE": null, "ESTVALUEINMILLION": 434000000.0, "ESTDELIVERY": "Q2 25", "STATUS": "Under Construction", "LATITUDE": 38.850685, "LONGITUDE": -76.994729, "REPORT_EDITION_YEAR": "2024-2025", "ARCHITECT": null, "CREATED_USER": null, "CREATED_DATE": null, "LAST_EDITED_USER": "SDE", "LAST_EDITED_DATE": "2025-10-16T20:11:46Z", "GLOBALID": "{4F33B449-D248-4340-8F70-C7B423A82ED5}" }, "geometry": null },
{ "type": "Feature", "properties": { "OBJECTID": 68, "PROJECTNAME": "Henle Village Redevelopment", "WARD": "2", "LOCATION": "1595 Tondorf Rd. NW", "DEVELOPER": "Georgetown University", "PROJECTTYPE": "Quality of Life", "TYPE_SQFT": 243900.0, "UNITS": null, "UNIT_TYPE": null, "ESTVALUEINMILLION": 0.0, "ESTDELIVERY": "Q3 25", "STATUS": "Under Construction", "LATITUDE": 38.910455, "LONGITUDE": -77.073382, "REPORT_EDITION_YEAR": "2024-2025", "ARCHITECT": null, "CREATED_USER": null, "CREATED_DATE": null, "LAST_EDITED_USER": "SDE", "LAST_EDITED_DATE": "2025-10-16T20:11:46Z", "GLOBALID": "{964B4BB9-2F28-4E69-8380-E36D3A8555DB}" }, "geometry": null },
{ "type": "Feature", "properties": { "OBJECTID": 69, "PROJECTNAME": "111 Massachusetts Avenue", "WARD": "6", "LOCATION": "111 Massachusetts Ave. NW", "DEVELOPER": "Georgetown University", "PROJECTTYPE": "Quality of Life", "TYPE_SQFT": 240100.0, "UNITS": null, "UNIT_TYPE": null, "ESTVALUEINMILLION": 150000000.0, "ESTDELIVERY": "Q3 25", "STATUS": "Under Construction", "LATITUDE": 38.89967, "LONGITUDE": -77.013174, "REPORT_EDITION_YEAR": "2024-2025", "ARCHITECT": null, "CREATED_USER": null, "CREATED_DATE": null, "LAST_EDITED_USER": "SDE", "LAST_EDITED_DATE": "2025-10-16T20:11:46Z", "GLOBALID": "{6DB483EC-2CD2-4994-91A5-D1C4CDD28CC6}" }, "geometry": null },
{ "type": "Feature", "properties": { "OBJECTID": 70, "PROJECTNAME": "MacArthur High School Modernization", "WARD": "3", "LOCATION": "4530 MacArthur Blvd. NW", "DEVELOPER": "Department of General Services / DC Public Schools", "PROJECTTYPE": "Quality of Life", "TYPE_SQFT": 120000.0, "UNITS": null, "UNIT_TYPE": null, "ESTVALUEINMILLION": 85000000.0, "ESTDELIVERY": "Q3 26", "STATUS": "Under Construction", "LATITUDE": 38.907762, "LONGITUDE": -77.086167, "REPORT_EDITION_YEAR": "2024-2025", "ARCHITECT": null, "CREATED_USER": null, "CREATED_DATE": null, "LAST_EDITED_USER": "SDE", "LAST_EDITED_DATE": "2025-10-16T20:11:46Z", "GLOBALID": "{37C2D074-B6AF-4A84-9176-A889DF93558F}" }, "geometry": null },
{ "type": "Feature", "properties": { "OBJECTID": 71, "PROJECTNAME": "Truesdell Elementary School", "WARD": "4", "LOCATION": "800 Ingraham St. NW", "DEVELOPER": "Department of General Services / DC Public Schools", "PROJECTTYPE": "Quality of Life", "TYPE_SQFT": 105000.0, "UNITS": null, "UNIT_TYPE": null, "ESTVALUEINMILLION": 72000000.0, "ESTDELIVERY": "Q3 25", "STATUS": "Under Construction", "LATITUDE": 38.953913, "LONGITUDE": -77.024708, "REPORT_EDITION_YEAR": "2024-2025", "ARCHITECT": null, "CREATED_USER": null, "CREATED_DATE": null, "LAST_EDITED_USER": "SDE", "LAST_EDITED_DATE": "2025-10-16T20:11:46Z", "GLOBALID": "{75026C00-5548-4208-8A1C-3AD201041E63}" }, "geometry": null },
{ "type": "Feature", "properties": { "OBJECTID": 72, "PROJECTNAME": "Alan & Amy Meltzer Center for Athletic Performance", "WARD": "3", "LOCATION": "American University Campus", "DEVELOPER": "American University", "PROJECTTYPE": "Quality of Life", "TYPE_SQFT": 91500.0, "UNITS": null, "UNIT_TYPE": null, "ESTVALUEINMILLION": 85000000.0, "ESTDELIVERY": "Q4 25", "STATUS": "Under Construction", "LATITUDE": 38.938294, "LONGITUDE": -77.091031, "REPORT_EDITION_YEAR": "2024-2025", "ARCHITECT": null, "CREATED_USER": null, "CREATED_DATE": null, "LAST_EDITED_USER": "SDE", "LAST_EDITED_DATE": "2025-10-16T20:11:46Z", "GLOBALID": "{2597652E-1180-4361-B7C4-96C8139DB3AB}" }, "geometry": null },
{ "type": "Feature", "properties": { "OBJECTID": 73, "PROJECTNAME": "4301 Harewood Road", "WARD": "5", "LOCATION": "4301 Harewood Rd. NE", "DEVELOPER": "Washington Latin Public Charter School / Washington Yu Ying Public Charter School", "PROJECTTYPE": "Quality of Life", "TYPE_SQFT": 90000.0, "UNITS": null, "UNIT_TYPE": null, "ESTVALUEINMILLION": 27000000.0, "ESTDELIVERY": "Q3 26", "STATUS": "Under Construction", "LATITUDE": 38.942512, "LONGITUDE": -77.006967, "REPORT_EDITION_YEAR": "2024-2025", "ARCHITECT": null, "CREATED_USER": null, "CREATED_DATE": null, "LAST_EDITED_USER": "SDE", "LAST_EDITED_DATE": "2025-10-16T20:11:46Z", "GLOBALID": "{D03DE60B-101D-4EA1-A479-C6DA663714B3}" }, "geometry": null },
{ "type": "Feature", "properties": { "OBJECTID": 74, "PROJECTNAME": "Neval Thomas Elementary School Modernization", "WARD": "7", "LOCATION": "650 Anacostia Ave. NE", "DEVELOPER": "Department of General Services / DC Public Schools", "PROJECTTYPE": "Quality of Life", "TYPE_SQFT": 80030.0, "UNITS": null, "UNIT_TYPE": null, "ESTVALUEINMILLION": 78800000.0, "ESTDELIVERY": "Q3 26", "STATUS": "Under Construction", "LATITUDE": 38.901439, "LONGITUDE": -76.95199, "REPORT_EDITION_YEAR": "2024-2025", "ARCHITECT": null, "CREATED_USER": null, "CREATED_DATE": null, "LAST_EDITED_USER": "SDE", "LAST_EDITED_DATE": "2025-10-16T20:11:46Z", "GLOBALID": "{3E1A8BC2-5DAD-452A-BE3A-95720FFC1AB0}" }, "geometry": null },
{ "type": "Feature", "properties": { "OBJECTID": 75, "PROJECTNAME": "Spingarn High School (DCIA)", "WARD": "5", "LOCATION": "2500 Benning Rd. NE", "DEVELOPER": "Department of General Services Department of Employment Services", "PROJECTTYPE": "Quality of Life", "TYPE_SQFT": 50000.0, "UNITS": null, "UNIT_TYPE": null, "ESTVALUEINMILLION": 64000000.0, "ESTDELIVERY": "Q4 25", "STATUS": "Under Construction", "LATITUDE": 38.899095, "LONGITUDE": -76.970987, "REPORT_EDITION_YEAR": "2024-2025", "ARCHITECT": null, "CREATED_USER": null, "CREATED_DATE": null, "LAST_EDITED_USER": "SDE", "LAST_EDITED_DATE": "2025-10-16T20:11:46Z", "GLOBALID": "{F7E2841B-D617-49AC-B178-4660DD664D0B}" }, "geometry": null },
{ "type": "Feature", "properties": { "OBJECTID": 76, "PROJECTNAME": "New Fort Dupont Ice Arena", "WARD": "7", "LOCATION": "3779 Ely Place SE", "DEVELOPER": "Department of General Services", "PROJECTTYPE": "Quality of Life", "TYPE_SQFT": 43600.0, "UNITS": null, "UNIT_TYPE": null, "ESTVALUEINMILLION": 39130000.0, "ESTDELIVERY": "Q2 25", "STATUS": "Under Construction", "LATITUDE": 38.882831, "LONGITUDE": -76.950928, "REPORT_EDITION_YEAR": "2024-2025", "ARCHITECT": null, "CREATED_USER": null, "CREATED_DATE": null, "LAST_EDITED_USER": "SDE", "LAST_EDITED_DATE": "2025-10-16T20:11:46Z", "GLOBALID": "{47E58CA2-A88F-4998-9117-A6F28CB7799D}" }, "geometry": null },
{ "type": "Feature", "properties": { "OBJECTID": 77, "PROJECTNAME": "Reservoir District (Medical Buildings)", "WARD": "5", "LOCATION": "North Capitol St. & Michigan Ave. NW", "DEVELOPER": "Vision McMillan Partners (Jair Lynch Real Estate Partners / Trammell Crow Company)", "PROJECTTYPE": "Quality of Life", "TYPE_SQFT": 860000.0, "UNITS": null, "UNIT_TYPE": null, "ESTVALUEINMILLION": 0.0, "ESTDELIVERY": null, "STATUS": "Pipeline", "LATITUDE": 38.925951, "LONGITUDE": -77.010179, "REPORT_EDITION_YEAR": "2024-2025", "ARCHITECT": null, "CREATED_USER": null, "CREATED_DATE": null, "LAST_EDITED_USER": "SDE", "LAST_EDITED_DATE": "2025-10-16T20:11:46Z", "GLOBALID": "{F3CDF474-EF4F-4DED-A7C6-2F19038BD753}" }, "geometry": null },
{ "type": "Feature", "properties": { "OBJECTID": 78, "PROJECTNAME": "DC Correctional Treatment Facility Annex", "WARD": "7", "LOCATION": "1901 D St. SE", "DEVELOPER": "Government of the District of Columbia", "PROJECTTYPE": "Quality of Life", "TYPE_SQFT": 473900.0, "UNITS": null, "UNIT_TYPE": null, "ESTVALUEINMILLION": 477000000.0, "ESTDELIVERY": "2031-35", "STATUS": "Pipeline", "LATITUDE": 38.883047, "LONGITUDE": -76.974837, "REPORT_EDITION_YEAR": "2024-2025", "ARCHITECT": null, "CREATED_USER": null, "CREATED_DATE": null, "LAST_EDITED_USER": "SDE", "LAST_EDITED_DATE": "2025-10-16T20:11:46Z", "GLOBALID": "{B39B52AD-F14A-4DC4-8CE1-F34D9703898F}" }, "geometry": null },
{ "type": "Feature", "properties": { "OBJECTID": 79, "PROJECTNAME": "Howard University Hospital", "WARD": "1", "LOCATION": "2041 Georgia Ave. NW", "DEVELOPER": "Howard University", "PROJECTTYPE": "Quality of Life", "TYPE_SQFT": 421800.0, "UNITS": null, "UNIT_TYPE": null, "ESTVALUEINMILLION": 650000000.0, "ESTDELIVERY": null, "STATUS": "Pipeline", "LATITUDE": 38.919871, "LONGITUDE": -77.020055, "REPORT_EDITION_YEAR": "2024-2025", "ARCHITECT": null, "CREATED_USER": null, "CREATED_DATE": null, "LAST_EDITED_USER": "SDE", "LAST_EDITED_DATE": "2025-10-16T20:11:46Z", "GLOBALID": "{56A7F6ED-3C0E-4025-9E78-0AA472A2953B}" }, "geometry": null },
{ "type": "Feature", "properties": { "OBJECTID": 80, "PROJECTNAME": "National Research Center for Health Disparities", "WARD": "1", "LOCATION": "2300 Georgia Ave. NW", "DEVELOPER": "Howard University / Capstone Development / Quadrangle Development / EDENS", "PROJECTTYPE": "Quality of Life", "TYPE_SQFT": 378000.0, "UNITS": null, "UNIT_TYPE": null, "ESTVALUEINMILLION": 215000000.0, "ESTDELIVERY": null, "STATUS": "Pipeline", "LATITUDE": 38.920158, "LONGITUDE": -77.022481, "REPORT_EDITION_YEAR": "2024-2025", "ARCHITECT": null, "CREATED_USER": null, "CREATED_DATE": null, "LAST_EDITED_USER": "SDE", "LAST_EDITED_DATE": "2025-10-16T20:11:46Z", "GLOBALID": "{22C6065C-9801-455E-9285-AA905E49AF00}" }, "geometry": null },
{ "type": "Feature", "properties": { "OBJECTID": 81, "PROJECTNAME": "Daniel Tsai Hall (New Law Building)", "WARD": "6", "LOCATION": "120 F St. NW", "DEVELOPER": "Georgetown University", "PROJECTTYPE": "Quality of Life", "TYPE_SQFT": 165000.0, "UNITS": null, "UNIT_TYPE": null, "ESTVALUEINMILLION": 0.0, "ESTDELIVERY": "2028", "STATUS": "Pipeline", "LATITUDE": 38.896888, "LONGITUDE": -77.013387, "REPORT_EDITION_YEAR": "2024-2025", "ARCHITECT": null, "CREATED_USER": null, "CREATED_DATE": null, "LAST_EDITED_USER": "SDE", "LAST_EDITED_DATE": "2025-10-16T20:11:46Z", "GLOBALID": "{E6E79AF7-58AA-4CCD-87E2-BD3241273846}" }, "geometry": null },
{ "type": "Feature", "properties": { "OBJECTID": 82, "PROJECTNAME": "Crummell Community Center", "WARD": "5", "LOCATION": "1900 Gallaudet St. NE", "DEVELOPER": "Department of General Services", "PROJECTTYPE": "Quality of Life", "TYPE_SQFT": 50000.0, "UNITS": null, "UNIT_TYPE": null, "ESTVALUEINMILLION": 0.0, "ESTDELIVERY": "2027", "STATUS": "Pipeline", "LATITUDE": 38.913558, "LONGITUDE": -76.986199, "REPORT_EDITION_YEAR": "2024-2025", "ARCHITECT": null, "CREATED_USER": null, "CREATED_DATE": null, "LAST_EDITED_USER": "SDE", "LAST_EDITED_DATE": "2025-10-16T20:11:46Z", "GLOBALID": "{5F380B5A-92ED-4E67-8FF9-BCBEC03E4C23}" }, "geometry": null },
{ "type": "Feature", "properties": { "OBJECTID": 83, "PROJECTNAME": "Jelleff Recreation Center", "WARD": "2", "LOCATION": "3265 S St. NW", "DEVELOPER": "Department of General Services / Department of Parks and Recreation", "PROJECTTYPE": "Quality of Life", "TYPE_SQFT": 25000.0, "UNITS": null, "UNIT_TYPE": null, "ESTVALUEINMILLION": 28800000.0, "ESTDELIVERY": "2027", "STATUS": "Pipeline", "LATITUDE": 38.915607, "LONGITUDE": -77.066145, "REPORT_EDITION_YEAR": "2024-2025", "ARCHITECT": null, "CREATED_USER": null, "CREATED_DATE": null, "LAST_EDITED_USER": "SDE", "LAST_EDITED_DATE": "2025-10-16T20:11:46Z", "GLOBALID": "{3E9F2B8C-BFEB-4368-9D8F-09317BD5568A}" }, "geometry": null },
{ "type": "Feature", "properties": { "OBJECTID": 84, "PROJECTNAME": "Ward 7 Emergency Department", "WARD": "7", "LOCATION": "Benning Rd. & C St. NE", "DEVELOPER": "Universal Health Services", "PROJECTTYPE": "Quality of Life", "TYPE_SQFT": 10000.0, "UNITS": null, "UNIT_TYPE": null, "ESTVALUEINMILLION": 23000000.0, "ESTDELIVERY": "2026", "STATUS": "Pipeline", "LATITUDE": 38.885588, "LONGITUDE": -76.935223, "REPORT_EDITION_YEAR": "2024-2025", "ARCHITECT": null, "CREATED_USER": null, "CREATED_DATE": null, "LAST_EDITED_USER": "SDE", "LAST_EDITED_DATE": "2025-10-16T20:11:46Z", "GLOBALID": "{569FE833-4311-40D7-9350-A56C310EC08B}" }, "geometry": null },
{ "type": "Feature", "properties": { "OBJECTID": 85, "PROJECTNAME": "11th Street Bridge Park", "WARD": "8", "LOCATION": "11th Street Bridge", "DEVELOPER": "Building Bridges Across the River / DC Department of Transportation", "PROJECTTYPE": "Quality of Life", "TYPE_SQFT": null, "UNITS": null, "UNIT_TYPE": null, "ESTVALUEINMILLION": 92000000.0, "ESTDELIVERY": "2027", "STATUS": "Pipeline", "LATITUDE": 38.871298, "LONGITUDE": -76.990471, "REPORT_EDITION_YEAR": "2024-2025", "ARCHITECT": null, "CREATED_USER": null, "CREATED_DATE": null, "LAST_EDITED_USER": "SDE", "LAST_EDITED_DATE": "2025-10-16T20:11:46Z", "GLOBALID": "{95B151A1-0E44-4C44-A252-9FE822CFE699}" }, "geometry": null },
{ "type": "Feature", "properties": { "OBJECTID": 86, "PROJECTNAME": "Cobb Park", "WARD": "6", "LOCATION": "200 H St. NW", "DEVELOPER": "Department of General Services / Department of Parks and Recreation", "PROJECTTYPE": "Quality of Life", "TYPE_SQFT": null, "UNITS": null, "UNIT_TYPE": null, "ESTVALUEINMILLION": 2100000.0, "ESTDELIVERY": "2025", "STATUS": "Pipeline", "LATITUDE": 38.899856, "LONGITUDE": -77.014308, "REPORT_EDITION_YEAR": "2024-2025", "ARCHITECT": null, "CREATED_USER": null, "CREATED_DATE": null, "LAST_EDITED_USER": "SDE", "LAST_EDITED_DATE": "2025-10-16T20:11:46Z", "GLOBALID": "{0B220184-71CA-4DA2-B257-FD8EA4E51E24}" }, "geometry": null },
{ "type": "Feature", "properties": { "OBJECTID": 87, "PROJECTNAME": "Upton Place on Wisconsin", "WARD": "3", "LOCATION": "4000 Wisconsin Ave. NW & 3990 Upton St. NW", "DEVELOPER": "Donohoe Development / AIMCO", "PROJECTTYPE": "Residential", "TYPE_SQFT": 748000.0, "UNITS": 689.0, "UNIT_TYPE": "R", "ESTVALUEINMILLION": 290000000.0, "ESTDELIVERY": "Q1 24", "STATUS": "Completed", "LATITUDE": 38.94169, "LONGITUDE": -77.076897, "REPORT_EDITION_YEAR": "2024-2025", "ARCHITECT": null, "CREATED_USER": null, "CREATED_DATE": null, "LAST_EDITED_USER": null, "LAST_EDITED_DATE": null, "GLOBALID": "{4CC08C72-7660-469C-A8B5-3ADD0B3A3FEC}" }, "geometry": null },
{ "type": "Feature", "properties": { "OBJECTID": 88, "PROJECTNAME": "Annex on 12th", "WARD": "6", "LOCATION": "300 12th St. SW", "DEVELOPER": "Carmel Partners", "PROJECTTYPE": "Residential", "TYPE_SQFT": 423000.0, "UNITS": 562.0, "UNIT_TYPE": "R", "ESTVALUEINMILLION": 0.0, "ESTDELIVERY": "Q4 24", "STATUS": "Completed", "LATITUDE": 38.885543, "LONGITUDE": -77.027749, "REPORT_EDITION_YEAR": "2024-2025", "ARCHITECT": null, "CREATED_USER": null, "CREATED_DATE": null, "LAST_EDITED_USER": null, "LAST_EDITED_DATE": null, "GLOBALID": "{CCBEFA29-7B2F-4D21-A697-2BCE2EBABCC4}" }, "geometry": null },
{ "type": "Feature", "properties": { "OBJECTID": 89, "PROJECTNAME": "Vermeer", "WARD": "6", "LOCATION": "113 Potomac Ave. SW", "DEVELOPER": "Toll Brothers", "PROJECTTYPE": "Residential", "TYPE_SQFT": 509000.0, "UNITS": 501.0, "UNIT_TYPE": "R", "ESTVALUEINMILLION": 259000000.0, "ESTDELIVERY": "Q4 24", "STATUS": "Completed", "LATITUDE": 38.870201, "LONGITUDE": -77.011838, "REPORT_EDITION_YEAR": "2024-2025", "ARCHITECT": null, "CREATED_USER": null, "CREATED_DATE": null, "LAST_EDITED_USER": null, "LAST_EDITED_DATE": null, "GLOBALID": "{0A32EC18-1546-47E1-B64A-018611CF4AC5}" }, "geometry": null },
{ "type": "Feature", "properties": { "OBJECTID": 90, "PROJECTNAME": "The Westerly", "WARD": "6", "LOCATION": "350 Maple Dr. SW", "DEVELOPER": "Hoffman & Associates / Paramount Development Corp. / Affordable Housing Developers / CityPartners / DMPED", "PROJECTTYPE": "Residential", "TYPE_SQFT": 385000.0, "UNITS": 449.0, "UNIT_TYPE": "R", "ESTVALUEINMILLION": 179000000.0, "ESTDELIVERY": "Q1 24", "STATUS": "Completed", "LATITUDE": 38.878393, "LONGITUDE": -77.017095, "REPORT_EDITION_YEAR": "2024-2025", "ARCHITECT": null, "CREATED_USER": null, "CREATED_DATE": null, "LAST_EDITED_USER": null, "LAST_EDITED_DATE": null, "GLOBALID": "{5D8E6B22-FDA6-4CA9-BFBD-F27985FE6294}" }, "geometry": null },
{ "type": "Feature", "properties": { "OBJECTID": 91, "PROJECTNAME": "The Iris", "WARD": "6", "LOCATION": "1133 North Capitol St. NE", "DEVELOPER": "MRP Realty / Ares Capital Corp. / CSG Urban Partners / Taylor Adams Associates", "PROJECTTYPE": "Residential", "TYPE_SQFT": 360000.0, "UNITS": 430.0, "UNIT_TYPE": "R", "ESTVALUEINMILLION": 130000000.0, "ESTDELIVERY": "Q2 24", "STATUS": "Completed", "LATITUDE": 38.905188, "LONGITUDE": -77.008606, "REPORT_EDITION_YEAR": "2024-2025", "ARCHITECT": null, "CREATED_USER": null, "CREATED_DATE": null, "LAST_EDITED_USER": null, "LAST_EDITED_DATE": null, "GLOBALID": "{B1D86DDD-19D5-49DB-975B-289D4F5FE3EE}" }, "geometry": null },
{ "type": "Feature", "properties": { "OBJECTID": 92, "PROJECTNAME": "The Florian", "WARD": "5", "LOCATION": "1 Florida Ave. NE", "DEVELOPER": "Aria Development Group", "PROJECTTYPE": "Residential", "TYPE_SQFT": 300000.0, "UNITS": 388.0, "UNIT_TYPE": "R", "ESTVALUEINMILLION": 0.0, "ESTDELIVERY": "Q3 24", "STATUS": "Completed", "LATITUDE": 38.910237, "LONGITUDE": -77.008394, "REPORT_EDITION_YEAR": "2024-2025", "ARCHITECT": null, "CREATED_USER": null, "CREATED_DATE": null, "LAST_EDITED_USER": null, "LAST_EDITED_DATE": null, "GLOBALID": "{A474ABAA-4072-4F7F-A405-E07E179E4BD1}" }, "geometry": null },
{ "type": "Feature", "properties": { "OBJECTID": 93, "PROJECTNAME": "The Glade on Laurel", "WARD": "4", "LOCATION": "6896 Laurel St. NW", "DEVELOPER": "Douglas Development Corporation", "PROJECTTYPE": "Residential", "TYPE_SQFT": 267000.0, "UNITS": 353.0, "UNIT_TYPE": "R", "ESTVALUEINMILLION": 107000000.0, "ESTDELIVERY": "Q4 24", "STATUS": "Completed", "LATITUDE": 38.973759, "LONGITUDE": -77.013442, "REPORT_EDITION_YEAR": "2024-2025", "ARCHITECT": null, "CREATED_USER": null, "CREATED_DATE": null, "LAST_EDITED_USER": null, "LAST_EDITED_DATE": null, "GLOBALID": "{775D8240-258A-42C2-8913-430925A5EE26}" }, "geometry": null },
{ "type": "Feature", "properties": { "OBJECTID": 94, "PROJECTNAME": "Reynard at the Parks", "WARD": "4", "LOCATION": "1100 Dahlia St. NW", "DEVELOPER": "Urban Atlantic", "PROJECTTYPE": "Residential", "TYPE_SQFT": 300000.0, "UNITS": 345.0, "UNIT_TYPE": "R", "ESTVALUEINMILLION": 100000000.0, "ESTDELIVERY": "Q3 24", "STATUS": "Completed", "LATITUDE": 38.975099, "LONGITUDE": -77.027261, "REPORT_EDITION_YEAR": "2024-2025", "ARCHITECT": null, "CREATED_USER": null, "CREATED_DATE": null, "LAST_EDITED_USER": null, "LAST_EDITED_DATE": null, "GLOBALID": "{61A989B1-BA19-430F-A949-FA9890AE8536}" }, "geometry": null },
{ "type": "Feature", "properties": { "OBJECTID": 95, "PROJECTNAME": "J.Coopers Row", "WARD": "6", "LOCATION": "1319 South Capitol St. SW", "DEVELOPER": "Jefferson Apartment Group", "PROJECTTYPE": "Residential", "TYPE_SQFT": 270000.0, "UNITS": 320.0, "UNIT_TYPE": "R", "ESTVALUEINMILLION": 130000000.0, "ESTDELIVERY": "Q2 24", "STATUS": "Completed", "LATITUDE": 38.873874, "LONGITUDE": -77.009523, "REPORT_EDITION_YEAR": "2024-2025", "ARCHITECT": null, "CREATED_USER": null, "CREATED_DATE": null, "LAST_EDITED_USER": null, "LAST_EDITED_DATE": null, "GLOBALID": "{7C372963-49B2-4FE5-8317-EA7CD0329464}" }, "geometry": null },
{ "type": "Feature", "properties": { "OBJECTID": 96, "PROJECTNAME": "The Crosby", "WARD": "6", "LOCATION": "300 K St. NW", "DEVELOPER": "Quadrangle Development / The Wilkes Company", "PROJECTTYPE": "Residential", "TYPE_SQFT": 290900.0, "UNITS": 302.0, "UNIT_TYPE": "R", "ESTVALUEINMILLION": 160000000.0, "ESTDELIVERY": "Q2 24", "STATUS": "Completed", "LATITUDE": 38.902243, "LONGITUDE": -77.015461, "REPORT_EDITION_YEAR": "2024-2025", "ARCHITECT": null, "CREATED_USER": null, "CREATED_DATE": null, "LAST_EDITED_USER": null, "LAST_EDITED_DATE": null, "GLOBALID": "{97DC5FE7-BF89-4CED-9DC2-0D071E0DEE32}" }, "geometry": null },
{ "type": "Feature", "properties": { "OBJECTID": 97, "PROJECTNAME": "The Stacks (Phase I)", "WARD": "6", "LOCATION": "101 V St. SW", "DEVELOPER": "Akridge / National Real Estate Development", "PROJECTTYPE": "Residential", "TYPE_SQFT": 786000.0, "UNITS": 1100.0, "UNIT_TYPE": "R", "ESTVALUEINMILLION": 650000000.0, "ESTDELIVERY": "Q1 25", "STATUS": "Under Construction", "LATITUDE": 38.864802, "LONGITUDE": -77.012899, "REPORT_EDITION_YEAR": "2024-2025", "ARCHITECT": null, "CREATED_USER": null, "CREATED_DATE": null, "LAST_EDITED_USER": null, "LAST_EDITED_DATE": null, "GLOBALID": "{D235C228-E841-4914-A914-BEDBC31A8F88}" }, "geometry": null },
{ "type": "Feature", "properties": { "OBJECTID": 98, "PROJECTNAME": "Wardman Park Redevelopment", "WARD": "3", "LOCATION": "2650 Woodley Rd. NW", "DEVELOPER": "Carmel Partners", "PROJECTTYPE": "Residential", "TYPE_SQFT": 952000.0, "UNITS": 900.0, "UNIT_TYPE": "R", "ESTVALUEINMILLION": 500000000.0, "ESTDELIVERY": "2025", "STATUS": "Under Construction", "LATITUDE": 38.923894, "LONGITUDE": -77.054587, "REPORT_EDITION_YEAR": "2024-2025", "ARCHITECT": null, "CREATED_USER": null, "CREATED_DATE": null, "LAST_EDITED_USER": null, "LAST_EDITED_DATE": null, "GLOBALID": "{ED3861BB-CBFB-46DA-B66D-17478668034E}" }, "geometry": null },
{ "type": "Feature", "properties": { "OBJECTID": 99, "PROJECTNAME": "The Bridge District (Phase I)", "WARD": "8", "LOCATION": "632 Howard Rd. SE", "DEVELOPER": "Redbrick LMD", "PROJECTTYPE": "Residential", "TYPE_SQFT": 660000.0, "UNITS": 757.0, "UNIT_TYPE": "R", "ESTVALUEINMILLION": 350000000.0, "ESTDELIVERY": "Q1 25", "STATUS": "Under Construction", "LATITUDE": 38.86513, "LONGITUDE": -77.000747, "REPORT_EDITION_YEAR": "2024-2025", "ARCHITECT": null, "CREATED_USER": null, "CREATED_DATE": null, "LAST_EDITED_USER": null, "LAST_EDITED_DATE": null, "GLOBALID": "{5DB78A8A-1231-41F0-93AA-5435788B0DF2}" }, "geometry": null },
{ "type": "Feature", "properties": { "OBJECTID": 100, "PROJECTNAME": "Reservoir District", "WARD": "5", "LOCATION": "North Capitol St. & Michigan Ave. NW", "DEVELOPER": "Vision McMillan Partners (Jair Lynch Real Estate Partners / Trammell Crow Company)", "PROJECTTYPE": "Residential", "TYPE_SQFT": 925000.0, "UNITS": 730.0, "UNIT_TYPE": "R/O", "ESTVALUEINMILLION": 720000000.0, "ESTDELIVERY": "2029", "STATUS": "Under Construction", "LATITUDE": 38.923912, "LONGITUDE": -77.010582, "REPORT_EDITION_YEAR": "2024-2025", "ARCHITECT": null, "CREATED_USER": null, "CREATED_DATE": null, "LAST_EDITED_USER": null, "LAST_EDITED_DATE": null, "GLOBALID": "{E68D04ED-B48B-42CC-A4F6-71DCB46A2A99}" }, "geometry": null },
{ "type": "Feature", "properties": { "OBJECTID": 101, "PROJECTNAME": "The Yards DC Urby", "WARD": "8", "LOCATION": "110 N St. SE", "DEVELOPER": "Brookfield Properties / Urby", "PROJECTTYPE": "Residential", "TYPE_SQFT": 354000.0, "UNITS": 466.0, "UNIT_TYPE": "R", "ESTVALUEINMILLION": 0.0, "ESTDELIVERY": "Q1 25", "STATUS": "Under Construction", "LATITUDE": 38.874279, "LONGITUDE": -77.005206, "REPORT_EDITION_YEAR": "2024-2025", "ARCHITECT": null, "CREATED_USER": null, "CREATED_DATE": null, "LAST_EDITED_USER": null, "LAST_EDITED_DATE": null, "GLOBALID": "{55B50422-C9D4-424E-9E06-B50AE72D7B27}" }, "geometry": null },
{ "type": "Feature", "properties": { "OBJECTID": 102, "PROJECTNAME": "Worthington Woods", "WARD": "8", "LOCATION": "4336-50 Livingstown Rd SE & 4401-4550 3rd St. SE", "DEVELOPER": "Anacostia Economic Development Corporation / Montgomery Housing Partnership", "PROJECTTYPE": "Residential", "TYPE_SQFT": 235200.0, "UNITS": 394.0, "UNIT_TYPE": "R", "ESTVALUEINMILLION": 132000000.0, "ESTDELIVERY": "Q4 25", "STATUS": "Under Construction", "LATITUDE": 38.825025, "LONGITUDE": -77.002211, "REPORT_EDITION_YEAR": "2024-2025", "ARCHITECT": null, "CREATED_USER": null, "CREATED_DATE": null, "LAST_EDITED_USER": null, "LAST_EDITED_DATE": null, "GLOBALID": "{E7BF6D05-FD44-42C2-8033-F60AD9D4C564}" }, "geometry": null },
{ "type": "Feature", "properties": { "OBJECTID": 103, "PROJECTNAME": "Modera H Street", "WARD": "5", "LOCATION": "801 17th St. NE", "DEVELOPER": "Mill Creek Residential Trust / Bridge Investment Group / BNY Mellon", "PROJECTTYPE": "Residential", "TYPE_SQFT": 243750.0, "UNITS": 325.0, "UNIT_TYPE": "R", "ESTVALUEINMILLION": 0.0, "ESTDELIVERY": "Q1 25", "STATUS": "Under Construction", "LATITUDE": 38.900763, "LONGITUDE": -76.97813, "REPORT_EDITION_YEAR": "2024-2025", "ARCHITECT": null, "CREATED_USER": null, "CREATED_DATE": null, "LAST_EDITED_USER": null, "LAST_EDITED_DATE": null, "GLOBALID": "{56A0D04F-B499-41B8-9DC0-09C63BA5ADB1}" }, "geometry": null },
{ "type": "Feature", "properties": { "OBJECTID": 104, "PROJECTNAME": "Residences at Mazza", "WARD": "3", "LOCATION": "5300 Wisconsin Ave. NW", "DEVELOPER": "Tishman Speyer", "PROJECTTYPE": "Residential", "TYPE_SQFT": 243750.0, "UNITS": 321.0, "UNIT_TYPE": "R", "ESTVALUEINMILLION": 150000000.0, "ESTDELIVERY": "Q2 25", "STATUS": "Under Construction", "LATITUDE": 38.959718, "LONGITUDE": -77.085767, "REPORT_EDITION_YEAR": "2024-2025", "ARCHITECT": null, "CREATED_USER": null, "CREATED_DATE": null, "LAST_EDITED_USER": null, "LAST_EDITED_DATE": null, "GLOBALID": "{35D84907-26E6-4DFA-BFC9-7226681A754C}" }, "geometry": null },
{ "type": "Feature", "properties": { "OBJECTID": 105, "PROJECTNAME": "1125 15th Street", "WARD": "2", "LOCATION": "1125 15th St. NW", "DEVELOPER": "Willow Bridge Property Company ", "PROJECTTYPE": "Residential", "TYPE_SQFT": 267900.0, "UNITS": 264.0, "UNIT_TYPE": "R", "ESTVALUEINMILLION": 199570000.0, "ESTDELIVERY": "Q1 26", "STATUS": "Under Construction", "LATITUDE": 38.904469, "LONGITUDE": -77.034104, "REPORT_EDITION_YEAR": "2024-2025", "ARCHITECT": null, "CREATED_USER": null, "CREATED_DATE": null, "LAST_EDITED_USER": null, "LAST_EDITED_DATE": null, "GLOBALID": "{85BA57E7-E893-456D-A452-69F8D4AE544C}" }, "geometry": null },
{ "type": "Feature", "properties": { "OBJECTID": 106, "PROJECTNAME": "Edgewood 611", "WARD": "5", "LOCATION": "611 Edgewood Terrace NE", "DEVELOPER": "Enterprise", "PROJECTTYPE": "Residential", "TYPE_SQFT": 156000.0, "UNITS": 258.0, "UNIT_TYPE": "R", "ESTVALUEINMILLION": 121000000.0, "ESTDELIVERY": "Q3 25", "STATUS": "Under Construction", "LATITUDE": 38.923115, "LONGITUDE": -76.997877, "REPORT_EDITION_YEAR": "2024-2025", "ARCHITECT": null, "CREATED_USER": null, "CREATED_DATE": null, "LAST_EDITED_USER": null, "LAST_EDITED_DATE": null, "GLOBALID": "{8DC114FA-6FF1-4758-95A9-06CA9EDBE807}" }, "geometry": null },
{ "type": "Feature", "properties": { "OBJECTID": 107, "PROJECTNAME": "Reservation 13 (Bundle 1)", "WARD": "7", "LOCATION": "19th St. Massachusetts Ave. Independence Ave. SE", "DEVELOPER": "Donatelli Development / Blue Skye Development & Construction", "PROJECTTYPE": "Residential", "TYPE_SQFT": 1036500.0, "UNITS": 1000.0, "UNIT_TYPE": "R/O", "ESTVALUEINMILLION": 700000000.0, "ESTDELIVERY": "2033", "STATUS": "Pipeline", "LATITUDE": 38.886176, "LONGITUDE": -76.97539, "REPORT_EDITION_YEAR": "2024-2025", "ARCHITECT": null, "CREATED_USER": null, "CREATED_DATE": null, "LAST_EDITED_USER": null, "LAST_EDITED_DATE": null, "GLOBALID": "{B01A9B1A-6D0C-423B-AE09-69388694AEC3}" }, "geometry": null },
{ "type": "Feature", "properties": { "OBJECTID": 108, "PROJECTNAME": "Fletcher Johnson @ The Park", "WARD": "7", "LOCATION": "4650 Benning Rd. SE", "DEVELOPER": "Gragg Cardona Partners / Marshall Heights CDO / Foundation Housing / H2 Design Build", "PROJECTTYPE": "Residential", "TYPE_SQFT": 793000.0, "UNITS": 879.0, "UNIT_TYPE": "R/O", "ESTVALUEINMILLION": 400000000.0, "ESTDELIVERY": null, "STATUS": "Pipeline", "LATITUDE": 38.883961, "LONGITUDE": -76.933812, "REPORT_EDITION_YEAR": "2024-2025", "ARCHITECT": null, "CREATED_USER": null, "CREATED_DATE": null, "LAST_EDITED_USER": null, "LAST_EDITED_DATE": null, "GLOBALID": "{BEA4A57B-04A4-4DEF-AA3F-941263B2A1BC}" }, "geometry": null },
{ "type": "Feature", "properties": { "OBJECTID": 109, "PROJECTNAME": "East River Park (Northeast Heights - East Parcels)", "WARD": "7", "LOCATION": "Minnesota Ave. & Benning Rd. NE", "DEVELOPER": "Standard Real Estate Investments", "PROJECTTYPE": "Residential", "TYPE_SQFT": 724000.0, "UNITS": 855.0, "UNIT_TYPE": "R", "ESTVALUEINMILLION": 325000000.0, "ESTDELIVERY": "2027", "STATUS": "Pipeline", "LATITUDE": 38.893692, "LONGITUDE": -76.948405, "REPORT_EDITION_YEAR": "2024-2025", "ARCHITECT": null, "CREATED_USER": null, "CREATED_DATE": null, "LAST_EDITED_USER": null, "LAST_EDITED_DATE": null, "GLOBALID": "{2CE4DD81-3D10-4F6F-BC1E-876001AADC9E}" }, "geometry": null },
{ "type": "Feature", "properties": { "OBJECTID": 110, "PROJECTNAME": "Martin's View Redevelopment", "WARD": "8", "LOCATION": "4337 – 4347 Martin Luther King Jr. Ave. SW; 4353 – 4363 Martin Luther King Jr Ave. SW; 201 – 211 Elmira St. SW; 200 – 210 Elmira St. SW", "DEVELOPER": "Kaye Stern Properties / Bensahel Capital", "PROJECTTYPE": "Residential", "TYPE_SQFT": 554000.0, "UNITS": 821.0, "UNIT_TYPE": "R", "ESTVALUEINMILLION": 0.0, "ESTDELIVERY": "2030", "STATUS": "Pipeline", "LATITUDE": 38.826372, "LONGITUDE": -77.013443, "REPORT_EDITION_YEAR": "2024-2025", "ARCHITECT": null, "CREATED_USER": null, "CREATED_DATE": null, "LAST_EDITED_USER": null, "LAST_EDITED_DATE": null, "GLOBALID": "{4B818A99-3D62-4E23-BDBF-0D9ACEBA6468}" }, "geometry": null },
{ "type": "Feature", "properties": { "OBJECTID": 111, "PROJECTNAME": "2 Patterson Street", "WARD": "6", "LOCATION": "2 Patterson St. NE", "DEVELOPER": "Monument Realty / Morningstar Community Development / Community Housing Partners", "PROJECTTYPE": "Residential", "TYPE_SQFT": 435000.0, "UNITS": 660.0, "UNIT_TYPE": "R", "ESTVALUEINMILLION": 0.0, "ESTDELIVERY": "2028", "STATUS": "Pipeline", "LATITUDE": 38.90682, "LONGITUDE": -77.008519, "REPORT_EDITION_YEAR": "2024-2025", "ARCHITECT": null, "CREATED_USER": null, "CREATED_DATE": null, "LAST_EDITED_USER": null, "LAST_EDITED_DATE": null, "GLOBALID": "{D47EBA3A-B36F-41CD-948B-15E1DF354886}" }, "geometry": null },
{ "type": "Feature", "properties": { "OBJECTID": 112, "PROJECTNAME": "The Bridge District (Phase II)", "WARD": "8", "LOCATION": "633 Howard Rd. SE", "DEVELOPER": "Redbrick LMD", "PROJECTTYPE": "Residential", "TYPE_SQFT": 520000.0, "UNITS": 645.0, "UNIT_TYPE": "R", "ESTVALUEINMILLION": 0.0, "ESTDELIVERY": "2028", "STATUS": "Pipeline", "LATITUDE": 38.864632, "LONGITUDE": -77.000789, "REPORT_EDITION_YEAR": "2024-2025", "ARCHITECT": null, "CREATED_USER": null, "CREATED_DATE": null, "LAST_EDITED_USER": null, "LAST_EDITED_DATE": null, "GLOBALID": "{74F001F1-E218-4B03-A51D-0DBAC2F47B85}" }, "geometry": null },
{ "type": "Feature", "properties": { "OBJECTID": 113, "PROJECTNAME": "1001 6th Street", "WARD": "6", "LOCATION": "1001 6th St. NW / 501 K St. NW", "DEVELOPER": "BXP / Steuart Investment Company", "PROJECTTYPE": "Residential", "TYPE_SQFT": 500000.0, "UNITS": 539.0, "UNIT_TYPE": "R", "ESTVALUEINMILLION": 0.0, "ESTDELIVERY": "2028", "STATUS": "Pipeline", "LATITUDE": 38.902785, "LONGITUDE": -77.019434, "REPORT_EDITION_YEAR": "2024-2025", "ARCHITECT": null, "CREATED_USER": null, "CREATED_DATE": null, "LAST_EDITED_USER": null, "LAST_EDITED_DATE": null, "GLOBALID": "{C01F21B4-7134-42C0-88F5-B5A8DFE918AA}" }, "geometry": null },
{ "type": "Feature", "properties": { "OBJECTID": 114, "PROJECTNAME": "The Geneva", "WARD": "2", "LOCATION": "1825 & 1875 Connecticut Ave. NW", "DEVELOPER": "Post Brothers", "PROJECTTYPE": "Residential", "TYPE_SQFT": 875500.0, "UNITS": 525.0, "UNIT_TYPE": "R", "ESTVALUEINMILLION": 700000000.0, "ESTDELIVERY": "2028", "STATUS": "Pipeline", "LATITUDE": 38.915103, "LONGITUDE": -77.045721, "REPORT_EDITION_YEAR": "2024-2025", "ARCHITECT": null, "CREATED_USER": null, "CREATED_DATE": null, "LAST_EDITED_USER": null, "LAST_EDITED_DATE": null, "GLOBALID": "{841F8098-AF03-4D69-889A-707C85D91D29}" }, "geometry": null },
{ "type": "Feature", "properties": { "OBJECTID": 115, "PROJECTNAME": "850 South Capitol Street", "WARD": "6", "LOCATION": "850 South Capitol St. SE", "DEVELOPER": "WC Smith", "PROJECTTYPE": "Residential", "TYPE_SQFT": 540400.0, "UNITS": 520.0, "UNIT_TYPE": "R", "ESTVALUEINMILLION": 260000000.0, "ESTDELIVERY": "2030", "STATUS": "Pipeline", "LATITUDE": 38.880557, "LONGITUDE": -77.008179, "REPORT_EDITION_YEAR": "2024-2025", "ARCHITECT": null, "CREATED_USER": null, "CREATED_DATE": null, "LAST_EDITED_USER": null, "LAST_EDITED_DATE": null, "GLOBALID": "{D6319258-F7F8-454A-A23C-D38694EE4F08}" }, "geometry": null },
{ "type": "Feature", "properties": { "OBJECTID": 116, "PROJECTNAME": "450 5th Street", "WARD": "2", "LOCATION": "450 5th St. NW", "DEVELOPER": "The Georgetown Company", "PROJECTTYPE": "Residential", "TYPE_SQFT": 385000.0, "UNITS": 500.0, "UNIT_TYPE": "R", "ESTVALUEINMILLION": 0.0, "ESTDELIVERY": null, "STATUS": "Pipeline", "LATITUDE": 38.895608, "LONGITUDE": -77.019298, "REPORT_EDITION_YEAR": "2024-2025", "ARCHITECT": null, "CREATED_USER": null, "CREATED_DATE": null, "LAST_EDITED_USER": null, "LAST_EDITED_DATE": null, "GLOBALID": "{0518DC18-3AA6-4198-A899-257650B98C38}" }, "geometry": null },
{ "type": "Feature", "properties": { "OBJECTID": 117, "PROJECTNAME": "Salamander Washington D.C.", "WARD": "6", "LOCATION": "1330 Maryland Ave. SW", "DEVELOPER": "Salamander Resort & Hotel", "PROJECTTYPE": "Hospitality", "TYPE_SQFT": 424000.0, "UNITS": 373.0, "UNIT_TYPE": "H", "ESTVALUEINMILLION": 35000000.0, "ESTDELIVERY": "Q4 24", "STATUS": "Completed", "LATITUDE": 38.883602, "LONGITUDE": -77.030449, "REPORT_EDITION_YEAR": "2024-2025", "ARCHITECT": null, "CREATED_USER": null, "CREATED_DATE": null, "LAST_EDITED_USER": null, "LAST_EDITED_DATE": null, "GLOBALID": "{C63DFCD4-9391-4D2A-9650-4751DA325852}" }, "geometry": null },
{ "type": "Feature", "properties": { "OBJECTID": 118, "PROJECTNAME": "Arlo DC", "WARD": "6", "LOCATION": "333 G St. & 704 3rd St. NW", "DEVELOPER": "Quadrum Global", "PROJECTTYPE": "Hospitality", "TYPE_SQFT": 235600.0, "UNITS": 445.0, "UNIT_TYPE": "H", "ESTVALUEINMILLION": 0.0, "ESTDELIVERY": "Q4 24", "STATUS": "Completed", "LATITUDE": 38.898462, "LONGITUDE": -77.015552, "REPORT_EDITION_YEAR": "2024-2025", "ARCHITECT": null, "CREATED_USER": null, "CREATED_DATE": null, "LAST_EDITED_USER": null, "LAST_EDITED_DATE": null, "GLOBALID": "{9C7F3C6A-FB42-40B1-828B-00BDFE273C2D}" }, "geometry": null },
{ "type": "Feature", "properties": { "OBJECTID": 119, "PROJECTNAME": "Hotel AKA Washington Circle", "WARD": "2", "LOCATION": "1 Washington Circle NW", "DEVELOPER": "Electra America Hospitality Group", "PROJECTTYPE": "Hospitality", "TYPE_SQFT": 80000.0, "UNITS": 151.0, "UNIT_TYPE": "H", "ESTVALUEINMILLION": 30000000.0, "ESTDELIVERY": "Q2 24", "STATUS": "Completed", "LATITUDE": 38.903398, "LONGITUDE": -77.049772, "REPORT_EDITION_YEAR": "2024-2025", "ARCHITECT": null, "CREATED_USER": null, "CREATED_DATE": null, "LAST_EDITED_USER": null, "LAST_EDITED_DATE": null, "GLOBALID": "{FA4A680B-D909-4828-9349-68175D7EC9D3}" }, "geometry": null },
{ "type": "Feature", "properties": { "OBJECTID": 120, "PROJECTNAME": "Folger Shakespeare Library North Hall", "WARD": "6", "LOCATION": "201 East Capitol St. SE", "DEVELOPER": "Folger Shakespeare Library / JFW", "PROJECTTYPE": "Hospitality", "TYPE_SQFT": 12000.0, "UNITS": null, "UNIT_TYPE": null, "ESTVALUEINMILLION": 80500000.0, "ESTDELIVERY": "Q2 24", "STATUS": "Completed", "LATITUDE": 38.889433, "LONGITUDE": -77.002768, "REPORT_EDITION_YEAR": "2024-2025", "ARCHITECT": null, "CREATED_USER": null, "CREATED_DATE": null, "LAST_EDITED_USER": null, "LAST_EDITED_DATE": null, "GLOBALID": "{B9101169-788F-4DBF-A55C-8E6D6B741790}" }, "geometry": null },
{ "type": "Feature", "properties": { "OBJECTID": 121, "PROJECTNAME": "The Westerly", "WARD": "6", "LOCATION": "350 Maple Drive SW", "DEVELOPER": "Hoffman & Associates / Paramount Development Corp. / Affordable Housing Developers / CityPartners / DMPED", "PROJECTTYPE": "Hospitality", "TYPE_SQFT": 9283.0, "UNITS": null, "UNIT_TYPE": null, "ESTVALUEINMILLION": 179000000.0, "ESTDELIVERY": "Q1 24", "STATUS": "Completed", "LATITUDE": 38.878393, "LONGITUDE": -77.017095, "REPORT_EDITION_YEAR": "2024-2025", "ARCHITECT": null, "CREATED_USER": null, "CREATED_DATE": null, "LAST_EDITED_USER": null, "LAST_EDITED_DATE": null, "GLOBALID": "{5BE53940-94A3-4916-8A34-9FEA90CEE915}" }, "geometry": null },
{ "type": "Feature", "properties": { "OBJECTID": 122, "PROJECTNAME": "Grand Hyatt Renovation", "WARD": "2", "LOCATION": "1000 H St. NW", "DEVELOPER": "Host Hotels & Resorts", "PROJECTTYPE": "Hospitality", "TYPE_SQFT": null, "UNITS": 902.0, "UNIT_TYPE": "H", "ESTVALUEINMILLION": 27000000.0, "ESTDELIVERY": "Q4 24", "STATUS": "Completed", "LATITUDE": 38.899341, "LONGITUDE": -77.026488, "REPORT_EDITION_YEAR": "2024-2025", "ARCHITECT": null, "CREATED_USER": null, "CREATED_DATE": null, "LAST_EDITED_USER": null, "LAST_EDITED_DATE": null, "GLOBALID": "{3DDBEAD2-1A94-4C28-8B68-3029E6F50CB7}" }, "geometry": null },
{ "type": "Feature", "properties": { "OBJECTID": 123, "PROJECTNAME": "Capital Hilton Renovation", "WARD": "2", "LOCATION": "1001 16th St. NW", "DEVELOPER": "Ashford Hospitality Trust", "PROJECTTYPE": "Hospitality", "TYPE_SQFT": null, "UNITS": 559.0, "UNIT_TYPE": "H", "ESTVALUEINMILLION": 0.0, "ESTDELIVERY": "Q1 24", "STATUS": "Completed", "LATITUDE": 38.90317, "LONGITUDE": -77.035928, "REPORT_EDITION_YEAR": "2024-2025", "ARCHITECT": null, "CREATED_USER": null, "CREATED_DATE": null, "LAST_EDITED_USER": null, "LAST_EDITED_DATE": null, "GLOBALID": "{64031AC0-1A94-4B69-BEB1-A870395301C5}" }, "geometry": null },
{ "type": "Feature", "properties": { "OBJECTID": 124, "PROJECTNAME": "Le Meridien Madison", "WARD": "2", "LOCATION": "1177 15th St. NW", "DEVELOPER": "Crescent Real Estate", "PROJECTTYPE": "Hospitality", "TYPE_SQFT": null, "UNITS": 356.0, "UNIT_TYPE": "H", "ESTVALUEINMILLION": 15000000.0, "ESTDELIVERY": "Q3 24", "STATUS": "Completed", "LATITUDE": 38.905379, "LONGITUDE": -77.034097, "REPORT_EDITION_YEAR": "2024-2025", "ARCHITECT": null, "CREATED_USER": null, "CREATED_DATE": null, "LAST_EDITED_USER": null, "LAST_EDITED_DATE": null, "GLOBALID": "{BD34115A-DE8D-44AF-B111-3F4E3B97661C}" }, "geometry": null },
{ "type": "Feature", "properties": { "OBJECTID": 125, "PROJECTNAME": "Four Seasons Hotel Renovation", "WARD": "2", "LOCATION": "2800 Pennsylvania Ave. NW", "DEVELOPER": "Strategic Hotels & Resorts", "PROJECTTYPE": "Hospitality", "TYPE_SQFT": null, "UNITS": 63.0, "UNIT_TYPE": "H", "ESTVALUEINMILLION": 20000000.0, "ESTDELIVERY": "Q4 24", "STATUS": "Completed", "LATITUDE": 38.90445, "LONGITUDE": -77.057226, "REPORT_EDITION_YEAR": "2024-2025", "ARCHITECT": null, "CREATED_USER": null, "CREATED_DATE": null, "LAST_EDITED_USER": null, "LAST_EDITED_DATE": null, "GLOBALID": "{679CC341-403D-4800-8076-8C07B9A32F1F}" }, "geometry": null },
{ "type": "Feature", "properties": { "OBJECTID": 126, "PROJECTNAME": "Capital One Arena Modernization", "WARD": "2", "LOCATION": "601 F St. NW", "DEVELOPER": "Monumental Sports & Entertainment / Government of the District of Columbia", "PROJECTTYPE": "Hospitality", "TYPE_SQFT": 1200000.0, "UNITS": null, "UNIT_TYPE": null, "ESTVALUEINMILLION": 800000000.0, "ESTDELIVERY": "Q3 27", "STATUS": "Under Construction", "LATITUDE": 38.89794, "LONGITUDE": -77.020955, "REPORT_EDITION_YEAR": "2024-2025", "ARCHITECT": null, "CREATED_USER": null, "CREATED_DATE": null, "LAST_EDITED_USER": null, "LAST_EDITED_DATE": null, "GLOBALID": "{4076AE1D-8B46-467C-B9BE-1F7480758F7C}" }, "geometry": null },
{ "type": "Feature", "properties": { "OBJECTID": 127, "PROJECTNAME": "Smithsonian National Air and Space Museum", "WARD": "2", "LOCATION": "The National Mall", "DEVELOPER": "Smithsonian", "PROJECTTYPE": "Hospitality", "TYPE_SQFT": 687000.0, "UNITS": null, "UNIT_TYPE": null, "ESTVALUEINMILLION": 900000000.0, "ESTDELIVERY": "Q4 26", "STATUS": "Under Construction", "LATITUDE": 38.888205, "LONGITUDE": -77.019848, "REPORT_EDITION_YEAR": "2024-2025", "ARCHITECT": null, "CREATED_USER": null, "CREATED_DATE": null, "LAST_EDITED_USER": null, "LAST_EDITED_DATE": null, "GLOBALID": "{FE3D49E6-2991-4D9C-A2C8-5EF75C518577}" }, "geometry": null },
{ "type": "Feature", "properties": { "OBJECTID": 128, "PROJECTNAME": "1776 K Street", "WARD": "2", "LOCATION": "1776 K St. NW", "DEVELOPER": "Palmetto Hospitality of Washington DC", "PROJECTTYPE": "Hospitality", "TYPE_SQFT": 214300.0, "UNITS": 278.0, "UNIT_TYPE": "H", "ESTVALUEINMILLION": 0.0, "ESTDELIVERY": "Q1 26", "STATUS": "Under Construction", "LATITUDE": 38.902181, "LONGITUDE": -77.041236, "REPORT_EDITION_YEAR": "2024-2025", "ARCHITECT": null, "CREATED_USER": null, "CREATED_DATE": null, "LAST_EDITED_USER": null, "LAST_EDITED_DATE": null, "GLOBALID": "{71A82D07-AFD9-4103-A8EC-983BF8FF6032}" }, "geometry": null },
{ "type": "Feature", "properties": { "OBJECTID": 129, "PROJECTNAME": "Base Camp", "WARD": "2", "LOCATION": "1600 M St. NW", "DEVELOPER": "National Geographic Society", "PROJECTTYPE": "Hospitality", "TYPE_SQFT": 110000.0, "UNITS": null, "UNIT_TYPE": null, "ESTVALUEINMILLION": 0.0, "ESTDELIVERY": "Q4 26", "STATUS": "Under Construction", "LATITUDE": 38.905123, "LONGITUDE": -77.037293, "REPORT_EDITION_YEAR": "2024-2025", "ARCHITECT": null, "CREATED_USER": null, "CREATED_DATE": null, "LAST_EDITED_USER": null, "LAST_EDITED_DATE": null, "GLOBALID": "{93CB161A-F6D1-42A1-B2BC-79D5BD93C20C}" }, "geometry": null },
{ "type": "Feature", "properties": { "OBJECTID": 130, "PROJECTNAME": "citizenM - Georgetown", "WARD": "2", "LOCATION": "3401 K St. NW", "DEVELOPER": "citizenM", "PROJECTTYPE": "Hospitality", "TYPE_SQFT": 80000.0, "UNITS": 230.0, "UNIT_TYPE": "H", "ESTVALUEINMILLION": 0.0, "ESTDELIVERY": "Q2 25", "STATUS": "Under Construction", "LATITUDE": 38.904138, "LONGITUDE": -77.068113, "REPORT_EDITION_YEAR": "2024-2025", "ARCHITECT": null, "CREATED_USER": null, "CREATED_DATE": null, "LAST_EDITED_USER": null, "LAST_EDITED_DATE": null, "GLOBALID": "{BD962352-9AEF-4B5E-A42B-EBC74E237170}" }, "geometry": null },
{ "type": "Feature", "properties": { "OBJECTID": 131, "PROJECTNAME": "The Milken Center for Advancing the American Dream", "WARD": "2", "LOCATION": "1501 - 1505 Pennsylvania Ave. NW & 730 15th St. NW", "DEVELOPER": "Akridge / Milken Family Foundation", "PROJECTTYPE": "Hospitality", "TYPE_SQFT": 70000.0, "UNITS": null, "UNIT_TYPE": null, "ESTVALUEINMILLION": 0.0, "ESTDELIVERY": "Q3 25", "STATUS": "Under Construction", "LATITUDE": 38.899124, "LONGITUDE": -77.033909, "REPORT_EDITION_YEAR": "2024-2025", "ARCHITECT": null, "CREATED_USER": null, "CREATED_DATE": null, "LAST_EDITED_USER": null, "LAST_EDITED_DATE": null, "GLOBALID": "{99B0D1BF-5BD3-499F-9231-F161EB59CCA1}" }, "geometry": null },
{ "type": "Feature", "properties": { "OBJECTID": 132, "PROJECTNAME": "Mint House", "WARD": "2", "LOCATION": "1010 Vermont Ave. NW", "DEVELOPER": "Altus Realty Partners / McLean Partners", "PROJECTTYPE": "Hospitality", "TYPE_SQFT": 66000.0, "UNITS": 85.0, "UNIT_TYPE": "H", "ESTVALUEINMILLION": 50000000.0, "ESTDELIVERY": "Q2 25", "STATUS": "Under Construction", "LATITUDE": 38.903075, "LONGITUDE": -77.033817, "REPORT_EDITION_YEAR": "2024-2025", "ARCHITECT": null, "CREATED_USER": null, "CREATED_DATE": null, "LAST_EDITED_USER": null, "LAST_EDITED_DATE": null, "GLOBALID": "{D2D8E260-2707-41BA-AC65-C59E1EFCBC89}" }, "geometry": null },
{ "type": "Feature", "properties": { "OBJECTID": 133, "PROJECTNAME": "The Sixty D.C.", "WARD": "2", "LOCATION": "1337 Connecticut Ave. NW", "DEVELOPER": "Valor Development", "PROJECTTYPE": "Hospitality", "TYPE_SQFT": 50000.0, "UNITS": 73.0, "UNIT_TYPE": "H", "ESTVALUEINMILLION": 39000000.0, "ESTDELIVERY": "Q2 25", "STATUS": "Under Construction", "LATITUDE": 38.908286, "LONGITUDE": -77.042228, "REPORT_EDITION_YEAR": "2024-2025", "ARCHITECT": null, "CREATED_USER": null, "CREATED_DATE": null, "LAST_EDITED_USER": null, "LAST_EDITED_DATE": null, "GLOBALID": "{1B559465-9E3B-4576-A4DA-C2833F4C9597}" }, "geometry": null },
{ "type": "Feature", "properties": { "OBJECTID": 134, "PROJECTNAME": "Ford's Theatre Expansion", "WARD": "2", "LOCATION": "512 - 514 10th St. NW", "DEVELOPER": "Ford's Theatre Society", "PROJECTTYPE": "Hospitality", "TYPE_SQFT": 34600.0, "UNITS": null, "UNIT_TYPE": null, "ESTVALUEINMILLION": 40000000.0, "ESTDELIVERY": "Q1 25", "STATUS": "Under Construction", "LATITUDE": 38.896607, "LONGITUDE": -77.026303, "REPORT_EDITION_YEAR": "2024-2025", "ARCHITECT": null, "CREATED_USER": null, "CREATED_DATE": null, "LAST_EDITED_USER": null, "LAST_EDITED_DATE": null, "GLOBALID": "{B33E655E-DD12-4C10-9FD9-8295391736A1}" }, "geometry": null },
{ "type": "Feature", "properties": { "OBJECTID": 135, "PROJECTNAME": "The Canal House of Georgetown", "WARD": "2", "LOCATION": "1023 31st St. NW", "DEVELOPER": "Douglas Development Corporation", "PROJECTTYPE": "Hospitality", "TYPE_SQFT": 31000.0, "UNITS": 106.0, "UNIT_TYPE": "H", "ESTVALUEINMILLION": 38000000.0, "ESTDELIVERY": "Q1 25", "STATUS": "Under Construction", "LATITUDE": 38.903265, "LONGITUDE": -77.060821, "REPORT_EDITION_YEAR": "2024-2025", "ARCHITECT": null, "CREATED_USER": null, "CREATED_DATE": null, "LAST_EDITED_USER": null, "LAST_EDITED_DATE": null, "GLOBALID": "{5B29BDDC-EFFD-472A-A255-8303D66B3F14}" }, "geometry": null },
{ "type": "Feature", "properties": { "OBJECTID": 136, "PROJECTNAME": "National Museum of the U.S. Navy", "WARD": "8", "LOCATION": "Washington Navy Yard", "DEVELOPER": "Navy History and Heritage Command", "PROJECTTYPE": "Hospitality", "TYPE_SQFT": 240000.0, "UNITS": null, "UNIT_TYPE": null, "ESTVALUEINMILLION": 475000000.0, "ESTDELIVERY": "2027", "STATUS": "Pipeline", "LATITUDE": 38.875889, "LONGITUDE": -76.998252, "REPORT_EDITION_YEAR": "2024-2025", "ARCHITECT": null, "CREATED_USER": null, "CREATED_DATE": null, "LAST_EDITED_USER": null, "LAST_EDITED_DATE": null, "GLOBALID": "{C4B347B1-53D6-4A47-9C4E-9B8AC0C84A2E}" }, "geometry": null },
{ "type": "Feature", "properties": { "OBJECTID": 137, "PROJECTNAME": "DC Archives & Records Center", "WARD": "3", "LOCATION": "4200 Connecticut Ave. NW", "DEVELOPER": "Department of General Services", "PROJECTTYPE": "Hospitality", "TYPE_SQFT": 185000.0, "UNITS": null, "UNIT_TYPE": null, "ESTVALUEINMILLION": 72000000.0, "ESTDELIVERY": "2016", "STATUS": "Pipeline", "LATITUDE": 38.943756, "LONGITUDE": -77.066236, "REPORT_EDITION_YEAR": "2024-2025", "ARCHITECT": null, "CREATED_USER": null, "CREATED_DATE": null, "LAST_EDITED_USER": null, "LAST_EDITED_DATE": null, "GLOBALID": "{993B5A21-1408-4CE6-868F-3C28FF5B8A8D}" }, "geometry": null },
{ "type": "Feature", "properties": { "OBJECTID": 138, "PROJECTNAME": "Bond Bread and Washington Railway & Electric Company (WRECO)", "WARD": "1", "LOCATION": "2112 & 2146 Georgia Ave. NW", "DEVELOPER": "EDENS / Menkiti Group / Fivesquares Development / Howard University", "PROJECTTYPE": "Hospitality", "TYPE_SQFT": 124600.0, "UNITS": 180.0, "UNIT_TYPE": "H", "ESTVALUEINMILLION": 0.0, "ESTDELIVERY": null, "STATUS": "Pipeline", "LATITUDE": 38.918814, "LONGITUDE": -77.022445, "REPORT_EDITION_YEAR": "2024-2025", "ARCHITECT": null, "CREATED_USER": null, "CREATED_DATE": null, "LAST_EDITED_USER": null, "LAST_EDITED_DATE": null, "GLOBALID": "{7E1B14FA-ABAC-4F4E-A2BA-3CB8722FB7B1}" }, "geometry": null },
{ "type": "Feature", "properties": { "OBJECTID": 139, "PROJECTNAME": "2000 14th Street", "WARD": "1", "LOCATION": "2000 14th St. NW", "DEVELOPER": "Reeves CMC Venture (Capri Investment Group / MRP Realty / CSG Urban Partners) / DMPED", "PROJECTTYPE": "Hospitality", "TYPE_SQFT": 120800.0, "UNITS": 116.0, "UNIT_TYPE": "H", "ESTVALUEINMILLION": 300000000.0, "ESTDELIVERY": "2030", "STATUS": "Pipeline", "LATITUDE": 38.917444, "LONGITUDE": -77.032404, "REPORT_EDITION_YEAR": "2024-2025", "ARCHITECT": null, "CREATED_USER": null, "CREATED_DATE": null, "LAST_EDITED_USER": null, "LAST_EDITED_DATE": null, "GLOBALID": "{DA1D93C5-AC73-42D8-A4FC-D620D8F1AE78}" }, "geometry": null },
{ "type": "Feature", "properties": { "OBJECTID": 140, "PROJECTNAME": "1271 5th Street", "WARD": "5", "LOCATION": "1271 5th St. NE", "DEVELOPER": "EDENS", "PROJECTTYPE": "Hospitality", "TYPE_SQFT": 73300.0, "UNITS": 125.0, "UNIT_TYPE": "H", "ESTVALUEINMILLION": 0.0, "ESTDELIVERY": null, "STATUS": "Pipeline", "LATITUDE": 38.907759, "LONGITUDE": -76.998153, "REPORT_EDITION_YEAR": "2024-2025", "ARCHITECT": null, "CREATED_USER": null, "CREATED_DATE": null, "LAST_EDITED_USER": null, "LAST_EDITED_DATE": null, "GLOBALID": "{B7D815F2-8920-479A-9AE4-84BA5CFF021E}" }, "geometry": null },
{ "type": "Feature", "properties": { "OBJECTID": 141, "PROJECTNAME": "The Bazaar House by José Andrés", "WARD": "2", "LOCATION": "3000 M St. NW", "DEVELOPER": "Thor Equities", "PROJECTTYPE": "Hospitality", "TYPE_SQFT": 72500.0, "UNITS": 67.0, "UNIT_TYPE": "H", "ESTVALUEINMILLION": 0.0, "ESTDELIVERY": "2027", "STATUS": "Pipeline", "LATITUDE": 38.905001, "LONGITUDE": -77.059359, "REPORT_EDITION_YEAR": "2024-2025", "ARCHITECT": null, "CREATED_USER": null, "CREATED_DATE": null, "LAST_EDITED_USER": null, "LAST_EDITED_DATE": null, "GLOBALID": "{F3987E1F-F2BC-4C8A-BDC6-15473C74A265}" }, "geometry": null },
{ "type": "Feature", "properties": { "OBJECTID": 142, "PROJECTNAME": "923 - 927 5th Street", "WARD": "6", "LOCATION": "923 - 927 5th St. NW", "DEVELOPER": "Kline Operations", "PROJECTTYPE": "Hospitality", "TYPE_SQFT": 70000.0, "UNITS": 152.0, "UNIT_TYPE": "H", "ESTVALUEINMILLION": 0.0, "ESTDELIVERY": null, "STATUS": "Pipeline", "LATITUDE": 38.902086, "LONGITUDE": -77.018663, "REPORT_EDITION_YEAR": "2024-2025", "ARCHITECT": null, "CREATED_USER": null, "CREATED_DATE": null, "LAST_EDITED_USER": null, "LAST_EDITED_DATE": null, "GLOBALID": "{66E70545-7EF4-43C0-958A-E8CC734BB854}" }, "geometry": null },
{ "type": "Feature", "properties": { "OBJECTID": 143, "PROJECTNAME": "601 Indiana Avenue", "WARD": "2", "LOCATION": "601 Indiana Ave. NW", "DEVELOPER": "Calco Hospitality", "PROJECTTYPE": "Hospitality", "TYPE_SQFT": 62000.0, "UNITS": 122.0, "UNIT_TYPE": "H", "ESTVALUEINMILLION": 0.0, "ESTDELIVERY": null, "STATUS": "Pipeline", "LATITUDE": 38.894641, "LONGITUDE": -77.020261, "REPORT_EDITION_YEAR": "2024-2025", "ARCHITECT": null, "CREATED_USER": null, "CREATED_DATE": null, "LAST_EDITED_USER": null, "LAST_EDITED_DATE": null, "GLOBALID": "{E76D453C-2E47-4630-8B7E-DA1EB4CCA49A}" }, "geometry": null },
{ "type": "Feature", "properties": { "OBJECTID": 144, "PROJECTNAME": "Bezos Learning Center at the National Air and Space Museum", "WARD": "2", "LOCATION": "600 Independence Ave. SW", "DEVELOPER": "Smithsonian", "PROJECTTYPE": "Hospitality", "TYPE_SQFT": 50000.0, "UNITS": null, "UNIT_TYPE": null, "ESTVALUEINMILLION": 130000000.0, "ESTDELIVERY": "2027", "STATUS": "Pipeline", "LATITUDE": 38.88817, "LONGITUDE": -77.018294, "REPORT_EDITION_YEAR": "2024-2025", "ARCHITECT": null, "CREATED_USER": null, "CREATED_DATE": null, "LAST_EDITED_USER": null, "LAST_EDITED_DATE": null, "GLOBALID": "{BCF1F8D9-BD7D-4AE8-A407-74EC37ECA640}" }, "geometry": null },
{ "type": "Feature", "properties": { "OBJECTID": 145, "PROJECTNAME": "11th Street Bridge Park", "WARD": "8", "LOCATION": "11th Street Bridge", "DEVELOPER": "Building Bridges Across the River / DC Department of Transportation", "PROJECTTYPE": "Hospitality", "TYPE_SQFT": null, "UNITS": null, "UNIT_TYPE": null, "ESTVALUEINMILLION": 92000000.0, "ESTDELIVERY": "2027", "STATUS": "Pipeline", "LATITUDE": 38.871298, "LONGITUDE": -76.990471, "REPORT_EDITION_YEAR": "2024-2025", "ARCHITECT": null, "CREATED_USER": null, "CREATED_DATE": null, "LAST_EDITED_USER": null, "LAST_EDITED_DATE": null, "GLOBALID": "{D3B9A96C-4676-4F5E-9533-8910FC238765}" }, "geometry": null },
{ "type": "Feature", "properties": { "OBJECTID": 146, "PROJECTNAME": "Center for the American Dream & Milken Foundation Building", "WARD": "6", "LOCATION": "1505 PENNSYLVANIA AVENUE SE", "DEVELOPER": "Akridge / Milken Family Foundation", "PROJECTTYPE": "Hospitality", "TYPE_SQFT": 69000.0, "UNITS": null, "UNIT_TYPE": null, "ESTVALUEINMILLION": null, "ESTDELIVERY": "Q1 21", "STATUS": "Under Construction", "LATITUDE": null, "LONGITUDE": null, "REPORT_EDITION_YEAR": "2016-2019", "ARCHITECT": null, "CREATED_USER": null, "CREATED_DATE": null, "LAST_EDITED_USER": "SDE", "LAST_EDITED_DATE": "2025-10-16T20:10:22Z", "GLOBALID": "{2B9F9B6C-F9B1-4CA5-B189-84ED25010B48}" }, "geometry": null },
{ "type": "Feature", "properties": { "OBJECTID": 147, "PROJECTNAME": "9 1/2 Street Initiative (Grimke School)", "WARD": "1", "LOCATION": "912 U STREET NW", "DEVELOPER": "Community Three", "PROJECTTYPE": "Hospitality", "TYPE_SQFT": 12000.0, "UNITS": null, "UNIT_TYPE": null, "ESTVALUEINMILLION": 45000000.0, "ESTDELIVERY": "2020-23", "STATUS": "Pipeline", "LATITUDE": null, "LONGITUDE": null, "REPORT_EDITION_YEAR": "2016-2019", "ARCHITECT": null, "CREATED_USER": null, "CREATED_DATE": null, "LAST_EDITED_USER": "SDE", "LAST_EDITED_DATE": "2025-10-16T20:10:22Z", "GLOBALID": "{38BF5249-9A6F-4716-9A13-3CE61606E976}" }, "geometry": null },
{ "type": "Feature", "properties": { "OBJECTID": 148, "PROJECTNAME": "D.C. United Stadium", "WARD": "6", "LOCATION": "100 POTOMAC AVENUE SW", "DEVELOPER": "DC United / DC Government", "PROJECTTYPE": "Hospitality", "TYPE_SQFT": 421000.0, "UNITS": null, "UNIT_TYPE": null, "ESTVALUEINMILLION": 400000000.0, "ESTDELIVERY": "Q3 18", "STATUS": "Completed", "LATITUDE": null, "LONGITUDE": null, "REPORT_EDITION_YEAR": "2016-2019", "ARCHITECT": null, "CREATED_USER": null, "CREATED_DATE": null, "LAST_EDITED_USER": "SDE", "LAST_EDITED_DATE": "2025-10-16T20:10:22Z", "GLOBALID": "{59CC16C5-DD37-4D30-AC10-60389BEC78A5}" }, "geometry": null },
{ "type": "Feature", "properties": { "OBJECTID": 149, "PROJECTNAME": "CityCenterDC (Conrad Hotel)", "WARD": "2", "LOCATION": "950 NEW YORK AVENUE NW", "DEVELOPER": "Hines / Qatari Diar", "PROJECTTYPE": "Hospitality", "TYPE_SQFT": 358000.0, "UNITS": 360.0, "UNIT_TYPE": null, "ESTVALUEINMILLION": 270000000.0, "ESTDELIVERY": "Q1 19", "STATUS": "Completed", "LATITUDE": null, "LONGITUDE": null, "REPORT_EDITION_YEAR": "2016-2019", "ARCHITECT": null, "CREATED_USER": null, "CREATED_DATE": null, "LAST_EDITED_USER": "SDE", "LAST_EDITED_DATE": "2025-10-16T20:10:22Z", "GLOBALID": "{0A1B7875-4D40-49A3-8DBF-8CF3B487FA6C}" }, "geometry": null },
{ "type": "Feature", "properties": { "OBJECTID": 150, "PROJECTNAME": "W Hotel", "WARD": "2", "LOCATION": "515 15TH STREET NW", "DEVELOPER": "Marriott", "PROJECTTYPE": "Hospitality", "TYPE_SQFT": 187000.0, "UNITS": 324.0, "UNIT_TYPE": null, "ESTVALUEINMILLION": 50000000.0, "ESTDELIVERY": "Q2 19", "STATUS": "Completed", "LATITUDE": null, "LONGITUDE": null, "REPORT_EDITION_YEAR": "2016-2019", "ARCHITECT": null, "CREATED_USER": null, "CREATED_DATE": null, "LAST_EDITED_USER": "SDE", "LAST_EDITED_DATE": "2025-10-16T20:10:22Z", "GLOBALID": "{CA0EC84E-9533-4AE5-B037-9D55FD7C045F}" }, "geometry": null },
{ "type": "Feature", "properties": { "OBJECTID": 151, "PROJECTNAME": "Saint Elizabeths East (New Hospital)", "WARD": "8", "LOCATION": "Saint Elizabeths East Campus", "DEVELOPER": "DC Government", "PROJECTTYPE": "Quality of Life", "TYPE_SQFT": 322000.0, "UNITS": null, "UNIT_TYPE": null, "ESTVALUEINMILLION": 300000000.0, "ESTDELIVERY": "2022", "STATUS": "Pipeline", "LATITUDE": null, "LONGITUDE": null, "REPORT_EDITION_YEAR": "2016-2019", "ARCHITECT": "Cunningham + Quill Architects, PLLC", "CREATED_USER": null, "CREATED_DATE": null, "LAST_EDITED_USER": "SDE", "LAST_EDITED_DATE": "2025-10-16T20:12:15Z", "GLOBALID": "{F244007A-1997-4704-92C1-D81FDDBB277D}" }, "geometry": null },
{ "type": "Feature", "properties": { "OBJECTID": 152, "PROJECTNAME": "55 H Street", "WARD": "6", "LOCATION": "55 H St., NW", "DEVELOPER": "Georgetown University", "PROJECTTYPE": "Quality of Life", "TYPE_SQFT": 220000.0, "UNITS": null, "UNIT_TYPE": null, "ESTVALUEINMILLION": null, "ESTDELIVERY": null, "STATUS": "Pipeline", "LATITUDE": null, "LONGITUDE": null, "REPORT_EDITION_YEAR": "2016-2019", "ARCHITECT": null, "CREATED_USER": null, "CREATED_DATE": null, "LAST_EDITED_USER": "SDE", "LAST_EDITED_DATE": "2025-10-16T20:12:15Z", "GLOBALID": "{6279D11D-A16E-4979-B697-2CC18614297C}" }, "geometry": null },
{ "type": "Feature", "properties": { "OBJECTID": 153, "PROJECTNAME": "Banneker Academic High School", "WARD": "6", "LOCATION": "925 Rhode Island Ave., NW", "DEVELOPER": "Department of General Services / DC Public Schools", "PROJECTTYPE": "Quality of Life", "TYPE_SQFT": 175000.0, "UNITS": null, "UNIT_TYPE": null, "ESTVALUEINMILLION": 152000000.0, "ESTDELIVERY": "2021", "STATUS": "Pipeline", "LATITUDE": null, "LONGITUDE": null, "REPORT_EDITION_YEAR": "2016-2019", "ARCHITECT": null, "CREATED_USER": null, "CREATED_DATE": null, "LAST_EDITED_USER": "SDE", "LAST_EDITED_DATE": "2025-10-16T20:12:15Z", "GLOBALID": "{90CF4CFB-654C-4B1B-A6C2-FFA73BC742B1}" }, "geometry": null },
{ "type": "Feature", "properties": { "OBJECTID": 154, "PROJECTNAME": "Skyland Town Center (Ph II B)", "WARD": "7", "LOCATION": "Alabama Ave. & Naylor Rd., SE", "DEVELOPER": "Rappaport / WC Smith / Washington East", "PROJECTTYPE": "Quality of Life", "TYPE_SQFT": 120000.0, "UNITS": null, "UNIT_TYPE": null, "ESTVALUEINMILLION": null, "ESTDELIVERY": "2022", "STATUS": "Pipeline", "LATITUDE": null, "LONGITUDE": null, "REPORT_EDITION_YEAR": "2016-2019", "ARCHITECT": null, "CREATED_USER": null, "CREATED_DATE": null, "LAST_EDITED_USER": "SDE", "LAST_EDITED_DATE": "2025-10-16T20:12:15Z", "GLOBALID": "{2EDC3BBB-BAF1-41EE-90EA-8D85A22E77CE}" }, "geometry": null },
{ "type": "Feature", "properties": { "OBJECTID": 155, "PROJECTNAME": "West Elementary School", "WARD": "4", "LOCATION": "1335 Farragut St., NW", "DEVELOPER": "Department of General Services / DC Public Schools", "PROJECTTYPE": "Quality of Life", "TYPE_SQFT": 88600.0, "UNITS": null, "UNIT_TYPE": null, "ESTVALUEINMILLION": 77500000.0, "ESTDELIVERY": "2021", "STATUS": "Pipeline", "LATITUDE": null, "LONGITUDE": null, "REPORT_EDITION_YEAR": "2016-2019", "ARCHITECT": null, "CREATED_USER": null, "CREATED_DATE": null, "LAST_EDITED_USER": "SDE", "LAST_EDITED_DATE": "2025-10-16T20:12:15Z", "GLOBALID": "{1E1A6883-058A-4A38-864C-1AC3AEC5E2E3}" }, "geometry": null },
{ "type": "Feature", "properties": { "OBJECTID": 156, "PROJECTNAME": "Eastern Market Park", "WARD": "6", "LOCATION": "701 Pennsylvania Ave., SE", "DEVELOPER": "Department of General Services / Department of Parks & Recreation", "PROJECTTYPE": "Quality of Life", "TYPE_SQFT": null, "UNITS": null, "UNIT_TYPE": null, "ESTVALUEINMILLION": 14000000.0, "ESTDELIVERY": "2021", "STATUS": "Pipeline", "LATITUDE": null, "LONGITUDE": null, "REPORT_EDITION_YEAR": "2016-2019", "ARCHITECT": null, "CREATED_USER": null, "CREATED_DATE": null, "LAST_EDITED_USER": "SDE", "LAST_EDITED_DATE": "2025-10-16T20:12:15Z", "GLOBALID": "{2D46096F-7C35-4E4B-81BE-BB270961EB74}" }, "geometry": null },
{ "type": "Feature", "properties": { "OBJECTID": 157, "PROJECTNAME": "Franklin Park", "WARD": "2", "LOCATION": "13th, 14th, I, & K Sts., NW", "DEVELOPER": "Department of General Services / National Park Service", "PROJECTTYPE": "Quality of Life", "TYPE_SQFT": null, "UNITS": null, "UNIT_TYPE": null, "ESTVALUEINMILLION": 18000000.0, "ESTDELIVERY": "2020", "STATUS": "Pipeline", "LATITUDE": null, "LONGITUDE": null, "REPORT_EDITION_YEAR": "2016-2019", "ARCHITECT": null, "CREATED_USER": null, "CREATED_DATE": null, "LAST_EDITED_USER": "SDE", "LAST_EDITED_DATE": "2025-10-16T20:12:15Z", "GLOBALID": "{2F191EAD-FF19-4C71-95DA-B7DAD6D15AAF}" }, "geometry": null },
{ "type": "Feature", "properties": { "OBJECTID": 158, "PROJECTNAME": "The Batley", "WARD": "5", "LOCATION": "1270 4th St., NE", "DEVELOPER": "EDENS / Trammell Crow Residential / Level 2 Development", "PROJECTTYPE": "Residential", "TYPE_SQFT": null, "UNITS": 432.0, "UNIT_TYPE": null, "ESTVALUEINMILLION": 150000000.0, "ESTDELIVERY": "Q2 19", "STATUS": "Completed", "LATITUDE": null, "LONGITUDE": null, "REPORT_EDITION_YEAR": "2016-2019", "ARCHITECT": null, "CREATED_USER": null, "CREATED_DATE": null, "LAST_EDITED_USER": "SDE", "LAST_EDITED_DATE": "2025-10-16T20:12:51Z", "GLOBALID": "{916EB34D-1B56-4A40-85D2-5E647E1AAD63}" }, "geometry": null },
{ "type": "Feature", "properties": { "OBJECTID": 159, "PROJECTNAME": "Novel South Capitol", "WARD": "6", "LOCATION": "2 I St., SE", "DEVELOPER": "Crescent Development / RCP Development Company", "PROJECTTYPE": "Residential", "TYPE_SQFT": null, "UNITS": 355.0, "UNIT_TYPE": null, "ESTVALUEINMILLION": null, "ESTDELIVERY": "Q1 19", "STATUS": "Completed", "LATITUDE": null, "LONGITUDE": null, "REPORT_EDITION_YEAR": "2016-2019", "ARCHITECT": null, "CREATED_USER": null, "CREATED_DATE": null, "LAST_EDITED_USER": "SDE", "LAST_EDITED_DATE": "2025-10-16T20:12:51Z", "GLOBALID": "{65441B14-59F2-4036-9767-21C552C683AB}" }, "geometry": null },
{ "type": "Feature", "properties": { "OBJECTID": 160, "PROJECTNAME": "RESA at Tyber Place", "WARD": "6", "LOCATION": "22 M St., NE", "DEVELOPER": "Skanska USA Commercial Development", "PROJECTTYPE": "Residential", "TYPE_SQFT": null, "UNITS": 326.0, "UNIT_TYPE": null, "ESTVALUEINMILLION": 112000000.0, "ESTDELIVERY": "Q2 19", "STATUS": "Completed", "LATITUDE": null, "LONGITUDE": null, "REPORT_EDITION_YEAR": "2016-2019", "ARCHITECT": null, "CREATED_USER": null, "CREATED_DATE": null, "LAST_EDITED_USER": "SDE", "LAST_EDITED_DATE": "2025-10-16T20:12:51Z", "GLOBALID": "{0B4480AF-3B98-45DC-BA8A-82A6020A6CA3}" }, "geometry": null },
{ "type": "Feature", "properties": { "OBJECTID": 161, "PROJECTNAME": "Trellis House", "WARD": "1", "LOCATION": "907 Barry Place, NW", "DEVELOPER": "Gateway Investment Partners / RISE / Howard University", "PROJECTTYPE": "Residential", "TYPE_SQFT": null, "UNITS": 319.0, "UNIT_TYPE": null, "ESTVALUEINMILLION": 70000000.0, "ESTDELIVERY": "Q3 18", "STATUS": "Completed", "LATITUDE": null, "LONGITUDE": null, "REPORT_EDITION_YEAR": "2016-2019", "ARCHITECT": null, "CREATED_USER": null, "CREATED_DATE": null, "LAST_EDITED_USER": "SDE", "LAST_EDITED_DATE": "2025-10-16T20:12:51Z", "GLOBALID": "{A4CAD6E2-2407-4D15-A3B1-0E2700BD2537}" }, "geometry": null },
{ "type": "Feature", "properties": { "OBJECTID": 162, "PROJECTNAME": "The Highline at Union Market", "WARD": "5", "LOCATION": "320 Florida Ave., NE", "DEVELOPER": "Level 2 Development / Federal Capital Partners / Clark Enterprises / W5 Group", "PROJECTTYPE": "Residential", "TYPE_SQFT": null, "UNITS": 318.0, "UNIT_TYPE": null, "ESTVALUEINMILLION": 101300000.0, "ESTDELIVERY": "Q2 19", "STATUS": "Completed", "LATITUDE": null, "LONGITUDE": null, "REPORT_EDITION_YEAR": "2016-2019", "ARCHITECT": null, "CREATED_USER": null, "CREATED_DATE": null, "LAST_EDITED_USER": "SDE", "LAST_EDITED_DATE": "2025-10-16T20:12:51Z", "GLOBALID": "{8DAFB4A6-03FC-4FFC-9871-61A0E6548D84}" }, "geometry": null },
{ "type": "Feature", "properties": { "OBJECTID": 163, "PROJECTNAME": "The Sonnet", "WARD": "1", "LOCATION": "1441 U St., NW", "DEVELOPER": "High Street Residential", "PROJECTTYPE": "Residential", "TYPE_SQFT": null, "UNITS": 288.0, "UNIT_TYPE": null, "ESTVALUEINMILLION": 150000000.0, "ESTDELIVERY": "Q3 18", "STATUS": "Completed", "LATITUDE": null, "LONGITUDE": null, "REPORT_EDITION_YEAR": "2016-2019", "ARCHITECT": null, "CREATED_USER": null, "CREATED_DATE": null, "LAST_EDITED_USER": "SDE", "LAST_EDITED_DATE": "2025-10-16T20:12:51Z", "GLOBALID": "{2176D532-C27F-40DB-92B2-226817989803}" }, "geometry": null },
{ "type": "Feature", "properties": { "OBJECTID": 164, "PROJECTNAME": "The Jamison", "WARD": "5", "LOCATION": "3750 Jamison St., NE", "DEVELOPER": "Fort Lincoln New Town Corporation", "PROJECTTYPE": "Residential", "TYPE_SQFT": null, "UNITS": 236.0, "UNIT_TYPE": null, "ESTVALUEINMILLION": 70000000.0, "ESTDELIVERY": "Q3 19", "STATUS": "Completed", "LATITUDE": null, "LONGITUDE": null, "REPORT_EDITION_YEAR": "2016-2019", "ARCHITECT": null, "CREATED_USER": null, "CREATED_DATE": null, "LAST_EDITED_USER": "SDE", "LAST_EDITED_DATE": "2025-10-16T20:12:51Z", "GLOBALID": "{996B0B6B-1BE7-4C40-99A9-A681C40D8E90}" }, "geometry": null },
{ "type": "Feature", "properties": { "OBJECTID": 165, "PROJECTNAME": "Arcade Sunshine", "WARD": "1", "LOCATION": "713 - 735 Lamont St., NW", "DEVELOPER": "Holladay Corporation", "PROJECTTYPE": "Residential", "TYPE_SQFT": null, "UNITS": 225.0, "UNIT_TYPE": null, "ESTVALUEINMILLION": null, "ESTDELIVERY": "Q1 19", "STATUS": "Completed", "LATITUDE": null, "LONGITUDE": null, "REPORT_EDITION_YEAR": "2016-2019", "ARCHITECT": null, "CREATED_USER": null, "CREATED_DATE": null, "LAST_EDITED_USER": "SDE", "LAST_EDITED_DATE": "2025-10-16T20:12:51Z", "GLOBALID": "{8E206464-A071-46E2-A730-AD5BF449019E}" }, "geometry": null },
{ "type": "Feature", "properties": { "OBJECTID": 166, "PROJECTNAME": "City Ridge", "WARD": "3", "LOCATION": "3900 Wisconsin Ave., NW", "DEVELOPER": "Roadside Development / North America Sekisui House", "PROJECTTYPE": "Residential", "TYPE_SQFT": null, "UNITS": 687.0, "UNIT_TYPE": null, "ESTVALUEINMILLION": 700000000.0, "ESTDELIVERY": "Q2 22", "STATUS": "Under Construction", "LATITUDE": null, "LONGITUDE": null, "REPORT_EDITION_YEAR": "2016-2019", "ARCHITECT": null, "CREATED_USER": null, "CREATED_DATE": null, "LAST_EDITED_USER": "SDE", "LAST_EDITED_DATE": "2025-10-16T20:12:51Z", "GLOBALID": "{8AEB9651-4DCA-42B9-8576-05D14653BDF6}" }, "geometry": null },
{ "type": "Feature", "properties": { "OBJECTID": 167, "PROJECTNAME": "Eckington Yards", "WARD": "5", "LOCATION": "1625 Eckington Pl. & 1500 Harry Thomas Way, NE", "DEVELOPER": "The JBG Companies", "PROJECTTYPE": "Residential", "TYPE_SQFT": null, "UNITS": 681.0, "UNIT_TYPE": null, "ESTVALUEINMILLION": 265000000.0, "ESTDELIVERY": "Q3 21", "STATUS": "Under Construction", "LATITUDE": null, "LONGITUDE": null, "REPORT_EDITION_YEAR": "2016-2019", "ARCHITECT": null, "CREATED_USER": null, "CREATED_DATE": null, "LAST_EDITED_USER": "SDE", "LAST_EDITED_DATE": "2025-10-16T20:12:51Z", "GLOBALID": "{71F03C90-862F-4FDE-AFBD-302AC41D5A2A}" }, "geometry": null },
{ "type": "Feature", "properties": { "OBJECTID": 168, "PROJECTNAME": "The Gantry", "WARD": "5", "LOCATION": "300 Morse St., NE", "DEVELOPER": "Kettler /  Carmel Partners", "PROJECTTYPE": "Residential", "TYPE_SQFT": null, "UNITS": 550.0, "UNIT_TYPE": null, "ESTVALUEINMILLION": null, "ESTDELIVERY": "Q3 21", "STATUS": "Under Construction", "LATITUDE": null, "LONGITUDE": null, "REPORT_EDITION_YEAR": "2016-2019", "ARCHITECT": null, "CREATED_USER": null, "CREATED_DATE": null, "LAST_EDITED_USER": "SDE", "LAST_EDITED_DATE": "2025-10-16T20:12:51Z", "GLOBALID": "{BBC05D5B-6033-42B9-AA80-AD3AEFCED9F2}" }, "geometry": null },
{ "type": "Feature", "properties": { "OBJECTID": 169, "PROJECTNAME": "Riverpoint", "WARD": "6", "LOCATION": "2100 2nd St., SW", "DEVELOPER": "Akridge / Western Development Corp. / Jefferson Apartment Grp. / Orr Partners", "PROJECTTYPE": "Residential", "TYPE_SQFT": null, "UNITS": 481.0, "UNIT_TYPE": null, "ESTVALUEINMILLION": 220000000.0, "ESTDELIVERY": "Q2 20", "STATUS": "Under Construction", "LATITUDE": null, "LONGITUDE": null, "REPORT_EDITION_YEAR": "2016-2019", "ARCHITECT": null, "CREATED_USER": null, "CREATED_DATE": null, "LAST_EDITED_USER": "SDE", "LAST_EDITED_DATE": "2025-10-16T20:12:51Z", "GLOBALID": "{5FA61412-93A5-4F28-9B54-3BE1374033B3}" }, "geometry": null },
{ "type": "Feature", "properties": { "OBJECTID": 170, "PROJECTNAME": "1900 Half Street", "WARD": "6", "LOCATION": "1900 Half St., SW", "DEVELOPER": "Douglas Development Corporation", "PROJECTTYPE": "Residential", "TYPE_SQFT": null, "UNITS": 453.0, "UNIT_TYPE": null, "ESTVALUEINMILLION": 190000000.0, "ESTDELIVERY": "Q4 20", "STATUS": "Under Construction", "LATITUDE": null, "LONGITUDE": null, "REPORT_EDITION_YEAR": "2016-2019", "ARCHITECT": null, "CREATED_USER": null, "CREATED_DATE": null, "LAST_EDITED_USER": "SDE", "LAST_EDITED_DATE": "2025-10-16T20:12:51Z", "GLOBALID": "{E3B1387C-BC01-4080-9A7E-195A81FA2867}" }, "geometry": null },
{ "type": "Feature", "properties": { "OBJECTID": 171, "PROJECTNAME": "The Wren", "WARD": "1", "LOCATION": "965 Florida Ave., NW", "DEVELOPER": "MRP Realty / JBG Smith / Ellis Development Group", "PROJECTTYPE": "Residential", "TYPE_SQFT": null, "UNITS": 433.0, "UNIT_TYPE": null, "ESTVALUEINMILLION": 152600000.0, "ESTDELIVERY": "Q4 20", "STATUS": "Under Construction", "LATITUDE": null, "LONGITUDE": null, "REPORT_EDITION_YEAR": "2016-2019", "ARCHITECT": null, "CREATED_USER": null, "CREATED_DATE": null, "LAST_EDITED_USER": "SDE", "LAST_EDITED_DATE": "2025-10-16T20:12:51Z", "GLOBALID": "{502E63EB-A137-4AE6-8F11-161DA1A73BDE}" }, "geometry": null },
{ "type": "Feature", "properties": { "OBJECTID": 172, "PROJECTNAME": "AVEC", "WARD": "6", "LOCATION": "901 H St., NE", "DEVELOPER": "Rappaport / WC Smith / Lustine Realty Company", "PROJECTTYPE": "Residential", "TYPE_SQFT": null, "UNITS": 419.0, "UNIT_TYPE": null, "ESTVALUEINMILLION": 200000000.0, "ESTDELIVERY": "Q4 19", "STATUS": "Under Construction", "LATITUDE": null, "LONGITUDE": null, "REPORT_EDITION_YEAR": "2016-2019", "ARCHITECT": null, "CREATED_USER": null, "CREATED_DATE": null, "LAST_EDITED_USER": "SDE", "LAST_EDITED_DATE": "2025-10-16T20:12:51Z", "GLOBALID": "{20E9D1C3-938E-4F6B-B7A5-9EC0A266F3B0}" }, "geometry": null },
{ "type": "Feature", "properties": { "OBJECTID": 173, "PROJECTNAME": "Crossing DC", "WARD": "6", "LOCATION": "949 1st St., SE", "DEVELOPER": "Tishman Speyer", "PROJECTTYPE": "Residential", "TYPE_SQFT": null, "UNITS": 418.0, "UNIT_TYPE": null, "ESTVALUEINMILLION": null, "ESTDELIVERY": "Q1 20", "STATUS": "Under Construction", "LATITUDE": null, "LONGITUDE": null, "REPORT_EDITION_YEAR": "2016-2019", "ARCHITECT": null, "CREATED_USER": null, "CREATED_DATE": null, "LAST_EDITED_USER": "SDE", "LAST_EDITED_DATE": "2025-10-16T20:12:51Z", "GLOBALID": "{034284CF-1438-4E27-8DAF-1F28191EE00A}" }, "geometry": null },
{ "type": "Feature", "properties": { "OBJECTID": 174, "PROJECTNAME": "Upton Place", "WARD": "3", "LOCATION": "4000 Wisconsin Ave. NW", "DEVELOPER": "Donohoe Companies / Holladay Corporation", "PROJECTTYPE": "Residential", "TYPE_SQFT": null, "UNITS": 689.0, "UNIT_TYPE": null, "ESTVALUEINMILLION": null, "ESTDELIVERY": "2023", "STATUS": "Pipeline", "LATITUDE": null, "LONGITUDE": null, "REPORT_EDITION_YEAR": "2016-2019", "ARCHITECT": null, "CREATED_USER": null, "CREATED_DATE": null, "LAST_EDITED_USER": "SDE", "LAST_EDITED_DATE": "2025-10-16T20:12:51Z", "GLOBALID": "{2BBEA1D1-1170-485D-B1D8-74CD71566FB2}" }, "geometry": null },
{ "type": "Feature", "properties": { "OBJECTID": 175, "PROJECTNAME": "McMillan Sand Filtration Site", "WARD": "5", "LOCATION": "North Capitol St. & Michigan Ave., NW", "DEVELOPER": "Jair Lynch Real Estate Partners / Trammell Crow Company / EYA", "PROJECTTYPE": "Residential", "TYPE_SQFT": null, "UNITS": 660.0, "UNIT_TYPE": null, "ESTVALUEINMILLION": 720000000.0, "ESTDELIVERY": "2023", "STATUS": "Pipeline", "LATITUDE": null, "LONGITUDE": null, "REPORT_EDITION_YEAR": "2016-2019", "ARCHITECT": null, "CREATED_USER": null, "CREATED_DATE": null, "LAST_EDITED_USER": "SDE", "LAST_EDITED_DATE": "2025-10-16T20:12:51Z", "GLOBALID": "{E0001909-A33C-4AF4-BA55-4C9E75F88D20}" }, "geometry": null },
{ "type": "Feature", "properties": { "OBJECTID": 176, "PROJECTNAME": "Armature Works", "WARD": "6", "LOCATION": "1200 3rd St., NE", "DEVELOPER": "Trammell Crow Company / High Street Residential / MetLife", "PROJECTTYPE": "Residential", "TYPE_SQFT": null, "UNITS": 635.0, "UNIT_TYPE": null, "ESTVALUEINMILLION": 400000000.0, "ESTDELIVERY": "2022", "STATUS": "Pipeline", "LATITUDE": null, "LONGITUDE": null, "REPORT_EDITION_YEAR": "2016-2019", "ARCHITECT": null, "CREATED_USER": null, "CREATED_DATE": null, "LAST_EDITED_USER": "SDE", "LAST_EDITED_DATE": "2025-10-16T20:12:51Z", "GLOBALID": "{E2E87C57-C18B-48D3-8F67-39343ECE64F3}" }, "geometry": null },
{ "type": "Feature", "properties": { "OBJECTID": 177, "PROJECTNAME": "Museum Place", "WARD": "6", "LOCATION": "65 I St., SW", "DEVELOPER": "Lowe", "PROJECTTYPE": "Residential", "TYPE_SQFT": null, "UNITS": 489.0, "UNIT_TYPE": null, "ESTVALUEINMILLION": 200000000.0, "ESTDELIVERY": "2022", "STATUS": "Pipeline", "LATITUDE": null, "LONGITUDE": null, "REPORT_EDITION_YEAR": "2016-2019", "ARCHITECT": null, "CREATED_USER": null, "CREATED_DATE": null, "LAST_EDITED_USER": "SDE", "LAST_EDITED_DATE": "2025-10-16T20:12:51Z", "GLOBALID": "{3509BFF1-A79C-4EC8-A8CD-6B767AE570B0}" }, "geometry": null },
{ "type": "Feature", "properties": { "OBJECTID": 178, "PROJECTNAME": "Storey Park", "WARD": "6", "LOCATION": "1005 1st St., NE", "DEVELOPER": "Four Points / Perseus Realty / Buccini Pollin Group", "PROJECTTYPE": "Residential", "TYPE_SQFT": null, "UNITS": 472.0, "UNIT_TYPE": null, "ESTVALUEINMILLION": 330000000.0, "ESTDELIVERY": "2022", "STATUS": "Pipeline", "LATITUDE": null, "LONGITUDE": null, "REPORT_EDITION_YEAR": "2016-2019", "ARCHITECT": null, "CREATED_USER": null, "CREATED_DATE": null, "LAST_EDITED_USER": "SDE", "LAST_EDITED_DATE": "2025-10-16T20:12:51Z", "GLOBALID": "{A0A11338-40C6-4E3F-99BE-85BDA9FA3BF8}" }, "geometry": null },
{ "type": "Feature", "properties": { "OBJECTID": 179, "PROJECTNAME": "Waterfront Station II", "WARD": "6", "LOCATION": "1000 4th St., SW", "DEVELOPER": "Hoffman & Associates / Paramount Development / CityPartners / Affordable Housing Developers", "PROJECTTYPE": "Residential", "TYPE_SQFT": null, "UNITS": 456.0, "UNIT_TYPE": null, "ESTVALUEINMILLION": 157000000.0, "ESTDELIVERY": "2022", "STATUS": "Pipeline", "LATITUDE": null, "LONGITUDE": null, "REPORT_EDITION_YEAR": "2016-2019", "ARCHITECT": null, "CREATED_USER": null, "CREATED_DATE": null, "LAST_EDITED_USER": "SDE", "LAST_EDITED_DATE": "2025-10-16T20:12:51Z", "GLOBALID": "{9CD3226B-C5EB-4D1B-8769-CD9283BEFFC7}" }, "geometry": null },
{ "type": "Feature", "properties": { "OBJECTID": 180, "PROJECTNAME": "Bond Bread", "WARD": "1", "LOCATION": "2114 Georgia Ave., NW", "DEVELOPER": "Fivesquares Development / EDENS / Menkiti Group / Howard University", "PROJECTTYPE": "Residential", "TYPE_SQFT": null, "UNITS": 450.0, "UNIT_TYPE": null, "ESTVALUEINMILLION": 150000000.0, "ESTDELIVERY": null, "STATUS": "Pipeline", "LATITUDE": null, "LONGITUDE": null, "REPORT_EDITION_YEAR": "2016-2019", "ARCHITECT": null, "CREATED_USER": null, "CREATED_DATE": null, "LAST_EDITED_USER": "SDE", "LAST_EDITED_DATE": "2025-10-16T20:12:51Z", "GLOBALID": "{ED7490A2-7392-4E0D-BC59-06A3664F5C12}" }, "geometry": null },
{ "type": "Feature", "properties": { "OBJECTID": 181, "PROJECTNAME": "1200 5th Street", "WARD": "6", "LOCATION": "1200 5th St., NW", "DEVELOPER": "MidCity", "PROJECTTYPE": "Residential", "TYPE_SQFT": null, "UNITS": 363.0, "UNIT_TYPE": null, "ESTVALUEINMILLION": null, "ESTDELIVERY": "2023", "STATUS": "Pipeline", "LATITUDE": null, "LONGITUDE": null, "REPORT_EDITION_YEAR": "2016-2019", "ARCHITECT": null, "CREATED_USER": null, "CREATED_DATE": null, "LAST_EDITED_USER": "SDE", "LAST_EDITED_DATE": "2025-10-16T20:12:51Z", "GLOBALID": "{6921D0A0-12C7-480A-B573-069161DB4DCB}" }, "geometry": null },
{ "type": "Feature", "properties": { "OBJECTID": 182, "PROJECTNAME": "Eckington Yards", "WARD": "5", "LOCATION": "1625 Eckington Pl. & 1500 Harry Thomas Way, NE", "DEVELOPER": "The JBG Companies", "PROJECTTYPE": "Residential", "TYPE_SQFT": null, "UNITS": 681.0, "UNIT_TYPE": null, "ESTVALUEINMILLION": 265000000.0, "ESTDELIVERY": "Q3 21", "STATUS": "Under Construction", "LATITUDE": null, "LONGITUDE": null, "REPORT_EDITION_YEAR": "2016-2019", "ARCHITECT": null, "CREATED_USER": null, "CREATED_DATE": null, "LAST_EDITED_USER": "SDE", "LAST_EDITED_DATE": "2025-10-16T20:12:51Z", "GLOBALID": "{36357E88-776C-4FF8-ABEF-9E93F27C8F77}" }, "geometry": null },
{ "type": "Feature", "properties": { "OBJECTID": 183, "PROJECTNAME": "Shops at Penn Hill (Phase I)", "WARD": "7", "LOCATION": "3200 Pennsylvania Ave., SE", "DEVELOPER": "Jair Lynch Real Estate Partners", "PROJECTTYPE": "Retail", "TYPE_SQFT": 65000.0, "UNITS": null, "UNIT_TYPE": null, "ESTVALUEINMILLION": 25000000.0, "ESTDELIVERY": "2019", "STATUS": "Completed", "LATITUDE": null, "LONGITUDE": null, "REPORT_EDITION_YEAR": "2016-2019", "ARCHITECT": null, "CREATED_USER": null, "CREATED_DATE": null, "LAST_EDITED_USER": "SDE", "LAST_EDITED_DATE": "2025-10-16T20:13:28Z", "GLOBALID": "{C2C600E3-C7DE-4FB8-A945-92CE609A3066}" }, "geometry": null },
{ "type": "Feature", "properties": { "OBJECTID": 184, "PROJECTNAME": "CityCenterDC (Conrad Hotel)", "WARD": "2", "LOCATION": "950 New York Ave., NW", "DEVELOPER": "Hines / Qatari Diar", "PROJECTTYPE": "Retail", "TYPE_SQFT": 30000.0, "UNITS": null, "UNIT_TYPE": null, "ESTVALUEINMILLION": 270000000.0, "ESTDELIVERY": "Q1 19", "STATUS": "Completed", "LATITUDE": null, "LONGITUDE": null, "REPORT_EDITION_YEAR": "2016-2019", "ARCHITECT": null, "CREATED_USER": null, "CREATED_DATE": null, "LAST_EDITED_USER": "SDE", "LAST_EDITED_DATE": "2025-10-16T20:13:28Z", "GLOBALID": "{17CC69D8-ADEE-4E8B-B3C5-E16C5441B8A2}" }, "geometry": null },
{ "type": "Feature", "properties": { "OBJECTID": 185, "PROJECTNAME": "The Batley", "WARD": "5", "LOCATION": "1270 4th St., NE", "DEVELOPER": "EDENS / Level 2 Development / Trammell Crow Residential", "PROJECTTYPE": "Retail", "TYPE_SQFT": 29042.0, "UNITS": null, "UNIT_TYPE": null, "ESTVALUEINMILLION": 150000000.0, "ESTDELIVERY": "Q2 19", "STATUS": "Completed", "LATITUDE": null, "LONGITUDE": null, "REPORT_EDITION_YEAR": "2016-2019", "ARCHITECT": null, "CREATED_USER": null, "CREATED_DATE": null, "LAST_EDITED_USER": "SDE", "LAST_EDITED_DATE": "2025-10-16T20:13:28Z", "GLOBALID": "{7577E574-8673-4948-9DE5-30D6BABBA0C7}" }, "geometry": null },
{ "type": "Feature", "properties": { "OBJECTID": 186, "PROJECTNAME": "Liz", "WARD": "2", "LOCATION": "1701 14th St., NW", "DEVELOPER": "Fivesquares Development / Streetscape Partners / Whitman-Walker Health", "PROJECTTYPE": "Retail", "TYPE_SQFT": 26000.0, "UNITS": null, "UNIT_TYPE": null, "ESTVALUEINMILLION": null, "ESTDELIVERY": "Q3 19", "STATUS": "Completed", "LATITUDE": null, "LONGITUDE": null, "REPORT_EDITION_YEAR": "2016-2019", "ARCHITECT": null, "CREATED_USER": null, "CREATED_DATE": null, "LAST_EDITED_USER": "SDE", "LAST_EDITED_DATE": "2025-10-16T20:13:28Z", "GLOBALID": "{0E064686-4122-4722-AF0A-DC324B77767F}" }, "geometry": null },
{ "type": "Feature", "properties": { "OBJECTID": 187, "PROJECTNAME": "Carnegie Library", "WARD": "2", "LOCATION": "800 Mount Vernon Pl., NW", "DEVELOPER": "Apple / EventsDC", "PROJECTTYPE": "Retail", "TYPE_SQFT": 18896.0, "UNITS": null, "UNIT_TYPE": null, "ESTVALUEINMILLION": 30000000.0, "ESTDELIVERY": "Q2 19", "STATUS": "Completed", "LATITUDE": null, "LONGITUDE": null, "REPORT_EDITION_YEAR": "2016-2019", "ARCHITECT": null, "CREATED_USER": null, "CREATED_DATE": null, "LAST_EDITED_USER": "SDE", "LAST_EDITED_DATE": "2025-10-16T20:13:28Z", "GLOBALID": "{6DC00BF1-F8E8-4997-A5EA-13DAD5B81D95}" }, "geometry": null },
{ "type": "Feature", "properties": { "OBJECTID": 188, "PROJECTNAME": "Union Place (Phase II)", "WARD": "6", "LOCATION": "200 K St., NE", "DEVELOPER": "Toll Brothers", "PROJECTTYPE": "Retail", "TYPE_SQFT": 16500.0, "UNITS": null, "UNIT_TYPE": null, "ESTVALUEINMILLION": 170000000.0, "ESTDELIVERY": "Q2 19", "STATUS": "Completed", "LATITUDE": null, "LONGITUDE": null, "REPORT_EDITION_YEAR": "2016-2019", "ARCHITECT": null, "CREATED_USER": null, "CREATED_DATE": null, "LAST_EDITED_USER": "SDE", "LAST_EDITED_DATE": "2025-10-16T20:13:28Z", "GLOBALID": "{4BC57643-6552-4C5A-853D-926D688F22F1}" }, "geometry": null },
{ "type": "Feature", "properties": { "OBJECTID": 189, "PROJECTNAME": "Penn Eleven", "WARD": "6", "LOCATION": "1101 - 1117 Pennsylvania Ave., SE", "DEVELOPER": "Perseus Realty / Westbrook Partners", "PROJECTTYPE": "Retail", "TYPE_SQFT": 16000.0, "UNITS": null, "UNIT_TYPE": null, "ESTVALUEINMILLION": 25000000.0, "ESTDELIVERY": "Q1 19", "STATUS": "Completed", "LATITUDE": null, "LONGITUDE": null, "REPORT_EDITION_YEAR": "2016-2019", "ARCHITECT": null, "CREATED_USER": null, "CREATED_DATE": null, "LAST_EDITED_USER": "SDE", "LAST_EDITED_DATE": "2025-10-16T20:13:28Z", "GLOBALID": "{F7D1A3E0-6951-4F06-8B7B-D720EAC041F5}" }, "geometry": null },
{ "type": "Feature", "properties": { "OBJECTID": 190, "PROJECTNAME": "The Sonnet", "WARD": "1", "LOCATION": "1441 U St., NW", "DEVELOPER": "High Street Residential", "PROJECTTYPE": "Retail", "TYPE_SQFT": 15552.0, "UNITS": null, "UNIT_TYPE": null, "ESTVALUEINMILLION": 150000000.0, "ESTDELIVERY": "Q3 18", "STATUS": "Completed", "LATITUDE": null, "LONGITUDE": null, "REPORT_EDITION_YEAR": "2016-2019", "ARCHITECT": null, "CREATED_USER": null, "CREATED_DATE": null, "LAST_EDITED_USER": "SDE", "LAST_EDITED_DATE": "2025-10-16T20:13:28Z", "GLOBALID": "{DEC95AE9-64CE-45D3-A179-91C217373CE5}" }, "geometry": null },
{ "type": "Feature", "properties": { "OBJECTID": 191, "PROJECTNAME": "Maple View Flats", "WARD": "8", "LOCATION": "2228 - 2252 Martin Luther King Jr. Ave., SE", "DEVELOPER": "Chapman Development / DHCD", "PROJECTTYPE": "Retail", "TYPE_SQFT": 15000.0, "UNITS": null, "UNIT_TYPE": null, "ESTVALUEINMILLION": 50000000.0, "ESTDELIVERY": "Q1 19", "STATUS": "Completed", "LATITUDE": null, "LONGITUDE": null, "REPORT_EDITION_YEAR": "2016-2019", "ARCHITECT": null, "CREATED_USER": null, "CREATED_DATE": null, "LAST_EDITED_USER": "SDE", "LAST_EDITED_DATE": "2025-10-16T20:13:28Z", "GLOBALID": "{606535E1-373F-4DA6-90ED-6161ADD3F398}" }, "geometry": null },
{ "type": "Feature", "properties": { "OBJECTID": 192, "PROJECTNAME": "City Ridge", "WARD": "3", "LOCATION": "3900 Wisconsin Ave., NW", "DEVELOPER": "Roadside Development / North America Sekisui House", "PROJECTTYPE": "Retail", "TYPE_SQFT": 194000.0, "UNITS": null, "UNIT_TYPE": null, "ESTVALUEINMILLION": 700000000.0, "ESTDELIVERY": "Q2 22", "STATUS": "Under Construction", "LATITUDE": null, "LONGITUDE": null, "REPORT_EDITION_YEAR": "2016-2019", "ARCHITECT": null, "CREATED_USER": null, "CREATED_DATE": null, "LAST_EDITED_USER": "SDE", "LAST_EDITED_DATE": "2025-10-16T20:13:28Z", "GLOBALID": "{855F8EDC-CF2D-4DA5-8400-3F64DDC9EAAA}" }, "geometry": null },
{ "type": "Feature", "properties": { "OBJECTID": 193, "PROJECTNAME": "Skyland Town Center (Phase A)", "WARD": "7", "LOCATION": "Alabama Ave. & Naylor Rd., SE", "DEVELOPER": "Rappaport / WC Smith / Washington East", "PROJECTTYPE": "Retail", "TYPE_SQFT": 117000.0, "UNITS": null, "UNIT_TYPE": null, "ESTVALUEINMILLION": 175000000.0, "ESTDELIVERY": "Q3 20", "STATUS": "Under Construction", "LATITUDE": null, "LONGITUDE": null, "REPORT_EDITION_YEAR": "2016-2019", "ARCHITECT": null, "CREATED_USER": null, "CREATED_DATE": null, "LAST_EDITED_USER": "SDE", "LAST_EDITED_DATE": "2025-10-16T20:13:28Z", "GLOBALID": "{F0E69AE8-B076-4B74-92B7-20D021487F84}" }, "geometry": null },
{ "type": "Feature", "properties": { "OBJECTID": 194, "PROJECTNAME": "1515 New York Avenue", "WARD": "5", "LOCATION": "1515 New York Ave., NE", "DEVELOPER": "Douglas Development Corporation", "PROJECTTYPE": "Retail", "TYPE_SQFT": 92828.0, "UNITS": null, "UNIT_TYPE": null, "ESTVALUEINMILLION": 27000000.0, "ESTDELIVERY": "Q4 19", "STATUS": "Under Construction", "LATITUDE": null, "LONGITUDE": null, "REPORT_EDITION_YEAR": "2016-2019", "ARCHITECT": null, "CREATED_USER": null, "CREATED_DATE": null, "LAST_EDITED_USER": "SDE", "LAST_EDITED_DATE": "2025-10-16T20:13:28Z", "GLOBALID": "{CF3EA283-297F-4291-B544-6B7E429BE31B}" }, "geometry": null },
{ "type": "Feature", "properties": { "OBJECTID": 195, "PROJECTNAME": "McMillan Sand Filtration Site", "WARD": "5", "LOCATION": "North Capitol St. & Michigan Ave., NW", "DEVELOPER": "Jair Lynch Real Estate Partners / Trammell Crow Company / EYA / DMPED", "PROJECTTYPE": "Residential", "TYPE_SQFT": null, "UNITS": 660.0, "UNIT_TYPE": "R/O", "ESTVALUEINMILLION": 720000000.0, "ESTDELIVERY": null, "STATUS": "Pipeline", "LATITUDE": null, "LONGITUDE": null, "REPORT_EDITION_YEAR": "2016-2019", "ARCHITECT": "Perkins Eastman DC / MV+A Architects / Shalom Baranes Associates", "CREATED_USER": null, "CREATED_DATE": null, "LAST_EDITED_USER": "SDE", "LAST_EDITED_DATE": "2025-10-16T20:20:42Z", "GLOBALID": "{DDB4202B-9062-4EC1-9E51-1FCDFFB2F3C7}" }, "geometry": null },
{ "type": "Feature", "properties": { "OBJECTID": 196, "PROJECTNAME": "Ballpark East", "WARD": "6", "LOCATION": "1201 Half St., SE", "DEVELOPER": "The JBG Companies", "PROJECTTYPE": "Residential", "TYPE_SQFT": null, "UNITS": 438.0, "UNIT_TYPE": "R/O", "ESTVALUEINMILLION": 0.0, "ESTDELIVERY": "2019", "STATUS": "Pipeline", "LATITUDE": null, "LONGITUDE": null, "REPORT_EDITION_YEAR": "2016-2019", "ARCHITECT": "Eric Colbert & Associates, PC / ODA Architecture", "CREATED_USER": null, "CREATED_DATE": null, "LAST_EDITED_USER": "SDE", "LAST_EDITED_DATE": "2025-10-16T20:20:42Z", "GLOBALID": "{09FEBFA5-1CB1-4DCC-AFDA-1A91D5245426}" }, "geometry": null },
{ "type": "Feature", "properties": { "OBJECTID": 197, "PROJECTNAME": "The Griffith", "WARD": "1", "LOCATION": "965 Florida Ave., NW", "DEVELOPER": "MRP Realty / Ellis Development Group /  Fundrise / JBG", "PROJECTTYPE": "Residential", "TYPE_SQFT": null, "UNITS": 428.0, "UNIT_TYPE": "R", "ESTVALUEINMILLION": 120000000.0, "ESTDELIVERY": "2020", "STATUS": "Pipeline", "LATITUDE": null, "LONGITUDE": null, "REPORT_EDITION_YEAR": "2016-2019", "ARCHITECT": "Hord Coplan Macht Inc / PGN Architects PLLC", "CREATED_USER": null, "CREATED_DATE": null, "LAST_EDITED_USER": "SDE", "LAST_EDITED_DATE": "2025-10-16T20:12:51Z", "GLOBALID": "{7658A82B-64A2-4C78-ACBC-AE04D07365A7}" }, "geometry": null },
{ "type": "Feature", "properties": { "OBJECTID": 198, "PROJECTNAME": "300 M", "WARD": "6", "LOCATION": "300 M St., NE", "DEVELOPER": "The Wilkes Company", "PROJECTTYPE": "Residential", "TYPE_SQFT": null, "UNITS": 425.0, "UNIT_TYPE": "R", "ESTVALUEINMILLION": 132000000.0, "ESTDELIVERY": "2018", "STATUS": "Pipeline", "LATITUDE": null, "LONGITUDE": null, "REPORT_EDITION_YEAR": "2016-2019", "ARCHITECT": "WDG Architecture / Hickok Cole Architects", "CREATED_USER": null, "CREATED_DATE": null, "LAST_EDITED_USER": "SDE", "LAST_EDITED_DATE": "2025-10-16T20:12:51Z", "GLOBALID": "{51190AC2-F271-469D-80D8-32651BDAE727}" }, "geometry": null },
{ "type": "Feature", "properties": { "OBJECTID": 199, "PROJECTNAME": "901 H Street", "WARD": "6", "LOCATION": "901 H St., NE", "DEVELOPER": "Rappaport / WC Smith / Lustine Realty Co.", "PROJECTTYPE": "Residential", "TYPE_SQFT": null, "UNITS": 419.0, "UNIT_TYPE": "R", "ESTVALUEINMILLION": 150000000.0, "ESTDELIVERY": "2019", "STATUS": "Pipeline", "LATITUDE": null, "LONGITUDE": null, "REPORT_EDITION_YEAR": "2016-2019", "ARCHITECT": "Torti Gallas and Partners", "CREATED_USER": null, "CREATED_DATE": null, "LAST_EDITED_USER": "SDE", "LAST_EDITED_DATE": "2025-10-16T20:12:51Z", "GLOBALID": "{3FD61BE9-9664-4FD6-99CE-CCD540FD20DD}" }, "geometry": null },
{ "type": "Feature", "properties": { "OBJECTID": 200, "PROJECTNAME": "The Portals (Ph V)", "WARD": "6", "LOCATION": "1331 Maryland Ave., SW", "DEVELOPER": "Republic Properties Corporation", "PROJECTTYPE": "Residential", "TYPE_SQFT": null, "UNITS": 393.0, "UNIT_TYPE": "R", "ESTVALUEINMILLION": 185000000.0, "ESTDELIVERY": "2019", "STATUS": "Pipeline", "LATITUDE": null, "LONGITUDE": null, "REPORT_EDITION_YEAR": "2016-2019", "ARCHITECT": "Robert A M Stern Architects / WDG Architecture", "CREATED_USER": null, "CREATED_DATE": null, "LAST_EDITED_USER": "SDE", "LAST_EDITED_DATE": "2025-10-16T20:12:51Z", "GLOBALID": "{12A3FDC9-7677-4ACF-BB1B-053F8A644FEA}" }, "geometry": null },
{ "type": "Feature", "properties": { "OBJECTID": 201, "PROJECTNAME": "RESA at Tyber Place", "WARD": "6", "LOCATION": "22 M St., NE", "DEVELOPER": "Skanska", "PROJECTTYPE": "Residential", "TYPE_SQFT": null, "UNITS": 326.0, "UNIT_TYPE": "R", "ESTVALUEINMILLION": 75000000.0, "ESTDELIVERY": "2018", "STATUS": "Pipeline", "LATITUDE": null, "LONGITUDE": null, "REPORT_EDITION_YEAR": "2016-2019", "ARCHITECT": "Design Collective, Inc", "CREATED_USER": null, "CREATED_DATE": null, "LAST_EDITED_USER": "SDE", "LAST_EDITED_DATE": "2025-10-16T20:12:51Z", "GLOBALID": "{CD14BBD3-C1A6-4594-BF5A-A6CA627225AD}" }, "geometry": null },
{ "type": "Feature", "properties": { "OBJECTID": 202, "PROJECTNAME": "Reservation 13 (Ph I)", "WARD": "7", "LOCATION": "19th & Massachusetts Ave., SE", "DEVELOPER": "Donatelli Development / Blue Skye Development & Construction", "PROJECTTYPE": "Residential", "TYPE_SQFT": null, "UNITS": 353.0, "UNIT_TYPE": "R", "ESTVALUEINMILLION": 80000000.0, "ESTDELIVERY": "2019", "STATUS": "Pipeline", "LATITUDE": null, "LONGITUDE": null, "REPORT_EDITION_YEAR": "2016-2019", "ARCHITECT": "GTM Architects", "CREATED_USER": null, "CREATED_DATE": null, "LAST_EDITED_USER": "SDE", "LAST_EDITED_DATE": "2025-10-16T20:12:51Z", "GLOBALID": "{48524C19-289E-483E-A110-5C416B67890A}" }, "geometry": null },
{ "type": "Feature", "properties": { "OBJECTID": 203, "PROJECTNAME": "Washington College of Law", "WARD": "3", "LOCATION": "Tenley Campus (4300 Nebraska Ave., NW)", "DEVELOPER": "American University", "PROJECTTYPE": "Education", "TYPE_SQFT": 385100.0, "UNITS": null, "UNIT_TYPE": null, "ESTVALUEINMILLION": 129000000.0, "ESTDELIVERY": null, "STATUS": "Completed", "LATITUDE": null, "LONGITUDE": null, "REPORT_EDITION_YEAR": "2016-2019", "ARCHITECT": "SmithGroupJJR", "CREATED_USER": null, "CREATED_DATE": null, "LAST_EDITED_USER": "SDE", "LAST_EDITED_DATE": "2025-10-16T20:09:37Z", "GLOBALID": "{37C66C19-340C-4168-9D4F-DF2482A24614}" }, "geometry": null },
{ "type": "Feature", "properties": { "OBJECTID": 204, "PROJECTNAME": "Ballou Senior High School", "WARD": "8", "LOCATION": "3401 4th St., SE", "DEVELOPER": "DC Public Schools / Department of General Services", "PROJECTTYPE": "Education", "TYPE_SQFT": 365000.0, "UNITS": null, "UNIT_TYPE": null, "ESTVALUEINMILLION": 143000000.0, "ESTDELIVERY": null, "STATUS": "Completed", "LATITUDE": null, "LONGITUDE": null, "REPORT_EDITION_YEAR": "2016-2019", "ARCHITECT": "Bowie Gridley Architects / Perkins+Will", "CREATED_USER": null, "CREATED_DATE": null, "LAST_EDITED_USER": "SDE", "LAST_EDITED_DATE": "2025-10-16T20:09:37Z", "GLOBALID": "{428515B4-2ACC-4BFA-9C2D-BDCBAAB7035D}" }, "geometry": null },
{ "type": "Feature", "properties": { "OBJECTID": 205, "PROJECTNAME": "Theodore Roosevelt High School", "WARD": "4", "LOCATION": "4301 13th St., NW", "DEVELOPER": "DC Public Schools / Department of General Services", "PROJECTTYPE": "Education", "TYPE_SQFT": 328000.0, "UNITS": null, "UNIT_TYPE": null, "ESTVALUEINMILLION": 136000000.0, "ESTDELIVERY": null, "STATUS": "Completed", "LATITUDE": null, "LONGITUDE": null, "REPORT_EDITION_YEAR": "2016-2019", "ARCHITECT": "Perkins Eastman DC", "CREATED_USER": null, "CREATED_DATE": null, "LAST_EDITED_USER": "SDE", "LAST_EDITED_DATE": "2025-10-16T20:09:37Z", "GLOBALID": "{F43BAF0D-2CA7-4DDA-8EC6-3217B12BAE94}" }, "geometry": null },
{ "type": "Feature", "properties": { "OBJECTID": 206, "PROJECTNAME": "District House", "WARD": "2", "LOCATION": "2121 H St., NW", "DEVELOPER": "George Washington University", "PROJECTTYPE": "Education", "TYPE_SQFT": 322500.0, "UNITS": null, "UNIT_TYPE": null, "ESTVALUEINMILLION": 130000000.0, "ESTDELIVERY": null, "STATUS": "Completed", "LATITUDE": null, "LONGITUDE": null, "REPORT_EDITION_YEAR": "2016-2019", "ARCHITECT": "Ayers Saint Gross", "CREATED_USER": null, "CREATED_DATE": null, "LAST_EDITED_USER": "SDE", "LAST_EDITED_DATE": "2025-10-16T20:09:37Z", "GLOBALID": "{9D03C91C-9997-42DC-AC8A-3732C2B7BC85}" }, "geometry": null },
{ "type": "Feature", "properties": { "OBJECTID": 207, "PROJECTNAME": "John R. Thompson Jr. Intercollegiate Athletic Center", "WARD": "2", "LOCATION": "Georgetown University", "DEVELOPER": "Georgetown University", "PROJECTTYPE": "Education", "TYPE_SQFT": 144000.0, "UNITS": null, "UNIT_TYPE": null, "ESTVALUEINMILLION": 62000000.0, "ESTDELIVERY": null, "STATUS": "Completed", "LATITUDE": null, "LONGITUDE": null, "REPORT_EDITION_YEAR": "2016-2019", "ARCHITECT": "Populous / Bowie Gridley Architects", "CREATED_USER": null, "CREATED_DATE": null, "LAST_EDITED_USER": "SDE", "LAST_EDITED_DATE": "2025-10-16T20:09:37Z", "GLOBALID": "{56C68859-9448-4A93-A768-8B7B2FCD0262}" }, "geometry": null },
{ "type": "Feature", "properties": { "OBJECTID": 208, "PROJECTNAME": "KIPP DC", "WARD": "5", "LOCATION": "1405 Brentwood Parkway, NE", "DEVELOPER": "KIPP DC", "PROJECTTYPE": "Education", "TYPE_SQFT": 125000.0, "UNITS": null, "UNIT_TYPE": null, "ESTVALUEINMILLION": 45000000.0, "ESTDELIVERY": null, "STATUS": "Completed", "LATITUDE": null, "LONGITUDE": null, "REPORT_EDITION_YEAR": "2016-2019", "ARCHITECT": "Studios Architecture", "CREATED_USER": null, "CREATED_DATE": null, "LAST_EDITED_USER": "SDE", "LAST_EDITED_DATE": "2025-10-16T20:09:37Z", "GLOBALID": "{E2A4A2CF-B7A1-425F-948C-BEE601105519}" }, "geometry": null },
{ "type": "Feature", "properties": { "OBJECTID": 209, "PROJECTNAME": "Lafayette Elementary School", "WARD": "4", "LOCATION": "5701 BRd. Branch Rd., NW", "DEVELOPER": "DC Public Schools / Department of General Services", "PROJECTTYPE": "Education", "TYPE_SQFT": 120000.0, "UNITS": null, "UNIT_TYPE": null, "ESTVALUEINMILLION": 79000000.0, "ESTDELIVERY": null, "STATUS": "Completed", "LATITUDE": null, "LONGITUDE": null, "REPORT_EDITION_YEAR": "2016-2019", "ARCHITECT": "Hartman-Cox Architects / Grimm + Parker & Associates", "CREATED_USER": null, "CREATED_DATE": null, "LAST_EDITED_USER": "SDE", "LAST_EDITED_DATE": "2025-10-16T20:09:37Z", "GLOBALID": "{C5FA9ACA-87A2-4BC3-84B8-491939DD3FD2}" }, "geometry": null },
{ "type": "Feature", "properties": { "OBJECTID": 210, "PROJECTNAME": "Stuart-Hobson Middle School", "WARD": "6", "LOCATION": "410 E St., NE", "DEVELOPER": "DC Public Schools / Department of General Services", "PROJECTTYPE": "Education", "TYPE_SQFT": 116000.0, "UNITS": null, "UNIT_TYPE": null, "ESTVALUEINMILLION": 41000000.0, "ESTDELIVERY": null, "STATUS": "Completed", "LATITUDE": null, "LONGITUDE": null, "REPORT_EDITION_YEAR": "2016-2019", "ARCHITECT": "Hughes Group Architects", "CREATED_USER": null, "CREATED_DATE": null, "LAST_EDITED_USER": "SDE", "LAST_EDITED_DATE": "2025-10-16T20:09:37Z", "GLOBALID": "{07398282-B64B-4183-A250-36A654B8C8CB}" }, "geometry": null },
{ "type": "Feature", "properties": { "OBJECTID": 211, "PROJECTNAME": "River Terrace Elementary School", "WARD": "7", "LOCATION": "420 34th St., NE", "DEVELOPER": "DC Public Schools / Department of General Services", "PROJECTTYPE": "Education", "TYPE_SQFT": 110500.0, "UNITS": null, "UNIT_TYPE": null, "ESTVALUEINMILLION": 36000000.0, "ESTDELIVERY": null, "STATUS": "Completed", "LATITUDE": null, "LONGITUDE": null, "REPORT_EDITION_YEAR": "2016-2019", "ARCHITECT": "Fanning Howey / Bryant Mitchell Architects", "CREATED_USER": null, "CREATED_DATE": null, "LAST_EDITED_USER": "SDE", "LAST_EDITED_DATE": "2025-10-16T20:09:37Z", "GLOBALID": "{F5AF4BB5-979D-43EE-A1DD-FA10AA605FB6}" }, "geometry": null },
{ "type": "Feature", "properties": { "OBJECTID": 212, "PROJECTNAME": "New Sibley", "WARD": "3", "LOCATION": "5255 Loughboro Rd., NW", "DEVELOPER": "Sibley Memorial Hospital", "PROJECTTYPE": "Education", "TYPE_SQFT": 470000.0, "UNITS": null, "UNIT_TYPE": null, "ESTVALUEINMILLION": 242000000.0, "ESTDELIVERY": null, "STATUS": "Under Construction", "LATITUDE": null, "LONGITUDE": null, "REPORT_EDITION_YEAR": "2016-2019", "ARCHITECT": "Wilmot Sanz Inc", "CREATED_USER": null, "CREATED_DATE": null, "LAST_EDITED_USER": "SDE", "LAST_EDITED_DATE": "2025-10-16T20:09:37Z", "GLOBALID": "{83DBCDA9-3D3B-48F5-A4F6-7A030E898920}" }, "geometry": null },
{ "type": "Feature", "properties": { "OBJECTID": 213, "PROJECTNAME": "Duke Ellington School of the Arts", "WARD": "2", "LOCATION": "3500 R St., NW", "DEVELOPER": "DC Public Schools / Department of General Services", "PROJECTTYPE": "Education", "TYPE_SQFT": 258072.0, "UNITS": null, "UNIT_TYPE": null, "ESTVALUEINMILLION": 177000000.0, "ESTDELIVERY": null, "STATUS": "Under Construction", "LATITUDE": null, "LONGITUDE": null, "REPORT_EDITION_YEAR": "2016-2019", "ARCHITECT": "cox graae + spack architects / Lance Bailey & Associates Inc", "CREATED_USER": null, "CREATED_DATE": null, "LAST_EDITED_USER": "SDE", "LAST_EDITED_DATE": "2025-10-16T20:09:37Z", "GLOBALID": "{8DE68B93-E0E8-41F0-9D81-56FDE2CA99B5}" }, "geometry": null },
{ "type": "Feature", "properties": { "OBJECTID": 214, "PROJECTNAME": "Marie Reed Elementary School", "WARD": "1", "LOCATION": "2201 18th St., NW", "DEVELOPER": "DC Public Schools / Department of General Services", "PROJECTTYPE": "Education", "TYPE_SQFT": 140000.0, "UNITS": null, "UNIT_TYPE": null, "ESTVALUEINMILLION": 62000000.0, "ESTDELIVERY": null, "STATUS": "Under Construction", "LATITUDE": null, "LONGITUDE": null, "REPORT_EDITION_YEAR": "2016-2019", "ARCHITECT": "Quinn Evans Architects", "CREATED_USER": null, "CREATED_DATE": null, "LAST_EDITED_USER": "SDE", "LAST_EDITED_DATE": "2025-10-16T20:09:37Z", "GLOBALID": "{DCAF8626-0B61-488E-99F9-E7477207F192}" }, "geometry": null },
{ "type": "Feature", "properties": { "OBJECTID": 215, "PROJECTNAME": "Corcoran Gallery of Art", "WARD": "2", "LOCATION": "500 17th St., NW", "DEVELOPER": "George Washington University", "PROJECTTYPE": "Education", "TYPE_SQFT": 100000.0, "UNITS": null, "UNIT_TYPE": null, "ESTVALUEINMILLION": 80000000.0, "ESTDELIVERY": "2018", "STATUS": "Under Construction", "LATITUDE": null, "LONGITUDE": null, "REPORT_EDITION_YEAR": "2016-2019", "ARCHITECT": "Leo A Daly", "CREATED_USER": null, "CREATED_DATE": null, "LAST_EDITED_USER": "SDE", "LAST_EDITED_DATE": "2025-10-16T20:09:37Z", "GLOBALID": "{886ED8E7-0959-46C6-B368-AC3CCF3DF702}" }, "geometry": null },
{ "type": "Feature", "properties": { "OBJECTID": 216, "PROJECTNAME": "Watkins Elementary School", "WARD": "6", "LOCATION": "420 12th St., SE", "DEVELOPER": "DC Public Schools / Department of General Services", "PROJECTTYPE": "Education", "TYPE_SQFT": 70826.0, "UNITS": null, "UNIT_TYPE": null, "ESTVALUEINMILLION": 39000000.0, "ESTDELIVERY": null, "STATUS": "Under Construction", "LATITUDE": null, "LONGITUDE": null, "REPORT_EDITION_YEAR": "2016-2019", "ARCHITECT": "Perkins Eastman DC", "CREATED_USER": null, "CREATED_DATE": null, "LAST_EDITED_USER": "SDE", "LAST_EDITED_DATE": "2025-10-16T20:09:37Z", "GLOBALID": "{709FA87E-0C5A-4219-8879-28EC063811D8}" }, "geometry": null },
{ "type": "Feature", "properties": { "OBJECTID": 217, "PROJECTNAME": "MSSD Residence Hall", "WARD": "5", "LOCATION": "800 Florida Ave., NE", "DEVELOPER": "Gallaudet University", "PROJECTTYPE": "Education", "TYPE_SQFT": 70000.0, "UNITS": null, "UNIT_TYPE": null, "ESTVALUEINMILLION": 28000000.0, "ESTDELIVERY": null, "STATUS": "Under Construction", "LATITUDE": null, "LONGITUDE": null, "REPORT_EDITION_YEAR": "2016-2019", "ARCHITECT": "Gaudreau Architects / Dangermond Keane Architecture", "CREATED_USER": null, "CREATED_DATE": null, "LAST_EDITED_USER": "SDE", "LAST_EDITED_DATE": "2025-10-16T20:09:37Z", "GLOBALID": "{F420E236-98E6-46C8-82C8-D34A68909955}" }, "geometry": null },
{ "type": "Feature", "properties": { "OBJECTID": 218, "PROJECTNAME": "The Conway Center", "WARD": "7", "LOCATION": "4430 Benning Rd., NE", "DEVELOPER": "SOME", "PROJECTTYPE": "Education", "TYPE_SQFT": 37659.0, "UNITS": null, "UNIT_TYPE": null, "ESTVALUEINMILLION": 90000000.0, "ESTDELIVERY": null, "STATUS": "Under Construction", "LATITUDE": null, "LONGITUDE": null, "REPORT_EDITION_YEAR": "2016-2019", "ARCHITECT": "Wiencek + Associates", "CREATED_USER": null, "CREATED_DATE": null, "LAST_EDITED_USER": "SDE", "LAST_EDITED_DATE": "2025-10-16T20:09:37Z", "GLOBALID": "{5D27B130-5FFD-4EBD-8880-059708C280C1}" }, "geometry": null },
{ "type": "Feature", "properties": { "OBJECTID": 219, "PROJECTNAME": "Procter Hall", "WARD": "3", "LOCATION": "3609 Woodley Rd., NW", "DEVELOPER": "National Cathedral School", "PROJECTTYPE": "Education", "TYPE_SQFT": 28000.0, "UNITS": null, "UNIT_TYPE": null, "ESTVALUEINMILLION": 13000000.0, "ESTDELIVERY": null, "STATUS": "Under Construction", "LATITUDE": null, "LONGITUDE": null, "REPORT_EDITION_YEAR": "2016-2019", "ARCHITECT": "Hartman-Cox Architects", "CREATED_USER": null, "CREATED_DATE": null, "LAST_EDITED_USER": "SDE", "LAST_EDITED_DATE": "2025-10-16T20:09:37Z", "GLOBALID": "{FCA8102C-03F6-4DE6-8F7D-FC64E6249077}" }, "geometry": null },
{ "type": "Feature", "properties": { "OBJECTID": 220, "PROJECTNAME": "McMillan Sand Filtration Site", "WARD": "5", "LOCATION": "North Capitol St. & Michigan Ave., NW", "DEVELOPER": "Jair Lynch Real Estate Partners / Trammell Crow Company / EYA / DMPED", "PROJECTTYPE": "Education", "TYPE_SQFT": 1000000.0, "UNITS": null, "UNIT_TYPE": null, "ESTVALUEINMILLION": 720000000.0, "ESTDELIVERY": "2019", "STATUS": "Pipeline", "LATITUDE": null, "LONGITUDE": null, "REPORT_EDITION_YEAR": "2016-2019", "ARCHITECT": "Perkins Eastman DC / MV+A Architects / Shalom Baranes Associates", "CREATED_USER": null, "CREATED_DATE": null, "LAST_EDITED_USER": "SDE", "LAST_EDITED_DATE": "2025-10-16T20:09:37Z", "GLOBALID": "{372D9F67-4FD6-4D3E-AE90-015B2FAAAA7B}" }, "geometry": null },
{ "type": "Feature", "properties": { "OBJECTID": 221, "PROJECTNAME": "Georgetown University Hospital Pavilion", "WARD": "2", "LOCATION": "3800 Reservoir Rd., NW", "DEVELOPER": "MedStar Georgetown University Hospital / Trammell Crow", "PROJECTTYPE": "Education", "TYPE_SQFT": 477000.0, "UNITS": null, "UNIT_TYPE": null, "ESTVALUEINMILLION": 567000000.0, "ESTDELIVERY": "2020", "STATUS": "Pipeline", "LATITUDE": null, "LONGITUDE": null, "REPORT_EDITION_YEAR": "2016-2019", "ARCHITECT": "HKS PC / Shalom Baranes Associates", "CREATED_USER": null, "CREATED_DATE": null, "LAST_EDITED_USER": "SDE", "LAST_EDITED_DATE": "2025-10-16T20:09:37Z", "GLOBALID": "{126C4A4F-C90E-4AD8-A6AD-3AF187BFFD18}" }, "geometry": null },
{ "type": "Feature", "properties": { "OBJECTID": 222, "PROJECTNAME": "Bancroft Elementary School", "WARD": "1", "LOCATION": "1755 Newton St., NW", "DEVELOPER": "DC Public Schools / Department of General Services", "PROJECTTYPE": "Education", "TYPE_SQFT": 146000.0, "UNITS": null, "UNIT_TYPE": null, "ESTVALUEINMILLION": 55000000.0, "ESTDELIVERY": "2018", "STATUS": "Pipeline", "LATITUDE": null, "LONGITUDE": null, "REPORT_EDITION_YEAR": "2016-2019", "ARCHITECT": "Ayers Saint Gross", "CREATED_USER": null, "CREATED_DATE": null, "LAST_EDITED_USER": "SDE", "LAST_EDITED_DATE": "2025-10-16T20:09:37Z", "GLOBALID": "{13B52C29-EA3A-472C-8142-768B4A534B02}" }, "geometry": null },
{ "type": "Feature", "properties": { "OBJECTID": 223, "PROJECTNAME": "The Parks at Walter Reed", "WARD": "4", "LOCATION": "6800 Georgia Ave., NW", "DEVELOPER": "Hines / Urban Atlantic / Triden Development Group / DMPED", "PROJECTTYPE": "Education", "TYPE_SQFT": 145000.0, "UNITS": null, "UNIT_TYPE": null, "ESTVALUEINMILLION": 1000000000.0, "ESTDELIVERY": null, "STATUS": "Pipeline", "LATITUDE": null, "LONGITUDE": null, "REPORT_EDITION_YEAR": "2016-2019", "ARCHITECT": "Torti Gallas and Partners", "CREATED_USER": null, "CREATED_DATE": null, "LAST_EDITED_USER": "SDE", "LAST_EDITED_DATE": "2025-10-16T20:09:37Z", "GLOBALID": "{3085E13F-9280-44D6-B99B-D101E8896016}" }, "geometry": null },
{ "type": "Feature", "properties": { "OBJECTID": 224, "PROJECTNAME": "Skyland Town Center (Phase I)", "WARD": "7", "LOCATION": "Alabama Ave. & Naylor Rd., SE", "DEVELOPER": "Rappaport / WC Smith / Harrison-Malone / Washington East Foundation / DMPED", "PROJECTTYPE": "Retail", "TYPE_SQFT": 100419.0, "UNITS": null, "UNIT_TYPE": null, "ESTVALUEINMILLION": 150000000.0, "ESTDELIVERY": "2019", "STATUS": "Pipeline", "LATITUDE": null, "LONGITUDE": null, "REPORT_EDITION_YEAR": "2016-2019", "ARCHITECT": "Torti Gallas and Partners", "CREATED_USER": null, "CREATED_DATE": null, "LAST_EDITED_USER": "SDE", "LAST_EDITED_DATE": "2025-10-16T20:13:28Z", "GLOBALID": "{EA191975-121A-4F2A-BD5F-87952DB0324B}" }, "geometry": null },
{ "type": "Feature", "properties": { "OBJECTID": 225, "PROJECTNAME": "Anthem Row", "WARD": "2", "LOCATION": "800 K St., NW", "DEVELOPER": "The Meridian Group", "PROJECTTYPE": "Retail", "TYPE_SQFT": 70000.0, "UNITS": null, "UNIT_TYPE": null, "ESTVALUEINMILLION": null, "ESTDELIVERY": "2017", "STATUS": "Pipeline", "LATITUDE": null, "LONGITUDE": null, "REPORT_EDITION_YEAR": "2016-2019", "ARCHITECT": "Hickok Cole Architects", "CREATED_USER": null, "CREATED_DATE": null, "LAST_EDITED_USER": "SDE", "LAST_EDITED_DATE": "2025-10-16T20:13:28Z", "GLOBALID": "{D536934A-52C9-46CA-B209-78668910475A}" }, "geometry": null },
{ "type": "Feature", "properties": { "OBJECTID": 226, "PROJECTNAME": "The Griffith", "WARD": "1", "LOCATION": "965 Florida Ave., NW", "DEVELOPER": "MRP Realty / Ellis Development Group /  Fundrise / JBG", "PROJECTTYPE": "Retail", "TYPE_SQFT": 51540.0, "UNITS": null, "UNIT_TYPE": null, "ESTVALUEINMILLION": 120000000.0, "ESTDELIVERY": "2020", "STATUS": "Pipeline", "LATITUDE": null, "LONGITUDE": null, "REPORT_EDITION_YEAR": "2016-2019", "ARCHITECT": "Hord Coplan Macht Inc / PGN Architects PLLC", "CREATED_USER": null, "CREATED_DATE": null, "LAST_EDITED_USER": "SDE", "LAST_EDITED_DATE": "2025-10-16T20:13:28Z", "GLOBALID": "{5019C160-E72A-44B2-AC63-3E5C3036F8EA}" }, "geometry": null },
{ "type": "Feature", "properties": { "OBJECTID": 227, "PROJECTNAME": "700 Penn", "WARD": "6", "LOCATION": "700 Pennsylvania Avenue, SE", "DEVELOPER": "Stanton Development / Eastbanc / Jarvis Company / Dantes Partners / Clark Enterprises", "PROJECTTYPE": "Retail", "TYPE_SQFT": 60000.0, "UNITS": null, "UNIT_TYPE": null, "ESTVALUEINMILLION": 226700000.0, "ESTDELIVERY": "Q4 17", "STATUS": "Completed", "LATITUDE": null, "LONGITUDE": null, "REPORT_EDITION_YEAR": "2016-2019", "ARCHITECT": "Esocoff & Associates Architects", "CREATED_USER": null, "CREATED_DATE": null, "LAST_EDITED_USER": "SDE", "LAST_EDITED_DATE": "2025-10-16T20:13:28Z", "GLOBALID": "{C217C389-EA17-4EC8-9450-EBAAA0C38353}" }, "geometry": null },
{ "type": "Feature", "properties": { "OBJECTID": 228, "PROJECTNAME": "Midtown Center", "WARD": "2", "LOCATION": "1150 15th Street, NW", "DEVELOPER": "Carr Properties", "PROJECTTYPE": "Retail", "TYPE_SQFT": 44000.0, "UNITS": null, "UNIT_TYPE": null, "ESTVALUEINMILLION": 350000000.0, "ESTDELIVERY": "Q2 18", "STATUS": "Completed", "LATITUDE": null, "LONGITUDE": null, "REPORT_EDITION_YEAR": "2016-2019", "ARCHITECT": "WDG Architecture / SHoP", "CREATED_USER": null, "CREATED_DATE": null, "LAST_EDITED_USER": "SDE", "LAST_EDITED_DATE": "2025-10-16T20:13:28Z", "GLOBALID": "{BA777AEE-B2E3-473B-AD4B-27F1BDCA1596}" }, "geometry": null },
{ "type": "Feature", "properties": { "OBJECTID": 229, "PROJECTNAME": "Agora", "WARD": "6", "LOCATION": "800 New Jersey Avenue, SE", "DEVELOPER": "WC Smith", "PROJECTTYPE": "Retail", "TYPE_SQFT": 39000.0, "UNITS": null, "UNIT_TYPE": null, "ESTVALUEINMILLION": 141000000.0, "ESTDELIVERY": "Q1 18", "STATUS": "Completed", "LATITUDE": null, "LONGITUDE": null, "REPORT_EDITION_YEAR": "2016-2019", "ARCHITECT": "SK+I Architectural Design Group", "CREATED_USER": null, "CREATED_DATE": null, "LAST_EDITED_USER": "SDE", "LAST_EDITED_DATE": "2025-10-16T20:13:28Z", "GLOBALID": "{FC40BD19-33D3-4FB1-BBE3-9DDE06B5F962}" }, "geometry": null },
{ "type": "Feature", "properties": { "OBJECTID": 230, "PROJECTNAME": "Edison", "WARD": "5", "LOCATION": "1240 4th St., NE", "DEVELOPER": "EDENS / LCOR / Sang Oh & Company Inc.", "PROJECTTYPE": "Retail", "TYPE_SQFT": 27410.0, "UNITS": null, "UNIT_TYPE": null, "ESTVALUEINMILLION": 55000000.0, "ESTDELIVERY": "Q3 17", "STATUS": "Completed", "LATITUDE": null, "LONGITUDE": null, "REPORT_EDITION_YEAR": "2016-2019", "ARCHITECT": "SK+I Architectural Design Group", "CREATED_USER": null, "CREATED_DATE": null, "LAST_EDITED_USER": "SDE", "LAST_EDITED_DATE": "2025-10-16T20:13:28Z", "GLOBALID": "{50CF95EB-F68F-4CA8-8F0A-CF9D60CD5F05}" }, "geometry": null },
{ "type": "Feature", "properties": { "OBJECTID": 231, "PROJECTNAME": "200 Massachusetts Avenue", "WARD": "2", "LOCATION": "200 Massachusetts Avenue, NW", "DEVELOPER": "Property Group Partners", "PROJECTTYPE": "Retail", "TYPE_SQFT": 25250.0, "UNITS": null, "UNIT_TYPE": null, "ESTVALUEINMILLION": 200000000.0, "ESTDELIVERY": "Q2 18", "STATUS": "Completed", "LATITUDE": null, "LONGITUDE": null, "REPORT_EDITION_YEAR": "2016-2019", "ARCHITECT": "Kevin Roche John Dinkeloo & Associates LLC", "CREATED_USER": null, "CREATED_DATE": null, "LAST_EDITED_USER": "SDE", "LAST_EDITED_DATE": "2025-10-16T20:13:28Z", "GLOBALID": "{63E3ED81-64F7-492F-80EE-99FBA089B55A}" }, "geometry": null },
{ "type": "Feature", "properties": { "OBJECTID": 232, "PROJECTNAME": "1221 Van", "WARD": "6", "LOCATION": "1211 Van Street, SE", "DEVELOPER": "JBG Smith", "PROJECTTYPE": "Retail", "TYPE_SQFT": 23585.0, "UNITS": null, "UNIT_TYPE": null, "ESTVALUEINMILLION": 100000000.0, "ESTDELIVERY": "Q1 18", "STATUS": "Completed", "LATITUDE": null, "LONGITUDE": null, "REPORT_EDITION_YEAR": "2016-2019", "ARCHITECT": "Morris Adjmi Architects / Eric Colbert & Associates, PC", "CREATED_USER": null, "CREATED_DATE": null, "LAST_EDITED_USER": "SDE", "LAST_EDITED_DATE": "2025-10-16T20:13:28Z", "GLOBALID": "{BE0609B6-DA66-46CE-96D0-98BEF67D738D}" }, "geometry": null },
{ "type": "Feature", "properties": { "OBJECTID": 233, "PROJECTNAME": "The Line DC", "WARD": "1", "LOCATION": "1770 Euclid Street, NW", "DEVELOPER": "Foxhall Partners / Friedman Capital Advisors / Sydell Group", "PROJECTTYPE": "Retail", "TYPE_SQFT": 20903.0, "UNITS": null, "UNIT_TYPE": null, "ESTVALUEINMILLION": 100000000.0, "ESTDELIVERY": "Q4 17", "STATUS": "Completed", "LATITUDE": null, "LONGITUDE": null, "REPORT_EDITION_YEAR": "2016-2019", "ARCHITECT": "OPX", "CREATED_USER": null, "CREATED_DATE": null, "LAST_EDITED_USER": "SDE", "LAST_EDITED_DATE": "2025-10-16T20:13:28Z", "GLOBALID": "{9BCD1FF4-A4DB-4E0A-88FC-E703E2DB2C6E}" }, "geometry": null },
{ "type": "Feature", "properties": { "OBJECTID": 234, "PROJECTNAME": "Skyland Town Center (Ph I - Block 2)", "WARD": "7", "LOCATION": "Alabama Avenue & Naylor Road, SE", "DEVELOPER": "Rappaport / WC Smith / Washington East Foundation", "PROJECTTYPE": "Retail", "TYPE_SQFT": 117000.0, "UNITS": null, "UNIT_TYPE": null, "ESTVALUEINMILLION": 175000000.0, "ESTDELIVERY": "Q3 20", "STATUS": "Under Construction", "LATITUDE": null, "LONGITUDE": null, "REPORT_EDITION_YEAR": "2016-2019", "ARCHITECT": "Torti Gallas and Partners", "CREATED_USER": null, "CREATED_DATE": null, "LAST_EDITED_USER": "SDE", "LAST_EDITED_DATE": "2025-10-16T20:13:28Z", "GLOBALID": "{D19A1245-75B1-4877-B10A-40C2BB443946}" }, "geometry": null },
{ "type": "Feature", "properties": { "OBJECTID": 235, "PROJECTNAME": "1515 New York Avenue", "WARD": "5", "LOCATION": "1515 New York Avenue, NE", "DEVELOPER": "Douglas Development Corporation", "PROJECTTYPE": "Retail", "TYPE_SQFT": 92828.0, "UNITS": null, "UNIT_TYPE": null, "ESTVALUEINMILLION": 27000000.0, "ESTDELIVERY": "Q4 19", "STATUS": "Under Construction", "LATITUDE": null, "LONGITUDE": null, "REPORT_EDITION_YEAR": "2016-2019", "ARCHITECT": "Bignell Watkins Hasser Architects", "CREATED_USER": null, "CREATED_DATE": null, "LAST_EDITED_USER": "SDE", "LAST_EDITED_DATE": "2025-10-16T20:13:28Z", "GLOBALID": "{AB1BFB81-0BAB-4883-9E49-2042508EF3F0}" }, "geometry": null },
{ "type": "Feature", "properties": { "OBJECTID": 236, "PROJECTNAME": "655 New York Avenue", "WARD": "6", "LOCATION": "655 New York Avenue, NW", "DEVELOPER": "Douglas Development Corporation / Brookfield Office Properties", "PROJECTTYPE": "Retail", "TYPE_SQFT": 80551.0, "UNITS": null, "UNIT_TYPE": null, "ESTVALUEINMILLION": 185000000.0, "ESTDELIVERY": "Q4 18", "STATUS": "Under Construction", "LATITUDE": null, "LONGITUDE": null, "REPORT_EDITION_YEAR": "2016-2019", "ARCHITECT": null, "CREATED_USER": null, "CREATED_DATE": null, "LAST_EDITED_USER": "SDE", "LAST_EDITED_DATE": "2025-10-16T20:13:28Z", "GLOBALID": "{80C8DFCB-41DC-4A8B-894E-361CF49C47F1}" }, "geometry": null },
{ "type": "Feature", "properties": { "OBJECTID": 237, "PROJECTNAME": "Riverpoint", "WARD": "6", "LOCATION": "2100 2nd Street, SW", "DEVELOPER": "Akridge / Western Development / Redbrick LMD / Orr Partners / Jefferson Apartment Group", "PROJECTTYPE": "Retail", "TYPE_SQFT": 70441.0, "UNITS": null, "UNIT_TYPE": null, "ESTVALUEINMILLION": 220000000.0, "ESTDELIVERY": "Q2 20", "STATUS": "Under Construction", "LATITUDE": null, "LONGITUDE": null, "REPORT_EDITION_YEAR": "2016-2019", "ARCHITECT": "Antunovich Associates", "CREATED_USER": null, "CREATED_DATE": null, "LAST_EDITED_USER": "SDE", "LAST_EDITED_DATE": "2025-10-16T20:13:28Z", "GLOBALID": "{A530B223-8E7E-4062-AD05-8D83F420C7F8}" }, "geometry": null },
{ "type": "Feature", "properties": { "OBJECTID": 238, "PROJECTNAME": "Anthem Row", "WARD": "2", "LOCATION": "800 K Street, NW", "DEVELOPER": "The Meridian Group", "PROJECTTYPE": "Retail", "TYPE_SQFT": 70000.0, "UNITS": null, "UNIT_TYPE": null, "ESTVALUEINMILLION": 142000000.0, "ESTDELIVERY": "Q1 19", "STATUS": "Under Construction", "LATITUDE": null, "LONGITUDE": null, "REPORT_EDITION_YEAR": "2016-2019", "ARCHITECT": "Hickok Cole Architects", "CREATED_USER": null, "CREATED_DATE": null, "LAST_EDITED_USER": "SDE", "LAST_EDITED_DATE": "2025-10-16T20:13:28Z", "GLOBALID": "{E459B819-4AD2-4B76-A9C8-F3307A69603F}" }, "geometry": null },
{ "type": "Feature", "properties": { "OBJECTID": 239, "PROJECTNAME": "Beckert's Park", "WARD": "6", "LOCATION": "415 14th Street, SE", "DEVELOPER": "Foulger-Pratt / Safeway", "PROJECTTYPE": "Retail", "TYPE_SQFT": 68000.0, "UNITS": null, "UNIT_TYPE": null, "ESTVALUEINMILLION": 138000000.0, "ESTDELIVERY": "Q1 20", "STATUS": "Under Construction", "LATITUDE": null, "LONGITUDE": null, "REPORT_EDITION_YEAR": "2016-2019", "ARCHITECT": "BKV Group", "CREATED_USER": null, "CREATED_DATE": null, "LAST_EDITED_USER": "SDE", "LAST_EDITED_DATE": "2025-10-16T20:13:28Z", "GLOBALID": "{536F2B96-33AE-4BFF-BED4-CD856D036A20}" }, "geometry": null },
{ "type": "Feature", "properties": { "OBJECTID": 240, "PROJECTNAME": "1250", "WARD": "6", "LOCATION": "1250 Half Street, SE", "DEVELOPER": "Jair Lynch Real Estate Partners", "PROJECTTYPE": "Retail", "TYPE_SQFT": 60000.0, "UNITS": null, "UNIT_TYPE": null, "ESTVALUEINMILLION": 265000000.0, "ESTDELIVERY": "Q4 19", "STATUS": "Under Construction", "LATITUDE": null, "LONGITUDE": null, "REPORT_EDITION_YEAR": "2016-2019", "ARCHITECT": "Hord Coplan Macht Inc ", "CREATED_USER": null, "CREATED_DATE": null, "LAST_EDITED_USER": "SDE", "LAST_EDITED_DATE": "2025-10-16T20:13:28Z", "GLOBALID": "{C4118629-B926-4BF3-8E7A-7CBD5F04D32C}" }, "geometry": null },
{ "type": "Feature", "properties": { "OBJECTID": 241, "PROJECTNAME": "250 Massachusetts Avenue", "WARD": "2", "LOCATION": "250 Massachusetts Avenue, NW", "DEVELOPER": "Property Group Partners", "PROJECTTYPE": "Retail", "TYPE_SQFT": 58372.0, "UNITS": null, "UNIT_TYPE": null, "ESTVALUEINMILLION": 275000000.0, "ESTDELIVERY": "Q3 19", "STATUS": "Under Construction", "LATITUDE": null, "LONGITUDE": null, "REPORT_EDITION_YEAR": "2016-2019", "ARCHITECT": "Kevin Roche John Dinkeloo & Associates LLC", "CREATED_USER": null, "CREATED_DATE": null, "LAST_EDITED_USER": "SDE", "LAST_EDITED_DATE": "2025-10-16T20:13:28Z", "GLOBALID": "{DFB20740-BE74-430B-BE5F-E44FEB4702B1}" }, "geometry": null },
{ "type": "Feature", "properties": { "OBJECTID": 242, "PROJECTNAME": "AVEC", "WARD": "6", "LOCATION": "901 H Street, NE", "DEVELOPER": "Rappaport / WC Smith / Lustine Realty Co.", "PROJECTTYPE": "Retail", "TYPE_SQFT": 53469.0, "UNITS": null, "UNIT_TYPE": null, "ESTVALUEINMILLION": 200000000.0, "ESTDELIVERY": "Q3 19", "STATUS": "Under Construction", "LATITUDE": null, "LONGITUDE": null, "REPORT_EDITION_YEAR": "2016-2019", "ARCHITECT": "Torti Gallas and Partners", "CREATED_USER": null, "CREATED_DATE": null, "LAST_EDITED_USER": "SDE", "LAST_EDITED_DATE": "2025-10-16T20:13:28Z", "GLOBALID": "{FB0A61EB-A128-43AE-8C10-2CD2035E0501}" }, "geometry": null },
{ "type": "Feature", "properties": { "OBJECTID": 243, "PROJECTNAME": "The Parks at Walter Reed", "WARD": "4", "LOCATION": "6800 Georgia Ave., NW", "DEVELOPER": "Urban Atlantic / Hines / Triden Development / DMPED", "PROJECTTYPE": "Retail", "TYPE_SQFT": 170000.0, "UNITS": null, "UNIT_TYPE": null, "ESTVALUEINMILLION": 1000000000.0, "ESTDELIVERY": "2020-2032", "STATUS": "Pipeline", "LATITUDE": null, "LONGITUDE": null, "REPORT_EDITION_YEAR": "2016-2019", "ARCHITECT": "Torti Gallas Urban", "CREATED_USER": null, "CREATED_DATE": null, "LAST_EDITED_USER": "SDE", "LAST_EDITED_DATE": "2025-10-16T20:13:28Z", "GLOBALID": "{0CBAAF68-1FCC-411D-A53A-59CA4A7D0130}" }, "geometry": null },
{ "type": "Feature", "properties": { "OBJECTID": 244, "PROJECTNAME": "3900 Wisconsin Avenue", "WARD": "3", "LOCATION": "3900 Wisconsin Avenue, NW", "DEVELOPER": "Roadside Development / Sekisui House", "PROJECTTYPE": "Retail", "TYPE_SQFT": 153000.0, "UNITS": null, "UNIT_TYPE": null, "ESTVALUEINMILLION": null, "ESTDELIVERY": "2022", "STATUS": "Pipeline", "LATITUDE": null, "LONGITUDE": null, "REPORT_EDITION_YEAR": "2016-2019", "ARCHITECT": "Shalom Baranes Associates", "CREATED_USER": null, "CREATED_DATE": null, "LAST_EDITED_USER": "SDE", "LAST_EDITED_DATE": "2025-10-16T20:13:28Z", "GLOBALID": "{D9143117-4704-4574-BC7A-5BC322760F30}" }, "geometry": null },
{ "type": "Feature", "properties": { "OBJECTID": 245, "PROJECTNAME": "The Wharf (Phase II)", "WARD": "6", "LOCATION": "Southwest Waterfront", "DEVELOPER": "Hoffman-Madison Waterfront", "PROJECTTYPE": "Retail", "TYPE_SQFT": 119559.0, "UNITS": null, "UNIT_TYPE": null, "ESTVALUEINMILLION": 1200000000.0, "ESTDELIVERY": "2022", "STATUS": "Pipeline", "LATITUDE": null, "LONGITUDE": null, "REPORT_EDITION_YEAR": "2016-2019", "ARCHITECT": "ODA Architecture / WDG Architecture / Rafael Vinoly Architects PC / Morris Adjmi Architects / Studios Architecture / Hollwich Kushner / Perkins Eastman DC / SHoP", "CREATED_USER": null, "CREATED_DATE": null, "LAST_EDITED_USER": "SDE", "LAST_EDITED_DATE": "2025-10-16T20:13:28Z", "GLOBALID": "{A91B6BB1-069A-4458-8FB9-2433AC233D1A}" }, "geometry": null },
{ "type": "Feature", "properties": { "OBJECTID": 246, "PROJECTNAME": "Bryant Street", "WARD": "5", "LOCATION": "680 Rhode Island Ave., NE", "DEVELOPER": "MRP Realty / B&R Associates LP", "PROJECTTYPE": "Retail", "TYPE_SQFT": 490.0, "UNITS": null, "UNIT_TYPE": null, "ESTVALUEINMILLION": null, "ESTDELIVERY": "2020", "STATUS": "Pipeline", "LATITUDE": null, "LONGITUDE": null, "REPORT_EDITION_YEAR": "2016-2019", "ARCHITECT": "SK+I Architectural Design Group", "CREATED_USER": null, "CREATED_DATE": null, "LAST_EDITED_USER": "SDE", "LAST_EDITED_DATE": "2025-10-16T20:13:28Z", "GLOBALID": "{5B537CE2-CCDC-4AE8-B89F-5F5124F63DB6}" }, "geometry": null },
{ "type": "Feature", "properties": { "OBJECTID": 247, "PROJECTNAME": "The Wharf (Phase I)", "WARD": "6", "LOCATION": "Southwest Waterfront", "DEVELOPER": "Hoffman-Madison Waterfront", "PROJECTTYPE": "Residential", "TYPE_SQFT": null, "UNITS": 870.0, "UNIT_TYPE": "R/O", "ESTVALUEINMILLION": 1326000000.0, "ESTDELIVERY": "Q4 17", "STATUS": "Completed", "LATITUDE": null, "LONGITUDE": null, "REPORT_EDITION_YEAR": "2016-2019", "ARCHITECT": "BBGM / Handel Architects / FOX Architects / Kohn Pedersen Fox & Associates / MTFA Architecture / SK+I Architectural Design Group / SmithGroupJJR / WDG Architecture / Perkins Eastman DC", "CREATED_USER": null, "CREATED_DATE": null, "LAST_EDITED_USER": "SDE", "LAST_EDITED_DATE": "2025-10-16T20:12:51Z", "GLOBALID": "{C9713F0E-EE3C-4B3B-AFBC-17080735B34E}" }, "geometry": null },
{ "type": "Feature", "properties": { "OBJECTID": 248, "PROJECTNAME": "Agora", "WARD": "6", "LOCATION": "800 New Jersey Avenue, SE", "DEVELOPER": "WC Smith", "PROJECTTYPE": "Residential", "TYPE_SQFT": null, "UNITS": 334.0, "UNIT_TYPE": "R", "ESTVALUEINMILLION": 141000000.0, "ESTDELIVERY": "Q1 18", "STATUS": "Completed", "LATITUDE": null, "LONGITUDE": null, "REPORT_EDITION_YEAR": "2016-2019", "ARCHITECT": "SK+I Architectural Design Group", "CREATED_USER": null, "CREATED_DATE": null, "LAST_EDITED_USER": "SDE", "LAST_EDITED_DATE": "2025-10-16T20:12:51Z", "GLOBALID": "{8C8ADF76-D742-4813-BCA4-5DF208C803E3}" }, "geometry": null },
{ "type": "Feature", "properties": { "OBJECTID": 249, "PROJECTNAME": "The Lydian", "WARD": "6", "LOCATION": "400 K Street, NW", "DEVELOPER": "Quadrangle Development / The Wilkes Company", "PROJECTTYPE": "Residential", "TYPE_SQFT": null, "UNITS": 324.0, "UNIT_TYPE": "R", "ESTVALUEINMILLION": 138000000.0, "ESTDELIVERY": "Q2 18", "STATUS": "Completed", "LATITUDE": null, "LONGITUDE": null, "REPORT_EDITION_YEAR": "2016-2019", "ARCHITECT": "Davis, Carter, Scott ", "CREATED_USER": null, "CREATED_DATE": null, "LAST_EDITED_USER": "SDE", "LAST_EDITED_DATE": "2025-10-16T20:12:51Z", "GLOBALID": "{60177A59-4D4F-46B2-9083-7E55E10D5E0A}" }, "geometry": null },
{ "type": "Feature", "properties": { "OBJECTID": 250, "PROJECTNAME": "Trellis House", "WARD": "1", "LOCATION": "907 Barry Place, NW", "DEVELOPER": "RISE / Gateway Investment Partners / Howard University", "PROJECTTYPE": "Residential", "TYPE_SQFT": null, "UNITS": 319.0, "UNIT_TYPE": "R", "ESTVALUEINMILLION": 70000000.0, "ESTDELIVERY": "Q3 18", "STATUS": "Completed", "LATITUDE": null, "LONGITUDE": null, "REPORT_EDITION_YEAR": "2016-2019", "ARCHITECT": "Niles Bolton Associates", "CREATED_USER": null, "CREATED_DATE": null, "LAST_EDITED_USER": "SDE", "LAST_EDITED_DATE": "2025-10-16T20:12:51Z", "GLOBALID": "{C5567595-0E34-4264-BDB1-9296CFEA0F7D}" }, "geometry": null },
{ "type": "Feature", "properties": { "OBJECTID": 251, "PROJECTNAME": "Atlantic Apartment Homes", "WARD": "8", "LOCATION": "4321 3rd Street, SE", "DEVELOPER": "WinnDevelopment", "PROJECTTYPE": "Residential", "TYPE_SQFT": null, "UNITS": 303.0, "UNIT_TYPE": "R", "ESTVALUEINMILLION": 69000000.0, "ESTDELIVERY": "Q2 18", "STATUS": "Completed", "LATITUDE": null, "LONGITUDE": null, "REPORT_EDITION_YEAR": "2016-2019", "ARCHITECT": "The Architectural Team", "CREATED_USER": null, "CREATED_DATE": null, "LAST_EDITED_USER": "SDE", "LAST_EDITED_DATE": "2025-10-16T20:12:51Z", "GLOBALID": "{75D5B257-2BAB-4163-B70E-6A59C0BB3A33}" }, "geometry": null },
{ "type": "Feature", "properties": { "OBJECTID": 252, "PROJECTNAME": "Brookland Press", "WARD": "5", "LOCATION": "806 Channing Place, NE", "DEVELOPER": "Douglas Development", "PROJECTTYPE": "Residential", "TYPE_SQFT": null, "UNITS": 295.0, "UNIT_TYPE": "R", "ESTVALUEINMILLION": 55726000.0, "ESTDELIVERY": "Q3 17", "STATUS": "Completed", "LATITUDE": null, "LONGITUDE": null, "REPORT_EDITION_YEAR": "2016-2019", "ARCHITECT": "Eric Colbert & Associates, PC / GTM Architects / Parker Rodriguez", "CREATED_USER": null, "CREATED_DATE": null, "LAST_EDITED_USER": "SDE", "LAST_EDITED_DATE": "2025-10-16T20:12:51Z", "GLOBALID": "{E23CD7F0-828E-4E5C-8726-EAA3F9864564}" }, "geometry": null },
{ "type": "Feature", "properties": { "OBJECTID": 253, "PROJECTNAME": "1221 Van", "WARD": "6", "LOCATION": "1211 Van Street, SE", "DEVELOPER": "JBG Smith", "PROJECTTYPE": "Residential", "TYPE_SQFT": null, "UNITS": 291.0, "UNIT_TYPE": "R", "ESTVALUEINMILLION": 100000000.0, "ESTDELIVERY": "Q1 18", "STATUS": "Completed", "LATITUDE": null, "LONGITUDE": null, "REPORT_EDITION_YEAR": "2016-2019", "ARCHITECT": "Morris Adjmi Architects / Eric Colbert & Associates, PC", "CREATED_USER": null, "CREATED_DATE": null, "LAST_EDITED_USER": "SDE", "LAST_EDITED_DATE": "2025-10-16T20:12:51Z", "GLOBALID": "{5D836787-CD46-407F-A6B4-87B7CAED110D}" }, "geometry": null },
{ "type": "Feature", "properties": { "OBJECTID": 254, "PROJECTNAME": "Riverpoint", "WARD": "6", "LOCATION": "2100 2nd Street, SW", "DEVELOPER": "Akridge / Western Development / Redbrick LMD / Orr Partners / Jefferson Apartment Group", "PROJECTTYPE": "Residential", "TYPE_SQFT": null, "UNITS": 485.0, "UNIT_TYPE": "R", "ESTVALUEINMILLION": 220000000.0, "ESTDELIVERY": "Q2 20", "STATUS": "Under Construction", "LATITUDE": null, "LONGITUDE": null, "REPORT_EDITION_YEAR": "2016-2019", "ARCHITECT": "Antunovich Associates", "CREATED_USER": null, "CREATED_DATE": null, "LAST_EDITED_USER": "SDE", "LAST_EDITED_DATE": "2025-10-16T20:12:51Z", "GLOBALID": "{9002D278-A45C-400B-B346-C1B904CFCC1C}" }, "geometry": null },
{ "type": "Feature", "properties": { "OBJECTID": 255, "PROJECTNAME": "West Half", "WARD": "6", "LOCATION": "1201 Half Street, SE", "DEVELOPER": "JBG Smith", "PROJECTTYPE": "Residential", "TYPE_SQFT": null, "UNITS": 465.0, "UNIT_TYPE": "R", "ESTVALUEINMILLION": 200000000.0, "ESTDELIVERY": "Q1 20", "STATUS": "Under Construction", "LATITUDE": null, "LONGITUDE": null, "REPORT_EDITION_YEAR": "2016-2019", "ARCHITECT": "Eric Colbert & Associates, PC / ODA Architecture", "CREATED_USER": null, "CREATED_DATE": null, "LAST_EDITED_USER": "SDE", "LAST_EDITED_DATE": "2025-10-16T20:12:51Z", "GLOBALID": "{C2B98C53-BD5F-4744-A944-1EAD6ACC25BE}" }, "geometry": null },
{ "type": "Feature", "properties": { "OBJECTID": 256, "PROJECTNAME": "1250", "WARD": "6", "LOCATION": "1250 Half Street, SE", "DEVELOPER": "Jair Lynch Real Estate Partners / MacFarlane Partners", "PROJECTTYPE": "Residential", "TYPE_SQFT": null, "UNITS": 439.0, "UNIT_TYPE": "R", "ESTVALUEINMILLION": 265000000.0, "ESTDELIVERY": "Q4 19", "STATUS": "Under Construction", "LATITUDE": null, "LONGITUDE": null, "REPORT_EDITION_YEAR": "2016-2019", "ARCHITECT": "Hord Coplan Macht Inc ", "CREATED_USER": null, "CREATED_DATE": null, "LAST_EDITED_USER": "SDE", "LAST_EDITED_DATE": "2025-10-16T20:12:51Z", "GLOBALID": "{B68DC545-3E6E-4288-B564-854D07D892CA}" }, "geometry": null },
{ "type": "Feature", "properties": { "OBJECTID": 257, "PROJECTNAME": "901 H Street", "WARD": "6", "LOCATION": "901 H St., NE", "DEVELOPER": "Rappaport / WC Smith / Lustine Realty Co.", "PROJECTTYPE": "Retail", "TYPE_SQFT": 51500.0, "UNITS": null, "UNIT_TYPE": null, "ESTVALUEINMILLION": 150000000.0, "ESTDELIVERY": "2019", "STATUS": "Pipeline", "LATITUDE": null, "LONGITUDE": null, "REPORT_EDITION_YEAR": "2016-2019", "ARCHITECT": "Torti Gallas and Partners", "CREATED_USER": null, "CREATED_DATE": null, "LAST_EDITED_USER": "SDE", "LAST_EDITED_DATE": "2025-10-16T20:13:28Z", "GLOBALID": "{366AD058-01F0-482C-A99B-FA4DC1F6342A}" }, "geometry": null },
{ "type": "Feature", "properties": { "OBJECTID": 258, "PROJECTNAME": "Lacebark Alley", "WARD": "6", "LOCATION": "51 N St., 50 Patterson St. & 1250 1st St., NE", "DEVELOPER": "The JBG Companies /  Brandywine Realty Trust", "PROJECTTYPE": "Retail", "TYPE_SQFT": 30000.0, "UNITS": null, "UNIT_TYPE": null, "ESTVALUEINMILLION": 275000000.0, "ESTDELIVERY": "2018", "STATUS": "Pipeline", "LATITUDE": null, "LONGITUDE": null, "REPORT_EDITION_YEAR": "2016-2019", "ARCHITECT": "Shalom Baranes Associates / Cooper Carry", "CREATED_USER": null, "CREATED_DATE": null, "LAST_EDITED_USER": "SDE", "LAST_EDITED_DATE": "2025-10-16T20:13:28Z", "GLOBALID": "{08FF97DF-5C0D-42EE-87EB-C4EE9E5A28F5}" }, "geometry": null },
{ "type": "Feature", "properties": { "OBJECTID": 259, "PROJECTNAME": "3220 Prospect", "WARD": "2", "LOCATION": "3220 Prospect St., NW", "DEVELOPER": "McCaffery Interests", "PROJECTTYPE": "Retail", "TYPE_SQFT": 28246.0, "UNITS": null, "UNIT_TYPE": null, "ESTVALUEINMILLION": null, "ESTDELIVERY": "2018", "STATUS": "Pipeline", "LATITUDE": null, "LONGITUDE": null, "REPORT_EDITION_YEAR": "2016-2019", "ARCHITECT": "N/A", "CREATED_USER": null, "CREATED_DATE": null, "LAST_EDITED_USER": "SDE", "LAST_EDITED_DATE": "2025-10-16T20:13:28Z", "GLOBALID": "{79FA2C7C-560C-45DA-9142-1A183D937970}" }, "geometry": null },
{ "type": "Feature", "properties": { "OBJECTID": 260, "PROJECTNAME": "Park Chelsea", "WARD": "6", "LOCATION": "880 New Jersey Ave., SE", "DEVELOPER": "WC Smith", "PROJECTTYPE": "Residential", "TYPE_SQFT": null, "UNITS": 429.0, "UNIT_TYPE": "R", "ESTVALUEINMILLION": 150000000.0, "ESTDELIVERY": null, "STATUS": "Completed", "LATITUDE": null, "LONGITUDE": null, "REPORT_EDITION_YEAR": "2016-2019", "ARCHITECT": "Esocoff & Associates Architects", "CREATED_USER": null, "CREATED_DATE": null, "LAST_EDITED_USER": "SDE", "LAST_EDITED_DATE": "2025-10-16T20:12:51Z", "GLOBALID": "{120515CD-032B-468C-85BE-41CE892F0C97}" }, "geometry": null },
{ "type": "Feature", "properties": { "OBJECTID": 261, "PROJECTNAME": "Hecht Warehouse District", "WARD": "5", "LOCATION": "1401 New York Ave., NE", "DEVELOPER": "Douglas Development Corp.", "PROJECTTYPE": "Residential", "TYPE_SQFT": null, "UNITS": 353.0, "UNIT_TYPE": "R", "ESTVALUEINMILLION": 120000000.0, "ESTDELIVERY": null, "STATUS": "Completed", "LATITUDE": null, "LONGITUDE": null, "REPORT_EDITION_YEAR": "2016-2019", "ARCHITECT": "Antunovich Associates", "CREATED_USER": null, "CREATED_DATE": null, "LAST_EDITED_USER": "SDE", "LAST_EDITED_DATE": "2025-10-16T20:12:51Z", "GLOBALID": "{1A34163D-9835-4D4E-8105-D7C942F77370}" }, "geometry": null },
{ "type": "Feature", "properties": { "OBJECTID": 262, "PROJECTNAME": "Fort Totten Square", "WARD": "4", "LOCATION": "South Dakota Ave. & Riggs Rd., NE", "DEVELOPER": "Lowe Enterprises / The JBG Companies", "PROJECTTYPE": "Residential", "TYPE_SQFT": null, "UNITS": 345.0, "UNIT_TYPE": "R", "ESTVALUEINMILLION": 120000000.0, "ESTDELIVERY": null, "STATUS": "Completed", "LATITUDE": null, "LONGITUDE": null, "REPORT_EDITION_YEAR": "2016-2019", "ARCHITECT": "Hickok Cole Architects", "CREATED_USER": null, "CREATED_DATE": null, "LAST_EDITED_USER": "SDE", "LAST_EDITED_DATE": "2025-10-16T20:12:51Z", "GLOBALID": "{AD29D099-1DAA-41ED-B496-0D812126224A}" }, "geometry": null },
{ "type": "Feature", "properties": { "OBJECTID": 263, "PROJECTNAME": "Arris", "WARD": "6", "LOCATION": "1331 4th St., SE", "DEVELOPER": "Forest City Washington", "PROJECTTYPE": "Residential", "TYPE_SQFT": null, "UNITS": 327.0, "UNIT_TYPE": "R", "ESTVALUEINMILLION": 100000000.0, "ESTDELIVERY": null, "STATUS": "Completed", "LATITUDE": null, "LONGITUDE": null, "REPORT_EDITION_YEAR": "2016-2019", "ARCHITECT": "Robert A M Stern Architects / WDG Architecture", "CREATED_USER": null, "CREATED_DATE": null, "LAST_EDITED_USER": "SDE", "LAST_EDITED_DATE": "2025-10-16T20:12:51Z", "GLOBALID": "{4EC64161-5F7A-4EFD-9449-8EFCFEBEA8D5}" }, "geometry": null },
{ "type": "Feature", "properties": { "OBJECTID": 264, "PROJECTNAME": "Atlantic Plumbing DC", "WARD": "1", "LOCATION": "2112 8th St., NW", "DEVELOPER": "The JBG Companies / Walton Street Capital", "PROJECTTYPE": "Residential", "TYPE_SQFT": null, "UNITS": 310.0, "UNIT_TYPE": "R", "ESTVALUEINMILLION": 100000000.0, "ESTDELIVERY": null, "STATUS": "Completed", "LATITUDE": null, "LONGITUDE": null, "REPORT_EDITION_YEAR": "2016-2019", "ARCHITECT": "Morris Adjmi Architects / Eric Colbert & Associates, PC", "CREATED_USER": null, "CREATED_DATE": null, "LAST_EDITED_USER": "SDE", "LAST_EDITED_DATE": "2025-10-16T20:12:51Z", "GLOBALID": "{E1B5662C-110F-4C43-ADA9-BF2F0F43C748}" }, "geometry": null },
{ "type": "Feature", "properties": { "OBJECTID": 265, "PROJECTNAME": "Anthology", "WARD": "6", "LOCATION": "625 H St., NE", "DEVELOPER": "Jair Lynch Real Estate Partners", "PROJECTTYPE": "Residential", "TYPE_SQFT": null, "UNITS": 307.0, "UNIT_TYPE": "R", "ESTVALUEINMILLION": 100000000.0, "ESTDELIVERY": null, "STATUS": "Completed", "LATITUDE": null, "LONGITUDE": null, "REPORT_EDITION_YEAR": "2016-2019", "ARCHITECT": "Hord Coplan Macht Inc", "CREATED_USER": null, "CREATED_DATE": null, "LAST_EDITED_USER": "SDE", "LAST_EDITED_DATE": "2025-10-16T20:12:51Z", "GLOBALID": "{824FD0E6-28DC-4732-835F-5F4CC36BA55F}" }, "geometry": null },
{ "type": "Feature", "properties": { "OBJECTID": 266, "PROJECTNAME": "Dock 79", "WARD": "6", "LOCATION": "100 Potomac Ave., SE", "DEVELOPER": "MRP Realty / FRP Development Corp.", "PROJECTTYPE": "Residential", "TYPE_SQFT": null, "UNITS": 305.0, "UNIT_TYPE": "R", "ESTVALUEINMILLION": 100000000.0, "ESTDELIVERY": null, "STATUS": "Completed", "LATITUDE": null, "LONGITUDE": null, "REPORT_EDITION_YEAR": "2016-2019", "ARCHITECT": "SK+I Architectural Design Group", "CREATED_USER": null, "CREATED_DATE": null, "LAST_EDITED_USER": "SDE", "LAST_EDITED_DATE": "2025-10-16T20:12:51Z", "GLOBALID": "{C553E943-1448-4862-850F-42234C68927F}" }, "geometry": null },
{ "type": "Feature", "properties": { "OBJECTID": 267, "PROJECTNAME": "5333 Connecticut Avenue", "WARD": "3", "LOCATION": "5333 Connecticut Ave., NW", "DEVELOPER": "Cafritz Interests", "PROJECTTYPE": "Residential", "TYPE_SQFT": null, "UNITS": 262.0, "UNIT_TYPE": "R", "ESTVALUEINMILLION": 61000000.0, "ESTDELIVERY": null, "STATUS": "Completed", "LATITUDE": null, "LONGITUDE": null, "REPORT_EDITION_YEAR": "2016-2019", "ARCHITECT": "Eric Colbert & Associates, PC", "CREATED_USER": null, "CREATED_DATE": null, "LAST_EDITED_USER": "SDE", "LAST_EDITED_DATE": "2025-10-16T20:12:51Z", "GLOBALID": "{00281F8D-B8C2-4042-B07C-DA37522115BD}" }, "geometry": null },
{ "type": "Feature", "properties": { "OBJECTID": 268, "PROJECTNAME": "The Wharf (Phase I)", "WARD": "6", "LOCATION": "Southwest Waterfront", "DEVELOPER": "Hoffman-Madison Waterfront", "PROJECTTYPE": "Hospitality", "TYPE_SQFT": 630000.0, "UNITS": 690.0, "UNIT_TYPE": null, "ESTVALUEINMILLION": 1326000000.0, "ESTDELIVERY": "Q4 17", "STATUS": "Completed", "LATITUDE": null, "LONGITUDE": null, "REPORT_EDITION_YEAR": "2016-2019", "ARCHITECT": "BBGM / Handel Architects / FOX Architects / Kohn Pedersen Fox & Associates / MTFA Architecture / SK+I Architectural Design Group / SmithGroupJJR / WDG Architecture / Perkins Eastman DC", "CREATED_USER": null, "CREATED_DATE": null, "LAST_EDITED_USER": "SDE", "LAST_EDITED_DATE": "2025-10-16T20:10:22Z", "GLOBALID": "{103146C2-482D-4978-A5F7-572C4FCD0672}" }, "geometry": null },
{ "type": "Feature", "properties": { "OBJECTID": 269, "PROJECTNAME": "D.C. United Stadium", "WARD": "6", "LOCATION": "100 Potomac Avenue, SW", "DEVELOPER": "D.C. United / DC Government", "PROJECTTYPE": "Hospitality", "TYPE_SQFT": 421000.0, "UNITS": null, "UNIT_TYPE": null, "ESTVALUEINMILLION": 400000000.0, "ESTDELIVERY": "Q3 18", "STATUS": "Completed", "LATITUDE": null, "LONGITUDE": null, "REPORT_EDITION_YEAR": "2016-2019", "ARCHITECT": "Populous / Marshall | Moya Design", "CREATED_USER": null, "CREATED_DATE": null, "LAST_EDITED_USER": "SDE", "LAST_EDITED_DATE": "2025-10-16T20:10:22Z", "GLOBALID": "{B5D6693C-808E-4171-B36F-FA520E2F9804}" }, "geometry": null },
{ "type": "Feature", "properties": { "OBJECTID": 270, "PROJECTNAME": "Eaton by DC", "WARD": "2", "LOCATION": "1201 K Street, NW", "DEVELOPER": "Pacific Eagle Holdings", "PROJECTTYPE": "Hospitality", "TYPE_SQFT": 172000.0, "UNITS": 209.0, "UNIT_TYPE": null, "ESTVALUEINMILLION": 0.0, "ESTDELIVERY": "Q3 18", "STATUS": "Completed", "LATITUDE": null, "LONGITUDE": null, "REPORT_EDITION_YEAR": "2016-2019", "ARCHITECT": "N/A", "CREATED_USER": null, "CREATED_DATE": null, "LAST_EDITED_USER": "SDE", "LAST_EDITED_DATE": "2025-10-16T20:10:22Z", "GLOBALID": "{4AF8ACBE-2A1E-4143-BA30-500DF9C61394}" }, "geometry": null },
{ "type": "Feature", "properties": { "OBJECTID": 271, "PROJECTNAME": "The Line DC", "WARD": "1", "LOCATION": "1770 Euclid Street, NW", "DEVELOPER": "Foxhall Partners / Friedman Capital Advidors / Sydell Group", "PROJECTTYPE": "Hospitality", "TYPE_SQFT": 172041.0, "UNITS": 227.0, "UNIT_TYPE": null, "ESTVALUEINMILLION": 100000000.0, "ESTDELIVERY": "Q4 17", "STATUS": "Completed", "LATITUDE": null, "LONGITUDE": null, "REPORT_EDITION_YEAR": "2016-2019", "ARCHITECT": "OPX", "CREATED_USER": null, "CREATED_DATE": null, "LAST_EDITED_USER": "SDE", "LAST_EDITED_DATE": "2025-10-16T20:10:22Z", "GLOBALID": "{2B655A3E-77B7-40A9-80A6-E595079890C0}" }, "geometry": null },
{ "type": "Feature", "properties": { "OBJECTID": 272, "PROJECTNAME": "The Darcy", "WARD": "2", "LOCATION": "1515 Rhode Island Avenue, NW", "DEVELOPER": "KHP Capital Partners", "PROJECTTYPE": "Hospitality", "TYPE_SQFT": 87600.0, "UNITS": 226.0, "UNIT_TYPE": null, "ESTVALUEINMILLION": 0.0, "ESTDELIVERY": "Q2 17", "STATUS": "Completed", "LATITUDE": null, "LONGITUDE": null, "REPORT_EDITION_YEAR": "2016-2019", "ARCHITECT": "N/A", "CREATED_USER": null, "CREATED_DATE": null, "LAST_EDITED_USER": "SDE", "LAST_EDITED_DATE": "2025-10-16T20:10:22Z", "GLOBALID": "{5F5DCE48-DD75-4FDA-B6F8-C803F0BF9549}" }, "geometry": null },
{ "type": "Feature", "properties": { "OBJECTID": 273, "PROJECTNAME": "99 M Street", "WARD": "6", "LOCATION": "1st & M Street, SE", "DEVELOPER": "Skanska USA", "PROJECTTYPE": "Office", "TYPE_SQFT": 220000.0, "UNITS": null, "UNIT_TYPE": null, "ESTVALUEINMILLION": 116000000.0, "ESTDELIVERY": "Q2 18", "STATUS": "Completed", "LATITUDE": null, "LONGITUDE": null, "REPORT_EDITION_YEAR": "2016-2019", "ARCHITECT": "Gensler", "CREATED_USER": null, "CREATED_DATE": null, "LAST_EDITED_USER": "SDE", "LAST_EDITED_DATE": "2025-10-16T20:11:02Z", "GLOBALID": "{8E19B3FE-1516-421B-B9AB-ECB4DDFC5447}" }, "geometry": null },
{ "type": "Feature", "properties": { "OBJECTID": 274, "PROJECTNAME": "700 Penn", "WARD": "6", "LOCATION": "700 Pennsylvania Avenue, SE", "DEVELOPER": "Stanton Development / Eastbanc / Jarvis Company / Dantes Partners / Clark Enterprises", "PROJECTTYPE": "Office", "TYPE_SQFT": 150000.0, "UNITS": null, "UNIT_TYPE": null, "ESTVALUEINMILLION": 226700000.0, "ESTDELIVERY": "Q4 17", "STATUS": "Completed", "LATITUDE": null, "LONGITUDE": null, "REPORT_EDITION_YEAR": "2016-2019", "ARCHITECT": "Esocoff & Associates Architects", "CREATED_USER": null, "CREATED_DATE": null, "LAST_EDITED_USER": "SDE", "LAST_EDITED_DATE": "2025-10-16T20:11:02Z", "GLOBALID": "{A0A34B70-A1F0-46BA-BB7B-D012FAB95C65}" }, "geometry": null },
{ "type": "Feature", "properties": { "OBJECTID": 275, "PROJECTNAME": "U.S. Department of Commerce - Herbert Hoover Building (Ph IV)", "WARD": "2", "LOCATION": "1401 Constitution Avenue, NW", "DEVELOPER": "General Services Administration", "PROJECTTYPE": "Office", "TYPE_SQFT": 109825.0, "UNITS": null, "UNIT_TYPE": null, "ESTVALUEINMILLION": 83000000.0, "ESTDELIVERY": "Q3 18", "STATUS": "Completed", "LATITUDE": null, "LONGITUDE": null, "REPORT_EDITION_YEAR": "2016-2019", "ARCHITECT": "Gensler", "CREATED_USER": null, "CREATED_DATE": null, "LAST_EDITED_USER": "SDE", "LAST_EDITED_DATE": "2025-10-16T20:11:02Z", "GLOBALID": "{F25C135B-8EBD-4410-9A39-3122EA377050}" }, "geometry": null },
{ "type": "Feature", "properties": { "OBJECTID": 276, "PROJECTNAME": "901 4th Street", "WARD": "6", "LOCATION": "901 4th Street, NW", "DEVELOPER": "The Bar Association of the District of Columbia", "PROJECTTYPE": "Office", "TYPE_SQFT": 89700.0, "UNITS": null, "UNIT_TYPE": null, "ESTVALUEINMILLION": 70000000.0, "ESTDELIVERY": "Q1 18", "STATUS": "Completed", "LATITUDE": null, "LONGITUDE": null, "REPORT_EDITION_YEAR": "2016-2019", "ARCHITECT": "Hartman-Cox Architects", "CREATED_USER": null, "CREATED_DATE": null, "LAST_EDITED_USER": "SDE", "LAST_EDITED_DATE": "2025-10-16T20:11:02Z", "GLOBALID": "{ED11FBBE-7FC8-45A6-9D34-0E20B98649E7}" }, "geometry": null },
{ "type": "Feature", "properties": { "OBJECTID": 277, "PROJECTNAME": "655 New York Avenue", "WARD": "6", "LOCATION": "655 New York Avenue, NW", "DEVELOPER": "Douglas Development Corporation / Brookfield Office Properties", "PROJECTTYPE": "Office", "TYPE_SQFT": 653474.0, "UNITS": null, "UNIT_TYPE": null, "ESTVALUEINMILLION": 185000000.0, "ESTDELIVERY": "Q4 18", "STATUS": "Under Construction", "LATITUDE": null, "LONGITUDE": null, "REPORT_EDITION_YEAR": "2016-2019", "ARCHITECT": "Shalom Baranes Associates", "CREATED_USER": null, "CREATED_DATE": null, "LAST_EDITED_USER": "SDE", "LAST_EDITED_DATE": "2025-10-16T20:11:02Z", "GLOBALID": "{1F2A9636-0AB7-4723-8D15-911E4486B8F8}" }, "geometry": null },
{ "type": "Feature", "properties": { "OBJECTID": 278, "PROJECTNAME": "250 Massachusetts Avenue", "WARD": "2", "LOCATION": "250 Massachusetts Avenue, NW", "DEVELOPER": "Property Group Partners", "PROJECTTYPE": "Office", "TYPE_SQFT": 507764.0, "UNITS": null, "UNIT_TYPE": null, "ESTVALUEINMILLION": 275000000.0, "ESTDELIVERY": "Q3 19", "STATUS": "Under Construction", "LATITUDE": null, "LONGITUDE": null, "REPORT_EDITION_YEAR": "2016-2019", "ARCHITECT": "REX Architecture PC", "CREATED_USER": null, "CREATED_DATE": null, "LAST_EDITED_USER": "SDE", "LAST_EDITED_DATE": "2025-10-16T20:11:02Z", "GLOBALID": "{16158727-1BA2-439E-A79F-64B2880B9C96}" }, "geometry": null },
{ "type": "Feature", "properties": { "OBJECTID": 279, "PROJECTNAME": "2050 M Street", "WARD": "2", "LOCATION": "2050 M Street, NW", "DEVELOPER": "Tishman Speyer", "PROJECTTYPE": "Office", "TYPE_SQFT": 353200.0, "UNITS": null, "UNIT_TYPE": null, "ESTVALUEINMILLION": null, "ESTDELIVERY": "Q4 19", "STATUS": "Under Construction", "LATITUDE": null, "LONGITUDE": null, "REPORT_EDITION_YEAR": "2016-2019", "ARCHITECT": "Kevin Roche John Dinkeloo & Associates LLC", "CREATED_USER": null, "CREATED_DATE": null, "LAST_EDITED_USER": "SDE", "LAST_EDITED_DATE": "2025-10-16T20:11:02Z", "GLOBALID": "{179944C9-FBF2-4086-BFF7-2523E14E3855}" }, "geometry": null },
{ "type": "Feature", "properties": { "OBJECTID": 280, "PROJECTNAME": "Harry S. Truman Building Modernization (Ph IC)", "WARD": "2", "LOCATION": "2201 C St., NW", "DEVELOPER": null, "PROJECTTYPE": "Office", "TYPE_SQFT": 290536.0, "UNITS": null, "UNIT_TYPE": null, "ESTVALUEINMILLION": 97000000.0, "ESTDELIVERY": "Q3 18", "STATUS": "Under Construction", "LATITUDE": null, "LONGITUDE": null, "REPORT_EDITION_YEAR": "2016-2019", "ARCHITECT": null, "CREATED_USER": null, "CREATED_DATE": null, "LAST_EDITED_USER": "SDE", "LAST_EDITED_DATE": "2025-10-16T20:11:02Z", "GLOBALID": "{2DAB34F9-605F-47F8-928E-491F8468580F}" }, "geometry": null },
{ "type": "Feature", "properties": { "OBJECTID": 281, "PROJECTNAME": "Center Building (DHS HQ)", "WARD": "8", "LOCATION": "St. Elizabeths West Campus", "DEVELOPER": "General Services Administration", "PROJECTTYPE": "Office", "TYPE_SQFT": 284000.0, "UNITS": null, "UNIT_TYPE": null, "ESTVALUEINMILLION": 155000000.0, "ESTDELIVERY": "Q2 19", "STATUS": "Under Construction", "LATITUDE": null, "LONGITUDE": null, "REPORT_EDITION_YEAR": "2016-2019", "ARCHITECT": "Shalom Baranes Associates", "CREATED_USER": null, "CREATED_DATE": null, "LAST_EDITED_USER": "SDE", "LAST_EDITED_DATE": "2025-10-16T20:11:02Z", "GLOBALID": "{0FB7E7D0-5854-4BF4-A23D-BBB4078502D2}" }, "geometry": null },
{ "type": "Feature", "properties": { "OBJECTID": 282, "PROJECTNAME": "One Freedom Plaza", "WARD": "2", "LOCATION": "1301 Pennsylvania Avenue, NW", "DEVELOPER": "Quadrangle Development", "PROJECTTYPE": "Office", "TYPE_SQFT": 270040.0, "UNITS": null, "UNIT_TYPE": null, "ESTVALUEINMILLION": 0.0, "ESTDELIVERY": "Q2 19", "STATUS": "Under Construction", "LATITUDE": null, "LONGITUDE": null, "REPORT_EDITION_YEAR": "2016-2019", "ARCHITECT": "JAHN", "CREATED_USER": null, "CREATED_DATE": null, "LAST_EDITED_USER": "SDE", "LAST_EDITED_DATE": "2025-10-16T20:11:02Z", "GLOBALID": "{C05AB071-6FA9-4A7C-99A0-7D5EBE3A975F}" }, "geometry": null },
{ "type": "Feature", "properties": { "OBJECTID": 283, "PROJECTNAME": "1900 N", "WARD": "2", "LOCATION": "1900 N Street, NW", "DEVELOPER": "JBG Smith", "PROJECTTYPE": "Office", "TYPE_SQFT": 259000.0, "UNITS": null, "UNIT_TYPE": null, "ESTVALUEINMILLION": 225000000.0, "ESTDELIVERY": "Q2 20", "STATUS": "Under Construction", "LATITUDE": null, "LONGITUDE": null, "REPORT_EDITION_YEAR": "2016-2019", "ARCHITECT": "Kohn Pedersen Fox & Associates", "CREATED_USER": null, "CREATED_DATE": null, "LAST_EDITED_USER": "SDE", "LAST_EDITED_DATE": "2025-10-16T20:11:02Z", "GLOBALID": "{7587ECD1-9D3C-4161-8547-8DE04BB1495D}" }, "geometry": null },
{ "type": "Feature", "properties": { "OBJECTID": 284, "PROJECTNAME": "L'Enfant Plaza Office - Southeast", "WARD": "6", "LOCATION": "500 L'Enfant Plaza, SW", "DEVELOPER": "JBG Smith", "PROJECTTYPE": "Office", "TYPE_SQFT": 215185.0, "UNITS": null, "UNIT_TYPE": null, "ESTVALUEINMILLION": 75000000.0, "ESTDELIVERY": "Q3 19", "STATUS": "Under Construction", "LATITUDE": null, "LONGITUDE": null, "REPORT_EDITION_YEAR": "2016-2019", "ARCHITECT": "JAHN", "CREATED_USER": null, "CREATED_DATE": null, "LAST_EDITED_USER": "SDE", "LAST_EDITED_DATE": "2025-10-16T20:11:02Z", "GLOBALID": "{F80C4336-A0B7-4F4F-BDAC-4A21F2885604}" }, "geometry": null },
{ "type": "Feature", "properties": { "OBJECTID": 285, "PROJECTNAME": "2100 Pennsylvania Avenue", "WARD": "2", "LOCATION": "2100 Pennsylvania Avenue, NW", "DEVELOPER": "Boston Properties / George Washington University", "PROJECTTYPE": "Office", "TYPE_SQFT": 423562.0, "UNITS": null, "UNIT_TYPE": null, "ESTVALUEINMILLION": null, "ESTDELIVERY": "2022", "STATUS": "Pipeline", "LATITUDE": null, "LONGITUDE": null, "REPORT_EDITION_YEAR": "2016-2019", "ARCHITECT": "WDG Architecture / Pelli Clarke Pelli Architects", "CREATED_USER": null, "CREATED_DATE": null, "LAST_EDITED_USER": "SDE", "LAST_EDITED_DATE": "2025-10-16T20:11:02Z", "GLOBALID": "{9BD92AC3-2A8A-46E9-848F-92512840A4C0}" }, "geometry": null },
{ "type": "Feature", "properties": { "OBJECTID": 286, "PROJECTNAME": "Market Terminal", "WARD": "5", "LOCATION": "300, 325, 350 Morse St., NE", "DEVELOPER": "Douglas Development Corporation / Kettler / Carr Enterprises", "PROJECTTYPE": "Office", "TYPE_SQFT": 339042.0, "UNITS": null, "UNIT_TYPE": null, "ESTVALUEINMILLION": null, "ESTDELIVERY": "2020", "STATUS": "Pipeline", "LATITUDE": null, "LONGITUDE": null, "REPORT_EDITION_YEAR": "2016-2019", "ARCHITECT": "Gensler", "CREATED_USER": null, "CREATED_DATE": null, "LAST_EDITED_USER": "SDE", "LAST_EDITED_DATE": "2025-10-16T20:11:02Z", "GLOBALID": "{F2E0F31E-D6E0-46F4-8AF2-23ADDFC4208B}" }, "geometry": null },
{ "type": "Feature", "properties": { "OBJECTID": 287, "PROJECTNAME": "Penn Quarter Place", "WARD": "2", "LOCATION": "600 E Street, NW", "DEVELOPER": "S.C. Herman & Associates", "PROJECTTYPE": "Office", "TYPE_SQFT": 325000.0, "UNITS": null, "UNIT_TYPE": null, "ESTVALUEINMILLION": null, "ESTDELIVERY": "2020", "STATUS": "Pipeline", "LATITUDE": null, "LONGITUDE": null, "REPORT_EDITION_YEAR": "2016-2019", "ARCHITECT": "Dep Designs", "CREATED_USER": null, "CREATED_DATE": null, "LAST_EDITED_USER": "SDE", "LAST_EDITED_DATE": "2025-10-16T20:11:02Z", "GLOBALID": "{6A871D7C-F709-437F-933B-07872C0A2B35}" }, "geometry": null },
{ "type": "Feature", "properties": { "OBJECTID": 288, "PROJECTNAME": "Maury Elementary School", "WARD": "6", "LOCATION": "1250 Constitution Ave., NE", "DEVELOPER": "Department of General Services / DC Public Schools", "PROJECTTYPE": "Quality of Life", "TYPE_SQFT": 52800.0, "UNITS": null, "UNIT_TYPE": null, "ESTVALUEINMILLION": 52000000.0, "ESTDELIVERY": "Q3 19", "STATUS": "Completed", "LATITUDE": null, "LONGITUDE": null, "REPORT_EDITION_YEAR": "2016-2019", "ARCHITECT": null, "CREATED_USER": null, "CREATED_DATE": null, "LAST_EDITED_USER": "SDE", "LAST_EDITED_DATE": "2025-10-16T20:12:15Z", "GLOBALID": "{037A6697-77CD-4AFA-8D19-E6B83D7E216E}" }, "geometry": null },
{ "type": "Feature", "properties": { "OBJECTID": 289, "PROJECTNAME": "Whittle School & Studios", "WARD": "3", "LOCATION": "4000 Connecticut Ave., NW", "DEVELOPER": "The 601 W Companies / Whittle School & Studios", "PROJECTTYPE": "Quality of Life", "TYPE_SQFT": 620000.0, "UNITS": null, "UNIT_TYPE": null, "ESTVALUEINMILLION": 185000000.0, "ESTDELIVERY": "Q3 19", "STATUS": "Under Construction", "LATITUDE": null, "LONGITUDE": null, "REPORT_EDITION_YEAR": "2016-2019", "ARCHITECT": null, "CREATED_USER": null, "CREATED_DATE": null, "LAST_EDITED_USER": "SDE", "LAST_EDITED_DATE": "2025-10-16T20:12:15Z", "GLOBALID": "{D6366E5C-41EA-4FE4-8DF0-80582ABE1548}" }, "geometry": null },
{ "type": "Feature", "properties": { "OBJECTID": 290, "PROJECTNAME": "Medstar Georgetown University Hospital Pavilion", "WARD": "2", "LOCATION": "3800 Reservoir Rd., NW", "DEVELOPER": "MedStar Georgetown University Hospital / Trammell Crow Company", "PROJECTTYPE": "Quality of Life", "TYPE_SQFT": 497000.0, "UNITS": null, "UNIT_TYPE": null, "ESTVALUEINMILLION": 560000000.0, "ESTDELIVERY": "Q1 22", "STATUS": "Under Construction", "LATITUDE": null, "LONGITUDE": null, "REPORT_EDITION_YEAR": "2016-2019", "ARCHITECT": null, "CREATED_USER": null, "CREATED_DATE": null, "LAST_EDITED_USER": "SDE", "LAST_EDITED_DATE": "2025-10-16T20:12:15Z", "GLOBALID": "{BF05C1D4-AC6E-470C-8901-D73C9B2F2099}" }, "geometry": null },
{ "type": "Feature", "properties": { "OBJECTID": 291, "PROJECTNAME": "Children's National Research & Innovation Campus", "WARD": "4", "LOCATION": "7144 13th Pl., NW", "DEVELOPER": "Children's National Medical Center", "PROJECTTYPE": "Quality of Life", "TYPE_SQFT": 400000.0, "UNITS": null, "UNIT_TYPE": null, "ESTVALUEINMILLION": 250000000.0, "ESTDELIVERY": "Q4 20", "STATUS": "Under Construction", "LATITUDE": null, "LONGITUDE": null, "REPORT_EDITION_YEAR": "2016-2019", "ARCHITECT": null, "CREATED_USER": null, "CREATED_DATE": null, "LAST_EDITED_USER": "SDE", "LAST_EDITED_DATE": "2025-10-16T20:12:15Z", "GLOBALID": "{891153C8-AB5A-42CD-84F7-2B855A29B586}" }, "geometry": null },
{ "type": "Feature", "properties": { "OBJECTID": 292, "PROJECTNAME": "Harriet Tubman Quadrangle", "WARD": "1", "LOCATION": "2455 4th St., NW", "DEVELOPER": "Provident Group / Howard University", "PROJECTTYPE": "Quality of Life", "TYPE_SQFT": 158000.0, "UNITS": null, "UNIT_TYPE": null, "ESTVALUEINMILLION": 45000000.0, "ESTDELIVERY": "Q4 19", "STATUS": "Under Construction", "LATITUDE": null, "LONGITUDE": null, "REPORT_EDITION_YEAR": "2016-2019", "ARCHITECT": null, "CREATED_USER": null, "CREATED_DATE": null, "LAST_EDITED_USER": "SDE", "LAST_EDITED_DATE": "2025-10-16T20:12:15Z", "GLOBALID": "{7D2C9B8C-F43C-4A09-985F-864A9DB7C80B}" }, "geometry": null },
{ "type": "Feature", "properties": { "OBJECTID": 293, "PROJECTNAME": "Jefferson Academy", "WARD": "6", "LOCATION": "801 7th St., SW", "DEVELOPER": "Department of General Services / DC Public Schools", "PROJECTTYPE": "Quality of Life", "TYPE_SQFT": 109000.0, "UNITS": null, "UNIT_TYPE": null, "ESTVALUEINMILLION": 77900000.0, "ESTDELIVERY": "Q3 20", "STATUS": "Under Construction", "LATITUDE": null, "LONGITUDE": null, "REPORT_EDITION_YEAR": "2016-2019", "ARCHITECT": null, "CREATED_USER": null, "CREATED_DATE": null, "LAST_EDITED_USER": "SDE", "LAST_EDITED_DATE": "2025-10-16T20:12:15Z", "GLOBALID": "{4427EF2A-F614-4B11-AD94-0059C716E09B}" }, "geometry": null },
{ "type": "Feature", "properties": { "OBJECTID": 294, "PROJECTNAME": "Georgetown Day School Tenleytown Campus", "WARD": "3", "LOCATION": "4203 Davenport St., NW", "DEVELOPER": "Georgetown Day School", "PROJECTTYPE": "Quality of Life", "TYPE_SQFT": 88613.0, "UNITS": null, "UNIT_TYPE": null, "ESTVALUEINMILLION": null, "ESTDELIVERY": "Q3 20", "STATUS": "Under Construction", "LATITUDE": null, "LONGITUDE": null, "REPORT_EDITION_YEAR": "2016-2019", "ARCHITECT": null, "CREATED_USER": null, "CREATED_DATE": null, "LAST_EDITED_USER": "SDE", "LAST_EDITED_DATE": "2025-10-16T20:12:15Z", "GLOBALID": "{22A82A25-F2E0-4BD9-A347-335C3F84CF46}" }, "geometry": null },
{ "type": "Feature", "properties": { "OBJECTID": 295, "PROJECTNAME": "Thaddeus Stevens School", "WARD": "2", "LOCATION": "1050 21st St., NW", "DEVELOPER": "Akridge / Argos Group / Department of General Services / DC Public Schools", "PROJECTTYPE": "Quality of Life", "TYPE_SQFT": 40000.0, "UNITS": null, "UNIT_TYPE": null, "ESTVALUEINMILLION": 20000000.0, "ESTDELIVERY": "Q3 20", "STATUS": "Under Construction", "LATITUDE": null, "LONGITUDE": null, "REPORT_EDITION_YEAR": "2016-2019", "ARCHITECT": null, "CREATED_USER": null, "CREATED_DATE": null, "LAST_EDITED_USER": "SDE", "LAST_EDITED_DATE": "2025-10-16T20:12:15Z", "GLOBALID": "{3DB34BDC-3AB1-4AE9-A566-5CEE10555B34}" }, "geometry": null },
{ "type": "Feature", "properties": { "OBJECTID": 296, "PROJECTNAME": "Bread for the City", "WARD": "8", "LOCATION": "17th & Good Hope Rd., SE", "DEVELOPER": "Bread for the City", "PROJECTTYPE": "Quality of Life", "TYPE_SQFT": 27650.0, "UNITS": null, "UNIT_TYPE": null, "ESTVALUEINMILLION": 26000000.0, "ESTDELIVERY": "2020/21", "STATUS": "Under Construction", "LATITUDE": null, "LONGITUDE": null, "REPORT_EDITION_YEAR": "2016-2019", "ARCHITECT": null, "CREATED_USER": null, "CREATED_DATE": null, "LAST_EDITED_USER": "SDE", "LAST_EDITED_DATE": "2025-10-16T20:12:15Z", "GLOBALID": "{CDEE83C8-18FC-400E-8194-FCC3FD75C735}" }, "geometry": null },
{ "type": "Feature", "properties": { "OBJECTID": 297, "PROJECTNAME": "Southwest Library", "WARD": "6", "LOCATION": "900 Wesley Pl., SW", "DEVELOPER": "DC Public Library", "PROJECTTYPE": "Quality of Life", "TYPE_SQFT": 20792.0, "UNITS": null, "UNIT_TYPE": null, "ESTVALUEINMILLION": 18000000.0, "ESTDELIVERY": "Q1 21", "STATUS": "Under Construction", "LATITUDE": null, "LONGITUDE": null, "REPORT_EDITION_YEAR": "2016-2019", "ARCHITECT": null, "CREATED_USER": null, "CREATED_DATE": null, "LAST_EDITED_USER": "SDE", "LAST_EDITED_DATE": "2025-10-16T20:12:15Z", "GLOBALID": "{B1141113-5F42-4293-8D6C-A50A2ED3989C}" }, "geometry": null },
{ "type": "Feature", "properties": { "OBJECTID": 298, "PROJECTNAME": "555 Pennsylvania Avenue", "WARD": "2", "LOCATION": "555 Pennsylvania Ave., NW", "DEVELOPER": "John Hopkins University", "PROJECTTYPE": "Quality of Life", "TYPE_SQFT": 400000.0, "UNITS": null, "UNIT_TYPE": null, "ESTVALUEINMILLION": 200000000.0, "ESTDELIVERY": "2023", "STATUS": "Pipeline", "LATITUDE": null, "LONGITUDE": null, "REPORT_EDITION_YEAR": "2016-2019", "ARCHITECT": null, "CREATED_USER": null, "CREATED_DATE": null, "LAST_EDITED_USER": "SDE", "LAST_EDITED_DATE": "2025-10-16T20:12:15Z", "GLOBALID": "{81764F48-C2F1-4BA1-945D-9311DC6A504D}" }, "geometry": null },
{ "type": "Feature", "properties": { "OBJECTID": 299, "PROJECTNAME": "The Wren", "WARD": "1", "LOCATION": "965 Florida Avenue, NW", "DEVELOPER": "MRP Realty / Ellis Development Group / JBG Smith", "PROJECTTYPE": "Residential", "TYPE_SQFT": null, "UNITS": 433.0, "UNIT_TYPE": "R", "ESTVALUEINMILLION": 120000000.0, "ESTDELIVERY": "Q4 20", "STATUS": "Under Construction", "LATITUDE": null, "LONGITUDE": null, "REPORT_EDITION_YEAR": "2016-2019", "ARCHITECT": "Hord Coplan Macht Inc / PGN Architects PLLC", "CREATED_USER": null, "CREATED_DATE": null, "LAST_EDITED_USER": "SDE", "LAST_EDITED_DATE": "2025-10-16T20:12:51Z", "GLOBALID": "{DE27E96A-1787-49FF-9986-B138FA36F000}" }, "geometry": null },
{ "type": "Feature", "properties": { "OBJECTID": 300, "PROJECTNAME": "Milton Gottesman Jewish Day School of the Nation's Capital", "WARD": "4", "LOCATION": "6045 16th St., NW", "DEVELOPER": "Jewish Primary Day School", "PROJECTTYPE": "Quality of Life", "TYPE_SQFT": 60000.0, "UNITS": null, "UNIT_TYPE": null, "ESTVALUEINMILLION": 22000000.0, "ESTDELIVERY": "Q3 18", "STATUS": "Completed", "LATITUDE": null, "LONGITUDE": null, "REPORT_EDITION_YEAR": "2016-2019", "ARCHITECT": null, "CREATED_USER": null, "CREATED_DATE": null, "LAST_EDITED_USER": "SDE", "LAST_EDITED_DATE": "2025-10-16T20:12:15Z", "GLOBALID": "{0AE5102B-1528-4310-B9CD-08652C146C37}" }, "geometry": null },
{ "type": "Feature", "properties": { "OBJECTID": 301, "PROJECTNAME": "Anthem Row", "WARD": "2", "LOCATION": "800 K St., NW", "DEVELOPER": "The Meridian Group", "PROJECTTYPE": "Retail", "TYPE_SQFT": 70000.0, "UNITS": null, "UNIT_TYPE": null, "ESTVALUEINMILLION": 142000000.0, "ESTDELIVERY": "Q4 19", "STATUS": "Under Construction", "LATITUDE": null, "LONGITUDE": null, "REPORT_EDITION_YEAR": "2016-2019", "ARCHITECT": null, "CREATED_USER": null, "CREATED_DATE": null, "LAST_EDITED_USER": "SDE", "LAST_EDITED_DATE": "2025-10-16T20:13:28Z", "GLOBALID": "{3CB2A669-DFDF-4756-B00F-9B285E488BC6}" }, "geometry": null },
{ "type": "Feature", "properties": { "OBJECTID": 302, "PROJECTNAME": "Beckert's Park", "WARD": "6", "LOCATION": "415 14th St., SE", "DEVELOPER": "Foulger-Pratt / Safeway", "PROJECTTYPE": "Retail", "TYPE_SQFT": 68000.0, "UNITS": null, "UNIT_TYPE": null, "ESTVALUEINMILLION": 138000000.0, "ESTDELIVERY": "Q1 20", "STATUS": "Under Construction", "LATITUDE": null, "LONGITUDE": null, "REPORT_EDITION_YEAR": "2016-2019", "ARCHITECT": null, "CREATED_USER": null, "CREATED_DATE": null, "LAST_EDITED_USER": "SDE", "LAST_EDITED_DATE": "2025-10-16T20:13:28Z", "GLOBALID": "{96358AC6-2421-47DB-9A79-338E100C159A}" }, "geometry": null },
{ "type": "Feature", "properties": { "OBJECTID": 303, "PROJECTNAME": "Eckington Yards", "WARD": "5", "LOCATION": "1625 Eckington Pl. & 1500 Harry Thomas Way, NE", "DEVELOPER": "The JBG Companies", "PROJECTTYPE": "Retail", "TYPE_SQFT": 67264.0, "UNITS": null, "UNIT_TYPE": null, "ESTVALUEINMILLION": 265000000.0, "ESTDELIVERY": "Q3 21", "STATUS": "Under Construction", "LATITUDE": null, "LONGITUDE": null, "REPORT_EDITION_YEAR": "2016-2019", "ARCHITECT": null, "CREATED_USER": null, "CREATED_DATE": null, "LAST_EDITED_USER": "SDE", "LAST_EDITED_DATE": "2025-10-16T20:13:28Z", "GLOBALID": "{0CD7E7A5-D77E-419A-8DEC-02B03B2FFE10}" }, "geometry": null },
{ "type": "Feature", "properties": { "OBJECTID": 304, "PROJECTNAME": "250 Massachusetts Avenue", "WARD": "2", "LOCATION": "250 Massachusetts Ave., NW", "DEVELOPER": "Property Group Partners", "PROJECTTYPE": "Retail", "TYPE_SQFT": 58372.0, "UNITS": null, "UNIT_TYPE": null, "ESTVALUEINMILLION": 275000000.0, "ESTDELIVERY": "Q4 19", "STATUS": "Under Construction", "LATITUDE": null, "LONGITUDE": null, "REPORT_EDITION_YEAR": "2016-2019", "ARCHITECT": null, "CREATED_USER": null, "CREATED_DATE": null, "LAST_EDITED_USER": "SDE", "LAST_EDITED_DATE": "2025-10-16T20:13:28Z", "GLOBALID": "{3E61B7C2-3F4F-47C0-8940-A9AD93BE15F7}" }, "geometry": null },
{ "type": "Feature", "properties": { "OBJECTID": 305, "PROJECTNAME": "East River Park", "WARD": "7", "LOCATION": "Minnesota Ave. & Benning Rd., NE", "DEVELOPER": "Cedar Realty Trust", "PROJECTTYPE": "Retail", "TYPE_SQFT": 119500.0, "UNITS": null, "UNIT_TYPE": null, "ESTVALUEINMILLION": null, "ESTDELIVERY": null, "STATUS": "Pipeline", "LATITUDE": null, "LONGITUDE": null, "REPORT_EDITION_YEAR": "2016-2019", "ARCHITECT": null, "CREATED_USER": null, "CREATED_DATE": null, "LAST_EDITED_USER": "SDE", "LAST_EDITED_DATE": "2025-10-16T20:13:28Z", "GLOBALID": "{86EF3F07-7114-4773-A833-242360D83863}" }, "geometry": null },
{ "type": "Feature", "properties": { "OBJECTID": 306, "PROJECTNAME": "Upton Place", "WARD": "3", "LOCATION": "4000 Wisconsin Ave. NW", "DEVELOPER": "Donohoe Companies / Holladay Corporation", "PROJECTTYPE": "Retail", "TYPE_SQFT": 100000.0, "UNITS": null, "UNIT_TYPE": null, "ESTVALUEINMILLION": null, "ESTDELIVERY": "2023", "STATUS": "Pipeline", "LATITUDE": null, "LONGITUDE": null, "REPORT_EDITION_YEAR": "2016-2019", "ARCHITECT": null, "CREATED_USER": null, "CREATED_DATE": null, "LAST_EDITED_USER": "SDE", "LAST_EDITED_DATE": "2025-10-16T20:13:28Z", "GLOBALID": "{F09A8A06-DD85-4289-AF74-73319D809885}" }, "geometry": null },
{ "type": "Feature", "properties": { "OBJECTID": 307, "PROJECTNAME": "ART Place at Fort Totten (Phase II)", "WARD": "5", "LOCATION": "Fort Totten Metrorail Station", "DEVELOPER": "Morris & Gwendolyn Cafritz Foundation", "PROJECTTYPE": "Retail", "TYPE_SQFT": 94914.0, "UNITS": null, "UNIT_TYPE": null, "ESTVALUEINMILLION": null, "ESTDELIVERY": "2022", "STATUS": "Pipeline", "LATITUDE": null, "LONGITUDE": null, "REPORT_EDITION_YEAR": "2016-2019", "ARCHITECT": null, "CREATED_USER": null, "CREATED_DATE": null, "LAST_EDITED_USER": "SDE", "LAST_EDITED_DATE": "2025-10-16T20:13:28Z", "GLOBALID": "{492791E8-B3BF-40CB-AF1C-22D8E28779C6}" }, "geometry": null },
{ "type": "Feature", "properties": { "OBJECTID": 308, "PROJECTNAME": "McMillan Sand Filtration Site", "WARD": "5", "LOCATION": "North Capitol St & Michigan Ave., NW", "DEVELOPER": "Jair Lynch Real Estate Partners / Trammell Crow Company / EYA", "PROJECTTYPE": "Retail", "TYPE_SQFT": 80000.0, "UNITS": null, "UNIT_TYPE": null, "ESTVALUEINMILLION": 720000000.0, "ESTDELIVERY": "2023", "STATUS": "Pipeline", "LATITUDE": null, "LONGITUDE": null, "REPORT_EDITION_YEAR": "2016-2019", "ARCHITECT": null, "CREATED_USER": null, "CREATED_DATE": null, "LAST_EDITED_USER": "SDE", "LAST_EDITED_DATE": "2025-10-16T20:13:28Z", "GLOBALID": "{366A60F9-2440-4291-A5D3-08C5AEB9CDB3}" }, "geometry": null },
{ "type": "Feature", "properties": { "OBJECTID": 309, "PROJECTNAME": "Armature Works", "WARD": "6", "LOCATION": "1200 3rd St., NE", "DEVELOPER": "Trammell Crow Company / High Street Residential / MetLife", "PROJECTTYPE": "Retail", "TYPE_SQFT": 60000.0, "UNITS": null, "UNIT_TYPE": null, "ESTVALUEINMILLION": 400000000.0, "ESTDELIVERY": "2022", "STATUS": "Pipeline", "LATITUDE": null, "LONGITUDE": null, "REPORT_EDITION_YEAR": "2016-2019", "ARCHITECT": null, "CREATED_USER": null, "CREATED_DATE": null, "LAST_EDITED_USER": "SDE", "LAST_EDITED_DATE": "2025-10-16T20:13:28Z", "GLOBALID": "{BD6DED97-06BE-467D-BFF1-780902B709FA}" }, "geometry": null },
{ "type": "Feature", "properties": { "OBJECTID": 310, "PROJECTNAME": "Barry Farm", "WARD": "8", "LOCATION": "Martin L. King Jr. Ave. & Summer Rd., SE", "DEVELOPER": "Preservation of Affordable Housing / A&R Development / DC Housing Authority", "PROJECTTYPE": "Retail", "TYPE_SQFT": 50000.0, "UNITS": null, "UNIT_TYPE": null, "ESTVALUEINMILLION": 500000000.0, "ESTDELIVERY": "2021", "STATUS": "Pipeline", "LATITUDE": null, "LONGITUDE": null, "REPORT_EDITION_YEAR": "2016-2019", "ARCHITECT": null, "CREATED_USER": null, "CREATED_DATE": null, "LAST_EDITED_USER": "SDE", "LAST_EDITED_DATE": "2025-10-16T20:13:28Z", "GLOBALID": "{1CB1B146-3167-4DD9-B4DB-54C6BB8698EB}" }, "geometry": null },
{ "type": "Feature", "properties": { "OBJECTID": 311, "PROJECTNAME": "Storey Park", "WARD": "6", "LOCATION": "1005 1st St., NE", "DEVELOPER": "Four Points / Perseus Realty / Buccini Pollin Group", "PROJECTTYPE": "Retail", "TYPE_SQFT": 27313.0, "UNITS": null, "UNIT_TYPE": null, "ESTVALUEINMILLION": 330000000.0, "ESTDELIVERY": "2022", "STATUS": "Pipeline", "LATITUDE": null, "LONGITUDE": null, "REPORT_EDITION_YEAR": "2016-2019", "ARCHITECT": null, "CREATED_USER": null, "CREATED_DATE": null, "LAST_EDITED_USER": "SDE", "LAST_EDITED_DATE": "2025-10-16T20:13:28Z", "GLOBALID": "{096AB953-C474-4A8D-A9F0-775CD059C060}" }, "geometry": null },
{ "type": "Feature", "properties": { "OBJECTID": 312, "PROJECTNAME": "500 Penn Street", "WARD": "5", "LOCATION": "500 Penn St., NE", "DEVELOPER": "EDENS / UDR", "PROJECTTYPE": "Retail", "TYPE_SQFT": 22714.0, "UNITS": null, "UNIT_TYPE": null, "ESTVALUEINMILLION": 150000000.0, "ESTDELIVERY": "2022", "STATUS": "Pipeline", "LATITUDE": null, "LONGITUDE": null, "REPORT_EDITION_YEAR": "2016-2019", "ARCHITECT": null, "CREATED_USER": null, "CREATED_DATE": null, "LAST_EDITED_USER": "SDE", "LAST_EDITED_DATE": "2025-10-16T20:13:28Z", "GLOBALID": "{DA8C10A0-6333-4F61-8B78-5BE984DC763B}" }, "geometry": null },
{ "type": "Feature", "properties": { "OBJECTID": 313, "PROJECTNAME": "The Lady Bird", "WARD": "3", "LOCATION": "4330 48th St., NW", "DEVELOPER": "Valor Development", "PROJECTTYPE": "Retail", "TYPE_SQFT": 16500.0, "UNITS": null, "UNIT_TYPE": null, "ESTVALUEINMILLION": 127000000.0, "ESTDELIVERY": "2022", "STATUS": "Pipeline", "LATITUDE": null, "LONGITUDE": null, "REPORT_EDITION_YEAR": "2016-2019", "ARCHITECT": null, "CREATED_USER": null, "CREATED_DATE": null, "LAST_EDITED_USER": "SDE", "LAST_EDITED_DATE": "2025-10-16T20:13:28Z", "GLOBALID": "{8DD2F440-655A-4C70-8F66-E87C6D10DC9A}" }, "geometry": null },
{ "type": "Feature", "properties": { "OBJECTID": 314, "PROJECTNAME": "Eckington Yards", "WARD": "5", "LOCATION": "1625 Eckington Pl. & 1500 Harry Thomas Way, NE", "DEVELOPER": "The JBG Companies", "PROJECTTYPE": "Retail", "TYPE_SQFT": 67264.0, "UNITS": null, "UNIT_TYPE": null, "ESTVALUEINMILLION": 265000000.0, "ESTDELIVERY": null, "STATUS": "Under Construction", "LATITUDE": null, "LONGITUDE": null, "REPORT_EDITION_YEAR": "2016-2019", "ARCHITECT": null, "CREATED_USER": null, "CREATED_DATE": null, "LAST_EDITED_USER": "SDE", "LAST_EDITED_DATE": "2025-10-16T20:13:28Z", "GLOBALID": "{4A0F286E-C5C3-44D4-B90E-FDD0688B83E9}" }, "geometry": null },
{ "type": "Feature", "properties": { "OBJECTID": 315, "PROJECTNAME": "Hilton Washington D.C. National Mall", "WARD": "6", "LOCATION": "480 L'ENFANT PLAZA SW", "DEVELOPER": "L'Enfant DC Hotel, LLC / Stanford Hotels Group", "PROJECTTYPE": "Hospitality", "TYPE_SQFT": 0.0, "UNITS": 367.0, "UNIT_TYPE": null, "ESTVALUEINMILLION": 49000000.0, "ESTDELIVERY": "Q2 19", "STATUS": "Completed", "LATITUDE": null, "LONGITUDE": null, "REPORT_EDITION_YEAR": "2016-2019", "ARCHITECT": null, "CREATED_USER": null, "CREATED_DATE": null, "LAST_EDITED_USER": "SDE", "LAST_EDITED_DATE": "2025-10-16T20:10:22Z", "GLOBALID": "{6B3C4227-A81B-4FA2-8BCA-B22F683792A4}" }, "geometry": null },
{ "type": "Feature", "properties": { "OBJECTID": 316, "PROJECTNAME": "National Air and Space Museum", "WARD": "2", "LOCATION": "NATIONAL AIR AND SPACE MUSEUM", "DEVELOPER": "Smithsonian", "PROJECTTYPE": "Hospitality", "TYPE_SQFT": 687000.0, "UNITS": null, "UNIT_TYPE": null, "ESTVALUEINMILLION": 976000000.0, "ESTDELIVERY": "2025", "STATUS": "Under Construction", "LATITUDE": null, "LONGITUDE": null, "REPORT_EDITION_YEAR": "2016-2019", "ARCHITECT": null, "CREATED_USER": null, "CREATED_DATE": null, "LAST_EDITED_USER": "SDE", "LAST_EDITED_DATE": "2025-10-16T20:10:22Z", "GLOBALID": "{2E03DA27-0052-4E38-9615-3B7C7B46CE74}" }, "geometry": null },
{ "type": "Feature", "properties": { "OBJECTID": 317, "PROJECTNAME": "ART Place at Fort Totten (Ph I)", "WARD": "5", "LOCATION": "5180 South Dakota Ave., NE", "DEVELOPER": "Morris & Gwendolyn Cafritz Foundation", "PROJECTTYPE": "Residential", "TYPE_SQFT": null, "UNITS": 520.0, "UNIT_TYPE": "R", "ESTVALUEINMILLION": 125000000.0, "ESTDELIVERY": null, "STATUS": "Under Construction", "LATITUDE": null, "LONGITUDE": null, "REPORT_EDITION_YEAR": "2016-2019", "ARCHITECT": "EE&K / MV+A Architects / Shalom Baranes Associates", "CREATED_USER": null, "CREATED_DATE": null, "LAST_EDITED_USER": "SDE", "LAST_EDITED_DATE": "2025-10-16T20:12:51Z", "GLOBALID": "{170C30A6-D646-4E56-8799-5BB7193677D0}" }, "geometry": null },
{ "type": "Feature", "properties": { "OBJECTID": 318, "PROJECTNAME": "AVA NoMa", "WARD": "6", "LOCATION": "55 M St., NE", "DEVELOPER": "AvalonBay", "PROJECTTYPE": "Residential", "TYPE_SQFT": null, "UNITS": 438.0, "UNIT_TYPE": "R", "ESTVALUEINMILLION": 145000000.0, "ESTDELIVERY": null, "STATUS": "Under Construction", "LATITUDE": null, "LONGITUDE": null, "REPORT_EDITION_YEAR": "2016-2019", "ARCHITECT": "KTGY Group, Inc", "CREATED_USER": null, "CREATED_DATE": null, "LAST_EDITED_USER": "SDE", "LAST_EDITED_DATE": "2025-10-16T20:12:51Z", "GLOBALID": "{4B647689-4705-404D-866A-5C61E726FCFE}" }, "geometry": null },
{ "type": "Feature", "properties": { "OBJECTID": 319, "PROJECTNAME": "Shapiro Residences", "WARD": "5", "LOCATION": "1270 4th St., NE", "DEVELOPER": "Level 2 Development / EDENS", "PROJECTTYPE": "Residential", "TYPE_SQFT": null, "UNITS": 430.0, "UNIT_TYPE": "R", "ESTVALUEINMILLION": 150000000.0, "ESTDELIVERY": null, "STATUS": "Under Construction", "LATITUDE": null, "LONGITUDE": null, "REPORT_EDITION_YEAR": "2016-2019", "ARCHITECT": "Shalom Baranes Associates", "CREATED_USER": null, "CREATED_DATE": null, "LAST_EDITED_USER": "SDE", "LAST_EDITED_DATE": "2025-10-16T20:12:51Z", "GLOBALID": "{63349426-6C11-4804-989F-4C12EF55A9EE}" }, "geometry": null },
{ "type": "Feature", "properties": { "OBJECTID": 320, "PROJECTNAME": "Camden NoMa (Ph II)", "WARD": "6", "LOCATION": "61 Pierce St., NE", "DEVELOPER": "Camden Property Trust", "PROJECTTYPE": "Residential", "TYPE_SQFT": null, "UNITS": 405.0, "UNIT_TYPE": "R", "ESTVALUEINMILLION": 130000000.0, "ESTDELIVERY": null, "STATUS": "Under Construction", "LATITUDE": null, "LONGITUDE": null, "REPORT_EDITION_YEAR": "2016-2019", "ARCHITECT": "WDG Architecture", "CREATED_USER": null, "CREATED_DATE": null, "LAST_EDITED_USER": "SDE", "LAST_EDITED_DATE": "2025-10-16T20:12:51Z", "GLOBALID": "{ACCB99E5-F5C5-4C5B-8134-DEABF5CF0617}" }, "geometry": null },
{ "type": "Feature", "properties": { "OBJECTID": 321, "PROJECTNAME": "909 Half Street", "WARD": "6", "LOCATION": "20 K St., SE", "DEVELOPER": "Ruben Companies / Related Companies", "PROJECTTYPE": "Residential", "TYPE_SQFT": null, "UNITS": 383.0, "UNIT_TYPE": "R", "ESTVALUEINMILLION": 100000000.0, "ESTDELIVERY": null, "STATUS": "Under Construction", "LATITUDE": null, "LONGITUDE": null, "REPORT_EDITION_YEAR": "2016-2019", "ARCHITECT": "Davis, Carter, Scott / Morris Adjmi Architects", "CREATED_USER": null, "CREATED_DATE": null, "LAST_EDITED_USER": "SDE", "LAST_EDITED_DATE": "2025-10-16T20:12:51Z", "GLOBALID": "{AA6F14E5-FC92-46F5-B813-23769D62ABD7}" }, "geometry": null },
{ "type": "Feature", "properties": { "OBJECTID": 322, "PROJECTNAME": "Eliot on 4th", "WARD": "6", "LOCATION": "1001 4th St., SW", "DEVELOPER": "Forest City Washington / Vornado Realty Trust", "PROJECTTYPE": "Residential", "TYPE_SQFT": null, "UNITS": 365.0, "UNIT_TYPE": "R", "ESTVALUEINMILLION": 100000000.0, "ESTDELIVERY": null, "STATUS": "Under Construction", "LATITUDE": null, "LONGITUDE": null, "REPORT_EDITION_YEAR": "2016-2019", "ARCHITECT": "Perkins Eastman DC", "CREATED_USER": null, "CREATED_DATE": null, "LAST_EDITED_USER": "SDE", "LAST_EDITED_DATE": "2025-10-16T20:12:51Z", "GLOBALID": "{56F21E89-8166-4313-A0DD-0B0E0819467F}" }, "geometry": null },
{ "type": "Feature", "properties": { "OBJECTID": 323, "PROJECTNAME": "33 N Street", "WARD": "6", "LOCATION": "33 N St., NE", "DEVELOPER": "Wood Partners", "PROJECTTYPE": "Residential", "TYPE_SQFT": null, "UNITS": 346.0, "UNIT_TYPE": "R", "ESTVALUEINMILLION": 150000000.0, "ESTDELIVERY": null, "STATUS": "Under Construction", "LATITUDE": null, "LONGITUDE": null, "REPORT_EDITION_YEAR": "2016-2019", "ARCHITECT": "Hickok Cole Architects", "CREATED_USER": null, "CREATED_DATE": null, "LAST_EDITED_USER": "SDE", "LAST_EDITED_DATE": "2025-10-16T20:12:51Z", "GLOBALID": "{04DD96F9-5B0B-42DF-B7FB-81668F940A65}" }, "geometry": null },
{ "type": "Feature", "properties": { "OBJECTID": 324, "PROJECTNAME": "Agora", "WARD": "6", "LOCATION": "800 New Jersey Ave., SE", "DEVELOPER": "WC Smith", "PROJECTTYPE": "Residential", "TYPE_SQFT": null, "UNITS": 334.0, "UNIT_TYPE": "R", "ESTVALUEINMILLION": 141000000.0, "ESTDELIVERY": null, "STATUS": "Under Construction", "LATITUDE": null, "LONGITUDE": null, "REPORT_EDITION_YEAR": "2016-2019", "ARCHITECT": "SK+I Architectural Design Group", "CREATED_USER": null, "CREATED_DATE": null, "LAST_EDITED_USER": "SDE", "LAST_EDITED_DATE": "2025-10-16T20:12:51Z", "GLOBALID": "{4367F198-7702-49E1-9533-F24C7B13A64A}" }, "geometry": null },
{ "type": "Feature", "properties": { "OBJECTID": 325, "PROJECTNAME": "F1rst", "WARD": "6", "LOCATION": "1st & N Streets, SE", "DEVELOPER": "McCaffery Interests / Grosvenor Americas / Clark Enterprises Inc.", "PROJECTTYPE": "Hospitality", "TYPE_SQFT": 127200.0, "UNITS": 170.0, "UNIT_TYPE": null, "ESTVALUEINMILLION": 150000000.0, "ESTDELIVERY": "Q2 17", "STATUS": "Completed", "LATITUDE": null, "LONGITUDE": null, "REPORT_EDITION_YEAR": "2016-2019", "ARCHITECT": "Hickok Cole Architects ", "CREATED_USER": null, "CREATED_DATE": null, "LAST_EDITED_USER": "SDE", "LAST_EDITED_DATE": "2025-10-16T20:10:22Z", "GLOBALID": "{F9D85D61-1A21-4855-A179-2F7CCC6FF5DC}" }, "geometry": null },
{ "type": "Feature", "properties": { "OBJECTID": 326, "PROJECTNAME": "Pod Hotel", "WARD": "2", "LOCATION": "627 - 631 H Street, NW", "DEVELOPER": "Modus Hotels / Monument Realty / Cafritz Interests", "PROJECTTYPE": "Hospitality", "TYPE_SQFT": 61400.0, "UNITS": 245.0, "UNIT_TYPE": null, "ESTVALUEINMILLION": 60000000.0, "ESTDELIVERY": "Q1 17", "STATUS": "Completed", "LATITUDE": null, "LONGITUDE": null, "REPORT_EDITION_YEAR": "2016-2019", "ARCHITECT": "Davis, Carter, Scott", "CREATED_USER": null, "CREATED_DATE": null, "LAST_EDITED_USER": "SDE", "LAST_EDITED_DATE": "2025-10-16T20:10:22Z", "GLOBALID": "{C50B61B6-DBF4-4B61-9292-F9789711BD15}" }, "geometry": null },
{ "type": "Feature", "properties": { "OBJECTID": 327, "PROJECTNAME": "Hotel Hive", "WARD": "2", "LOCATION": "2224 F St., NW", "DEVELOPER": "Abdo Development", "PROJECTTYPE": "Hospitality", "TYPE_SQFT": 25000.0, "UNITS": 83.0, "UNIT_TYPE": null, "ESTVALUEINMILLION": 0.0, "ESTDELIVERY": "Q1 17", "STATUS": "Completed", "LATITUDE": null, "LONGITUDE": null, "REPORT_EDITION_YEAR": "2016-2019", "ARCHITECT": "Abdo Development / Akseizer Design Group", "CREATED_USER": null, "CREATED_DATE": null, "LAST_EDITED_USER": "SDE", "LAST_EDITED_DATE": "2025-10-16T20:10:22Z", "GLOBALID": "{7744DEC9-29C2-4608-B773-D60AEAF6EAAF}" }, "geometry": null },
{ "type": "Feature", "properties": { "OBJECTID": 328, "PROJECTNAME": "CityCenterDC (Conrad Hotel)", "WARD": "2", "LOCATION": "950 New York Avenue, NW", "DEVELOPER": "Hines / Qatari Diar", "PROJECTTYPE": "Hospitality", "TYPE_SQFT": 358000.0, "UNITS": 360.0, "UNIT_TYPE": null, "ESTVALUEINMILLION": 270000000.0, "ESTDELIVERY": "Q1 19", "STATUS": "Under Construction", "LATITUDE": null, "LONGITUDE": null, "REPORT_EDITION_YEAR": "2016-2019", "ARCHITECT": "Herzog & de Meuron / HKS PC", "CREATED_USER": null, "CREATED_DATE": null, "LAST_EDITED_USER": "SDE", "LAST_EDITED_DATE": "2025-10-16T20:10:22Z", "GLOBALID": "{A56112C9-2949-4026-998B-540F2C68A148}" }, "geometry": null },
{ "type": "Feature", "properties": { "OBJECTID": 329, "PROJECTNAME": "Columbia Place", "WARD": "2", "LOCATION": "901 L Street, NW", "DEVELOPER": "Quadrangle Dev. / Capstone Dev. / Marriott", "PROJECTTYPE": "Hospitality", "TYPE_SQFT": 350000.0, "UNITS": 504.0, "UNIT_TYPE": null, "ESTVALUEINMILLION": 225000000.0, "ESTDELIVERY": "Q4 18", "STATUS": "Under Construction", "LATITUDE": null, "LONGITUDE": null, "REPORT_EDITION_YEAR": "2016-2019", "ARCHITECT": "Cooper Carry", "CREATED_USER": null, "CREATED_DATE": null, "LAST_EDITED_USER": "SDE", "LAST_EDITED_DATE": "2025-10-16T20:10:22Z", "GLOBALID": "{0FF983CE-33B5-4209-AD11-84996853DCF3}" }, "geometry": null },
{ "type": "Feature", "properties": { "OBJECTID": 330, "PROJECTNAME": "W Hotel", "WARD": "2", "LOCATION": "515 15th Street, NW", "DEVELOPER": "Marriott", "PROJECTTYPE": "Hospitality", "TYPE_SQFT": 187000.0, "UNITS": 325.0, "UNIT_TYPE": null, "ESTVALUEINMILLION": 50000000.0, "ESTDELIVERY": "Q1 19", "STATUS": "Under Construction", "LATITUDE": null, "LONGITUDE": null, "REPORT_EDITION_YEAR": "2016-2019", "ARCHITECT": "Perkins Eastman DC / Studio GAIA", "CREATED_USER": null, "CREATED_DATE": null, "LAST_EDITED_USER": "SDE", "LAST_EDITED_DATE": "2025-10-16T20:10:22Z", "GLOBALID": "{4D6489E4-4A02-49E5-AD23-CFAB2CE0A023}" }, "geometry": null },
{ "type": "Feature", "properties": { "OBJECTID": 331, "PROJECTNAME": "International Spy Museum", "WARD": "6", "LOCATION": "900 L'Enfant Plaza, SW", "DEVELOPER": "JBG Smith", "PROJECTTYPE": "Hospitality", "TYPE_SQFT": 140000.0, "UNITS": null, "UNIT_TYPE": null, "ESTVALUEINMILLION": 162000000.0, "ESTDELIVERY": "Q1 19", "STATUS": "Under Construction", "LATITUDE": null, "LONGITUDE": null, "REPORT_EDITION_YEAR": "2016-2019", "ARCHITECT": "Hickok Cole Architects / Rogers Stirk Harbour + Partners", "CREATED_USER": null, "CREATED_DATE": null, "LAST_EDITED_USER": "SDE", "LAST_EDITED_DATE": "2025-10-16T20:10:22Z", "GLOBALID": "{60DA38CE-0673-4AA4-A3BA-6BE2C86CAA88}" }, "geometry": null },
{ "type": "Feature", "properties": { "OBJECTID": 332, "PROJECTNAME": "555 E Street", "WARD": "6", "LOCATION": "555 E Street, SW", "DEVELOPER": "CityPartners / Potomac Investment Properties / Adams Investment Group / Paramount Dev. / DC Strategy Group", "PROJECTTYPE": "Hospitality", "TYPE_SQFT": 130000.0, "UNITS": 252.0, "UNIT_TYPE": null, "ESTVALUEINMILLION": 120000000.0, "ESTDELIVERY": "Q2 20", "STATUS": "Under Construction", "LATITUDE": null, "LONGITUDE": null, "REPORT_EDITION_YEAR": "2016-2019", "ARCHITECT": "Fxfowle Architects", "CREATED_USER": null, "CREATED_DATE": null, "LAST_EDITED_USER": "SDE", "LAST_EDITED_DATE": "2025-10-16T20:10:22Z", "GLOBALID": "{BC51140C-0215-44AF-8086-DC62032E166E}" }, "geometry": null },
{ "type": "Feature", "properties": { "OBJECTID": 333, "PROJECTNAME": "Entertainment and Sports Arena", "WARD": "8", "LOCATION": "1110 Oak Drive, SE", "DEVELOPER": "Events DC / DC Government", "PROJECTTYPE": "Hospitality", "TYPE_SQFT": 116500.0, "UNITS": null, "UNIT_TYPE": null, "ESTVALUEINMILLION": 68000000.0, "ESTDELIVERY": "Q4 18", "STATUS": "Under Construction", "LATITUDE": null, "LONGITUDE": null, "REPORT_EDITION_YEAR": "2016-2019", "ARCHITECT": "Michael Marshall Design / ROSSETTI", "CREATED_USER": null, "CREATED_DATE": null, "LAST_EDITED_USER": "SDE", "LAST_EDITED_DATE": "2025-10-16T20:10:22Z", "GLOBALID": "{C44058EB-199A-4CCF-9250-5A380EED9652}" }, "geometry": null },
{ "type": "Feature", "properties": { "OBJECTID": 334, "PROJECTNAME": "Thompson D.C. Hotel", "WARD": "6", "LOCATION": "227 Tingey Street, SE", "DEVELOPER": "Forest City / JW Capital Partners / Geolo Capital", "PROJECTTYPE": "Hospitality", "TYPE_SQFT": 114800.0, "UNITS": 225.0, "UNIT_TYPE": null, "ESTVALUEINMILLION": 0.0, "ESTDELIVERY": "Q4 20", "STATUS": "Under Construction", "LATITUDE": null, "LONGITUDE": null, "REPORT_EDITION_YEAR": "2016-2019", "ARCHITECT": "Studios Architecture", "CREATED_USER": null, "CREATED_DATE": null, "LAST_EDITED_USER": "SDE", "LAST_EDITED_DATE": "2025-10-16T20:10:22Z", "GLOBALID": "{AAE863E5-512C-40D1-8ABA-3B4EAB44DE84}" }, "geometry": null },
{ "type": "Feature", "properties": { "OBJECTID": 335, "PROJECTNAME": "Moxy Hotel", "WARD": "2", "LOCATION": "1011 K St., NW", "DEVELOPER": "Douglas Development Corporation", "PROJECTTYPE": "Hospitality", "TYPE_SQFT": 64988.0, "UNITS": 200.0, "UNIT_TYPE": null, "ESTVALUEINMILLION": 35000000.0, "ESTDELIVERY": "Q4 18", "STATUS": "Under Construction", "LATITUDE": null, "LONGITUDE": null, "REPORT_EDITION_YEAR": "2016-2019", "ARCHITECT": "FILLAT + Architecture ", "CREATED_USER": null, "CREATED_DATE": null, "LAST_EDITED_USER": "SDE", "LAST_EDITED_DATE": "2025-10-16T20:10:22Z", "GLOBALID": "{43BBA6B9-566E-4675-929E-38A8AA078E10}" }, "geometry": null },
{ "type": "Feature", "properties": { "OBJECTID": 336, "PROJECTNAME": "The Reach", "WARD": "2", "LOCATION": "2700 F Street, NW", "DEVELOPER": "John F. Kennedy Center for the Performing Arts", "PROJECTTYPE": "Hospitality", "TYPE_SQFT": 72000.0, "UNITS": null, "UNIT_TYPE": null, "ESTVALUEINMILLION": 175000000.0, "ESTDELIVERY": "Q3 19", "STATUS": "Under Construction", "LATITUDE": null, "LONGITUDE": null, "REPORT_EDITION_YEAR": "2016-2019", "ARCHITECT": "Steven Holl Architects", "CREATED_USER": null, "CREATED_DATE": null, "LAST_EDITED_USER": "SDE", "LAST_EDITED_DATE": "2025-10-16T20:10:22Z", "GLOBALID": "{2601A7D4-990D-4C8E-BBC5-E6F18C2E3899}" }, "geometry": null },
{ "type": "Feature", "properties": { "OBJECTID": 337, "PROJECTNAME": "National Air and Space Museum", "WARD": "2", "LOCATION": "The National Mall", "DEVELOPER": "Smithsonian", "PROJECTTYPE": "Hospitality", "TYPE_SQFT": 687000.0, "UNITS": null, "UNIT_TYPE": null, "ESTVALUEINMILLION": 976000000.0, "ESTDELIVERY": "2025", "STATUS": "Pipeline", "LATITUDE": null, "LONGITUDE": null, "REPORT_EDITION_YEAR": "2016-2019", "ARCHITECT": "Quinn Evans Architects", "CREATED_USER": null, "CREATED_DATE": null, "LAST_EDITED_USER": "SDE", "LAST_EDITED_DATE": "2025-10-16T20:10:22Z", "GLOBALID": "{028AF8AA-8BF7-476B-8056-1E9C2F682D60}" }, "geometry": null },
{ "type": "Feature", "properties": { "OBJECTID": 338, "PROJECTNAME": "Storey Park", "WARD": "6", "LOCATION": "1005 1st Street, NE", "DEVELOPER": "Perseus Realty / Four Points / Greencourt Capital", "PROJECTTYPE": "Hospitality", "TYPE_SQFT": 184436.0, "UNITS": 235.0, "UNIT_TYPE": null, "ESTVALUEINMILLION": 330000000.0, "ESTDELIVERY": "2021", "STATUS": "Pipeline", "LATITUDE": null, "LONGITUDE": null, "REPORT_EDITION_YEAR": "2016-2019", "ARCHITECT": "HKS PC", "CREATED_USER": null, "CREATED_DATE": null, "LAST_EDITED_USER": "SDE", "LAST_EDITED_DATE": "2025-10-16T20:10:22Z", "GLOBALID": "{38C345D5-1D43-47BA-BBC9-EFF6CEB04FF0}" }, "geometry": null },
{ "type": "Feature", "properties": { "OBJECTID": 339, "PROJECTNAME": "411 New York Avenue", "WARD": "5", "LOCATION": "411 New York Avenue, NE", "DEVELOPER": "Brook Rose Development / D.B. Lee Development Inc.", "PROJECTTYPE": "Hospitality", "TYPE_SQFT": 111440.0, "UNITS": 178.0, "UNIT_TYPE": null, "ESTVALUEINMILLION": 0.0, "ESTDELIVERY": "N/A", "STATUS": "Pipeline", "LATITUDE": null, "LONGITUDE": null, "REPORT_EDITION_YEAR": "2016-2019", "ARCHITECT": "BBGM", "CREATED_USER": null, "CREATED_DATE": null, "LAST_EDITED_USER": "SDE", "LAST_EDITED_DATE": "2025-10-16T20:10:22Z", "GLOBALID": "{3B89BAE8-C666-41D4-A806-2E0C705F2D6C}" }, "geometry": null },
{ "type": "Feature", "properties": { "OBJECTID": 340, "PROJECTNAME": "3900 Wisconsin Avenue", "WARD": "3", "LOCATION": "3900 Wisconsin Avenue, NW", "DEVELOPER": "Roadside Development / Sekisui House", "PROJECTTYPE": "Hospitality", "TYPE_SQFT": 100000.0, "UNITS": 150.0, "UNIT_TYPE": null, "ESTVALUEINMILLION": 0.0, "ESTDELIVERY": "2022", "STATUS": "Pipeline", "LATITUDE": null, "LONGITUDE": null, "REPORT_EDITION_YEAR": "2016-2019", "ARCHITECT": "Shalom Baranes Associates", "CREATED_USER": null, "CREATED_DATE": null, "LAST_EDITED_USER": "SDE", "LAST_EDITED_DATE": "2025-10-16T20:10:22Z", "GLOBALID": "{B2718EA3-55A0-4459-A047-E7DDDB930380}" }, "geometry": null },
{ "type": "Feature", "properties": { "OBJECTID": 341, "PROJECTNAME": "601 K Street", "WARD": "6", "LOCATION": "601 K Street, NW", "DEVELOPER": "Douglas Development Corporation", "PROJECTTYPE": "Hospitality", "TYPE_SQFT": 96755.0, "UNITS": 234.0, "UNIT_TYPE": null, "ESTVALUEINMILLION": 47000000.0, "ESTDELIVERY": "2020", "STATUS": "Pipeline", "LATITUDE": null, "LONGITUDE": null, "REPORT_EDITION_YEAR": "2016-2019", "ARCHITECT": "FILLAT + Architecture ", "CREATED_USER": null, "CREATED_DATE": null, "LAST_EDITED_USER": "SDE", "LAST_EDITED_DATE": "2025-10-16T20:10:22Z", "GLOBALID": "{32EED08C-63A0-4354-8C67-E61C574B39E1}" }, "geometry": null },
{ "type": "Feature", "properties": { "OBJECTID": 342, "PROJECTNAME": "Cambria Hotel & Suites", "WARD": "6", "LOCATION": "1535 Half St., SW", "DEVELOPER": "Donohoe Companies ", "PROJECTTYPE": "Hospitality", "TYPE_SQFT": 81000.0, "UNITS": 154.0, "UNIT_TYPE": null, "ESTVALUEINMILLION": 0.0, "ESTDELIVERY": "2022", "STATUS": "Pipeline", "LATITUDE": null, "LONGITUDE": null, "REPORT_EDITION_YEAR": "2016-2019", "ARCHITECT": "BBGM", "CREATED_USER": null, "CREATED_DATE": null, "LAST_EDITED_USER": "SDE", "LAST_EDITED_DATE": "2025-10-16T20:10:22Z", "GLOBALID": "{4A5CD5A2-43E3-43E3-A065-16D993E357A0}" }, "geometry": null },
{ "type": "Feature", "properties": { "OBJECTID": 343, "PROJECTNAME": "Press House at Union District", "WARD": "6", "LOCATION": "301 N Street, NE", "DEVELOPER": "Foulger-Pratt", "PROJECTTYPE": "Hospitality", "TYPE_SQFT": 80366.0, "UNITS": 175.0, "UNIT_TYPE": null, "ESTVALUEINMILLION": 180000000.0, "ESTDELIVERY": "2020", "STATUS": "Pipeline", "LATITUDE": null, "LONGITUDE": null, "REPORT_EDITION_YEAR": "2016-2019", "ARCHITECT": "AA Studio / Torti Gallas and Partners", "CREATED_USER": null, "CREATED_DATE": null, "LAST_EDITED_USER": "SDE", "LAST_EDITED_DATE": "2025-10-16T20:10:22Z", "GLOBALID": "{31EAC015-3046-4C7B-A599-EBB660901550}" }, "geometry": null },
{ "type": "Feature", "properties": { "OBJECTID": 344, "PROJECTNAME": "The Wharf (Phase II)", "WARD": "6", "LOCATION": "Southwest Waterfront", "DEVELOPER": "Hoffman-Madison Waterfront", "PROJECTTYPE": "Hospitality", "TYPE_SQFT": 80000.0, "UNITS": 116.0, "UNIT_TYPE": null, "ESTVALUEINMILLION": 1200000000.0, "ESTDELIVERY": "2022", "STATUS": "Pipeline", "LATITUDE": null, "LONGITUDE": null, "REPORT_EDITION_YEAR": "2016-2019", "ARCHITECT": "ODA Architecture / WDG Architecture / Rafael Vinoly Architects PC / Morris Adjmi Architects / Studios Architecture / Hollwich Kushner / Perkins Eastman DC / SHoP", "CREATED_USER": null, "CREATED_DATE": null, "LAST_EDITED_USER": "SDE", "LAST_EDITED_DATE": "2025-10-16T20:10:22Z", "GLOBALID": "{8C25C836-A253-45F0-8FF6-998D3799E7E2}" }, "geometry": null },
{ "type": "Feature", "properties": { "OBJECTID": 345, "PROJECTNAME": "Eckington Yards", "WARD": "5", "LOCATION": "1625 Eckington Place & 1500 Harry Thomas Way, NE", "DEVELOPER": "JBG Smith / The Boundary Companies", "PROJECTTYPE": "Retail", "TYPE_SQFT": 67264.0, "UNITS": null, "UNIT_TYPE": null, "ESTVALUEINMILLION": null, "ESTDELIVERY": "2020", "STATUS": "Pipeline", "LATITUDE": null, "LONGITUDE": null, "REPORT_EDITION_YEAR": "2016-2019", "ARCHITECT": "Eric Colbert & Associates, PC", "CREATED_USER": null, "CREATED_DATE": null, "LAST_EDITED_USER": "SDE", "LAST_EDITED_DATE": "2025-10-16T20:13:28Z", "GLOBALID": "{111E33BA-632A-410C-A8F4-70C4A1F67D82}" }, "geometry": null },
{ "type": "Feature", "properties": { "OBJECTID": 346, "PROJECTNAME": "200 Massachusetts Avenue", "WARD": "2", "LOCATION": "200 Massachusetts Ave., NW", "DEVELOPER": "Property Group Partners / Center Place Holdings", "PROJECTTYPE": "Office", "TYPE_SQFT": 381746.0, "UNITS": null, "UNIT_TYPE": null, "ESTVALUEINMILLION": 200000000.0, "ESTDELIVERY": null, "STATUS": "Under Construction", "LATITUDE": null, "LONGITUDE": null, "REPORT_EDITION_YEAR": "2016-2019", "ARCHITECT": "Kevin Roche John Dinkeloo & Associates LLC", "CREATED_USER": null, "CREATED_DATE": null, "LAST_EDITED_USER": "SDE", "LAST_EDITED_DATE": "2025-10-16T20:11:02Z", "GLOBALID": "{EBF43FEA-EBE7-4CDD-9B1B-67451A4F5BC8}" }, "geometry": null },
{ "type": "Feature", "properties": { "OBJECTID": 347, "PROJECTNAME": "600 Massachusetts Avenue", "WARD": "2", "LOCATION": "600 Massachusetts Ave., NW", "DEVELOPER": "Gould Property Company / Oxford Properties Group", "PROJECTTYPE": "Office", "TYPE_SQFT": 381592.0, "UNITS": null, "UNIT_TYPE": null, "ESTVALUEINMILLION": 206000000.0, "ESTDELIVERY": null, "STATUS": "Under Construction", "LATITUDE": null, "LONGITUDE": null, "REPORT_EDITION_YEAR": "2016-2019", "ARCHITECT": "CORE", "CREATED_USER": null, "CREATED_DATE": null, "LAST_EDITED_USER": "SDE", "LAST_EDITED_DATE": "2025-10-16T20:11:02Z", "GLOBALID": "{773A89DF-F778-4210-B99E-08559EF02E15}" }, "geometry": null },
{ "type": "Feature", "properties": { "OBJECTID": 348, "PROJECTNAME": "Harry S. Truman Building Modernization (Ph IC)", "WARD": "2", "LOCATION": "2201 C St., NW", "DEVELOPER": "General Services Administration", "PROJECTTYPE": "Office", "TYPE_SQFT": 290536.0, "UNITS": null, "UNIT_TYPE": null, "ESTVALUEINMILLION": 97000000.0, "ESTDELIVERY": null, "STATUS": "Under Construction", "LATITUDE": null, "LONGITUDE": null, "REPORT_EDITION_YEAR": "2016-2019", "ARCHITECT": "Westlake Reed Leskosky", "CREATED_USER": null, "CREATED_DATE": null, "LAST_EDITED_USER": "SDE", "LAST_EDITED_DATE": "2025-10-16T20:11:02Z", "GLOBALID": "{D5365C17-C6CF-4A95-ACEB-D1C710DF89E9}" }, "geometry": null },
{ "type": "Feature", "properties": { "OBJECTID": 349, "PROJECTNAME": "The Shay", "WARD": "1", "LOCATION": "1921 & 1924 8th St., NW", "DEVELOPER": "The JBG Companies", "PROJECTTYPE": "Residential", "TYPE_SQFT": null, "UNITS": 242.0, "UNIT_TYPE": "R", "ESTVALUEINMILLION": 50000000.0, "ESTDELIVERY": null, "STATUS": "Completed", "LATITUDE": null, "LONGITUDE": null, "REPORT_EDITION_YEAR": "2016-2019", "ARCHITECT": "Miller Hull / BKV Group", "CREATED_USER": null, "CREATED_DATE": null, "LAST_EDITED_USER": "SDE", "LAST_EDITED_DATE": "2025-10-16T20:12:51Z", "GLOBALID": "{FF137EE7-98DA-4B24-8D28-A0D755218045}" }, "geometry": null },
{ "type": "Feature", "properties": { "OBJECTID": 350, "PROJECTNAME": "Murch Elementary School", "WARD": "3", "LOCATION": "4810 36th St., NW", "DEVELOPER": "DC Public Schools / Department of General Services", "PROJECTTYPE": "Education", "TYPE_SQFT": 112700.0, "UNITS": null, "UNIT_TYPE": null, "ESTVALUEINMILLION": 83000000.0, "ESTDELIVERY": "2018", "STATUS": "Pipeline", "LATITUDE": null, "LONGITUDE": null, "REPORT_EDITION_YEAR": "2016-2019", "ARCHITECT": "R. McGhee & Associates / Hord Coplan Macht Inc", "CREATED_USER": null, "CREATED_DATE": null, "LAST_EDITED_USER": "SDE", "LAST_EDITED_DATE": "2025-10-16T20:09:37Z", "GLOBALID": "{3DBC68D5-BAC0-4E0C-8B3C-6A194A449A68}" }, "geometry": null },
{ "type": "Feature", "properties": { "OBJECTID": 351, "PROJECTNAME": "Garrison Elementary School", "WARD": "2", "LOCATION": "1200 S St., NW", "DEVELOPER": "DC Public Schools / Department of General Services", "PROJECTTYPE": "Education", "TYPE_SQFT": 60200.0, "UNITS": null, "UNIT_TYPE": null, "ESTVALUEINMILLION": 24000000.0, "ESTDELIVERY": "2017", "STATUS": "Pipeline", "LATITUDE": null, "LONGITUDE": null, "REPORT_EDITION_YEAR": "2016-2019", "ARCHITECT": "Newman Architects / BELL Architects", "CREATED_USER": null, "CREATED_DATE": null, "LAST_EDITED_USER": "SDE", "LAST_EDITED_DATE": "2025-10-16T20:09:37Z", "GLOBALID": "{9B672113-2890-4369-94DA-FEE99F49CA4C}" }, "geometry": null },
{ "type": "Feature", "properties": { "OBJECTID": 352, "PROJECTNAME": "Hyde-Addison Elementary School Addition", "WARD": "2", "LOCATION": "3246 P St., NW", "DEVELOPER": "DC Public Schools / Department of General Services", "PROJECTTYPE": "Education", "TYPE_SQFT": 30100.0, "UNITS": null, "UNIT_TYPE": null, "ESTVALUEINMILLION": 22000000.0, "ESTDELIVERY": "2018", "STATUS": "Pipeline", "LATITUDE": null, "LONGITUDE": null, "REPORT_EDITION_YEAR": "2016-2019", "ARCHITECT": "BLOC Atlantic / Shinberg Levinas", "CREATED_USER": null, "CREATED_DATE": null, "LAST_EDITED_USER": "SDE", "LAST_EDITED_DATE": "2025-10-16T20:09:37Z", "GLOBALID": "{B4A244C2-1143-4153-A122-FD1EE28EA77D}" }, "geometry": null },
{ "type": "Feature", "properties": { "OBJECTID": 353, "PROJECTNAME": "Eagle Center (Phase III)", "WARD": "8", "LOCATION": "3400 Wheeler Rd., SE", "DEVELOPER": "Eagle Academy Public Charter School", "PROJECTTYPE": "Education", "TYPE_SQFT": 20000.0, "UNITS": null, "UNIT_TYPE": null, "ESTVALUEINMILLION": null, "ESTDELIVERY": null, "STATUS": "Pipeline", "LATITUDE": null, "LONGITUDE": null, "REPORT_EDITION_YEAR": "2016-2019", "ARCHITECT": "Shinberg Levinas", "CREATED_USER": null, "CREATED_DATE": null, "LAST_EDITED_USER": "SDE", "LAST_EDITED_DATE": "2025-10-16T20:09:37Z", "GLOBALID": "{888DEF87-DE92-4AAD-9946-76A293B72A5D}" }, "geometry": null },
{ "type": "Feature", "properties": { "OBJECTID": 354, "PROJECTNAME": "The Watergate", "WARD": "2", "LOCATION": "2650 Virginia Ave., NW", "DEVELOPER": "Euro Capital Properties", "PROJECTTYPE": "Hospitality", "TYPE_SQFT": 277000.0, "UNITS": 336.0, "UNIT_TYPE": null, "ESTVALUEINMILLION": 125000000.0, "ESTDELIVERY": null, "STATUS": "Completed", "LATITUDE": null, "LONGITUDE": null, "REPORT_EDITION_YEAR": "2016-2019", "ARCHITECT": "BBGM", "CREATED_USER": null, "CREATED_DATE": null, "LAST_EDITED_USER": "SDE", "LAST_EDITED_DATE": "2025-10-16T20:10:22Z", "GLOBALID": "{3E003496-9640-4AB1-8E5D-66EED74BE40E}" }, "geometry": null },
{ "type": "Feature", "properties": { "OBJECTID": 355, "PROJECTNAME": "Hyatt Place DC Capitol / National Mall", "WARD": "6", "LOCATION": "400 E St., SW", "DEVELOPER": "DC Strategy Group / Paramount /  CityPartners / Potomac Investment Prop.", "PROJECTTYPE": "Hospitality", "TYPE_SQFT": 170665.0, "UNITS": 214.0, "UNIT_TYPE": null, "ESTVALUEINMILLION": 65000000.0, "ESTDELIVERY": null, "STATUS": "Completed", "LATITUDE": null, "LONGITUDE": null, "REPORT_EDITION_YEAR": "2016-2019", "ARCHITECT": "WDG Arhictecture / Nelson Architects", "CREATED_USER": null, "CREATED_DATE": null, "LAST_EDITED_USER": "SDE", "LAST_EDITED_DATE": "2025-10-16T20:10:22Z", "GLOBALID": "{7DF22AD4-C4D6-4F71-8366-1A5F6388E6CF}" }, "geometry": null },
{ "type": "Feature", "properties": { "OBJECTID": 356, "PROJECTNAME": "Homewood Suites & Hampton Inn", "WARD": "5", "LOCATION": "501 New York Ave., NE", "DEVELOPER": "Baywood Hotels", "PROJECTTYPE": "Hospitality", "TYPE_SQFT": 160000.0, "UNITS": 230.0, "UNIT_TYPE": null, "ESTVALUEINMILLION": null, "ESTDELIVERY": null, "STATUS": "Completed", "LATITUDE": null, "LONGITUDE": null, "REPORT_EDITION_YEAR": "2016-2019", "ARCHITECT": "BBGM", "CREATED_USER": null, "CREATED_DATE": null, "LAST_EDITED_USER": "SDE", "LAST_EDITED_DATE": "2025-10-16T20:10:22Z", "GLOBALID": "{98703B27-A587-43B0-8A54-9FCBAF3E5288}" }, "geometry": null },
{ "type": "Feature", "properties": { "OBJECTID": 357, "PROJECTNAME": "Hyatt Place Hotel", "WARD": "2", "LOCATION": "2121 M St., NW", "DEVELOPER": "Renaissance Centro", "PROJECTTYPE": "Hospitality", "TYPE_SQFT": 109000.0, "UNITS": 168.0, "UNIT_TYPE": null, "ESTVALUEINMILLION": 37000000.0, "ESTDELIVERY": null, "STATUS": "Completed", "LATITUDE": null, "LONGITUDE": null, "REPORT_EDITION_YEAR": "2016-2019", "ARCHITECT": "Jonathan Nehmer + Associates, Inc. ", "CREATED_USER": null, "CREATED_DATE": null, "LAST_EDITED_USER": "SDE", "LAST_EDITED_DATE": "2025-10-16T20:10:22Z", "GLOBALID": "{4B8D7C77-28E0-424C-BBA7-E0A7C0F1395C}" }, "geometry": null },
{ "type": "Feature", "properties": { "OBJECTID": 358, "PROJECTNAME": "Hampton Inn & Suites Washington, DC Ballpark", "WARD": "6", "LOCATION": "1265 1st St., SE", "DEVELOPER": "Buccini Pollin Group", "PROJECTTYPE": "Hospitality", "TYPE_SQFT": 98000.0, "UNITS": 168.0, "UNIT_TYPE": null, "ESTVALUEINMILLION": null, "ESTDELIVERY": null, "STATUS": "Completed", "LATITUDE": null, "LONGITUDE": null, "REPORT_EDITION_YEAR": "2016-2019", "ARCHITECT": "BBGM", "CREATED_USER": null, "CREATED_DATE": null, "LAST_EDITED_USER": "SDE", "LAST_EDITED_DATE": "2025-10-16T20:10:22Z", "GLOBALID": "{DD2189AC-EB53-4FA4-B630-DE1D6283C9CA}" }, "geometry": null },
{ "type": "Feature", "properties": { "OBJECTID": 359, "PROJECTNAME": "Capitol Quarter Community Building", "WARD": "6", "LOCATION": "1000 5th St., SE", "DEVELOPER": "DC Housing Authority", "PROJECTTYPE": "Hospitality", "TYPE_SQFT": 21000.0, "UNITS": null, "UNIT_TYPE": null, "ESTVALUEINMILLION": 11000000.0, "ESTDELIVERY": null, "STATUS": "Completed", "LATITUDE": null, "LONGITUDE": null, "REPORT_EDITION_YEAR": "2016-2019", "ARCHITECT": "Torti Gallas and Partners", "CREATED_USER": null, "CREATED_DATE": null, "LAST_EDITED_USER": "SDE", "LAST_EDITED_DATE": "2025-10-16T20:10:22Z", "GLOBALID": "{4C7E900A-F052-4C78-BCE3-A652EACAEFD0}" }, "geometry": null },
{ "type": "Feature", "properties": { "OBJECTID": 360, "PROJECTNAME": "Ridge Road Recreation Center", "WARD": "7", "LOCATION": "800 Ridge Rd., SE", "DEVELOPER": "Department of Parks and Recreation", "PROJECTTYPE": "Hospitality", "TYPE_SQFT": 18000.0, "UNITS": null, "UNIT_TYPE": null, "ESTVALUEINMILLION": 16000000.0, "ESTDELIVERY": null, "STATUS": "Completed", "LATITUDE": null, "LONGITUDE": null, "REPORT_EDITION_YEAR": "2016-2019", "ARCHITECT": "cox graae + spack architects", "CREATED_USER": null, "CREATED_DATE": null, "LAST_EDITED_USER": "SDE", "LAST_EDITED_DATE": "2025-10-16T20:10:22Z", "GLOBALID": "{BAFC6A66-2AAD-4646-ADB3-AD2B0CEDBAE4}" }, "geometry": null },
{ "type": "Feature", "properties": { "OBJECTID": 361, "PROJECTNAME": "900 16th Street", "WARD": "2", "LOCATION": "900 16th St., NW", "DEVELOPER": "The JBG Companies", "PROJECTTYPE": "Hospitality", "TYPE_SQFT": 11722.0, "UNITS": null, "UNIT_TYPE": null, "ESTVALUEINMILLION": null, "ESTDELIVERY": null, "STATUS": "Completed", "LATITUDE": null, "LONGITUDE": null, "REPORT_EDITION_YEAR": "2016-2019", "ARCHITECT": "Cooper Carry", "CREATED_USER": null, "CREATED_DATE": null, "LAST_EDITED_USER": "SDE", "LAST_EDITED_DATE": "2025-10-16T20:10:22Z", "GLOBALID": "{82D3F70C-0687-4BBD-AD2E-33A94FFF2DB2}" }, "geometry": null },
{ "type": "Feature", "properties": { "OBJECTID": 362, "PROJECTNAME": "The Wharf (Ph I)", "WARD": "6", "LOCATION": "Southwest Waterfront", "DEVELOPER": "Hoffman-Madison Waterfront", "PROJECTTYPE": "Hospitality", "TYPE_SQFT": 645500.0, "UNITS": 690.0, "UNIT_TYPE": null, "ESTVALUEINMILLION": 1200000000.0, "ESTDELIVERY": null, "STATUS": "Under Construction", "LATITUDE": null, "LONGITUDE": null, "REPORT_EDITION_YEAR": "2016-2019", "ARCHITECT": "BBGM / Handel Architects / FOX Architects / Kohn Pedersen Fox & Associates / MTFA Architecture / SK+I Architectural Design Group / SmithGroupJJR / WDG Architecture / Perkins Eastman DC", "CREATED_USER": null, "CREATED_DATE": null, "LAST_EDITED_USER": "SDE", "LAST_EDITED_DATE": "2025-10-16T20:10:22Z", "GLOBALID": "{DC70312F-69B5-41A3-A0E0-16DBFBE9B7B8}" }, "geometry": null },
{ "type": "Feature", "properties": { "OBJECTID": 363, "PROJECTNAME": "Museum of the Bible", "WARD": "6", "LOCATION": "300 D St., SW", "DEVELOPER": "Museum of the Bible", "PROJECTTYPE": "Hospitality", "TYPE_SQFT": 430000.0, "UNITS": null, "UNIT_TYPE": null, "ESTVALUEINMILLION": 400000000.0, "ESTDELIVERY": null, "STATUS": "Under Construction", "LATITUDE": null, "LONGITUDE": null, "REPORT_EDITION_YEAR": "2016-2019", "ARCHITECT": "SmithGroupJJR", "CREATED_USER": null, "CREATED_DATE": null, "LAST_EDITED_USER": "SDE", "LAST_EDITED_DATE": "2025-10-16T20:10:22Z", "GLOBALID": "{8E1B60A4-A12D-4291-863E-53BE4D26BB4D}" }, "geometry": null },
{ "type": "Feature", "properties": { "OBJECTID": 364, "PROJECTNAME": "National Museum of African-American History & Culture", "WARD": "2", "LOCATION": "1400 Constitution Ave NW", "DEVELOPER": "Smithsonian Institution", "PROJECTTYPE": "Hospitality", "TYPE_SQFT": 400000.0, "UNITS": null, "UNIT_TYPE": null, "ESTVALUEINMILLION": 385000000.0, "ESTDELIVERY": null, "STATUS": "Under Construction", "LATITUDE": null, "LONGITUDE": null, "REPORT_EDITION_YEAR": "2016-2019", "ARCHITECT": "Davis Brody Bond Aedas LLP / Adjaye Associates / SmithGroupJJR / Freelon Group  ", "CREATED_USER": null, "CREATED_DATE": null, "LAST_EDITED_USER": "SDE", "LAST_EDITED_DATE": "2025-10-16T20:10:22Z", "GLOBALID": "{6CC15E55-A1C4-4B3D-A8E0-0C905EAA136E}" }, "geometry": null },
{ "type": "Feature", "properties": { "OBJECTID": 365, "PROJECTNAME": "CityCenterDC (Conrad Hotel)", "WARD": "2", "LOCATION": "950 New York Ave., NW", "DEVELOPER": "Hines / Qatari Diar", "PROJECTTYPE": "Hospitality", "TYPE_SQFT": 382000.0, "UNITS": 360.0, "UNIT_TYPE": null, "ESTVALUEINMILLION": 270000000.0, "ESTDELIVERY": null, "STATUS": "Under Construction", "LATITUDE": null, "LONGITUDE": null, "REPORT_EDITION_YEAR": "2016-2019", "ARCHITECT": "Herzog & de Meuron / HKS PC", "CREATED_USER": null, "CREATED_DATE": null, "LAST_EDITED_USER": "SDE", "LAST_EDITED_DATE": "2025-10-16T20:10:22Z", "GLOBALID": "{564E1E05-A202-47B9-8B67-4987F2075047}" }, "geometry": null },
{ "type": "Feature", "properties": { "OBJECTID": 366, "PROJECTNAME": "D.C. United Stadium", "WARD": "6", "LOCATION": "100 Potomac Ave., SW", "DEVELOPER": "DC Government / D.C. United", "PROJECTTYPE": "Hospitality", "TYPE_SQFT": 358126.0, "UNITS": null, "UNIT_TYPE": null, "ESTVALUEINMILLION": 287000000.0, "ESTDELIVERY": null, "STATUS": "Under Construction", "LATITUDE": null, "LONGITUDE": null, "REPORT_EDITION_YEAR": "2016-2019", "ARCHITECT": "Populous / Marshall | Moya Design", "CREATED_USER": null, "CREATED_DATE": null, "LAST_EDITED_USER": "SDE", "LAST_EDITED_DATE": "2025-10-16T20:10:22Z", "GLOBALID": "{32329664-2E65-45BA-B90B-59EF25F37653}" }, "geometry": null },
{ "type": "Feature", "properties": { "OBJECTID": 367, "PROJECTNAME": "Columbia Place", "WARD": "2", "LOCATION": "901 L St., NW", "DEVELOPER": "Capstone Development / Marriott / Quadrangle Development", "PROJECTTYPE": "Hospitality", "TYPE_SQFT": 350000.0, "UNITS": 504.0, "UNIT_TYPE": null, "ESTVALUEINMILLION": 225000000.0, "ESTDELIVERY": null, "STATUS": "Under Construction", "LATITUDE": null, "LONGITUDE": null, "REPORT_EDITION_YEAR": "2016-2019", "ARCHITECT": "Cooper Carry", "CREATED_USER": null, "CREATED_DATE": null, "LAST_EDITED_USER": "SDE", "LAST_EDITED_DATE": "2025-10-16T20:10:22Z", "GLOBALID": "{ACA77584-17E5-46DA-8577-10FB16E0D779}" }, "geometry": null },
{ "type": "Feature", "properties": { "OBJECTID": 368, "PROJECTNAME": "The Line DC", "WARD": "1", "LOCATION": "1780 Columbia Rd., NW", "DEVELOPER": "Sydell Group / Foxhall Partners / Friedman Capital Advisors", "PROJECTTYPE": "Hospitality", "TYPE_SQFT": 176671.0, "UNITS": 227.0, "UNIT_TYPE": null, "ESTVALUEINMILLION": 100000000.0, "ESTDELIVERY": null, "STATUS": "Under Construction", "LATITUDE": null, "LONGITUDE": null, "REPORT_EDITION_YEAR": "2016-2019", "ARCHITECT": "OPX", "CREATED_USER": null, "CREATED_DATE": null, "LAST_EDITED_USER": "SDE", "LAST_EDITED_DATE": "2025-10-16T20:10:22Z", "GLOBALID": "{AF242D8B-7BCB-45EE-A4EE-E9A5D1D17CB9}" }, "geometry": null },
{ "type": "Feature", "properties": { "OBJECTID": 369, "PROJECTNAME": "International Spy Museum", "WARD": "6", "LOCATION": "900 L'Enfant Plaza, SW", "DEVELOPER": "The JBG Companies / International Spy Museum", "PROJECTTYPE": "Hospitality", "TYPE_SQFT": 140000.0, "UNITS": null, "UNIT_TYPE": null, "ESTVALUEINMILLION": 162000000.0, "ESTDELIVERY": null, "STATUS": "Under Construction", "LATITUDE": null, "LONGITUDE": null, "REPORT_EDITION_YEAR": "2016-2019", "ARCHITECT": "Hickok Cole Architects / Rogers Stirk Harbour + Partners", "CREATED_USER": null, "CREATED_DATE": null, "LAST_EDITED_USER": "SDE", "LAST_EDITED_DATE": "2025-10-16T20:10:22Z", "GLOBALID": "{085C2EA2-F6FD-46FA-8E80-8B4C24EF0E14}" }, "geometry": null },
{ "type": "Feature", "properties": { "OBJECTID": 370, "PROJECTNAME": "Homewood Suites", "WARD": "6", "LOCATION": "50 M St., SE", "DEVELOPER": "Englewood LLC / C/G Investments", "PROJECTTYPE": "Hospitality", "TYPE_SQFT": 135200.0, "UNITS": 195.0, "UNIT_TYPE": null, "ESTVALUEINMILLION": 60000000.0, "ESTDELIVERY": null, "STATUS": "Under Construction", "LATITUDE": null, "LONGITUDE": null, "REPORT_EDITION_YEAR": "2016-2019", "ARCHITECT": "Cooper Carry", "CREATED_USER": null, "CREATED_DATE": null, "LAST_EDITED_USER": "SDE", "LAST_EDITED_DATE": "2025-10-16T20:10:22Z", "GLOBALID": "{432A94EB-6B45-4596-8F30-6997D5F7C345}" }, "geometry": null },
{ "type": "Feature", "properties": { "OBJECTID": 371, "PROJECTNAME": "SLS Lux Hotel & Residences", "WARD": "6", "LOCATION": "901 5th St., NW", "DEVELOPER": "Peebles Corporation / MacFarlane Partners", "PROJECTTYPE": "Hospitality", "TYPE_SQFT": 137950.0, "UNITS": 198.0, "UNIT_TYPE": null, "ESTVALUEINMILLION": 135000000.0, "ESTDELIVERY": "2019", "STATUS": "Pipeline", "LATITUDE": null, "LONGITUDE": null, "REPORT_EDITION_YEAR": "2016-2019", "ARCHITECT": "WDG Architecture", "CREATED_USER": null, "CREATED_DATE": null, "LAST_EDITED_USER": "SDE", "LAST_EDITED_DATE": "2025-10-16T20:10:22Z", "GLOBALID": "{0E848413-558F-444A-8026-6252EB1ADE1E}" }, "geometry": null },
{ "type": "Feature", "properties": { "OBJECTID": 372, "PROJECTNAME": "555 E Street", "WARD": "6", "LOCATION": "555 E St., SW", "DEVELOPER": "CityPartners / Potomac Investment Prop.", "PROJECTTYPE": "Hospitality", "TYPE_SQFT": 131500.0, "UNITS": 190.0, "UNIT_TYPE": null, "ESTVALUEINMILLION": 120000000.0, "ESTDELIVERY": "2019", "STATUS": "Pipeline", "LATITUDE": null, "LONGITUDE": null, "REPORT_EDITION_YEAR": "2016-2019", "ARCHITECT": "Fxfowle Architects", "CREATED_USER": null, "CREATED_DATE": null, "LAST_EDITED_USER": "SDE", "LAST_EDITED_DATE": "2025-10-16T20:10:22Z", "GLOBALID": "{6A7C9A2E-6F31-49BD-B6FA-D191116E0C18}" }, "geometry": null },
{ "type": "Feature", "properties": { "OBJECTID": 373, "PROJECTNAME": "Latham Hotel", "WARD": "2", "LOCATION": "3000 M St., NW", "DEVELOPER": "Thor Equities", "PROJECTTYPE": "Hospitality", "TYPE_SQFT": 99555.0, "UNITS": 82.0, "UNIT_TYPE": null, "ESTVALUEINMILLION": null, "ESTDELIVERY": "2019", "STATUS": "Pipeline", "LATITUDE": null, "LONGITUDE": null, "REPORT_EDITION_YEAR": "2016-2019", "ARCHITECT": "Shalom Baranes Associates", "CREATED_USER": null, "CREATED_DATE": null, "LAST_EDITED_USER": "SDE", "LAST_EDITED_DATE": "2025-10-16T20:10:22Z", "GLOBALID": "{4AA91CFA-A387-499C-A899-7CB56D88F4FA}" }, "geometry": null },
{ "type": "Feature", "properties": { "OBJECTID": 374, "PROJECTNAME": "Press House at Union District", "WARD": "6", "LOCATION": "301 N St., NE", "DEVELOPER": "Foulger-Pratt", "PROJECTTYPE": "Hospitality", "TYPE_SQFT": 80366.0, "UNITS": 175.0, "UNIT_TYPE": null, "ESTVALUEINMILLION": 150000000.0, "ESTDELIVERY": "2019", "STATUS": "Pipeline", "LATITUDE": null, "LONGITUDE": null, "REPORT_EDITION_YEAR": "2016-2019", "ARCHITECT": "AA Studio / Torti Gallas and Partners", "CREATED_USER": null, "CREATED_DATE": null, "LAST_EDITED_USER": "SDE", "LAST_EDITED_DATE": "2025-10-16T20:10:22Z", "GLOBALID": "{9729DB85-BB50-4D29-AAA2-C76B4BE33D63}" }, "geometry": null },
{ "type": "Feature", "properties": { "OBJECTID": 375, "PROJECTNAME": "ShowPlace Icon", "WARD": "6", "LOCATION": "N Pl. & 1 1/2 St., SE", "DEVELOPER": "Forest City Washington", "PROJECTTYPE": "Hospitality", "TYPE_SQFT": 66400.0, "UNITS": null, "UNIT_TYPE": null, "ESTVALUEINMILLION": null, "ESTDELIVERY": "2018", "STATUS": "Pipeline", "LATITUDE": null, "LONGITUDE": null, "REPORT_EDITION_YEAR": "2016-2019", "ARCHITECT": "RTKL Associates", "CREATED_USER": null, "CREATED_DATE": null, "LAST_EDITED_USER": "SDE", "LAST_EDITED_DATE": "2025-10-16T20:10:22Z", "GLOBALID": "{FB564B8B-3B26-4BD8-952F-0DED7F32886D}" }, "geometry": null },
{ "type": "Feature", "properties": { "OBJECTID": 376, "PROJECTNAME": "Beacon Center", "WARD": "4", "LOCATION": "6100 Georgia Ave., NW", "DEVELOPER": "Community Builders / Emory United Methodist Church", "PROJECTTYPE": "Hospitality", "TYPE_SQFT": 58000.0, "UNITS": null, "UNIT_TYPE": null, "ESTVALUEINMILLION": 36000000.0, "ESTDELIVERY": "2018", "STATUS": "Pipeline", "LATITUDE": null, "LONGITUDE": null, "REPORT_EDITION_YEAR": "2016-2019", "ARCHITECT": "Torti Gallas Urban, Inc.", "CREATED_USER": null, "CREATED_DATE": null, "LAST_EDITED_USER": "SDE", "LAST_EDITED_DATE": "2025-10-16T20:10:22Z", "GLOBALID": "{EB617BED-197A-4788-AB20-A7D2CC40DCF4}" }, "geometry": null },
{ "type": "Feature", "properties": { "OBJECTID": 377, "PROJECTNAME": "Cleveland Park Library", "WARD": "3", "LOCATION": "3310 Connecticut Ave., NW", "DEVELOPER": "DC Public Library", "PROJECTTYPE": "Hospitality", "TYPE_SQFT": 26710.0, "UNITS": null, "UNIT_TYPE": null, "ESTVALUEINMILLION": 20000000.0, "ESTDELIVERY": "2018", "STATUS": "Pipeline", "LATITUDE": null, "LONGITUDE": null, "REPORT_EDITION_YEAR": "2016-2019", "ARCHITECT": "Perkins Eastman DC", "CREATED_USER": null, "CREATED_DATE": null, "LAST_EDITED_USER": "SDE", "LAST_EDITED_DATE": "2025-10-16T20:10:22Z", "GLOBALID": "{43F3A285-B4C2-47D2-8982-55BD1707DBDD}" }, "geometry": null },
{ "type": "Feature", "properties": { "OBJECTID": 378, "PROJECTNAME": "Center Building (DHS HQ)", "WARD": "8", "LOCATION": "St. Elizabeths West Campus", "DEVELOPER": "General Services Administration", "PROJECTTYPE": "Office", "TYPE_SQFT": 284000.0, "UNITS": null, "UNIT_TYPE": null, "ESTVALUEINMILLION": 155000000.0, "ESTDELIVERY": null, "STATUS": "Under Construction", "LATITUDE": null, "LONGITUDE": null, "REPORT_EDITION_YEAR": "2016-2019", "ARCHITECT": "Shalom Baranes Associates", "CREATED_USER": null, "CREATED_DATE": null, "LAST_EDITED_USER": "SDE", "LAST_EDITED_DATE": "2025-10-16T20:11:02Z", "GLOBALID": "{77B1993A-2E05-4C83-A486-353228CA6FC4}" }, "geometry": null },
{ "type": "Feature", "properties": { "OBJECTID": 379, "PROJECTNAME": "One Freedom Plaza", "WARD": "2", "LOCATION": "1301 Pennsylvania Ave., NW", "DEVELOPER": "Quadrangle Development", "PROJECTTYPE": "Office", "TYPE_SQFT": 270040.0, "UNITS": null, "UNIT_TYPE": null, "ESTVALUEINMILLION": null, "ESTDELIVERY": null, "STATUS": "Under Construction", "LATITUDE": null, "LONGITUDE": null, "REPORT_EDITION_YEAR": "2016-2019", "ARCHITECT": "JAHN", "CREATED_USER": null, "CREATED_DATE": null, "LAST_EDITED_USER": "SDE", "LAST_EDITED_DATE": "2025-10-16T20:11:02Z", "GLOBALID": "{76580AE9-DB30-46B3-B8BB-1E995687F1C9}" }, "geometry": null },
{ "type": "Feature", "properties": { "OBJECTID": 380, "PROJECTNAME": "2112 Pennsylvania Avenue", "WARD": "2", "LOCATION": "2110 Pennsylvania Ave., NW", "DEVELOPER": "Skanska / GWU", "PROJECTTYPE": "Office", "TYPE_SQFT": 243500.0, "UNITS": null, "UNIT_TYPE": null, "ESTVALUEINMILLION": 125000000.0, "ESTDELIVERY": null, "STATUS": "Under Construction", "LATITUDE": null, "LONGITUDE": null, "REPORT_EDITION_YEAR": "2016-2019", "ARCHITECT": "Gensler", "CREATED_USER": null, "CREATED_DATE": null, "LAST_EDITED_USER": "SDE", "LAST_EDITED_DATE": "2025-10-16T20:11:02Z", "GLOBALID": "{A1F45E14-25F9-4FF2-BF8A-657C94835A95}" }, "geometry": null },
{ "type": "Feature", "properties": { "OBJECTID": 381, "PROJECTNAME": "44 & 88 M Street at Tyber Place", "WARD": "6", "LOCATION": "44 & 88 M St., NE", "DEVELOPER": "Skanska USA", "PROJECTTYPE": "Office", "TYPE_SQFT": 540100.0, "UNITS": null, "UNIT_TYPE": null, "ESTVALUEINMILLION": 200000000.0, "ESTDELIVERY": null, "STATUS": "Pipeline", "LATITUDE": null, "LONGITUDE": null, "REPORT_EDITION_YEAR": "2016-2019", "ARCHITECT": "Davis, Carter, Scott", "CREATED_USER": null, "CREATED_DATE": null, "LAST_EDITED_USER": "SDE", "LAST_EDITED_DATE": "2025-10-16T20:11:02Z", "GLOBALID": "{7FC5F8EF-8089-40E3-A77D-9FAC125B5E1B}" }, "geometry": null },
{ "type": "Feature", "properties": { "OBJECTID": 382, "PROJECTNAME": "Lacebark Alley", "WARD": "6", "LOCATION": "51 N St., 50 Patterson St. & 1250 1st St., NE", "DEVELOPER": "The JBG Companies / Brandywine Realty Trust", "PROJECTTYPE": "Office", "TYPE_SQFT": 366161.0, "UNITS": null, "UNIT_TYPE": null, "ESTVALUEINMILLION": 275000000.0, "ESTDELIVERY": "2018", "STATUS": "Pipeline", "LATITUDE": null, "LONGITUDE": null, "REPORT_EDITION_YEAR": "2016-2019", "ARCHITECT": "Shalom Baranes Associates / Cooper Carry", "CREATED_USER": null, "CREATED_DATE": null, "LAST_EDITED_USER": "SDE", "LAST_EDITED_DATE": "2025-10-16T20:11:02Z", "GLOBALID": "{30E8576F-307E-4977-8249-85E45477A748}" }, "geometry": null },
{ "type": "Feature", "properties": { "OBJECTID": 383, "PROJECTNAME": "2050 M Street", "WARD": "2", "LOCATION": "2050 M St., NW", "DEVELOPER": "Tishman Speyer", "PROJECTTYPE": "Office", "TYPE_SQFT": 359040.0, "UNITS": null, "UNIT_TYPE": null, "ESTVALUEINMILLION": null, "ESTDELIVERY": "2019", "STATUS": "Pipeline", "LATITUDE": null, "LONGITUDE": null, "REPORT_EDITION_YEAR": "2016-2019", "ARCHITECT": "REX Architecture PC", "CREATED_USER": null, "CREATED_DATE": null, "LAST_EDITED_USER": "SDE", "LAST_EDITED_DATE": "2025-10-16T20:11:02Z", "GLOBALID": "{CABC67D6-7379-4B61-B595-02805325CCAA}" }, "geometry": null },
{ "type": "Feature", "properties": { "OBJECTID": 384, "PROJECTNAME": "Anthem Row", "WARD": "2", "LOCATION": "800 K St., NW", "DEVELOPER": "The Meridian Group", "PROJECTTYPE": "Office", "TYPE_SQFT": 200000.0, "UNITS": null, "UNIT_TYPE": null, "ESTVALUEINMILLION": null, "ESTDELIVERY": null, "STATUS": "Pipeline", "LATITUDE": null, "LONGITUDE": null, "REPORT_EDITION_YEAR": "2016-2019", "ARCHITECT": "Hickok Cole Architects", "CREATED_USER": null, "CREATED_DATE": null, "LAST_EDITED_USER": "SDE", "LAST_EDITED_DATE": "2025-10-16T20:11:02Z", "GLOBALID": "{157998CC-09A4-408A-B8F8-362D6A2EE0FE}" }, "geometry": null },
{ "type": "Feature", "properties": { "OBJECTID": 385, "PROJECTNAME": "2100 L Street", "WARD": "2", "LOCATION": "2100 L St., NW", "DEVELOPER": "Akridge / Argos Group", "PROJECTTYPE": "Office", "TYPE_SQFT": 182000.0, "UNITS": null, "UNIT_TYPE": null, "ESTVALUEINMILLION": 147000000.0, "ESTDELIVERY": "2019", "STATUS": "Pipeline", "LATITUDE": null, "LONGITUDE": null, "REPORT_EDITION_YEAR": "2016-2019", "ARCHITECT": "WDG Architecture / Jan Hendrix / Martinez & Johnson", "CREATED_USER": null, "CREATED_DATE": null, "LAST_EDITED_USER": "SDE", "LAST_EDITED_DATE": "2025-10-16T20:11:02Z", "GLOBALID": "{06FAC113-5F87-4906-853E-B5B06273D701}" }, "geometry": null },
{ "type": "Feature", "properties": { "OBJECTID": 386, "PROJECTNAME": "DC Water HQ", "WARD": "6", "LOCATION": "125 O St., SE", "DEVELOPER": "DC Water", "PROJECTTYPE": "Office", "TYPE_SQFT": 151300.0, "UNITS": null, "UNIT_TYPE": null, "ESTVALUEINMILLION": 60000000.0, "ESTDELIVERY": "2017", "STATUS": "Pipeline", "LATITUDE": null, "LONGITUDE": null, "REPORT_EDITION_YEAR": "2016-2019", "ARCHITECT": "SmithGroupJJR", "CREATED_USER": null, "CREATED_DATE": null, "LAST_EDITED_USER": "SDE", "LAST_EDITED_DATE": "2025-10-16T20:11:02Z", "GLOBALID": "{679C354D-DF99-4F31-88D1-8BFBA605BD77}" }, "geometry": null },
{ "type": "Feature", "properties": { "OBJECTID": 387, "PROJECTNAME": "1101 16th Street", "WARD": "2", "LOCATION": "1101 16th St., NW", "DEVELOPER": "Akridge", "PROJECTTYPE": "Office", "TYPE_SQFT": 100000.0, "UNITS": null, "UNIT_TYPE": null, "ESTVALUEINMILLION": 95000000.0, "ESTDELIVERY": null, "STATUS": "Pipeline", "LATITUDE": null, "LONGITUDE": null, "REPORT_EDITION_YEAR": "2016-2019", "ARCHITECT": "HOK", "CREATED_USER": null, "CREATED_DATE": null, "LAST_EDITED_USER": "SDE", "LAST_EDITED_DATE": "2025-10-16T20:11:02Z", "GLOBALID": "{23903054-9AE5-4277-A0B6-BFD0117C988E}" }, "geometry": null },
{ "type": "Feature", "properties": { "OBJECTID": 388, "PROJECTNAME": "1701 Rhode Island Avenue", "WARD": "2", "LOCATION": "1701 Rhode Island Ave., NW", "DEVELOPER": "Akridge", "PROJECTTYPE": "Office", "TYPE_SQFT": 100000.0, "UNITS": null, "UNIT_TYPE": null, "ESTVALUEINMILLION": 88000000.0, "ESTDELIVERY": "2018", "STATUS": "Pipeline", "LATITUDE": null, "LONGITUDE": null, "REPORT_EDITION_YEAR": "2016-2019", "ARCHITECT": "Hickok Cole Architects", "CREATED_USER": null, "CREATED_DATE": null, "LAST_EDITED_USER": "SDE", "LAST_EDITED_DATE": "2025-10-16T20:11:02Z", "GLOBALID": "{307F2063-7321-40A5-8116-567E55B928ED}" }, "geometry": null },
{ "type": "Feature", "properties": { "OBJECTID": 389, "PROJECTNAME": "Hecht Warehouse District (Hecht Building)", "WARD": "5", "LOCATION": "1401 New York Ave., NE", "DEVELOPER": "Douglas Development Corp.", "PROJECTTYPE": "Retail", "TYPE_SQFT": 201934.0, "UNITS": null, "UNIT_TYPE": null, "ESTVALUEINMILLION": 120000000.0, "ESTDELIVERY": null, "STATUS": "Completed", "LATITUDE": null, "LONGITUDE": null, "REPORT_EDITION_YEAR": "2016-2019", "ARCHITECT": "Antunovich Associates", "CREATED_USER": null, "CREATED_DATE": null, "LAST_EDITED_USER": "SDE", "LAST_EDITED_DATE": "2025-10-16T20:13:28Z", "GLOBALID": "{119D863F-500A-4845-9B5F-8F6E57E05EFE}" }, "geometry": null },
{ "type": "Feature", "properties": { "OBJECTID": 390, "PROJECTNAME": "The Shops at Dakota Crossing  (Lowe's)", "WARD": "5", "LOCATION": "2425 Market St., NE", "DEVELOPER": "Ft. Lincoln New Town Corp. / Trammell Crow / CSG Urban Partners", "PROJECTTYPE": "Retail", "TYPE_SQFT": 130000.0, "UNITS": null, "UNIT_TYPE": null, "ESTVALUEINMILLION": 20000000.0, "ESTDELIVERY": null, "STATUS": "Completed", "LATITUDE": null, "LONGITUDE": null, "REPORT_EDITION_YEAR": "2016-2019", "ARCHITECT": "Bignell Watkins Hasser Architects", "CREATED_USER": null, "CREATED_DATE": null, "LAST_EDITED_USER": "SDE", "LAST_EDITED_DATE": "2025-10-16T20:13:28Z", "GLOBALID": "{34C05461-5448-4C02-81E6-35E7D691847D}" }, "geometry": null },
{ "type": "Feature", "properties": { "OBJECTID": 391, "PROJECTNAME": "Manhattan Laundry", "WARD": "1", "LOCATION": "1328 - 1346 Florida Ave., NW", "DEVELOPER": "Douglas Development Corp.", "PROJECTTYPE": "Retail", "TYPE_SQFT": 30000.0, "UNITS": null, "UNIT_TYPE": null, "ESTVALUEINMILLION": null, "ESTDELIVERY": null, "STATUS": "Completed", "LATITUDE": null, "LONGITUDE": null, "REPORT_EDITION_YEAR": "2016-2019", "ARCHITECT": "BLDG Architects", "CREATED_USER": null, "CREATED_DATE": null, "LAST_EDITED_USER": "SDE", "LAST_EDITED_DATE": "2025-10-16T20:13:28Z", "GLOBALID": "{1726B315-4388-4D9B-B266-BE78D103BADB}" }, "geometry": null },
{ "type": "Feature", "properties": { "OBJECTID": 392, "PROJECTNAME": "The Shay", "WARD": "1", "LOCATION": "1921 & 1924 8th St., NW", "DEVELOPER": "The JBG Companies", "PROJECTTYPE": "Retail", "TYPE_SQFT": 28000.0, "UNITS": null, "UNIT_TYPE": null, "ESTVALUEINMILLION": 50000000.0, "ESTDELIVERY": null, "STATUS": "Completed", "LATITUDE": null, "LONGITUDE": null, "REPORT_EDITION_YEAR": "2016-2019", "ARCHITECT": "Miller Hull / BKV Group", "CREATED_USER": null, "CREATED_DATE": null, "LAST_EDITED_USER": "SDE", "LAST_EDITED_DATE": "2025-10-16T20:13:28Z", "GLOBALID": "{F1881388-351F-4FA8-826D-F1B04DBCDD63}" }, "geometry": null },
{ "type": "Feature", "properties": { "OBJECTID": 393, "PROJECTNAME": "Arris", "WARD": "6", "LOCATION": "1331 4th St., SE", "DEVELOPER": "Forest City Washington", "PROJECTTYPE": "Retail", "TYPE_SQFT": 20000.0, "UNITS": null, "UNIT_TYPE": null, "ESTVALUEINMILLION": 100000000.0, "ESTDELIVERY": null, "STATUS": "Completed", "LATITUDE": null, "LONGITUDE": null, "REPORT_EDITION_YEAR": "2016-2019", "ARCHITECT": "Robert A M Stern Architects / WDG Architecture", "CREATED_USER": null, "CREATED_DATE": null, "LAST_EDITED_USER": "SDE", "LAST_EDITED_DATE": "2025-10-16T20:13:28Z", "GLOBALID": "{8054AFA7-9E0D-4720-B679-86CC102BCA00}" }, "geometry": null },
{ "type": "Feature", "properties": { "OBJECTID": 394, "PROJECTNAME": "Dock 79", "WARD": "6", "LOCATION": "100 Potomac Ave., SE", "DEVELOPER": "MRP Realty / FRP Development Corp.", "PROJECTTYPE": "Retail", "TYPE_SQFT": 18650.0, "UNITS": null, "UNIT_TYPE": null, "ESTVALUEINMILLION": 100000000.0, "ESTDELIVERY": null, "STATUS": "Completed", "LATITUDE": null, "LONGITUDE": null, "REPORT_EDITION_YEAR": "2016-2019", "ARCHITECT": "MRP Realty / FRP Development Corp.", "CREATED_USER": null, "CREATED_DATE": null, "LAST_EDITED_USER": "SDE", "LAST_EDITED_DATE": "2025-10-16T20:13:28Z", "GLOBALID": "{03BE4FEB-8D79-4655-9F80-CFA5240287D7}" }, "geometry": null },
{ "type": "Feature", "properties": { "OBJECTID": 395, "PROJECTNAME": "601 Massachusetts Avenue", "WARD": "6", "LOCATION": "601 Massachusetts Ave., NW", "DEVELOPER": "Boston Properties", "PROJECTTYPE": "Retail", "TYPE_SQFT": 18300.0, "UNITS": null, "UNIT_TYPE": null, "ESTVALUEINMILLION": 150000000.0, "ESTDELIVERY": null, "STATUS": "Completed", "LATITUDE": null, "LONGITUDE": null, "REPORT_EDITION_YEAR": "2016-2019", "ARCHITECT": "Duda Paine Architects", "CREATED_USER": null, "CREATED_DATE": null, "LAST_EDITED_USER": "SDE", "LAST_EDITED_DATE": "2025-10-16T20:13:28Z", "GLOBALID": "{50F005E6-A3AD-4BDC-A731-C1B4C88DE310}" }, "geometry": null },
{ "type": "Feature", "properties": { "OBJECTID": 396, "PROJECTNAME": "Tenley View", "WARD": "3", "LOCATION": "4600 Wisconsin Ave., NW", "DEVELOPER": "Douglas Development Corp.", "PROJECTTYPE": "Retail", "TYPE_SQFT": 17400.0, "UNITS": null, "UNIT_TYPE": null, "ESTVALUEINMILLION": null, "ESTDELIVERY": null, "STATUS": "Completed", "LATITUDE": null, "LONGITUDE": null, "REPORT_EDITION_YEAR": "2016-2019", "ARCHITECT": "Shalom Baranes Associates", "CREATED_USER": null, "CREATED_DATE": null, "LAST_EDITED_USER": "SDE", "LAST_EDITED_DATE": "2025-10-16T20:13:28Z", "GLOBALID": "{59EB731E-1B91-443D-9715-F7A903C596D3}" }, "geometry": null },
{ "type": "Feature", "properties": { "OBJECTID": 397, "PROJECTNAME": "The Wharf (Ph I)", "WARD": "6", "LOCATION": "Southwest Waterfront", "DEVELOPER": "Hoffman-Madison Waterfront", "PROJECTTYPE": "Retail", "TYPE_SQFT": 190000.0, "UNITS": null, "UNIT_TYPE": null, "ESTVALUEINMILLION": 1200000000.0, "ESTDELIVERY": null, "STATUS": "Under Construction", "LATITUDE": null, "LONGITUDE": null, "REPORT_EDITION_YEAR": "2016-2019", "ARCHITECT": "BBGM / Handel Architects / FOX Architects / Kohn Pedersen Fox & Associates / MTFA Architecture / SK+I Architectural Design Group / SmithGroupJJR / WDG Architecture / Perkins Eastman DC", "CREATED_USER": null, "CREATED_DATE": null, "LAST_EDITED_USER": "SDE", "LAST_EDITED_DATE": "2025-10-16T20:13:28Z", "GLOBALID": "{544E031F-C302-43AD-ABF5-DE8EA6BFC7E6}" }, "geometry": null },
{ "type": "Feature", "properties": { "OBJECTID": 398, "PROJECTNAME": "The Shops at Dakota Crossing  (Ph III)", "WARD": "5", "LOCATION": "New York & South Dakota Aves., NE", "DEVELOPER": "Ft. Lincoln New Town Corp. / Trammell Crow / CSG Urban Partners", "PROJECTTYPE": "Retail", "TYPE_SQFT": 135000.0, "UNITS": null, "UNIT_TYPE": null, "ESTVALUEINMILLION": 60000000.0, "ESTDELIVERY": null, "STATUS": "Under Construction", "LATITUDE": null, "LONGITUDE": null, "REPORT_EDITION_YEAR": "2016-2019", "ARCHITECT": "Bignell Watkins Hasser Architects", "CREATED_USER": null, "CREATED_DATE": null, "LAST_EDITED_USER": "SDE", "LAST_EDITED_DATE": "2025-10-16T20:13:28Z", "GLOBALID": "{7BCD4BBB-32E3-4699-B311-63BF79DA508A}" }, "geometry": null },
{ "type": "Feature", "properties": { "OBJECTID": 399, "PROJECTNAME": "ART Place at Fort Totten (Ph I)", "WARD": "5", "LOCATION": "5180 South Dakota Ave., NE", "DEVELOPER": "Morris & Gwendolyn Cafritz Foundation", "PROJECTTYPE": "Retail", "TYPE_SQFT": 104701.0, "UNITS": null, "UNIT_TYPE": null, "ESTVALUEINMILLION": 125000000.0, "ESTDELIVERY": null, "STATUS": "Under Construction", "LATITUDE": null, "LONGITUDE": null, "REPORT_EDITION_YEAR": "2016-2019", "ARCHITECT": "EE&K / MV+A Architects / Shalom Baranes Associates", "CREATED_USER": null, "CREATED_DATE": null, "LAST_EDITED_USER": "SDE", "LAST_EDITED_DATE": "2025-10-16T20:13:28Z", "GLOBALID": "{CE81A1E7-34A1-47AA-9A40-D448A268A50B}" }, "geometry": null },
{ "type": "Feature", "properties": { "OBJECTID": 400, "PROJECTNAME": "Hecht Warehouse District (Pappas Building)", "WARD": "5", "LOCATION": "1401 Okie St., NE", "DEVELOPER": "Douglas Development Corp.", "PROJECTTYPE": "Retail", "TYPE_SQFT": 95335.0, "UNITS": null, "UNIT_TYPE": null, "ESTVALUEINMILLION": 9000000.0, "ESTDELIVERY": null, "STATUS": "Under Construction", "LATITUDE": null, "LONGITUDE": null, "REPORT_EDITION_YEAR": "2016-2019", "ARCHITECT": "Antunovich Associates", "CREATED_USER": null, "CREATED_DATE": null, "LAST_EDITED_USER": "SDE", "LAST_EDITED_DATE": "2025-10-16T20:13:28Z", "GLOBALID": "{8661329F-E895-4D5C-BE4C-BD1EF0DF4641}" }, "geometry": null },
{ "type": "Feature", "properties": { "OBJECTID": 401, "PROJECTNAME": "655 New York Avenue", "WARD": "6", "LOCATION": "655 New York Ave., NW", "DEVELOPER": "Douglas Development Corp. / Brookfield", "PROJECTTYPE": "Retail", "TYPE_SQFT": 80551.0, "UNITS": null, "UNIT_TYPE": null, "ESTVALUEINMILLION": 185000000.0, "ESTDELIVERY": null, "STATUS": "Under Construction", "LATITUDE": null, "LONGITUDE": null, "REPORT_EDITION_YEAR": "2016-2019", "ARCHITECT": "Shalom Baranes Associates", "CREATED_USER": null, "CREATED_DATE": null, "LAST_EDITED_USER": "SDE", "LAST_EDITED_DATE": "2025-10-16T20:13:28Z", "GLOBALID": "{0BB4D33A-3863-4511-B999-B5970C6C529E}" }, "geometry": null },
{ "type": "Feature", "properties": { "OBJECTID": 402, "PROJECTNAME": "700 Penn", "WARD": "6", "LOCATION": "700 Pennsylvania Ave., SE", "DEVELOPER": "Stanton Development / Eastbanc / Dantes Partners", "PROJECTTYPE": "Retail", "TYPE_SQFT": 60000.0, "UNITS": null, "UNIT_TYPE": null, "ESTVALUEINMILLION": 227000000.0, "ESTDELIVERY": null, "STATUS": "Under Construction", "LATITUDE": null, "LONGITUDE": null, "REPORT_EDITION_YEAR": "2016-2019", "ARCHITECT": "Esocoff & Associates Architects", "CREATED_USER": null, "CREATED_DATE": null, "LAST_EDITED_USER": "SDE", "LAST_EDITED_DATE": "2025-10-16T20:13:28Z", "GLOBALID": "{3E76F148-1FC8-4998-B0A6-1D87D0B2F523}" }, "geometry": null },
{ "type": "Feature", "properties": { "OBJECTID": 403, "PROJECTNAME": "Apollo", "WARD": "6", "LOCATION": "610 H St., NE", "DEVELOPER": "Insight Property Group", "PROJECTTYPE": "Retail", "TYPE_SQFT": 59000.0, "UNITS": null, "UNIT_TYPE": null, "ESTVALUEINMILLION": 195000000.0, "ESTDELIVERY": null, "STATUS": "Under Construction", "LATITUDE": null, "LONGITUDE": null, "REPORT_EDITION_YEAR": "2016-2019", "ARCHITECT": "SK+I Architectural Design Group", "CREATED_USER": null, "CREATED_DATE": null, "LAST_EDITED_USER": "SDE", "LAST_EDITED_DATE": "2025-10-16T20:13:28Z", "GLOBALID": "{26885192-7DF8-414B-97A2-3E08AA81A594}" }, "geometry": null },
{ "type": "Feature", "properties": { "OBJECTID": 404, "PROJECTNAME": "Midtown Center", "WARD": "2", "LOCATION": "1150 15th St., NW", "DEVELOPER": "Carr Properties", "PROJECTTYPE": "Retail", "TYPE_SQFT": 40000.0, "UNITS": null, "UNIT_TYPE": null, "ESTVALUEINMILLION": 375000000.0, "ESTDELIVERY": null, "STATUS": "Under Construction", "LATITUDE": null, "LONGITUDE": null, "REPORT_EDITION_YEAR": "2016-2019", "ARCHITECT": "WDG Architecture / SHoP", "CREATED_USER": null, "CREATED_DATE": null, "LAST_EDITED_USER": "SDE", "LAST_EDITED_DATE": "2025-10-16T20:13:28Z", "GLOBALID": "{EBC5DA63-1371-4C2C-8827-A37BDBAABCD1}" }, "geometry": null },
{ "type": "Feature", "properties": { "OBJECTID": 405, "PROJECTNAME": "Agora", "WARD": "6", "LOCATION": "800 New Jersey Ave., SE", "DEVELOPER": "WC Smith", "PROJECTTYPE": "Retail", "TYPE_SQFT": 39000.0, "UNITS": null, "UNIT_TYPE": null, "ESTVALUEINMILLION": 141000000.0, "ESTDELIVERY": null, "STATUS": "Under Construction", "LATITUDE": null, "LONGITUDE": null, "REPORT_EDITION_YEAR": "2016-2019", "ARCHITECT": "SK+I Architectural Design Group", "CREATED_USER": null, "CREATED_DATE": null, "LAST_EDITED_USER": "SDE", "LAST_EDITED_DATE": "2025-10-16T20:13:28Z", "GLOBALID": "{A2D230B7-FC26-48FE-865D-F1131A48E55A}" }, "geometry": null },
{ "type": "Feature", "properties": { "OBJECTID": 406, "PROJECTNAME": "Capitol Gateway Marketplace", "WARD": "7", "LOCATION": "58th & East Capitol Sts., NE", "DEVELOPER": "A&R Development /  DC Housing Authority", "PROJECTTYPE": "Retail", "TYPE_SQFT": 162200.0, "UNITS": null, "UNIT_TYPE": null, "ESTVALUEINMILLION": 100000000.0, "ESTDELIVERY": null, "STATUS": "Pipeline", "LATITUDE": null, "LONGITUDE": null, "REPORT_EDITION_YEAR": "2016-2019", "ARCHITECT": "Bowman / Lessard Design", "CREATED_USER": null, "CREATED_DATE": null, "LAST_EDITED_USER": "SDE", "LAST_EDITED_DATE": "2025-10-16T20:13:28Z", "GLOBALID": "{1E53672A-D850-4D69-9480-619C810644D3}" }, "geometry": null },
{ "type": "Feature", "properties": { "OBJECTID": 407, "PROJECTNAME": "McMillan Sand Filtration Site", "WARD": "5", "LOCATION": "North Capitol St. & Michigan Ave., NW", "DEVELOPER": "Jair Lynch Real Estate Partners / Trammell Crow Company / EYA / DMPED", "PROJECTTYPE": "Retail", "TYPE_SQFT": 125000.0, "UNITS": null, "UNIT_TYPE": null, "ESTVALUEINMILLION": 720000000.0, "ESTDELIVERY": "2019", "STATUS": "Pipeline", "LATITUDE": null, "LONGITUDE": null, "REPORT_EDITION_YEAR": "2016-2019", "ARCHITECT": "Perkins Eastman DC / MV+A Architects / Shalom Baranes Associates", "CREATED_USER": null, "CREATED_DATE": null, "LAST_EDITED_USER": "SDE", "LAST_EDITED_DATE": "2025-10-16T20:13:28Z", "GLOBALID": "{166FEFE4-5E41-4C03-B79C-ED26857D4B4E}" }, "geometry": null },
{ "type": "Feature", "properties": { "OBJECTID": 408, "PROJECTNAME": "Armature Works", "WARD": "6", "LOCATION": "1200 3rd Street, NE", "DEVELOPER": "Trammell Crow Company / High Street Residential", "PROJECTTYPE": "Retail", "TYPE_SQFT": 42000.0, "UNITS": null, "UNIT_TYPE": null, "ESTVALUEINMILLION": null, "ESTDELIVERY": "2021", "STATUS": "Pipeline", "LATITUDE": null, "LONGITUDE": null, "REPORT_EDITION_YEAR": "2016-2019", "ARCHITECT": "Shalom Baranes / Leo A Daly", "CREATED_USER": null, "CREATED_DATE": null, "LAST_EDITED_USER": "SDE", "LAST_EDITED_DATE": "2025-10-16T20:13:28Z", "GLOBALID": "{4A5954F1-3900-4432-8696-27E935DEB802}" }, "geometry": null },
{ "type": "Feature", "properties": { "OBJECTID": 409, "PROJECTNAME": "Saint Elizabeths East (Phase I)", "WARD": "8", "LOCATION": "Saint Elizabeths East Campus", "DEVELOPER": "Redbrick / Gragg Cardona Partners / Flaherty & Collins / AEDC / DMPED", "PROJECTTYPE": "Retail", "TYPE_SQFT": 30000.0, "UNITS": null, "UNIT_TYPE": null, "ESTVALUEINMILLION": 300000000.0, "ESTDELIVERY": "2025", "STATUS": "Pipeline", "LATITUDE": null, "LONGITUDE": null, "REPORT_EDITION_YEAR": "2016-2019", "ARCHITECT": "Cunningham + Quill Architects, PLLC", "CREATED_USER": null, "CREATED_DATE": null, "LAST_EDITED_USER": "SDE", "LAST_EDITED_DATE": "2025-10-16T20:13:28Z", "GLOBALID": "{0E83240F-4F3D-471C-973F-4279CA0ACE38}" }, "geometry": null },
{ "type": "Feature", "properties": { "OBJECTID": 410, "PROJECTNAME": "Storey Park", "WARD": "6", "LOCATION": "1005 1st Street, NE", "DEVELOPER": "Perseus Realty / Four Points / Greencourt Capital", "PROJECTTYPE": "Retail", "TYPE_SQFT": 27313.0, "UNITS": null, "UNIT_TYPE": null, "ESTVALUEINMILLION": 330000000.0, "ESTDELIVERY": "2021", "STATUS": "Pipeline", "LATITUDE": null, "LONGITUDE": null, "REPORT_EDITION_YEAR": "2016-2019", "ARCHITECT": "HKS PC", "CREATED_USER": null, "CREATED_DATE": null, "LAST_EDITED_USER": "SDE", "LAST_EDITED_DATE": "2025-10-16T20:13:28Z", "GLOBALID": "{223C2A28-E114-435F-AD06-5705DBCC7087}" }, "geometry": null },
{ "type": "Feature", "properties": { "OBJECTID": 411, "PROJECTNAME": "Waterfront Station II", "WARD": "6", "LOCATION": "1000 4th Street, SW", "DEVELOPER": "PN Hoffman / Paramount Dev. / ER Bacon Dev. / CityPartners / Affordable Housing Dev. / DMPED", "PROJECTTYPE": "Retail", "TYPE_SQFT": 20807.0, "UNITS": null, "UNIT_TYPE": null, "ESTVALUEINMILLION": 157000000.0, "ESTDELIVERY": "2022", "STATUS": "Pipeline", "LATITUDE": null, "LONGITUDE": null, "REPORT_EDITION_YEAR": "2016-2019", "ARCHITECT": "Torti Gallas and Partners", "CREATED_USER": null, "CREATED_DATE": null, "LAST_EDITED_USER": "SDE", "LAST_EDITED_DATE": "2025-10-16T20:13:28Z", "GLOBALID": "{C8F24EA9-0FF3-4FC3-A62A-08962BC5FFAF}" }, "geometry": null },
{ "type": "Feature", "properties": { "OBJECTID": 412, "PROJECTNAME": "Press House at Union District", "WARD": "6", "LOCATION": "301 N Street, NE", "DEVELOPER": "Foulger-Pratt", "PROJECTTYPE": "Retail", "TYPE_SQFT": 27282.0, "UNITS": null, "UNIT_TYPE": null, "ESTVALUEINMILLION": 180000000.0, "ESTDELIVERY": "2020", "STATUS": "Pipeline", "LATITUDE": null, "LONGITUDE": null, "REPORT_EDITION_YEAR": "2016-2019", "ARCHITECT": "Torti Gallas and Partners / AA Studio", "CREATED_USER": null, "CREATED_DATE": null, "LAST_EDITED_USER": "SDE", "LAST_EDITED_DATE": "2025-10-16T20:13:28Z", "GLOBALID": "{4F9CFA0B-9837-4939-A49E-9CC58DCCF3D4}" }, "geometry": null },
{ "type": "Feature", "properties": { "OBJECTID": 413, "PROJECTNAME": "The Wharf (Phase I)", "WARD": "6", "LOCATION": "Southwest Waterfront", "DEVELOPER": "Hoffman-Madison Waterfront", "PROJECTTYPE": "Retail", "TYPE_SQFT": 190000.0, "UNITS": null, "UNIT_TYPE": null, "ESTVALUEINMILLION": 1326000000.0, "ESTDELIVERY": "Q4 17", "STATUS": "Completed", "LATITUDE": null, "LONGITUDE": null, "REPORT_EDITION_YEAR": "2016-2019", "ARCHITECT": "BBGM / Handel Architects / FOX Architects / Kohn Pedersen Fox & Associates / MTFA Architecture / SK+I Architectural Design Group / SmithGroupJJR / WDG Architecture / Perkins Eastman DC", "CREATED_USER": null, "CREATED_DATE": null, "LAST_EDITED_USER": "SDE", "LAST_EDITED_DATE": "2025-10-16T20:13:28Z", "GLOBALID": "{28A58159-7245-4715-8459-073D50FC25FC}" }, "geometry": null },
{ "type": "Feature", "properties": { "OBJECTID": 414, "PROJECTNAME": "The Modern at Fort Totten", "WARD": "5", "LOCATION": "5180 South Dakota Avenue, NE", "DEVELOPER": "Morris & Gwendolyn Cafritz Foundation", "PROJECTTYPE": "Retail", "TYPE_SQFT": 104701.0, "UNITS": null, "UNIT_TYPE": null, "ESTVALUEINMILLION": 135000000.0, "ESTDELIVERY": "Q3 17", "STATUS": "Completed", "LATITUDE": null, "LONGITUDE": null, "REPORT_EDITION_YEAR": "2016-2019", "ARCHITECT": "EE&K / MV+A Architects / Shalom Baranes Associates", "CREATED_USER": null, "CREATED_DATE": null, "LAST_EDITED_USER": "SDE", "LAST_EDITED_DATE": "2025-10-16T20:13:28Z", "GLOBALID": "{8BFE4702-C30B-43A0-9F26-FE1556D5FA51}" }, "geometry": null },
{ "type": "Feature", "properties": { "OBJECTID": 415, "PROJECTNAME": "Eaton by DC", "WARD": "2", "LOCATION": "1201 K STREET NW", "DEVELOPER": "Pacific Eagle Holdings", "PROJECTTYPE": "Hospitality", "TYPE_SQFT": 172000.0, "UNITS": 209.0, "UNIT_TYPE": null, "ESTVALUEINMILLION": null, "ESTDELIVERY": "Q3 18", "STATUS": "Completed", "LATITUDE": null, "LONGITUDE": null, "REPORT_EDITION_YEAR": "2016-2019", "ARCHITECT": null, "CREATED_USER": null, "CREATED_DATE": null, "LAST_EDITED_USER": "SDE", "LAST_EDITED_DATE": "2025-10-16T20:10:22Z", "GLOBALID": "{AC64D068-214C-42B4-839C-85050853468B}" }, "geometry": null },
{ "type": "Feature", "properties": { "OBJECTID": 416, "PROJECTNAME": "International Spy Museum", "WARD": "6", "LOCATION": "700 L'ENFANT PLAZA SW", "DEVELOPER": "International Spy Museum / JBG Smith", "PROJECTTYPE": "Hospitality", "TYPE_SQFT": 140000.0, "UNITS": null, "UNIT_TYPE": null, "ESTVALUEINMILLION": 162000000.0, "ESTDELIVERY": "Q2 19", "STATUS": "Completed", "LATITUDE": null, "LONGITUDE": null, "REPORT_EDITION_YEAR": "2016-2019", "ARCHITECT": null, "CREATED_USER": null, "CREATED_DATE": null, "LAST_EDITED_USER": "SDE", "LAST_EDITED_DATE": "2025-10-16T20:10:22Z", "GLOBALID": "{331112EA-536A-49D2-960D-8667DC7E0C2B}" }, "geometry": null },
{ "type": "Feature", "properties": { "OBJECTID": 417, "PROJECTNAME": "Entertainment and Sports Arena", "WARD": "8", "LOCATION": "1100 OAK DRIVE SE", "DEVELOPER": "Events DC / DC Government", "PROJECTTYPE": "Hospitality", "TYPE_SQFT": 116500.0, "UNITS": null, "UNIT_TYPE": null, "ESTVALUEINMILLION": 68080000.0, "ESTDELIVERY": "Q3 18", "STATUS": "Completed", "LATITUDE": null, "LONGITUDE": null, "REPORT_EDITION_YEAR": "2016-2019", "ARCHITECT": null, "CREATED_USER": null, "CREATED_DATE": null, "LAST_EDITED_USER": "SDE", "LAST_EDITED_DATE": "2025-10-16T20:10:22Z", "GLOBALID": "{35900E09-8294-4FB6-8560-EF8FABE3141C}" }, "geometry": null },
{ "type": "Feature", "properties": { "OBJECTID": 418, "PROJECTNAME": "Moxy Hotel", "WARD": "2", "LOCATION": "1011 K STREET NW", "DEVELOPER": "Douglas Development Corporation", "PROJECTTYPE": "Hospitality", "TYPE_SQFT": 64988.0, "UNITS": 200.0, "UNIT_TYPE": null, "ESTVALUEINMILLION": 40000000.0, "ESTDELIVERY": "Q4 18", "STATUS": "Completed", "LATITUDE": null, "LONGITUDE": null, "REPORT_EDITION_YEAR": "2016-2019", "ARCHITECT": null, "CREATED_USER": null, "CREATED_DATE": null, "LAST_EDITED_USER": "SDE", "LAST_EDITED_DATE": "2025-10-16T20:10:22Z", "GLOBALID": "{5E636C67-5CF5-4744-B444-F952E9E586CA}" }, "geometry": null },
{ "type": "Feature", "properties": { "OBJECTID": 419, "PROJECTNAME": "601 Massachusetts Avenue", "WARD": "6", "LOCATION": "601 Massachusetts Ave., NW", "DEVELOPER": "Boston Properties", "PROJECTTYPE": "Office", "TYPE_SQFT": 460500.0, "UNITS": null, "UNIT_TYPE": null, "ESTVALUEINMILLION": 150000000.0, "ESTDELIVERY": null, "STATUS": "Completed", "LATITUDE": null, "LONGITUDE": null, "REPORT_EDITION_YEAR": "2016-2019", "ARCHITECT": "Duda Paine Architects", "CREATED_USER": null, "CREATED_DATE": null, "LAST_EDITED_USER": "SDE", "LAST_EDITED_DATE": "2025-10-16T20:11:02Z", "GLOBALID": "{C3291FE8-B505-4579-8873-F6DE0348235B}" }, "geometry": null },
{ "type": "Feature", "properties": { "OBJECTID": 420, "PROJECTNAME": "National Square", "WARD": "6", "LOCATION": "500 D St., SW", "DEVELOPER": "Trammell Crow Company", "PROJECTTYPE": "Office", "TYPE_SQFT": 342000.0, "UNITS": null, "UNIT_TYPE": null, "ESTVALUEINMILLION": 140000000.0, "ESTDELIVERY": null, "STATUS": "Completed", "LATITUDE": null, "LONGITUDE": null, "REPORT_EDITION_YEAR": "2016-2019", "ARCHITECT": "Gensler", "CREATED_USER": null, "CREATED_DATE": null, "LAST_EDITED_USER": "SDE", "LAST_EDITED_DATE": "2025-10-16T20:11:02Z", "GLOBALID": "{301F55E1-578B-44B4-A8CB-B78093B56827}" }, "geometry": null },
{ "type": "Feature", "properties": { "OBJECTID": 421, "PROJECTNAME": "2001 M Street", "WARD": "2", "LOCATION": "2001 M St., NW", "DEVELOPER": "Brookfield", "PROJECTTYPE": "Office", "TYPE_SQFT": 270000.0, "UNITS": null, "UNIT_TYPE": null, "ESTVALUEINMILLION": null, "ESTDELIVERY": null, "STATUS": "Completed", "LATITUDE": null, "LONGITUDE": null, "REPORT_EDITION_YEAR": "2016-2019", "ARCHITECT": "Lehman-Smith McLeish", "CREATED_USER": null, "CREATED_DATE": null, "LAST_EDITED_USER": "SDE", "LAST_EDITED_DATE": "2025-10-16T20:11:02Z", "GLOBALID": "{92AE4AF2-3BD2-44F8-97C5-B73FA9AE04EB}" }, "geometry": null },
{ "type": "Feature", "properties": { "OBJECTID": 422, "PROJECTNAME": "Department of the Interior (Phase VI)", "WARD": "2", "LOCATION": "1849 C St., NW", "DEVELOPER": "General Services Administration", "PROJECTTYPE": "Office", "TYPE_SQFT": 221357.0, "UNITS": null, "UNIT_TYPE": null, "ESTVALUEINMILLION": 60000000.0, "ESTDELIVERY": null, "STATUS": "Completed", "LATITUDE": null, "LONGITUDE": null, "REPORT_EDITION_YEAR": "2016-2019", "ARCHITECT": "Shalom Baranes Associates", "CREATED_USER": null, "CREATED_DATE": null, "LAST_EDITED_USER": "SDE", "LAST_EDITED_DATE": "2025-10-16T20:11:02Z", "GLOBALID": "{6D35993F-E054-464D-82D6-4CB65373F8B8}" }, "geometry": null },
{ "type": "Feature", "properties": { "OBJECTID": 423, "PROJECTNAME": "Republic Square (Phase II)", "WARD": "6", "LOCATION": "660 North Capitol St., NW", "DEVELOPER": "Republic Properties Corporation", "PROJECTTYPE": "Office", "TYPE_SQFT": 197000.0, "UNITS": null, "UNIT_TYPE": null, "ESTVALUEINMILLION": 65000000.0, "ESTDELIVERY": null, "STATUS": "Completed", "LATITUDE": null, "LONGITUDE": null, "REPORT_EDITION_YEAR": "2016-2019", "ARCHITECT": "Leo A Daly", "CREATED_USER": null, "CREATED_DATE": null, "LAST_EDITED_USER": "SDE", "LAST_EDITED_DATE": "2025-10-16T20:11:02Z", "GLOBALID": "{F6907499-BC1E-4E34-BD7D-5249B6E248DF}" }, "geometry": null },
{ "type": "Feature", "properties": { "OBJECTID": 424, "PROJECTNAME": "900 16th Street", "WARD": "2", "LOCATION": "900 16th St., NW", "DEVELOPER": "The JBG Companies", "PROJECTTYPE": "Office", "TYPE_SQFT": 120000.0, "UNITS": null, "UNIT_TYPE": null, "ESTVALUEINMILLION": null, "ESTDELIVERY": null, "STATUS": "Completed", "LATITUDE": null, "LONGITUDE": null, "REPORT_EDITION_YEAR": "2016-2019", "ARCHITECT": "Cooper Carry", "CREATED_USER": null, "CREATED_DATE": null, "LAST_EDITED_USER": "SDE", "LAST_EDITED_DATE": "2025-10-16T20:11:02Z", "GLOBALID": "{7C7323F1-91F2-487E-B0A3-1273CDB1B46C}" }, "geometry": null },
{ "type": "Feature", "properties": { "OBJECTID": 425, "PROJECTNAME": "1785 Massachusetts Avenue", "WARD": "2", "LOCATION": "1785 Massachusetts Ave., NW", "DEVELOPER": "American Enterprise Institute", "PROJECTTYPE": "Office", "TYPE_SQFT": 92000.0, "UNITS": null, "UNIT_TYPE": null, "ESTVALUEINMILLION": 46000000.0, "ESTDELIVERY": null, "STATUS": "Completed", "LATITUDE": null, "LONGITUDE": null, "REPORT_EDITION_YEAR": "2016-2019", "ARCHITECT": "Hartman-Cox Architects", "CREATED_USER": null, "CREATED_DATE": null, "LAST_EDITED_USER": "SDE", "LAST_EDITED_DATE": "2025-10-16T20:11:02Z", "GLOBALID": "{E3692D6B-2E5E-4844-945D-0EBEA3348568}" }, "geometry": null },
{ "type": "Feature", "properties": { "OBJECTID": 426, "PROJECTNAME": "MPD Sixth District Headquarters", "WARD": "7", "LOCATION": "5002 Hayes St., NE", "DEVELOPER": "Department of General Services", "PROJECTTYPE": "Office", "TYPE_SQFT": 80000.0, "UNITS": null, "UNIT_TYPE": null, "ESTVALUEINMILLION": 25000000.0, "ESTDELIVERY": null, "STATUS": "Completed", "LATITUDE": null, "LONGITUDE": null, "REPORT_EDITION_YEAR": "2016-2019", "ARCHITECT": "Sorg & Associates", "CREATED_USER": null, "CREATED_DATE": null, "LAST_EDITED_USER": "SDE", "LAST_EDITED_DATE": "2025-10-16T20:11:02Z", "GLOBALID": "{05D50B14-CC77-430F-B194-C564F9302332}" }, "geometry": null },
{ "type": "Feature", "properties": { "OBJECTID": 427, "PROJECTNAME": "LIUNA (addition)", "WARD": "2", "LOCATION": "905 16th St., NW", "DEVELOPER": "Laborers International Union of North America", "PROJECTTYPE": "Office", "TYPE_SQFT": 55505.0, "UNITS": null, "UNIT_TYPE": null, "ESTVALUEINMILLION": null, "ESTDELIVERY": null, "STATUS": "Completed", "LATITUDE": null, "LONGITUDE": null, "REPORT_EDITION_YEAR": "2016-2019", "ARCHITECT": "Gensler", "CREATED_USER": null, "CREATED_DATE": null, "LAST_EDITED_USER": "SDE", "LAST_EDITED_DATE": "2025-10-16T20:11:02Z", "GLOBALID": "{4149A502-8151-4693-982C-871ED56E2022}" }, "geometry": null },
{ "type": "Feature", "properties": { "OBJECTID": 428, "PROJECTNAME": "Manhattan Laundry", "WARD": "1", "LOCATION": "1328 - 1346 Florida Ave., NW", "DEVELOPER": "Douglas Development Corporation", "PROJECTTYPE": "Office", "TYPE_SQFT": 55000.0, "UNITS": null, "UNIT_TYPE": null, "ESTVALUEINMILLION": null, "ESTDELIVERY": null, "STATUS": "Completed", "LATITUDE": null, "LONGITUDE": null, "REPORT_EDITION_YEAR": "2016-2019", "ARCHITECT": "BLDG Architects", "CREATED_USER": null, "CREATED_DATE": null, "LAST_EDITED_USER": "SDE", "LAST_EDITED_DATE": "2025-10-16T20:11:02Z", "GLOBALID": "{CB40D3DB-7AA7-415B-BF7E-C88E1735DCCB}" }, "geometry": null },
{ "type": "Feature", "properties": { "OBJECTID": 429, "PROJECTNAME": "Midtown Center", "WARD": "2", "LOCATION": "1150 15th St., NW", "DEVELOPER": "Carr Properties", "PROJECTTYPE": "Office", "TYPE_SQFT": 820000.0, "UNITS": null, "UNIT_TYPE": null, "ESTVALUEINMILLION": 375000000.0, "ESTDELIVERY": null, "STATUS": "Under Construction", "LATITUDE": null, "LONGITUDE": null, "REPORT_EDITION_YEAR": "2016-2019", "ARCHITECT": "WDG Architecture / SHoP", "CREATED_USER": null, "CREATED_DATE": null, "LAST_EDITED_USER": "SDE", "LAST_EDITED_DATE": "2025-10-16T20:11:02Z", "GLOBALID": "{94930E47-4720-481A-A311-319D15CAC3CC}" }, "geometry": null },
{ "type": "Feature", "properties": { "OBJECTID": 430, "PROJECTNAME": "655 New York Avenue", "WARD": "6", "LOCATION": "655 New York Ave., NW", "DEVELOPER": "Douglas Development Corp. / Brookfield", "PROJECTTYPE": "Office", "TYPE_SQFT": 653474.0, "UNITS": null, "UNIT_TYPE": null, "ESTVALUEINMILLION": 185000000.0, "ESTDELIVERY": null, "STATUS": "Under Construction", "LATITUDE": null, "LONGITUDE": null, "REPORT_EDITION_YEAR": "2016-2019", "ARCHITECT": "Shalom Baranes Associates", "CREATED_USER": null, "CREATED_DATE": null, "LAST_EDITED_USER": "SDE", "LAST_EDITED_DATE": "2025-10-16T20:11:02Z", "GLOBALID": "{F5E40330-DE22-4B5B-AA44-A74F017DC2F6}" }, "geometry": null },
{ "type": "Feature", "properties": { "OBJECTID": 431, "PROJECTNAME": "250 Massachusetts Avenue", "WARD": "2", "LOCATION": "250 Massachusetts Ave., NW", "DEVELOPER": "Property Group Partners / Center Place Holdings", "PROJECTTYPE": "Office", "TYPE_SQFT": 516665.0, "UNITS": null, "UNIT_TYPE": null, "ESTVALUEINMILLION": 275000000.0, "ESTDELIVERY": null, "STATUS": "Under Construction", "LATITUDE": null, "LONGITUDE": null, "REPORT_EDITION_YEAR": "2016-2019", "ARCHITECT": "Kevin Roche John Dinkeloo & Associates LLC", "CREATED_USER": null, "CREATED_DATE": null, "LAST_EDITED_USER": "SDE", "LAST_EDITED_DATE": "2025-10-16T20:11:02Z", "GLOBALID": "{9E5229E6-87C6-4409-897D-50C63398643A}" }, "geometry": null },
{ "type": "Feature", "properties": { "OBJECTID": 432, "PROJECTNAME": "1700M", "WARD": "2", "LOCATION": "1700 M Street, NW", "DEVELOPER": "Vornado Realty Trust", "PROJECTTYPE": "Office", "TYPE_SQFT": 315435.0, "UNITS": null, "UNIT_TYPE": null, "ESTVALUEINMILLION": null, "ESTDELIVERY": "2021", "STATUS": "Pipeline", "LATITUDE": null, "LONGITUDE": null, "REPORT_EDITION_YEAR": "2016-2019", "ARCHITECT": "Studios Architecture", "CREATED_USER": null, "CREATED_DATE": null, "LAST_EDITED_USER": "SDE", "LAST_EDITED_DATE": "2025-10-16T20:11:02Z", "GLOBALID": "{267AE716-BDC0-46AA-8763-2F233393EB5E}" }, "geometry": null },
{ "type": "Feature", "properties": { "OBJECTID": 433, "PROJECTNAME": "Reunion Square (Building 4)", "WARD": "8", "LOCATION": "Shannon Place & W Street, SE", "DEVELOPER": "Four Points / Curtis Development", "PROJECTTYPE": "Office", "TYPE_SQFT": 281242.0, "UNITS": null, "UNIT_TYPE": null, "ESTVALUEINMILLION": null, "ESTDELIVERY": "2021", "STATUS": "Pipeline", "LATITUDE": null, "LONGITUDE": null, "REPORT_EDITION_YEAR": "2016-2019", "ARCHITECT": "Hickok Cole Architects", "CREATED_USER": null, "CREATED_DATE": null, "LAST_EDITED_USER": "SDE", "LAST_EDITED_DATE": "2025-10-16T20:11:02Z", "GLOBALID": "{806A74F6-E95B-4DB6-ADDA-341F49D6FF68}" }, "geometry": null },
{ "type": "Feature", "properties": { "OBJECTID": 434, "PROJECTNAME": "250 M at Canal Park", "WARD": "6", "LOCATION": "250 M St., SE", "DEVELOPER": "WC Smith", "PROJECTTYPE": "Office", "TYPE_SQFT": 175000.0, "UNITS": null, "UNIT_TYPE": null, "ESTVALUEINMILLION": 125000000.0, "ESTDELIVERY": "2022", "STATUS": "Pipeline", "LATITUDE": null, "LONGITUDE": null, "REPORT_EDITION_YEAR": "2016-2019", "ARCHITECT": "Hickok Cole Architects", "CREATED_USER": null, "CREATED_DATE": null, "LAST_EDITED_USER": "SDE", "LAST_EDITED_DATE": "2025-10-16T20:11:02Z", "GLOBALID": "{C8E8983A-A2CD-4819-AB91-5CF0E92AC257}" }, "geometry": null },
{ "type": "Feature", "properties": { "OBJECTID": 435, "PROJECTNAME": "300 7th Street", "WARD": "6", "LOCATION": "300 7th St., SW", "DEVELOPER": "Urban Atlantic", "PROJECTTYPE": "Office", "TYPE_SQFT": 143414.0, "UNITS": null, "UNIT_TYPE": null, "ESTVALUEINMILLION": null, "ESTDELIVERY": null, "STATUS": "Pipeline", "LATITUDE": null, "LONGITUDE": null, "REPORT_EDITION_YEAR": "2016-2019", "ARCHITECT": "N/A", "CREATED_USER": null, "CREATED_DATE": null, "LAST_EDITED_USER": "SDE", "LAST_EDITED_DATE": "2025-10-16T20:11:02Z", "GLOBALID": "{620C954A-2BFC-4317-B341-D03F5FB67A1A}" }, "geometry": null },
{ "type": "Feature", "properties": { "OBJECTID": 436, "PROJECTNAME": "Columbia Place", "WARD": "2", "LOCATION": "901 L STREET NW", "DEVELOPER": "Quadrangle Development / Capstone Development / Marriott", "PROJECTTYPE": "Hospitality", "TYPE_SQFT": 350000.0, "UNITS": 504.0, "UNIT_TYPE": null, "ESTVALUEINMILLION": 225000000.0, "ESTDELIVERY": "Q4 18", "STATUS": "Completed", "LATITUDE": null, "LONGITUDE": null, "REPORT_EDITION_YEAR": "2016-2019", "ARCHITECT": null, "CREATED_USER": null, "CREATED_DATE": null, "LAST_EDITED_USER": "SDE", "LAST_EDITED_DATE": "2025-10-16T20:10:22Z", "GLOBALID": "{0E5DFE2D-02BE-44E7-A82A-DB3865D1B454}" }, "geometry": null },
{ "type": "Feature", "properties": { "OBJECTID": 437, "PROJECTNAME": "11th Street Bridge Park", "WARD": "8", "LOCATION": "11th Street Bridge", "DEVELOPER": "Building Bridges Across the River / DC Department of Transportation", "PROJECTTYPE": "Quality of Life", "TYPE_SQFT": null, "UNITS": null, "UNIT_TYPE": null, "ESTVALUEINMILLION": 74000000.0, "ESTDELIVERY": "2023", "STATUS": "Pipeline", "LATITUDE": null, "LONGITUDE": null, "REPORT_EDITION_YEAR": "2016-2019", "ARCHITECT": null, "CREATED_USER": null, "CREATED_DATE": null, "LAST_EDITED_USER": "SDE", "LAST_EDITED_DATE": "2025-10-16T20:12:15Z", "GLOBALID": "{B1EF0104-26C2-4811-BF2F-17EC1DEAEE6A}" }, "geometry": null },
{ "type": "Feature", "properties": { "OBJECTID": 438, "PROJECTNAME": "Modern on M", "WARD": "6", "LOCATION": "6th & M Sts., SW", "DEVELOPER": "Mill Creek Residential Trust", "PROJECTTYPE": "Residential", "TYPE_SQFT": null, "UNITS": 276.0, "UNIT_TYPE": null, "ESTVALUEINMILLION": 75000000.0, "ESTDELIVERY": "Q4 18", "STATUS": "Completed", "LATITUDE": null, "LONGITUDE": null, "REPORT_EDITION_YEAR": "2016-2019", "ARCHITECT": null, "CREATED_USER": null, "CREATED_DATE": null, "LAST_EDITED_USER": "SDE", "LAST_EDITED_DATE": "2025-10-16T20:12:51Z", "GLOBALID": "{1CD50A9D-CC25-423D-980E-B32A6B61023F}" }, "geometry": null },
{ "type": "Feature", "properties": { "OBJECTID": 439, "PROJECTNAME": "Bryant Street (Phase I)", "WARD": "5", "LOCATION": "680 Rhode Island Ave., NE", "DEVELOPER": "MRP Realty / FRP Development Corp", "PROJECTTYPE": "Residential", "TYPE_SQFT": null, "UNITS": 487.0, "UNIT_TYPE": null, "ESTVALUEINMILLION": null, "ESTDELIVERY": "Q1 21", "STATUS": "Under Construction", "LATITUDE": null, "LONGITUDE": null, "REPORT_EDITION_YEAR": "2016-2019", "ARCHITECT": null, "CREATED_USER": null, "CREATED_DATE": null, "LAST_EDITED_USER": "SDE", "LAST_EDITED_DATE": "2025-10-16T20:12:51Z", "GLOBALID": "{50BD05C9-8E2D-4197-93EC-BDE19EB10C60}" }, "geometry": null },
{ "type": "Feature", "properties": { "OBJECTID": 440, "PROJECTNAME": "Sursum Corda Redevelopment (Ph I)", "WARD": "6", "LOCATION": "North Capitol St., M St., 1st St., L St., NW", "DEVELOPER": "Toll Brothers", "PROJECTTYPE": "Residential", "TYPE_SQFT": null, "UNITS": 562.0, "UNIT_TYPE": null, "ESTVALUEINMILLION": null, "ESTDELIVERY": "2021/22", "STATUS": "Pipeline", "LATITUDE": null, "LONGITUDE": null, "REPORT_EDITION_YEAR": "2016-2019", "ARCHITECT": null, "CREATED_USER": null, "CREATED_DATE": null, "LAST_EDITED_USER": "SDE", "LAST_EDITED_DATE": "2025-10-16T20:12:51Z", "GLOBALID": "{8CBBEE20-FEB4-408C-8972-DD39954B4602}" }, "geometry": null },
{ "type": "Feature", "properties": { "OBJECTID": 441, "PROJECTNAME": "655 New York Avenue", "WARD": "6", "LOCATION": "655 New York Ave., NW", "DEVELOPER": "Douglas Development Corporation / Brookfield Properties", "PROJECTTYPE": "Retail", "TYPE_SQFT": 80551.0, "UNITS": null, "UNIT_TYPE": null, "ESTVALUEINMILLION": 185000000.0, "ESTDELIVERY": "Q3 19", "STATUS": "Completed", "LATITUDE": null, "LONGITUDE": null, "REPORT_EDITION_YEAR": "2016-2019", "ARCHITECT": null, "CREATED_USER": null, "CREATED_DATE": null, "LAST_EDITED_USER": "SDE", "LAST_EDITED_DATE": "2025-10-16T20:13:28Z", "GLOBALID": "{2CBA65E5-D552-4B97-BBC9-8624ECFF9D6B}" }, "geometry": null },
{ "type": "Feature", "properties": { "OBJECTID": 442, "PROJECTNAME": "Press House at Union District", "WARD": "6", "LOCATION": "301 N St., NE", "DEVELOPER": "Foulger-Pratt", "PROJECTTYPE": "Residential", "TYPE_SQFT": null, "UNITS": 372.0, "UNIT_TYPE": "R", "ESTVALUEINMILLION": 150000000.0, "ESTDELIVERY": "2019", "STATUS": "Pipeline", "LATITUDE": null, "LONGITUDE": null, "REPORT_EDITION_YEAR": "2016-2019", "ARCHITECT": "AA Studio / Torti Gallas and Partners", "CREATED_USER": null, "CREATED_DATE": null, "LAST_EDITED_USER": "SDE", "LAST_EDITED_DATE": "2025-10-16T20:12:51Z", "GLOBALID": "{770C0CA8-E623-481D-BA17-8E45068C56B0}" }, "geometry": null },
{ "type": "Feature", "properties": { "OBJECTID": 443, "PROJECTNAME": "Paul Public Charter School", "WARD": "4", "LOCATION": "5800 8th St., NW", "DEVELOPER": "Jair Lynch Real Estate Partners", "PROJECTTYPE": "Education", "TYPE_SQFT": 166000.0, "UNITS": null, "UNIT_TYPE": null, "ESTVALUEINMILLION": 22000000.0, "ESTDELIVERY": null, "STATUS": "Completed", "LATITUDE": null, "LONGITUDE": null, "REPORT_EDITION_YEAR": "2016-2019", "ARCHITECT": "Shinberg Levinas", "CREATED_USER": null, "CREATED_DATE": null, "LAST_EDITED_USER": "SDE", "LAST_EDITED_DATE": "2025-10-16T20:09:37Z", "GLOBALID": "{B0091B35-9CB7-4AFB-9C78-9312ED7CF04C}" }, "geometry": null },
{ "type": "Feature", "properties": { "OBJECTID": 444, "PROJECTNAME": "AU East Campus", "WARD": "3", "LOCATION": "3501 Nebraska Ave., NW", "DEVELOPER": "American University", "PROJECTTYPE": "Education", "TYPE_SQFT": 243000.0, "UNITS": null, "UNIT_TYPE": null, "ESTVALUEINMILLION": 115000000.0, "ESTDELIVERY": null, "STATUS": "Under Construction", "LATITUDE": null, "LONGITUDE": null, "REPORT_EDITION_YEAR": "2016-2019", "ARCHITECT": "Stantec Architecture", "CREATED_USER": null, "CREATED_DATE": null, "LAST_EDITED_USER": "SDE", "LAST_EDITED_DATE": "2025-10-16T20:09:37Z", "GLOBALID": "{12440B48-36BB-4C49-B8FB-0F0E63789C9D}" }, "geometry": null },
{ "type": "Feature", "properties": { "OBJECTID": 445, "PROJECTNAME": "THE ARC (Ph III)", "WARD": "8", "LOCATION": "18th St. & Mississippi Ave., SE", "DEVELOPER": "WC Smith / Building Bridges Across the River", "PROJECTTYPE": "Education", "TYPE_SQFT": 13725.0, "UNITS": null, "UNIT_TYPE": null, "ESTVALUEINMILLION": 34000000.0, "ESTDELIVERY": null, "STATUS": "Under Construction", "LATITUDE": null, "LONGITUDE": null, "REPORT_EDITION_YEAR": "2016-2019", "ARCHITECT": "Sanchez Palmer", "CREATED_USER": null, "CREATED_DATE": null, "LAST_EDITED_USER": "SDE", "LAST_EDITED_DATE": "2025-10-16T20:09:37Z", "GLOBALID": "{9D45925E-D55B-46FA-89DD-3AD8629A9893}" }, "geometry": null },
{ "type": "Feature", "properties": { "OBJECTID": 446, "PROJECTNAME": "Ballpark East", "WARD": "6", "LOCATION": "1201 Half St., SE", "DEVELOPER": "The JBG Companies", "PROJECTTYPE": "Retail", "TYPE_SQFT": 61000.0, "UNITS": null, "UNIT_TYPE": null, "ESTVALUEINMILLION": null, "ESTDELIVERY": null, "STATUS": "Pipeline", "LATITUDE": null, "LONGITUDE": null, "REPORT_EDITION_YEAR": "2016-2019", "ARCHITECT": "Eric Colbert & Associates, PC / ODA Architecture", "CREATED_USER": null, "CREATED_DATE": null, "LAST_EDITED_USER": "SDE", "LAST_EDITED_DATE": "2025-10-16T20:13:28Z", "GLOBALID": "{89A9DF7F-E842-4AEB-9862-36DF762532A9}" }, "geometry": null },
{ "type": "Feature", "properties": { "OBJECTID": 447, "PROJECTNAME": "Consumer Financial Protection Bureau HQ Modernization", "WARD": "2", "LOCATION": "1700 G Street, NW", "DEVELOPER": "General Services Administration", "PROJECTTYPE": "Retail", "TYPE_SQFT": 21596.0, "UNITS": null, "UNIT_TYPE": null, "ESTVALUEINMILLION": 139000000.0, "ESTDELIVERY": "Q4 17", "STATUS": "Completed", "LATITUDE": null, "LONGITUDE": null, "REPORT_EDITION_YEAR": "2016-2019", "ARCHITECT": "RTKL Associates / SOM", "CREATED_USER": null, "CREATED_DATE": null, "LAST_EDITED_USER": "SDE", "LAST_EDITED_DATE": "2025-10-16T20:13:28Z", "GLOBALID": "{1B87E88E-1FFF-4BB7-B4FF-B23D20C57C25}" }, "geometry": null },
{ "type": "Feature", "properties": { "OBJECTID": 448, "PROJECTNAME": "Shops at Penn Hill (Phase I)", "WARD": "7", "LOCATION": "3200 Pennsylvania Avenue, SE", "DEVELOPER": "Jair Lynch Real Estate Partners", "PROJECTTYPE": "Retail", "TYPE_SQFT": 65000.0, "UNITS": null, "UNIT_TYPE": null, "ESTVALUEINMILLION": 15000000.0, "ESTDELIVERY": "Q1 19", "STATUS": "Under Construction", "LATITUDE": null, "LONGITUDE": null, "REPORT_EDITION_YEAR": "2016-2019", "ARCHITECT": "Mushinksy Voelzke Associates", "CREATED_USER": null, "CREATED_DATE": null, "LAST_EDITED_USER": "SDE", "LAST_EDITED_DATE": "2025-10-16T20:13:28Z", "GLOBALID": "{D528E01E-3340-4145-9F64-275D7038A0D9}" }, "geometry": null },
{ "type": "Feature", "properties": { "OBJECTID": 449, "PROJECTNAME": "The Belgard", "WARD": "6", "LOCATION": "33 N Street, NE", "DEVELOPER": "Wood Partners / MacFarlane Partners", "PROJECTTYPE": "Residential", "TYPE_SQFT": null, "UNITS": 346.0, "UNIT_TYPE": "R", "ESTVALUEINMILLION": 150000000.0, "ESTDELIVERY": "Q2 18", "STATUS": "Completed", "LATITUDE": null, "LONGITUDE": null, "REPORT_EDITION_YEAR": "2016-2019", "ARCHITECT": "Hickok Cole Architects", "CREATED_USER": null, "CREATED_DATE": null, "LAST_EDITED_USER": "SDE", "LAST_EDITED_DATE": "2025-10-16T20:12:51Z", "GLOBALID": "{9B2433DC-A1EC-441A-8215-6F82533E4F8D}" }, "geometry": null },
{ "type": "Feature", "properties": { "OBJECTID": 450, "PROJECTNAME": "Plaza West", "WARD": "6", "LOCATION": "1035 4th Street, NW", "DEVELOPER": "MissionFirst Development / The Henson Development Company Inc. ", "PROJECTTYPE": "Residential", "TYPE_SQFT": null, "UNITS": 233.0, "UNIT_TYPE": "R", "ESTVALUEINMILLION": 90100000.0, "ESTDELIVERY": "Q2 18", "STATUS": "Completed", "LATITUDE": null, "LONGITUDE": null, "REPORT_EDITION_YEAR": "2016-2019", "ARCHITECT": "Hickok Cole Architects", "CREATED_USER": null, "CREATED_DATE": null, "LAST_EDITED_USER": "SDE", "LAST_EDITED_DATE": "2025-10-16T20:12:51Z", "GLOBALID": "{883017BA-7FAB-4121-B957-B40F59DDEE2D}" }, "geometry": null },
{ "type": "Feature", "properties": { "OBJECTID": 451, "PROJECTNAME": "Half Street", "WARD": "6", "LOCATION": "Half & N Sts., SE", "DEVELOPER": "Jair Lynch Real Estate Partners / MacFarlane Partners", "PROJECTTYPE": "Retail", "TYPE_SQFT": 50000.0, "UNITS": null, "UNIT_TYPE": null, "ESTVALUEINMILLION": 152000000.0, "ESTDELIVERY": "2018", "STATUS": "Pipeline", "LATITUDE": null, "LONGITUDE": null, "REPORT_EDITION_YEAR": "2016-2019", "ARCHITECT": "R.D. Jones & Associates / Hord Coplan Macht Inc", "CREATED_USER": null, "CREATED_DATE": null, "LAST_EDITED_USER": "SDE", "LAST_EDITED_DATE": "2025-10-16T20:13:28Z", "GLOBALID": "{C1D0A7DA-D342-4483-BFDD-4F08DFEC2943}" }, "geometry": null },
{ "type": "Feature", "properties": { "OBJECTID": 452, "PROJECTNAME": "Park Van Ness", "WARD": "3", "LOCATION": "4455 Connecticut Ave., NW", "DEVELOPER": "Saul Centers, Inc.", "PROJECTTYPE": "Residential", "TYPE_SQFT": null, "UNITS": 271.0, "UNIT_TYPE": "R", "ESTVALUEINMILLION": 75000000.0, "ESTDELIVERY": null, "STATUS": "Completed", "LATITUDE": null, "LONGITUDE": null, "REPORT_EDITION_YEAR": "2016-2019", "ARCHITECT": "Torti Gallas and Partners", "CREATED_USER": null, "CREATED_DATE": null, "LAST_EDITED_USER": "SDE", "LAST_EDITED_DATE": "2025-10-16T20:12:51Z", "GLOBALID": "{4BB6DAFD-FADE-4475-9F96-88B045445DAA}" }, "geometry": null },
{ "type": "Feature", "properties": { "OBJECTID": 453, "PROJECTNAME": "Corcoran Gallery of Art", "WARD": "2", "LOCATION": "500 17th Street, NW", "DEVELOPER": "George Washington University", "PROJECTTYPE": "Hospitality", "TYPE_SQFT": 35000.0, "UNITS": null, "UNIT_TYPE": null, "ESTVALUEINMILLION": 80000000.0, "ESTDELIVERY": "Q3 18", "STATUS": "Completed", "LATITUDE": null, "LONGITUDE": null, "REPORT_EDITION_YEAR": "2016-2019", "ARCHITECT": "Leo A Daly", "CREATED_USER": null, "CREATED_DATE": null, "LAST_EDITED_USER": "SDE", "LAST_EDITED_DATE": "2025-10-16T20:10:22Z", "GLOBALID": "{83A5ECCF-1AA3-4F2A-9958-1E2DEABC7A72}" }, "geometry": null },
{ "type": "Feature", "properties": { "OBJECTID": 454, "PROJECTNAME": "Four Constitution Square", "WARD": "6", "LOCATION": "150 M Street, NE", "DEVELOPER": "StonebridgeCarras, LLC", "PROJECTTYPE": "Office", "TYPE_SQFT": 505000.0, "UNITS": null, "UNIT_TYPE": null, "ESTVALUEINMILLION": 250000000.0, "ESTDELIVERY": "Q2 19", "STATUS": "Under Construction", "LATITUDE": null, "LONGITUDE": null, "REPORT_EDITION_YEAR": "2016-2019", "ARCHITECT": "HOK", "CREATED_USER": null, "CREATED_DATE": null, "LAST_EDITED_USER": "SDE", "LAST_EDITED_DATE": "2025-10-16T20:11:02Z", "GLOBALID": "{8C34380F-6A43-408C-AC63-EC6AFD976709}" }, "geometry": null },
{ "type": "Feature", "properties": { "OBJECTID": 455, "PROJECTNAME": "The Wharf (Phase II)", "WARD": "6", "LOCATION": "Southwest Waterfront", "DEVELOPER": "Hoffman-Madison Waterfront", "PROJECTTYPE": "Office", "TYPE_SQFT": 547504.0, "UNITS": null, "UNIT_TYPE": null, "ESTVALUEINMILLION": 1200000000.0, "ESTDELIVERY": "2022", "STATUS": "Pipeline", "LATITUDE": null, "LONGITUDE": null, "REPORT_EDITION_YEAR": "2016-2019", "ARCHITECT": "ODA Architecture / WDG Architecture / Rafael Vinoly Architects PC / Morris Adjmi Architects / Studios Architecture / Hollwich Kushner / Perkins Eastman DC / SHoP", "CREATED_USER": null, "CREATED_DATE": null, "LAST_EDITED_USER": "SDE", "LAST_EDITED_DATE": "2025-10-16T20:11:02Z", "GLOBALID": "{EF501759-9128-477D-8AE1-25710A2ECAC7}" }, "geometry": null },
{ "type": "Feature", "properties": { "OBJECTID": 456, "PROJECTNAME": "1270 4th Street", "WARD": "5", "LOCATION": "1270 4th Street, NE", "DEVELOPER": "Level 2 Development / EDENS / Trammell Crow Residential", "PROJECTTYPE": "Residential", "TYPE_SQFT": null, "UNITS": 432.0, "UNIT_TYPE": "R", "ESTVALUEINMILLION": 150000000.0, "ESTDELIVERY": "Q1 19", "STATUS": "Under Construction", "LATITUDE": null, "LONGITUDE": null, "REPORT_EDITION_YEAR": "2016-2019", "ARCHITECT": "Shalom Baranes Associates", "CREATED_USER": null, "CREATED_DATE": null, "LAST_EDITED_USER": "SDE", "LAST_EDITED_DATE": "2025-10-16T20:12:51Z", "GLOBALID": "{7D33F012-A8CA-41D8-BB6F-7AA50DA7FA17}" }, "geometry": null },
{ "type": "Feature", "properties": { "OBJECTID": 457, "PROJECTNAME": "AVEC", "WARD": "6", "LOCATION": "901 H Street, NE", "DEVELOPER": "Rappaport / WC Smith / Lustine Realty Co.", "PROJECTTYPE": "Residential", "TYPE_SQFT": null, "UNITS": 419.0, "UNIT_TYPE": "R", "ESTVALUEINMILLION": 200000000.0, "ESTDELIVERY": "Q3 19", "STATUS": "Under Construction", "LATITUDE": null, "LONGITUDE": null, "REPORT_EDITION_YEAR": "2016-2019", "ARCHITECT": "Torti Gallas and Partners", "CREATED_USER": null, "CREATED_DATE": null, "LAST_EDITED_USER": "SDE", "LAST_EDITED_DATE": "2025-10-16T20:12:51Z", "GLOBALID": "{BF7174BA-0476-4CB9-B906-B7843CB51200}" }, "geometry": null },
{ "type": "Feature", "properties": { "OBJECTID": 458, "PROJECTNAME": "The Garrett", "WARD": "6", "LOCATION": "150 Eye Street, SE", "DEVELOPER": "WC Smith", "PROJECTTYPE": "Residential", "TYPE_SQFT": null, "UNITS": 375.0, "UNIT_TYPE": "R", "ESTVALUEINMILLION": 170000000.0, "ESTDELIVERY": "Q2 20", "STATUS": "Under Construction", "LATITUDE": null, "LONGITUDE": null, "REPORT_EDITION_YEAR": "2016-2019", "ARCHITECT": "Kohn Pedersen Fox & Associates", "CREATED_USER": null, "CREATED_DATE": null, "LAST_EDITED_USER": "SDE", "LAST_EDITED_DATE": "2025-10-16T20:12:51Z", "GLOBALID": "{017E61A8-3F72-4220-900B-ACB8AFB7A5EF}" }, "geometry": null },
{ "type": "Feature", "properties": { "OBJECTID": 459, "PROJECTNAME": "1331", "WARD": "6", "LOCATION": "1331 Maryland Avenue, SW", "DEVELOPER": "Republic Properties Corporation", "PROJECTTYPE": "Residential", "TYPE_SQFT": null, "UNITS": 373.0, "UNIT_TYPE": "R", "ESTVALUEINMILLION": 220000000.0, "ESTDELIVERY": "Q3 19", "STATUS": "Under Construction", "LATITUDE": null, "LONGITUDE": null, "REPORT_EDITION_YEAR": "2016-2019", "ARCHITECT": "WDG Architecture / Robert A M Stern Architects", "CREATED_USER": null, "CREATED_DATE": null, "LAST_EDITED_USER": "SDE", "LAST_EDITED_DATE": "2025-10-16T20:12:51Z", "GLOBALID": "{7982B426-E885-4EF2-9929-4F31EF727542}" }, "geometry": null },
{ "type": "Feature", "properties": { "OBJECTID": 460, "PROJECTNAME": "Novel South Capitol", "WARD": "6", "LOCATION": "2 I Street, SE", "DEVELOPER": "Crescent Development / RCP Development Company", "PROJECTTYPE": "Residential", "TYPE_SQFT": null, "UNITS": 355.0, "UNIT_TYPE": "R", "ESTVALUEINMILLION": null, "ESTDELIVERY": "Q1 19", "STATUS": "Under Construction", "LATITUDE": null, "LONGITUDE": null, "REPORT_EDITION_YEAR": "2016-2019", "ARCHITECT": "SK+I Architectural Design Group", "CREATED_USER": null, "CREATED_DATE": null, "LAST_EDITED_USER": "SDE", "LAST_EDITED_DATE": "2025-10-16T20:12:51Z", "GLOBALID": "{7CBC95A0-2E0F-49E8-9934-36B02F18FE44}" }, "geometry": null },
{ "type": "Feature", "properties": { "OBJECTID": 461, "PROJECTNAME": "Eckington Yards", "WARD": "5", "LOCATION": "1625 Eckington Place & 1500 Harry Thomas Way, NE", "DEVELOPER": "JBG Smith / The Boundary Companies", "PROJECTTYPE": "Residential", "TYPE_SQFT": null, "UNITS": 695.0, "UNIT_TYPE": "R/O", "ESTVALUEINMILLION": null, "ESTDELIVERY": "2020", "STATUS": "Pipeline", "LATITUDE": null, "LONGITUDE": null, "REPORT_EDITION_YEAR": "2016-2019", "ARCHITECT": "Eric Colbert & Associates, PC", "CREATED_USER": null, "CREATED_DATE": null, "LAST_EDITED_USER": "SDE", "LAST_EDITED_DATE": "2025-10-16T20:12:51Z", "GLOBALID": "{C0BC30BE-4BF3-4712-B873-0E7F90084E99}" }, "geometry": null },
{ "type": "Feature", "properties": { "OBJECTID": 462, "PROJECTNAME": "3900 Wisconsin Avenue", "WARD": "3", "LOCATION": "3900 Wisconsin Avenue, NW", "DEVELOPER": "Roadside Development / Sekisui House", "PROJECTTYPE": "Residential", "TYPE_SQFT": null, "UNITS": 652.0, "UNIT_TYPE": "R", "ESTVALUEINMILLION": null, "ESTDELIVERY": "2022", "STATUS": "Pipeline", "LATITUDE": null, "LONGITUDE": null, "REPORT_EDITION_YEAR": "2016-2019", "ARCHITECT": "Shalom Baranes Associates", "CREATED_USER": null, "CREATED_DATE": null, "LAST_EDITED_USER": "SDE", "LAST_EDITED_DATE": "2025-10-16T20:12:51Z", "GLOBALID": "{487427B2-8A1B-47F7-8023-AF8FB05BE99A}" }, "geometry": null },
{ "type": "Feature", "properties": { "OBJECTID": 463, "PROJECTNAME": "Bryant Street", "WARD": "5", "LOCATION": "680 Rhode Island Ave., NE", "DEVELOPER": "MRP Realty / B&R Associates LP", "PROJECTTYPE": "Residential", "TYPE_SQFT": null, "UNITS": 490.0, "UNIT_TYPE": "R", "ESTVALUEINMILLION": null, "ESTDELIVERY": "2020", "STATUS": "Pipeline", "LATITUDE": null, "LONGITUDE": null, "REPORT_EDITION_YEAR": "2016-2019", "ARCHITECT": "SK+I Architectural Design Group", "CREATED_USER": null, "CREATED_DATE": null, "LAST_EDITED_USER": "SDE", "LAST_EDITED_DATE": "2025-10-16T20:12:51Z", "GLOBALID": "{0D23C1EE-43E0-4DF9-ACA0-55A98E5AFC7E}" }, "geometry": null },
{ "type": "Feature", "properties": { "OBJECTID": 464, "PROJECTNAME": "Waterfront Station II", "WARD": "6", "LOCATION": "1000 4th Street, SW", "DEVELOPER": "PN Hoffman / Paramount Dev. / ER Bacon Dev. / CityPartners / Affordable Housing Dev. / DMPED", "PROJECTTYPE": "Residential", "TYPE_SQFT": null, "UNITS": 456.0, "UNIT_TYPE": "R", "ESTVALUEINMILLION": 157000000.0, "ESTDELIVERY": "2022", "STATUS": "Pipeline", "LATITUDE": null, "LONGITUDE": null, "REPORT_EDITION_YEAR": "2016-2019", "ARCHITECT": "Torti Gallas and Partners", "CREATED_USER": null, "CREATED_DATE": null, "LAST_EDITED_USER": "SDE", "LAST_EDITED_DATE": "2025-10-16T20:12:51Z", "GLOBALID": "{367A36BC-01B7-4711-8578-86E4BD79BDF4}" }, "geometry": null },
{ "type": "Feature", "properties": { "OBJECTID": 465, "PROJECTNAME": "Press House at Union District", "WARD": "6", "LOCATION": "301 N Street, NE", "DEVELOPER": "Foulger-Pratt", "PROJECTTYPE": "Residential", "TYPE_SQFT": null, "UNITS": 356.0, "UNIT_TYPE": "R", "ESTVALUEINMILLION": 180000000.0, "ESTDELIVERY": "2020", "STATUS": "Pipeline", "LATITUDE": null, "LONGITUDE": null, "REPORT_EDITION_YEAR": "2016-2019", "ARCHITECT": "Torti Gallas and Partners / AA Studio", "CREATED_USER": null, "CREATED_DATE": null, "LAST_EDITED_USER": "SDE", "LAST_EDITED_DATE": "2025-10-16T20:12:51Z", "GLOBALID": "{918E595E-0B3A-4BF5-8852-25BEAB168253}" }, "geometry": null },
{ "type": "Feature", "properties": { "OBJECTID": 466, "PROJECTNAME": "The Wharf (Phase II)", "WARD": "6", "LOCATION": "300 M Street, NE", "DEVELOPER": "Hoffman-Madison Waterfront", "PROJECTTYPE": "Residential", "TYPE_SQFT": null, "UNITS": 425.0, "UNIT_TYPE": "R", "ESTVALUEINMILLION": 147000000.0, "ESTDELIVERY": "2021", "STATUS": "Pipeline", "LATITUDE": null, "LONGITUDE": null, "REPORT_EDITION_YEAR": "2016-2019", "ARCHITECT": "ODA Architecture / WDG Architecture / Rafael Vinoly Architects PC / Morris Adjmi Architects / Studios Architecture / Hollwich Kushner / Perkins Eastman DC / SHoP", "CREATED_USER": null, "CREATED_DATE": null, "LAST_EDITED_USER": "SDE", "LAST_EDITED_DATE": "2025-10-16T20:12:51Z", "GLOBALID": "{573951BA-050C-439B-8755-E5938A6D5762}" }, "geometry": null },
{ "type": "Feature", "properties": { "OBJECTID": 467, "PROJECTNAME": "The Alice and Eugene Ford Senior Building", "WARD": "6", "LOCATION": "1900 Half Street, SW", "DEVELOPER": "MidCity", "PROJECTTYPE": "Residential", "TYPE_SQFT": null, "UNITS": 415.0, "UNIT_TYPE": "R", "ESTVALUEINMILLION": null, "ESTDELIVERY": "2021", "STATUS": "Pipeline", "LATITUDE": null, "LONGITUDE": null, "REPORT_EDITION_YEAR": "2016-2019", "ARCHITECT": "Torti Gallas and Partners", "CREATED_USER": null, "CREATED_DATE": null, "LAST_EDITED_USER": "SDE", "LAST_EDITED_DATE": "2025-10-16T20:12:51Z", "GLOBALID": "{528C1539-FC88-4520-92B0-A42BC5D8A5FC}" }, "geometry": null },
{ "type": "Feature", "properties": { "OBJECTID": 468, "PROJECTNAME": "Saint Elizabeths East (Phase I)", "WARD": "8", "LOCATION": "Saint Elizabeths East Campus", "DEVELOPER": "Redbrick / Gragg Cardona Partners / Flaherty & Collins / AEDC / DMPED", "PROJECTTYPE": "Residential", "TYPE_SQFT": null, "UNITS": 312.0, "UNIT_TYPE": "R/O", "ESTVALUEINMILLION": 300000000.0, "ESTDELIVERY": "2020", "STATUS": "Pipeline", "LATITUDE": null, "LONGITUDE": null, "REPORT_EDITION_YEAR": "2016-2019", "ARCHITECT": "Cunningham + Quill Architects, PLLC", "CREATED_USER": null, "CREATED_DATE": null, "LAST_EDITED_USER": "SDE", "LAST_EDITED_DATE": "2025-10-16T20:12:51Z", "GLOBALID": "{2E1FD394-D2EE-4555-AD7F-47681E3EC4A8}" }, "geometry": null },
{ "type": "Feature", "properties": { "OBJECTID": 469, "PROJECTNAME": "Midtown Center", "WARD": "2", "LOCATION": "1150 15th Street, NW", "DEVELOPER": "Carr Properties", "PROJECTTYPE": "Office", "TYPE_SQFT": 821000.0, "UNITS": null, "UNIT_TYPE": null, "ESTVALUEINMILLION": 350000000.0, "ESTDELIVERY": "Q2 18", "STATUS": "Completed", "LATITUDE": null, "LONGITUDE": null, "REPORT_EDITION_YEAR": "2016-2019", "ARCHITECT": "WDG Architecture / SHoP", "CREATED_USER": null, "CREATED_DATE": null, "LAST_EDITED_USER": "SDE", "LAST_EDITED_DATE": "2025-10-16T20:11:02Z", "GLOBALID": "{0E4ECDAC-C2A9-43DA-9CA0-9EEAFD6ADAF8}" }, "geometry": null },
{ "type": "Feature", "properties": { "OBJECTID": 470, "PROJECTNAME": "Alexander Court", "WARD": "2", "LOCATION": "2001 K Street, NW", "DEVELOPER": "Rockrose Development", "PROJECTTYPE": "Office", "TYPE_SQFT": 780000.0, "UNITS": null, "UNIT_TYPE": null, "ESTVALUEINMILLION": null, "ESTDELIVERY": "Q2 18", "STATUS": "Completed", "LATITUDE": null, "LONGITUDE": null, "REPORT_EDITION_YEAR": "2016-2019", "ARCHITECT": "FOX Architects / Pelli Clark Pelli Architects", "CREATED_USER": null, "CREATED_DATE": null, "LAST_EDITED_USER": "SDE", "LAST_EDITED_DATE": "2025-10-16T20:11:02Z", "GLOBALID": "{05A7A53C-547C-459A-933C-B0860F3F030A}" }, "geometry": null },
{ "type": "Feature", "properties": { "OBJECTID": 471, "PROJECTNAME": "The Wharf (Phase I)", "WARD": "6", "LOCATION": "Southwest Waterfront", "DEVELOPER": "Hoffman-Madison Waterfront", "PROJECTTYPE": "Office", "TYPE_SQFT": 500000.0, "UNITS": null, "UNIT_TYPE": null, "ESTVALUEINMILLION": 1326000000.0, "ESTDELIVERY": "Q4 17", "STATUS": "Completed", "LATITUDE": null, "LONGITUDE": null, "REPORT_EDITION_YEAR": "2016-2019", "ARCHITECT": "BBGM / Handel Architects / FOX Architects / Kohn Pedersen Fox & Associates / MTFA Architecture / SK+I Architectural Design Group / SmithGroupJJR / WDG Architecture / Perkins Eastman DC", "CREATED_USER": null, "CREATED_DATE": null, "LAST_EDITED_USER": "SDE", "LAST_EDITED_DATE": "2025-10-16T20:11:02Z", "GLOBALID": "{F2B49D84-6330-4357-85C3-113FE4EF71F0}" }, "geometry": null },
{ "type": "Feature", "properties": { "OBJECTID": 472, "PROJECTNAME": "200 Massachusetts Avenue", "WARD": "2", "LOCATION": "200 Massachusetts Avenue, NW", "DEVELOPER": "Property Group Partners", "PROJECTTYPE": "Office", "TYPE_SQFT": 381746.0, "UNITS": null, "UNIT_TYPE": null, "ESTVALUEINMILLION": 200000000.0, "ESTDELIVERY": "Q2 18", "STATUS": "Completed", "LATITUDE": null, "LONGITUDE": null, "REPORT_EDITION_YEAR": "2016-2019", "ARCHITECT": "Kevin Roche John Dinkeloo & Associates LLC", "CREATED_USER": null, "CREATED_DATE": null, "LAST_EDITED_USER": "SDE", "LAST_EDITED_DATE": "2025-10-16T20:11:02Z", "GLOBALID": "{12F7439D-637C-43DD-89E2-7FF4928DEF09}" }, "geometry": null },
{ "type": "Feature", "properties": { "OBJECTID": 473, "PROJECTNAME": "2112 Pennsylvania Avenue", "WARD": "2", "LOCATION": "2112 Pennsylvania Avenue, NW", "DEVELOPER": "Skanska USA", "PROJECTTYPE": "Office", "TYPE_SQFT": 230000.0, "UNITS": null, "UNIT_TYPE": null, "ESTVALUEINMILLION": 126000000.0, "ESTDELIVERY": "Q2 18", "STATUS": "Completed", "LATITUDE": null, "LONGITUDE": null, "REPORT_EDITION_YEAR": "2016-2019", "ARCHITECT": "Gensler", "CREATED_USER": null, "CREATED_DATE": null, "LAST_EDITED_USER": "SDE", "LAST_EDITED_DATE": "2025-10-16T20:11:02Z", "GLOBALID": "{390BF813-16DB-464B-9882-DD2057D04692}" }, "geometry": null },
{ "type": "Feature", "properties": { "OBJECTID": 474, "PROJECTNAME": "555 E Street (CitizenM)", "WARD": "6", "LOCATION": "555 E St., SW", "DEVELOPER": "CityPartners / Paramount Development Corp. / Potomac Investment Properties / Adams Investment Group / DC Strategy Group", "PROJECTTYPE": "Hospitality", "TYPE_SQFT": 130000.0, "UNITS": 252.0, "UNIT_TYPE": null, "ESTVALUEINMILLION": 120000000.0, "ESTDELIVERY": "Q3 20", "STATUS": "Completed", "LATITUDE": null, "LONGITUDE": null, "REPORT_EDITION_YEAR": "2020-2021", "ARCHITECT": " ", "CREATED_USER": null, "CREATED_DATE": null, "LAST_EDITED_USER": "SDE", "LAST_EDITED_DATE": "2025-10-16T20:10:22Z", "GLOBALID": "{5974C595-89A5-47A6-AAAC-32683540BDFD}" }, "geometry": null },
{ "type": "Feature", "properties": { "OBJECTID": 475, "PROJECTNAME": "AC Hotel", "WARD": "2", "LOCATION": "1112 19th St., NW", "DEVELOPER": "OTO Development", "PROJECTTYPE": "Hospitality", "TYPE_SQFT": 125700.0, "UNITS": 219.0, "UNIT_TYPE": null, "ESTVALUEINMILLION": 41000000.0, "ESTDELIVERY": "Q4 19", "STATUS": "Completed", "LATITUDE": null, "LONGITUDE": null, "REPORT_EDITION_YEAR": "2020-2021", "ARCHITECT": " ", "CREATED_USER": null, "CREATED_DATE": null, "LAST_EDITED_USER": "SDE", "LAST_EDITED_DATE": "2025-10-16T20:10:22Z", "GLOBALID": "{BB09E355-D59C-4A7B-A220-AE603967214A}" }, "geometry": null },
{ "type": "Feature", "properties": { "OBJECTID": 476, "PROJECTNAME": "Thompson D.C. Hotel", "WARD": "6", "LOCATION": "227 Tingey St., SE", "DEVELOPER": "Brookfield Properties / JW Capital Partners / Geolo Capital", "PROJECTTYPE": "Hospitality", "TYPE_SQFT": 114800.0, "UNITS": 225.0, "UNIT_TYPE": null, "ESTVALUEINMILLION": 0.0, "ESTDELIVERY": "Q1 20", "STATUS": "Completed", "LATITUDE": null, "LONGITUDE": null, "REPORT_EDITION_YEAR": "2020-2021", "ARCHITECT": " ", "CREATED_USER": null, "CREATED_DATE": null, "LAST_EDITED_USER": "SDE", "LAST_EDITED_DATE": "2025-10-16T20:10:22Z", "GLOBALID": "{06EC2AD7-4ED4-4E71-B0C8-53E9390C6411}" }, "geometry": null },
{ "type": "Feature", "properties": { "OBJECTID": 477, "PROJECTNAME": "Yotel", "WARD": "6", "LOCATION": "415 New Jersey Ave., NW", "DEVELOPER": "BLDG Management / Metrovest Equities", "PROJECTTYPE": "Hospitality", "TYPE_SQFT": 103000.0, "UNITS": 373.0, "UNIT_TYPE": null, "ESTVALUEINMILLION": 45000000.0, "ESTDELIVERY": "Q4 20", "STATUS": "Completed", "LATITUDE": null, "LONGITUDE": null, "REPORT_EDITION_YEAR": "2020-2021", "ARCHITECT": " ", "CREATED_USER": null, "CREATED_DATE": null, "LAST_EDITED_USER": "SDE", "LAST_EDITED_DATE": "2025-10-16T20:10:22Z", "GLOBALID": "{ED9F9EA5-ED13-4EDE-B179-48F025CC298A}" }, "geometry": null },
{ "type": "Feature", "properties": { "OBJECTID": 478, "PROJECTNAME": "AC Hotel Washington D.C. Convention Center", "WARD": "6", "LOCATION": "601 K St., NW", "DEVELOPER": "Douglas Development Corporation", "PROJECTTYPE": "Hospitality", "TYPE_SQFT": 96800.0, "UNITS": 234.0, "UNIT_TYPE": null, "ESTVALUEINMILLION": 47000000.0, "ESTDELIVERY": "Q3 20", "STATUS": "Completed", "LATITUDE": null, "LONGITUDE": null, "REPORT_EDITION_YEAR": "2020-2021", "ARCHITECT": " ", "CREATED_USER": null, "CREATED_DATE": null, "LAST_EDITED_USER": "SDE", "LAST_EDITED_DATE": "2025-10-16T20:10:22Z", "GLOBALID": "{B8E9544B-23F4-4F02-B4C1-9B9864664F29}" }, "geometry": null },
{ "type": "Feature", "properties": { "OBJECTID": 479, "PROJECTNAME": "The Reach", "WARD": "2", "LOCATION": "2700 F St., NW", "DEVELOPER": "The John F. Kennedy Center for the Performing Arts", "PROJECTTYPE": "Hospitality", "TYPE_SQFT": 72000.0, "UNITS": 0.0, "UNIT_TYPE": null, "ESTVALUEINMILLION": 175000000.0, "ESTDELIVERY": "Q3 19", "STATUS": "Completed", "LATITUDE": null, "LONGITUDE": null, "REPORT_EDITION_YEAR": "2020-2021", "ARCHITECT": " ", "CREATED_USER": null, "CREATED_DATE": null, "LAST_EDITED_USER": "SDE", "LAST_EDITED_DATE": "2025-10-16T20:10:22Z", "GLOBALID": "{8F551BB1-1C09-48E4-8788-495A0FD65469}" }, "geometry": null },
{ "type": "Feature", "properties": { "OBJECTID": 480, "PROJECTNAME": "National Children's Museum", "WARD": "2", "LOCATION": "1300 Pennsylvania Ave., NW", "DEVELOPER": "National Children's Museum", "PROJECTTYPE": "Hospitality", "TYPE_SQFT": 33000.0, "UNITS": 0.0, "UNIT_TYPE": null, "ESTVALUEINMILLION": 15000000.0, "ESTDELIVERY": "Q1 20", "STATUS": "Completed", "LATITUDE": null, "LONGITUDE": null, "REPORT_EDITION_YEAR": "2020-2021", "ARCHITECT": " ", "CREATED_USER": null, "CREATED_DATE": null, "LAST_EDITED_USER": "SDE", "LAST_EDITED_DATE": "2025-10-16T20:10:22Z", "GLOBALID": "{0696D267-6133-4327-AC60-4EA2CDD05802}" }, "geometry": null },
{ "type": "Feature", "properties": { "OBJECTID": 481, "PROJECTNAME": "Franklin School (Planet Word)", "WARD": "2", "LOCATION": "13th & K Sts., NW", "DEVELOPER": "Franklin School Development LLC / DMPED", "PROJECTTYPE": "Hospitality", "TYPE_SQFT": 26300.0, "UNITS": 0.0, "UNIT_TYPE": null, "ESTVALUEINMILLION": 35000000.0, "ESTDELIVERY": "Q4 20", "STATUS": "Completed", "LATITUDE": null, "LONGITUDE": null, "REPORT_EDITION_YEAR": "2020-2021", "ARCHITECT": " ", "CREATED_USER": null, "CREATED_DATE": null, "LAST_EDITED_USER": "SDE", "LAST_EDITED_DATE": "2025-10-16T20:10:22Z", "GLOBALID": "{C8948EE2-79EC-4987-AEF6-5DC4D054DD73}" }, "geometry": null },
{ "type": "Feature", "properties": { "OBJECTID": 482, "PROJECTNAME": "ART Place at Fort Totten (Phase II)", "WARD": "5", "LOCATION": "5300 South Dakota Ave., NE", "DEVELOPER": "Morris & Gwendolyn Cafritz Foundation", "PROJECTTYPE": "Hospitality", "TYPE_SQFT": 201000.0, "UNITS": 0.0, "UNIT_TYPE": null, "ESTVALUEINMILLION": 0.0, "ESTDELIVERY": "Q4 22", "STATUS": "Under Construction", "LATITUDE": null, "LONGITUDE": null, "REPORT_EDITION_YEAR": "2020-2021", "ARCHITECT": " ", "CREATED_USER": null, "CREATED_DATE": null, "LAST_EDITED_USER": "SDE", "LAST_EDITED_DATE": "2025-10-16T20:10:22Z", "GLOBALID": "{71E5709F-ADDD-4770-AF85-97869D8EA54C}" }, "geometry": null },
{ "type": "Feature", "properties": { "OBJECTID": 483, "PROJECTNAME": "NoMa CNTR", "WARD": "6", "LOCATION": "1005 1st St., NE", "DEVELOPER": "Perseus TDC / Four Points / Buccini Pollin Group / Sunwater Management", "PROJECTTYPE": "Hospitality", "TYPE_SQFT": 184400.0, "UNITS": 235.0, "UNIT_TYPE": null, "ESTVALUEINMILLION": 330000000.0, "ESTDELIVERY": "Q4 22", "STATUS": "Under Construction", "LATITUDE": null, "LONGITUDE": null, "REPORT_EDITION_YEAR": "2020-2021", "ARCHITECT": " ", "CREATED_USER": null, "CREATED_DATE": null, "LAST_EDITED_USER": "SDE", "LAST_EDITED_DATE": "2025-10-16T20:10:22Z", "GLOBALID": "{63EE97C9-804F-4639-90BB-A9CEEE54971B}" }, "geometry": null },
{ "type": "Feature", "properties": { "OBJECTID": 484, "PROJECTNAME": "H. Carl Moultrie Courthouse", "WARD": "2", "LOCATION": "500 Indiana Ave., NW", "DEVELOPER": "DC Superior Court", "PROJECTTYPE": "Office", "TYPE_SQFT": 176000.0, "UNITS": 0.0, "UNIT_TYPE": null, "ESTVALUEINMILLION": 97000000.0, "ESTDELIVERY": "2021", "STATUS": "Under Construction", "LATITUDE": null, "LONGITUDE": null, "REPORT_EDITION_YEAR": "2020-2021", "ARCHITECT": " ", "CREATED_USER": null, "CREATED_DATE": null, "LAST_EDITED_USER": "SDE", "LAST_EDITED_DATE": "2025-10-16T20:11:02Z", "GLOBALID": "{040A0F15-BD83-4AA8-9C7F-673CD397BBDF}" }, "geometry": null },
{ "type": "Feature", "properties": { "OBJECTID": 485, "PROJECTNAME": "699 14th Street", "WARD": "2", "LOCATION": "699 14th St., NW", "DEVELOPER": "Lincoln Property Company / Cara Real Estate", "PROJECTTYPE": "Office", "TYPE_SQFT": 149000.0, "UNITS": 0.0, "UNIT_TYPE": null, "ESTVALUEINMILLION": 0.0, "ESTDELIVERY": "Q1 21", "STATUS": "Under Construction", "LATITUDE": null, "LONGITUDE": null, "REPORT_EDITION_YEAR": "2020-2021", "ARCHITECT": " ", "CREATED_USER": null, "CREATED_DATE": null, "LAST_EDITED_USER": "SDE", "LAST_EDITED_DATE": "2025-10-16T20:11:02Z", "GLOBALID": "{F90829FC-BBA4-495B-BD08-08585FB20B38}" }, "geometry": null },
{ "type": "Feature", "properties": { "OBJECTID": 486, "PROJECTNAME": "The Milken Center for Advancing the American Dream", "WARD": "2", "LOCATION": "1501 - 1505 Pennsylvania Ave., NW & 730 15th St., NW", "DEVELOPER": "Akridge / Milken Family Foundation", "PROJECTTYPE": "Office", "TYPE_SQFT": 132000.0, "UNITS": 0.0, "UNIT_TYPE": null, "ESTVALUEINMILLION": 0.0, "ESTDELIVERY": "2024", "STATUS": "Under Construction", "LATITUDE": null, "LONGITUDE": null, "REPORT_EDITION_YEAR": "2020-2021", "ARCHITECT": " ", "CREATED_USER": null, "CREATED_DATE": null, "LAST_EDITED_USER": "SDE", "LAST_EDITED_DATE": "2025-10-16T20:11:02Z", "GLOBALID": "{525064AF-F22F-4063-AC59-DE452E0F1155}" }, "geometry": null },
{ "type": "Feature", "properties": { "OBJECTID": 487, "PROJECTNAME": "2100 M Street", "WARD": "2", "LOCATION": "2100 M St., NW", "DEVELOPER": "Meadow Partners / Network Realty Partners", "PROJECTTYPE": "Office", "TYPE_SQFT": 369100.0, "UNITS": 0.0, "UNIT_TYPE": null, "ESTVALUEINMILLION": 0.0, "ESTDELIVERY": "2022", "STATUS": "Pipeline", "LATITUDE": null, "LONGITUDE": null, "REPORT_EDITION_YEAR": "2020-2021", "ARCHITECT": " ", "CREATED_USER": null, "CREATED_DATE": null, "LAST_EDITED_USER": "SDE", "LAST_EDITED_DATE": "2025-10-16T20:11:02Z", "GLOBALID": "{26D4CCA9-211E-4299-994F-41D24A8F255C}" }, "geometry": null },
{ "type": "Feature", "properties": { "OBJECTID": 488, "PROJECTNAME": "600 5th Street", "WARD": "2", "LOCATION": "600 5th St., NW", "DEVELOPER": "Stonebridge Associates / Rockefeller Group", "PROJECTTYPE": "Office", "TYPE_SQFT": 355000.0, "UNITS": 0.0, "UNIT_TYPE": null, "ESTVALUEINMILLION": 300000000.0, "ESTDELIVERY": "2025", "STATUS": "Pipeline", "LATITUDE": null, "LONGITUDE": null, "REPORT_EDITION_YEAR": "2020-2021", "ARCHITECT": " ", "CREATED_USER": null, "CREATED_DATE": null, "LAST_EDITED_USER": "SDE", "LAST_EDITED_DATE": "2025-10-16T20:11:02Z", "GLOBALID": "{714CE0ED-80B8-4163-81A5-CCAE50DF8A86}" }, "geometry": null },
{ "type": "Feature", "properties": { "OBJECTID": 489, "PROJECTNAME": "Saint Elizabeths East (Parcel 17)", "WARD": "8", "LOCATION": "Saint Elizabeths East Campus", "DEVELOPER": "Redbrick LMD / Gragg Cardona Partners", "PROJECTTYPE": "Office", "TYPE_SQFT": 267000.0, "UNITS": 0.0, "UNIT_TYPE": null, "ESTVALUEINMILLION": 170000000.0, "ESTDELIVERY": "2023", "STATUS": "Pipeline", "LATITUDE": null, "LONGITUDE": null, "REPORT_EDITION_YEAR": "2020-2021", "ARCHITECT": " ", "CREATED_USER": null, "CREATED_DATE": null, "LAST_EDITED_USER": "SDE", "LAST_EDITED_DATE": "2025-10-16T20:11:02Z", "GLOBALID": "{36586F39-DAE5-46A8-B285-F252C1D97CAF}" }, "geometry": null },
{ "type": "Feature", "properties": { "OBJECTID": 490, "PROJECTNAME": "Northeast Heights", "WARD": "7", "LOCATION": "Minnesota Ave. & Benning Rd., NE", "DEVELOPER": "Cedar Realty Trust / Trammell Crow Company", "PROJECTTYPE": "Office", "TYPE_SQFT": 265000.0, "UNITS": 0.0, "UNIT_TYPE": null, "ESTVALUEINMILLION": 420000000.0, "ESTDELIVERY": "2022-28", "STATUS": "Pipeline", "LATITUDE": null, "LONGITUDE": null, "REPORT_EDITION_YEAR": "2020-2021", "ARCHITECT": " ", "CREATED_USER": null, "CREATED_DATE": null, "LAST_EDITED_USER": "SDE", "LAST_EDITED_DATE": "2025-10-16T20:11:02Z", "GLOBALID": "{1248308F-D899-44AF-BA00-2948A6502766}" }, "geometry": null },
{ "type": "Feature", "properties": { "OBJECTID": 491, "PROJECTNAME": "Reunion Square (Building 4)", "WARD": "8", "LOCATION": "Shannon Place & W St., SE", "DEVELOPER": "Four Points / Curtis Development", "PROJECTTYPE": "Office", "TYPE_SQFT": 230000.0, "UNITS": 0.0, "UNIT_TYPE": null, "ESTVALUEINMILLION": 0.0, "ESTDELIVERY": "2023", "STATUS": "Pipeline", "LATITUDE": null, "LONGITUDE": null, "REPORT_EDITION_YEAR": "2020-2021", "ARCHITECT": " ", "CREATED_USER": null, "CREATED_DATE": null, "LAST_EDITED_USER": "SDE", "LAST_EDITED_DATE": "2025-10-16T20:11:02Z", "GLOBALID": "{E57FE62B-F204-4B95-BE40-B0A7E9B73714}" }, "geometry": null },
{ "type": "Feature", "properties": { "OBJECTID": 492, "PROJECTNAME": "Cannon House Office Building Renewal (Ph III)", "WARD": "6", "LOCATION": "27 Independence Ave., SE", "DEVELOPER": "Architect of the Capitol", "PROJECTTYPE": "Office", "TYPE_SQFT": 206500.0, "UNITS": 0.0, "UNIT_TYPE": null, "ESTVALUEINMILLION": 188000000.0, "ESTDELIVERY": "2022", "STATUS": "Pipeline", "LATITUDE": null, "LONGITUDE": null, "REPORT_EDITION_YEAR": "2020-2021", "ARCHITECT": " ", "CREATED_USER": null, "CREATED_DATE": null, "LAST_EDITED_USER": "SDE", "LAST_EDITED_DATE": "2025-10-16T20:11:02Z", "GLOBALID": "{64BD030E-782F-4C1B-9985-326E4E47CA42}" }, "geometry": null },
{ "type": "Feature", "properties": { "OBJECTID": 493, "PROJECTNAME": "300 7th Street", "WARD": "6", "LOCATION": "300 7th St., SW", "DEVELOPER": "Jair Lynch Real Estate Partners", "PROJECTTYPE": "Office", "TYPE_SQFT": 203400.0, "UNITS": 0.0, "UNIT_TYPE": null, "ESTVALUEINMILLION": 122000000.0, "ESTDELIVERY": " ", "STATUS": "Pipeline", "LATITUDE": null, "LONGITUDE": null, "REPORT_EDITION_YEAR": "2020-2021", "ARCHITECT": " ", "CREATED_USER": null, "CREATED_DATE": null, "LAST_EDITED_USER": "SDE", "LAST_EDITED_DATE": "2025-10-16T20:11:02Z", "GLOBALID": "{C7CD5550-ADA3-4F8A-B054-8C81FBA970B9}" }, "geometry": null },
{ "type": "Feature", "properties": { "OBJECTID": 494, "PROJECTNAME": "615 H Street", "WARD": "2", "LOCATION": "615 H St., NW", "DEVELOPER": "Monument Realty", "PROJECTTYPE": "Office", "TYPE_SQFT": 69000.0, "UNITS": 0.0, "UNIT_TYPE": null, "ESTVALUEINMILLION": 55000000.0, "ESTDELIVERY": " ", "STATUS": "Pipeline", "LATITUDE": null, "LONGITUDE": null, "REPORT_EDITION_YEAR": "2020-2021", "ARCHITECT": " ", "CREATED_USER": null, "CREATED_DATE": null, "LAST_EDITED_USER": "SDE", "LAST_EDITED_DATE": "2025-10-16T20:11:02Z", "GLOBALID": "{58090B8B-2548-4723-8B8F-2C3C2ADB0A52}" }, "geometry": null },
{ "type": "Feature", "properties": { "OBJECTID": 495, "PROJECTNAME": "Howard University Hospital (Phase I)", "WARD": "1", "LOCATION": "501 Bryant St., NW", "DEVELOPER": "Howard University", "PROJECTTYPE": "Quality of Life", "TYPE_SQFT": 478000.0, "UNITS": 0.0, "UNIT_TYPE": null, "ESTVALUEINMILLION": 450000000.0, "ESTDELIVERY": "2026", "STATUS": "Pipeline", "LATITUDE": null, "LONGITUDE": null, "REPORT_EDITION_YEAR": "2020-2021", "ARCHITECT": " ", "CREATED_USER": null, "CREATED_DATE": null, "LAST_EDITED_USER": "SDE", "LAST_EDITED_DATE": "2025-10-16T20:12:15Z", "GLOBALID": "{F024F47C-E07B-4C72-8F00-070CB928C618}" }, "geometry": null },
{ "type": "Feature", "properties": { "OBJECTID": 496, "PROJECTNAME": "Saint Elizabeths East (New Hospital)", "WARD": "8", "LOCATION": "2730 Martin Luther King, Jr. Ave., SE", "DEVELOPER": "Government of the District of Columbia", "PROJECTTYPE": "Quality of Life", "TYPE_SQFT": 322000.0, "UNITS": 0.0, "UNIT_TYPE": null, "ESTVALUEINMILLION": 326000000.0, "ESTDELIVERY": "2024", "STATUS": "Pipeline", "LATITUDE": null, "LONGITUDE": null, "REPORT_EDITION_YEAR": "2020-2021", "ARCHITECT": " ", "CREATED_USER": null, "CREATED_DATE": null, "LAST_EDITED_USER": "SDE", "LAST_EDITED_DATE": "2025-10-16T20:12:15Z", "GLOBALID": "{99606789-ABE8-45FE-8358-D3E36B152602}" }, "geometry": null },
{ "type": "Feature", "properties": { "OBJECTID": 497, "PROJECTNAME": "3999 8th Street", "WARD": "8", "LOCATION": "3999 8th St., SE & 700 Yuma St., SE", "DEVELOPER": "KIPP DC", "PROJECTTYPE": "Quality of Life", "TYPE_SQFT": 158000.0, "UNITS": 0.0, "UNIT_TYPE": null, "ESTVALUEINMILLION": 105000000.0, "ESTDELIVERY": "2022", "STATUS": "Pipeline", "LATITUDE": null, "LONGITUDE": null, "REPORT_EDITION_YEAR": "2020-2021", "ARCHITECT": " ", "CREATED_USER": null, "CREATED_DATE": null, "LAST_EDITED_USER": "SDE", "LAST_EDITED_DATE": "2025-10-16T20:12:15Z", "GLOBALID": "{79D76033-1546-47F2-ADE8-6B6D6C2A1949}" }, "geometry": null },
{ "type": "Feature", "properties": { "OBJECTID": 498, "PROJECTNAME": "Skyland Town Center (Block 1)", "WARD": "7", "LOCATION": "Alabama Ave. & Naylor Rd., SE", "DEVELOPER": "Rappaport / WC Smith", "PROJECTTYPE": "Quality of Life", "TYPE_SQFT": 131300.0, "UNITS": 0.0, "UNIT_TYPE": null, "ESTVALUEINMILLION": 72000000.0, "ESTDELIVERY": "2023", "STATUS": "Pipeline", "LATITUDE": null, "LONGITUDE": null, "REPORT_EDITION_YEAR": "2020-2021", "ARCHITECT": " ", "CREATED_USER": null, "CREATED_DATE": null, "LAST_EDITED_USER": "SDE", "LAST_EDITED_DATE": "2025-10-16T20:12:15Z", "GLOBALID": "{634E7E6C-8A1E-4D61-9466-FBB3BB678E0B}" }, "geometry": null },
{ "type": "Feature", "properties": { "OBJECTID": 499, "PROJECTNAME": "New Fort Dupont Ice Arena", "WARD": "7", "LOCATION": "3779 Ely Place, SE", "DEVELOPER": "Department of General Services", "PROJECTTYPE": "Quality of Life", "TYPE_SQFT": 78000.0, "UNITS": 0.0, "UNIT_TYPE": null, "ESTVALUEINMILLION": 25000000.0, "ESTDELIVERY": "2023", "STATUS": "Pipeline", "LATITUDE": null, "LONGITUDE": null, "REPORT_EDITION_YEAR": "2020-2021", "ARCHITECT": " ", "CREATED_USER": null, "CREATED_DATE": null, "LAST_EDITED_USER": "SDE", "LAST_EDITED_DATE": "2025-10-16T20:12:15Z", "GLOBALID": "{E3D5F465-C061-4D83-AD3E-AC7811922CA0}" }, "geometry": null },
{ "type": "Feature", "properties": { "OBJECTID": 500, "PROJECTNAME": "Smothers Elementary School Modernization", "WARD": "7", "LOCATION": "4400 Brooks St., NE", "DEVELOPER": "Department of General Services", "PROJECTTYPE": "Quality of Life", "TYPE_SQFT": 66100.0, "UNITS": 0.0, "UNIT_TYPE": null, "ESTVALUEINMILLION": 55000000.0, "ESTDELIVERY": "2022", "STATUS": "Pipeline", "LATITUDE": null, "LONGITUDE": null, "REPORT_EDITION_YEAR": "2020-2021", "ARCHITECT": " ", "CREATED_USER": null, "CREATED_DATE": null, "LAST_EDITED_USER": "SDE", "LAST_EDITED_DATE": "2025-10-16T20:12:15Z", "GLOBALID": "{982F4AAA-D976-4A9D-A6CA-05CB0955E3AB}" }, "geometry": null },
{ "type": "Feature", "properties": { "OBJECTID": 501, "PROJECTNAME": "400 I Street", "WARD": "6", "LOCATION": "400 Eye St., SW", "DEVELOPER": "Bozzuto / Dantes Partners / Westminster Presbyterian Church", "PROJECTTYPE": "Quality of Life", "TYPE_SQFT": 18513.0, "UNITS": 0.0, "UNIT_TYPE": null, "ESTVALUEINMILLION": 0.0, "ESTDELIVERY": "2024", "STATUS": "Pipeline", "LATITUDE": null, "LONGITUDE": null, "REPORT_EDITION_YEAR": "2020-2021", "ARCHITECT": " ", "CREATED_USER": null, "CREATED_DATE": null, "LAST_EDITED_USER": "SDE", "LAST_EDITED_DATE": "2025-10-16T20:12:15Z", "GLOBALID": "{98779FDB-8A3A-471C-879D-E7C044BC7BF5}" }, "geometry": null },
{ "type": "Feature", "properties": { "OBJECTID": 502, "PROJECTNAME": "11th Street Bridge Park", "WARD": "8", "LOCATION": "11th St. Bridge", "DEVELOPER": "Building Bridges Across the River / DC Department of Transportation", "PROJECTTYPE": "Quality of Life", "TYPE_SQFT": 0.0, "UNITS": 0.0, "UNIT_TYPE": null, "ESTVALUEINMILLION": 74000000.0, "ESTDELIVERY": "2024", "STATUS": "Pipeline", "LATITUDE": null, "LONGITUDE": null, "REPORT_EDITION_YEAR": "2020-2021", "ARCHITECT": " ", "CREATED_USER": null, "CREATED_DATE": null, "LAST_EDITED_USER": "SDE", "LAST_EDITED_DATE": "2025-10-16T20:12:15Z", "GLOBALID": "{6881DF78-E151-4E18-B4BF-BE20316B8C74}" }, "geometry": null },
{ "type": "Feature", "properties": { "OBJECTID": 503, "PROJECTNAME": "Banneker Academic High School", "WARD": "6", "LOCATION": "10th & R Sts., NW", "DEVELOPER": "Department of General Services / DC Public Schools", "PROJECTTYPE": "Quality of Life", "TYPE_SQFT": 175000.0, "UNITS": 0.0, "UNIT_TYPE": null, "ESTVALUEINMILLION": 152000000.0, "ESTDELIVERY": "Q3 21", "STATUS": "Under Construction", "LATITUDE": null, "LONGITUDE": null, "REPORT_EDITION_YEAR": "2020-2021", "ARCHITECT": " ", "CREATED_USER": null, "CREATED_DATE": null, "LAST_EDITED_USER": "SDE", "LAST_EDITED_DATE": "2025-10-16T20:12:15Z", "GLOBALID": "{374DC5EB-6D5D-4D22-B4D8-73E953FDDB01}" }, "geometry": null },
{ "type": "Feature", "properties": { "OBJECTID": 504, "PROJECTNAME": "Capitol Hill Montessori at Logan", "WARD": "6", "LOCATION": "215 G St., NE", "DEVELOPER": "Department of General Services / DC Public Schools", "PROJECTTYPE": "Quality of Life", "TYPE_SQFT": 100000.0, "UNITS": 0.0, "UNIT_TYPE": null, "ESTVALUEINMILLION": 70000000.0, "ESTDELIVERY": "Q3 21", "STATUS": "Under Construction", "LATITUDE": null, "LONGITUDE": null, "REPORT_EDITION_YEAR": "2020-2021", "ARCHITECT": " ", "CREATED_USER": null, "CREATED_DATE": null, "LAST_EDITED_USER": "SDE", "LAST_EDITED_DATE": "2025-10-16T20:12:15Z", "GLOBALID": "{3E818F76-8609-4AB3-B1D3-BAFFA7DDA11C}" }, "geometry": null },
{ "type": "Feature", "properties": { "OBJECTID": 505, "PROJECTNAME": "West Elementary School", "WARD": "4", "LOCATION": "1335 Farragut St., NW", "DEVELOPER": "Department of General Services / DC Public Schools", "PROJECTTYPE": "Quality of Life", "TYPE_SQFT": 88600.0, "UNITS": 0.0, "UNIT_TYPE": null, "ESTVALUEINMILLION": 71000000.0, "ESTDELIVERY": "Q3 21", "STATUS": "Under Construction", "LATITUDE": null, "LONGITUDE": null, "REPORT_EDITION_YEAR": "2020-2021", "ARCHITECT": " ", "CREATED_USER": null, "CREATED_DATE": null, "LAST_EDITED_USER": "SDE", "LAST_EDITED_DATE": "2025-10-16T20:12:15Z", "GLOBALID": "{30F15D5B-52B1-4598-B485-31B6770D7184}" }, "geometry": null },
{ "type": "Feature", "properties": { "OBJECTID": 506, "PROJECTNAME": "KIPP School (Phase III)", "WARD": "7", "LOCATION": "4801 Benning Rd., SE", "DEVELOPER": "KIPP DC", "PROJECTTYPE": "Quality of Life", "TYPE_SQFT": 84000.0, "UNITS": 0.0, "UNIT_TYPE": null, "ESTVALUEINMILLION": 21000000.0, "ESTDELIVERY": "Q2 21", "STATUS": "Under Construction", "LATITUDE": null, "LONGITUDE": null, "REPORT_EDITION_YEAR": "2020-2021", "ARCHITECT": " ", "CREATED_USER": null, "CREATED_DATE": null, "LAST_EDITED_USER": "SDE", "LAST_EDITED_DATE": "2025-10-16T20:12:15Z", "GLOBALID": "{8675A081-227D-4EFF-9284-0B685B7CE372}" }, "geometry": null },
{ "type": "Feature", "properties": { "OBJECTID": 507, "PROJECTNAME": "Eaton Elementary School Modernization", "WARD": "3", "LOCATION": "3301 Lowell St., NW", "DEVELOPER": "Department of General Services / DC Public Schools", "PROJECTTYPE": "Quality of Life", "TYPE_SQFT": 52600.0, "UNITS": 0.0, "UNIT_TYPE": null, "ESTVALUEINMILLION": 67000000.0, "ESTDELIVERY": "Q3 21", "STATUS": "Under Construction", "LATITUDE": null, "LONGITUDE": null, "REPORT_EDITION_YEAR": "2020-2021", "ARCHITECT": " ", "CREATED_USER": null, "CREATED_DATE": null, "LAST_EDITED_USER": "SDE", "LAST_EDITED_DATE": "2025-10-16T20:12:15Z", "GLOBALID": "{22A9EFB8-E43B-442B-B4A6-90B40EEE3436}" }, "geometry": null },
{ "type": "Feature", "properties": { "OBJECTID": 508, "PROJECTNAME": "Southwest Library", "WARD": "6", "LOCATION": "900 Wesley Place, SW", "DEVELOPER": "DC Public Library", "PROJECTTYPE": "Quality of Life", "TYPE_SQFT": 22000.0, "UNITS": 0.0, "UNIT_TYPE": null, "ESTVALUEINMILLION": 18000000.0, "ESTDELIVERY": "Q1 21", "STATUS": "Under Construction", "LATITUDE": null, "LONGITUDE": null, "REPORT_EDITION_YEAR": "2020-2021", "ARCHITECT": " ", "CREATED_USER": null, "CREATED_DATE": null, "LAST_EDITED_USER": "SDE", "LAST_EDITED_DATE": "2025-10-16T20:12:15Z", "GLOBALID": "{76449F18-47D4-4578-9979-DE8865A3A33A}" }, "geometry": null },
{ "type": "Feature", "properties": { "OBJECTID": 509, "PROJECTNAME": "Lafayette Recreation Center", "WARD": "4", "LOCATION": "5900 33rd St., NW", "DEVELOPER": "Department of General Services / Department of Parks & Recreation", "PROJECTTYPE": "Quality of Life", "TYPE_SQFT": 3300.0, "UNITS": 0.0, "UNIT_TYPE": null, "ESTVALUEINMILLION": 6000000.0, "ESTDELIVERY": "Q1 21", "STATUS": "Under Construction", "LATITUDE": null, "LONGITUDE": null, "REPORT_EDITION_YEAR": "2020-2021", "ARCHITECT": " ", "CREATED_USER": null, "CREATED_DATE": null, "LAST_EDITED_USER": "SDE", "LAST_EDITED_DATE": "2025-10-16T20:12:15Z", "GLOBALID": "{0750CDA1-4A32-40D4-919E-BB05B1194807}" }, "geometry": null },
{ "type": "Feature", "properties": { "OBJECTID": 510, "PROJECTNAME": "Franklin Park", "WARD": "2", "LOCATION": "13th, 14th, I, & K Sts., NW", "DEVELOPER": "Department of General Services / National Park Service", "PROJECTTYPE": "Quality of Life", "TYPE_SQFT": 0.0, "UNITS": 0.0, "UNIT_TYPE": null, "ESTVALUEINMILLION": 18000000.0, "ESTDELIVERY": "Q3 21", "STATUS": "Under Construction", "LATITUDE": null, "LONGITUDE": null, "REPORT_EDITION_YEAR": "2020-2021", "ARCHITECT": " ", "CREATED_USER": null, "CREATED_DATE": null, "LAST_EDITED_USER": "SDE", "LAST_EDITED_DATE": "2025-10-16T20:12:15Z", "GLOBALID": "{97810297-A5CB-4F01-91C3-DC25ADE7131F}" }, "geometry": null },
{ "type": "Feature", "properties": { "OBJECTID": 511, "PROJECTNAME": "1145 19th Street", "WARD": "2", "LOCATION": "1145 19th St., NW", "DEVELOPER": "The RMR Group Inc.", "PROJECTTYPE": "Quality of Life", "TYPE_SQFT": 130000.0, "UNITS": 0.0, "UNIT_TYPE": null, "ESTVALUEINMILLION": 26000000.0, "ESTDELIVERY": "Q3 20", "STATUS": "Completed", "LATITUDE": null, "LONGITUDE": null, "REPORT_EDITION_YEAR": "2020-2021", "ARCHITECT": " ", "CREATED_USER": null, "CREATED_DATE": null, "LAST_EDITED_USER": "SDE", "LAST_EDITED_DATE": "2025-10-16T20:12:15Z", "GLOBALID": "{56EA4BF7-A296-4621-BF08-0681C1921885}" }, "geometry": null },
{ "type": "Feature", "properties": { "OBJECTID": 512, "PROJECTNAME": "Eliot-Hine Middle School Modernization", "WARD": "6", "LOCATION": "1830 Constitution Ave., NE", "DEVELOPER": "Department of General Services / DC Public Schools", "PROJECTTYPE": "Quality of Life", "TYPE_SQFT": 143500.0, "UNITS": 0.0, "UNIT_TYPE": null, "ESTVALUEINMILLION": 84000000.0, "ESTDELIVERY": "Q4 20", "STATUS": "Completed", "LATITUDE": null, "LONGITUDE": null, "REPORT_EDITION_YEAR": "2020-2021", "ARCHITECT": " ", "CREATED_USER": null, "CREATED_DATE": null, "LAST_EDITED_USER": "SDE", "LAST_EDITED_DATE": "2025-10-16T20:12:15Z", "GLOBALID": "{D7731D02-D36E-45F5-B229-50EE8BFD74C0}" }, "geometry": null },
{ "type": "Feature", "properties": { "OBJECTID": 513, "PROJECTNAME": "Jefferson Academy", "WARD": "6", "LOCATION": "801 7th St., SW", "DEVELOPER": "Department of General Services / DC Public Schools", "PROJECTTYPE": "Quality of Life", "TYPE_SQFT": 109000.0, "UNITS": 0.0, "UNIT_TYPE": null, "ESTVALUEINMILLION": 78000000.0, "ESTDELIVERY": "Q2 20", "STATUS": "Completed", "LATITUDE": null, "LONGITUDE": null, "REPORT_EDITION_YEAR": "2020-2021", "ARCHITECT": " ", "CREATED_USER": null, "CREATED_DATE": null, "LAST_EDITED_USER": "SDE", "LAST_EDITED_DATE": "2025-10-16T20:12:15Z", "GLOBALID": "{3124875C-96DC-4710-9CF4-A1068D45C5CC}" }, "geometry": null },
{ "type": "Feature", "properties": { "OBJECTID": 514, "PROJECTNAME": "Georgetown Day School Tenleytown Campus", "WARD": "3", "LOCATION": "4203 Davenport St., NW", "DEVELOPER": "Georgetown Day School", "PROJECTTYPE": "Quality of Life", "TYPE_SQFT": 88600.0, "UNITS": 0.0, "UNIT_TYPE": null, "ESTVALUEINMILLION": 0.0, "ESTDELIVERY": "Q4 20", "STATUS": "Completed", "LATITUDE": null, "LONGITUDE": null, "REPORT_EDITION_YEAR": "2020-2021", "ARCHITECT": " ", "CREATED_USER": null, "CREATED_DATE": null, "LAST_EDITED_USER": "SDE", "LAST_EDITED_DATE": "2025-10-16T20:12:15Z", "GLOBALID": "{A7EE0C9E-6BCD-4A6C-9AA0-3EE1397044EC}" }, "geometry": null },
{ "type": "Feature", "properties": { "OBJECTID": 515, "PROJECTNAME": "CW Harris Elementary School", "WARD": "7", "LOCATION": "301 53rd St., SE", "DEVELOPER": "Department of General Services / DC Public Schools", "PROJECTTYPE": "Quality of Life", "TYPE_SQFT": 84000.0, "UNITS": 0.0, "UNIT_TYPE": null, "ESTVALUEINMILLION": 52000000.0, "ESTDELIVERY": "Q3 20", "STATUS": "Completed", "LATITUDE": null, "LONGITUDE": null, "REPORT_EDITION_YEAR": "2020-2021", "ARCHITECT": " ", "CREATED_USER": null, "CREATED_DATE": null, "LAST_EDITED_USER": "SDE", "LAST_EDITED_DATE": "2025-10-16T20:12:15Z", "GLOBALID": "{7436A25F-B831-4D9C-BF67-C7C7D0303F6D}" }, "geometry": null },
{ "type": "Feature", "properties": { "OBJECTID": 516, "PROJECTNAME": "Houston Elementary School Modernization", "WARD": "7", "LOCATION": "1100 50th Place, NE", "DEVELOPER": "Department of General Services / DC Public Schools", "PROJECTTYPE": "Quality of Life", "TYPE_SQFT": 82500.0, "UNITS": 0.0, "UNIT_TYPE": null, "ESTVALUEINMILLION": 55000000.0, "ESTDELIVERY": "Q3 20", "STATUS": "Completed", "LATITUDE": null, "LONGITUDE": null, "REPORT_EDITION_YEAR": "2020-2021", "ARCHITECT": " ", "CREATED_USER": null, "CREATED_DATE": null, "LAST_EDITED_USER": "SDE", "LAST_EDITED_DATE": "2025-10-16T20:12:15Z", "GLOBALID": "{00C1CD5C-5852-4D76-AF3F-DD7D2BF02AD1}" }, "geometry": null },
{ "type": "Feature", "properties": { "OBJECTID": 517, "PROJECTNAME": "Thaddeus Stevens School", "WARD": "2", "LOCATION": "1050 21st St., NW", "DEVELOPER": "Akridge / Argos Group / Department of General Services / DC Public Schools", "PROJECTTYPE": "Quality of Life", "TYPE_SQFT": 40000.0, "UNITS": 0.0, "UNIT_TYPE": null, "ESTVALUEINMILLION": 20000000.0, "ESTDELIVERY": "Q3 20", "STATUS": "Completed", "LATITUDE": null, "LONGITUDE": null, "REPORT_EDITION_YEAR": "2020-2021", "ARCHITECT": " ", "CREATED_USER": null, "CREATED_DATE": null, "LAST_EDITED_USER": "SDE", "LAST_EDITED_DATE": "2025-10-16T20:12:15Z", "GLOBALID": "{FD0CCF9A-9410-4F78-A5DD-5A3B269A1CB8}" }, "geometry": null },
{ "type": "Feature", "properties": { "OBJECTID": 518, "PROJECTNAME": "Shepherd Park Community Center", "WARD": "4", "LOCATION": "7800 14th St., NW", "DEVELOPER": "Department of General Services / Department of Parks and Recreation", "PROJECTTYPE": "Quality of Life", "TYPE_SQFT": 20000.0, "UNITS": 0.0, "UNIT_TYPE": null, "ESTVALUEINMILLION": 13000000.0, "ESTDELIVERY": "Q3 20", "STATUS": "Completed", "LATITUDE": null, "LONGITUDE": null, "REPORT_EDITION_YEAR": "2020-2021", "ARCHITECT": " ", "CREATED_USER": null, "CREATED_DATE": null, "LAST_EDITED_USER": "SDE", "LAST_EDITED_DATE": "2025-10-16T20:12:15Z", "GLOBALID": "{E2906E7D-95E4-437E-B836-5D7B9F57F89A}" }, "geometry": null },
{ "type": "Feature", "properties": { "OBJECTID": 519, "PROJECTNAME": "Northeast Heights", "WARD": "7", "LOCATION": "3924 - 3968 Minnesota Ave., NE", "DEVELOPER": "Cedar Realty Trust / Trammell Crow Company", "PROJECTTYPE": "Residential", "TYPE_SQFT": 0.0, "UNITS": 1355.0, "UNIT_TYPE": null, "ESTVALUEINMILLION": 0.0, "ESTDELIVERY": "2022-28", "STATUS": "Pipeline", "LATITUDE": null, "LONGITUDE": null, "REPORT_EDITION_YEAR": "2020-2021", "ARCHITECT": " ", "CREATED_USER": null, "CREATED_DATE": null, "LAST_EDITED_USER": "SDE", "LAST_EDITED_DATE": "2025-10-16T20:12:51Z", "GLOBALID": "{6560057F-DF06-4D72-B6F4-D1CE003A19AA}" }, "geometry": null },
{ "type": "Feature", "properties": { "OBJECTID": 520, "PROJECTNAME": "100 V Street (Phase I)", "WARD": "6", "LOCATION": "1st, 2nd, T & V Sts., SW", "DEVELOPER": "Akridge", "PROJECTTYPE": "Residential", "TYPE_SQFT": 0.0, "UNITS": 1100.0, "UNIT_TYPE": null, "ESTVALUEINMILLION": 0.0, "ESTDELIVERY": "2023", "STATUS": "Pipeline", "LATITUDE": null, "LONGITUDE": null, "REPORT_EDITION_YEAR": "2020-2021", "ARCHITECT": " ", "CREATED_USER": null, "CREATED_DATE": null, "LAST_EDITED_USER": "SDE", "LAST_EDITED_DATE": "2025-10-16T20:12:51Z", "GLOBALID": "{861CF60F-DE1C-4E90-A968-86E6F1128F00}" }, "geometry": null },
{ "type": "Feature", "properties": { "OBJECTID": 521, "PROJECTNAME": "Columbian Quarter (Phase I)", "WARD": "8", "LOCATION": "Suitland Parkway & Howard Rd., SE", "DEVELOPER": "Redbrick LMD", "PROJECTTYPE": "Residential", "TYPE_SQFT": 0.0, "UNITS": 725.0, "UNIT_TYPE": null, "ESTVALUEINMILLION": 260000000.0, "ESTDELIVERY": "2023", "STATUS": "Pipeline", "LATITUDE": null, "LONGITUDE": null, "REPORT_EDITION_YEAR": "2020-2021", "ARCHITECT": " ", "CREATED_USER": null, "CREATED_DATE": null, "LAST_EDITED_USER": "SDE", "LAST_EDITED_DATE": "2025-10-16T20:12:51Z", "GLOBALID": "{AEF42AFD-CF6A-4577-A2DD-F303A80AD7C5}" }, "geometry": null },
{ "type": "Feature", "properties": { "OBJECTID": 522, "PROJECTNAME": "Upton Place", "WARD": "3", "LOCATION": "4000 Wisconsin Ave. NW", "DEVELOPER": "Donohoe Companies", "PROJECTTYPE": "Residential", "TYPE_SQFT": 0.0, "UNITS": 689.0, "UNIT_TYPE": null, "ESTVALUEINMILLION": 0.0, "ESTDELIVERY": "2024", "STATUS": "Pipeline", "LATITUDE": null, "LONGITUDE": null, "REPORT_EDITION_YEAR": "2020-2021", "ARCHITECT": " ", "CREATED_USER": null, "CREATED_DATE": null, "LAST_EDITED_USER": "SDE", "LAST_EDITED_DATE": "2025-10-16T20:12:51Z", "GLOBALID": "{F49D0DE5-FC70-4F0C-A4CD-36ADD1606916}" }, "geometry": null },
{ "type": "Feature", "properties": { "OBJECTID": 523, "PROJECTNAME": "113 Potomac Avenue", "WARD": "6", "LOCATION": "113 Potomac Ave., SW", "DEVELOPER": "Toll Brothers", "PROJECTTYPE": "Residential", "TYPE_SQFT": 0.0, "UNITS": 520.0, "UNIT_TYPE": null, "ESTVALUEINMILLION": 250000000.0, "ESTDELIVERY": "2023", "STATUS": "Pipeline", "LATITUDE": null, "LONGITUDE": null, "REPORT_EDITION_YEAR": "2020-2021", "ARCHITECT": " ", "CREATED_USER": null, "CREATED_DATE": null, "LAST_EDITED_USER": "SDE", "LAST_EDITED_DATE": "2025-10-16T20:12:51Z", "GLOBALID": "{519B54E6-C8BE-4430-8AFC-66CC770DB15E}" }, "geometry": null },
{ "type": "Feature", "properties": { "OBJECTID": 524, "PROJECTNAME": "Bond Bread", "WARD": "1", "LOCATION": "2114 Georgia Ave., NW", "DEVELOPER": "EDENS / Menkiti Group / Fivesquares Development / Howard University", "PROJECTTYPE": "Residential", "TYPE_SQFT": 0.0, "UNITS": 450.0, "UNIT_TYPE": null, "ESTVALUEINMILLION": 275000000.0, "ESTDELIVERY": "2025", "STATUS": "Pipeline", "LATITUDE": null, "LONGITUDE": null, "REPORT_EDITION_YEAR": "2020-2021", "ARCHITECT": " ", "CREATED_USER": null, "CREATED_DATE": null, "LAST_EDITED_USER": "SDE", "LAST_EDITED_DATE": "2025-10-16T20:12:51Z", "GLOBALID": "{DDF806CF-C55D-40CA-BC7E-DDC1523DBA08}" }, "geometry": null },
{ "type": "Feature", "properties": { "OBJECTID": 525, "PROJECTNAME": "Waterfront Station II", "WARD": "6", "LOCATION": "1000 4th St., SW", "DEVELOPER": "Hoffman & Associates / CityPartners / Affordable Housing Developers / Paramount Development Corp. / DMPED", "PROJECTTYPE": "Residential", "TYPE_SQFT": 0.0, "UNITS": 449.0, "UNIT_TYPE": null, "ESTVALUEINMILLION": 165000000.0, "ESTDELIVERY": "2023", "STATUS": "Pipeline", "LATITUDE": null, "LONGITUDE": null, "REPORT_EDITION_YEAR": "2020-2021", "ARCHITECT": " ", "CREATED_USER": null, "CREATED_DATE": null, "LAST_EDITED_USER": "SDE", "LAST_EDITED_DATE": "2025-10-16T20:12:51Z", "GLOBALID": "{950B2BD4-7F2C-4BC9-B39B-06A273FE6857}" }, "geometry": null },
{ "type": "Feature", "properties": { "OBJECTID": 526, "PROJECTNAME": "The Yards (Parcel I)", "WARD": "6", "LOCATION": "Canal & N Sts., SE", "DEVELOPER": "Brookfield Properties", "PROJECTTYPE": "Residential", "TYPE_SQFT": 0.0, "UNITS": 379.0, "UNIT_TYPE": null, "ESTVALUEINMILLION": 0.0, "ESTDELIVERY": "2023", "STATUS": "Pipeline", "LATITUDE": null, "LONGITUDE": null, "REPORT_EDITION_YEAR": "2020-2021", "ARCHITECT": " ", "CREATED_USER": null, "CREATED_DATE": null, "LAST_EDITED_USER": "SDE", "LAST_EDITED_DATE": "2025-10-16T20:12:51Z", "GLOBALID": "{F4C78CAE-61DB-4F3E-B9C2-64F8B7886DB5}" }, "geometry": null },
{ "type": "Feature", "properties": { "OBJECTID": 527, "PROJECTNAME": "400 I Street", "WARD": "6", "LOCATION": "400 Eye St., SW", "DEVELOPER": "Bozzuto / Dantes Partners / Westminster Presbyterian Church", "PROJECTTYPE": "Residential", "TYPE_SQFT": 0.0, "UNITS": 222.0, "UNIT_TYPE": null, "ESTVALUEINMILLION": 0.0, "ESTDELIVERY": "2024", "STATUS": "Pipeline", "LATITUDE": null, "LONGITUDE": null, "REPORT_EDITION_YEAR": "2020-2021", "ARCHITECT": " ", "CREATED_USER": null, "CREATED_DATE": null, "LAST_EDITED_USER": "SDE", "LAST_EDITED_DATE": "2025-10-16T20:12:51Z", "GLOBALID": "{F8C7CD2F-8878-4DEC-ACFF-24DEF06D00F4}" }, "geometry": null },
{ "type": "Feature", "properties": { "OBJECTID": 528, "PROJECTNAME": "Crossing DC (Phase I)", "WARD": "6", "LOCATION": "949 1st St., SE", "DEVELOPER": "Tishman Speyer", "PROJECTTYPE": "Residential", "TYPE_SQFT": 0.0, "UNITS": 512.0, "UNIT_TYPE": null, "ESTVALUEINMILLION": 0.0, "ESTDELIVERY": "Q4 20", "STATUS": "Completed", "LATITUDE": null, "LONGITUDE": null, "REPORT_EDITION_YEAR": "2020-2021", "ARCHITECT": " ", "CREATED_USER": null, "CREATED_DATE": null, "LAST_EDITED_USER": "SDE", "LAST_EDITED_DATE": "2025-10-16T20:12:51Z", "GLOBALID": "{FB511E4E-F238-4964-BE65-BB532AA6518E}" }, "geometry": null },
{ "type": "Feature", "properties": { "OBJECTID": 529, "PROJECTNAME": "Armature Works", "WARD": "6", "LOCATION": "1200 3rd St., NE", "DEVELOPER": "Trammell Crow Company / High Street Residential / MetLife", "PROJECTTYPE": "Hospitality", "TYPE_SQFT": 147000.0, "UNITS": 204.0, "UNIT_TYPE": null, "ESTVALUEINMILLION": 400000000.0, "ESTDELIVERY": "Q1 22", "STATUS": "Under Construction", "LATITUDE": null, "LONGITUDE": null, "REPORT_EDITION_YEAR": "2020-2021", "ARCHITECT": " ", "CREATED_USER": null, "CREATED_DATE": null, "LAST_EDITED_USER": "SDE", "LAST_EDITED_DATE": "2025-10-16T20:10:22Z", "GLOBALID": "{16BB781A-C43B-4F93-858A-9449014E3321}" }, "geometry": null },
{ "type": "Feature", "properties": { "OBJECTID": 530, "PROJECTNAME": "Holiday Inn Express", "WARD": "6", "LOCATION": "303 - 317 K St., NW", "DEVELOPER": "Habte Sequar", "PROJECTTYPE": "Hospitality", "TYPE_SQFT": 118000.0, "UNITS": 247.0, "UNIT_TYPE": null, "ESTVALUEINMILLION": 93000000.0, "ESTDELIVERY": "Q3 21", "STATUS": "Under Construction", "LATITUDE": null, "LONGITUDE": null, "REPORT_EDITION_YEAR": "2020-2021", "ARCHITECT": " ", "CREATED_USER": null, "CREATED_DATE": null, "LAST_EDITED_USER": "SDE", "LAST_EDITED_DATE": "2025-10-16T20:10:22Z", "GLOBALID": "{DC75753E-A7FB-4DB5-AD98-456D2998F57E}" }, "geometry": null },
{ "type": "Feature", "properties": { "OBJECTID": 531, "PROJECTNAME": "The Milken Center for Advancing the American Dream", "WARD": "2", "LOCATION": "1501 - 1505 Pennsylvania Ave., NW & 730 15th St., NW", "DEVELOPER": "Akridge / Milken Family Foundation", "PROJECTTYPE": "Hospitality", "TYPE_SQFT": 70000.0, "UNITS": 0.0, "UNIT_TYPE": null, "ESTVALUEINMILLION": 0.0, "ESTDELIVERY": "2024", "STATUS": "Under Construction", "LATITUDE": null, "LONGITUDE": null, "REPORT_EDITION_YEAR": "2020-2021", "ARCHITECT": " ", "CREATED_USER": null, "CREATED_DATE": null, "LAST_EDITED_USER": "SDE", "LAST_EDITED_DATE": "2025-10-16T20:10:22Z", "GLOBALID": "{C7EA0D9A-8B07-4995-81BE-36F0746743D5}" }, "geometry": null },
{ "type": "Feature", "properties": { "OBJECTID": 532, "PROJECTNAME": "Banneker Hotel", "WARD": "2", "LOCATION": "1315 16th Street, NW", "DEVELOPER": "Greystar Development / J.P. Morgan Asset Management / Oxford Properties Group", "PROJECTTYPE": "Hospitality", "TYPE_SQFT": 0.0, "UNITS": 144.0, "UNIT_TYPE": null, "ESTVALUEINMILLION": 0.0, "ESTDELIVERY": "Q3 21", "STATUS": "Under Construction", "LATITUDE": null, "LONGITUDE": null, "REPORT_EDITION_YEAR": "2020-2021", "ARCHITECT": " ", "CREATED_USER": null, "CREATED_DATE": null, "LAST_EDITED_USER": "SDE", "LAST_EDITED_DATE": "2025-10-16T20:10:22Z", "GLOBALID": "{841AFFD7-8B37-41B3-8D37-9C40AC8AFE88}" }, "geometry": null },
{ "type": "Feature", "properties": { "OBJECTID": 533, "PROJECTNAME": "World War I Memorial", "WARD": "2", "LOCATION": "Pershing Park", "DEVELOPER": "Doughboy Foundation / U.S. WWI Centennial Commission", "PROJECTTYPE": "Hospitality", "TYPE_SQFT": 0.0, "UNITS": 0.0, "UNIT_TYPE": null, "ESTVALUEINMILLION": 42000000.0, "ESTDELIVERY": "Q4 21", "STATUS": "Under Construction", "LATITUDE": null, "LONGITUDE": null, "REPORT_EDITION_YEAR": "2020-2021", "ARCHITECT": " ", "CREATED_USER": null, "CREATED_DATE": null, "LAST_EDITED_USER": "SDE", "LAST_EDITED_DATE": "2025-10-16T20:10:22Z", "GLOBALID": "{1A75740F-ABA9-45EE-B496-BD2751DFA0F6}" }, "geometry": null },
{ "type": "Feature", "properties": { "OBJECTID": 534, "PROJECTNAME": "Latham Hotel", "WARD": "2", "LOCATION": "3000 M St., NW", "DEVELOPER": "Thor Equities", "PROJECTTYPE": "Hospitality", "TYPE_SQFT": 140000.0, "UNITS": 256.0, "UNIT_TYPE": null, "ESTVALUEINMILLION": 0.0, "ESTDELIVERY": "2024", "STATUS": "Pipeline", "LATITUDE": null, "LONGITUDE": null, "REPORT_EDITION_YEAR": "2020-2021", "ARCHITECT": " ", "CREATED_USER": null, "CREATED_DATE": null, "LAST_EDITED_USER": "SDE", "LAST_EDITED_DATE": "2025-10-16T20:10:22Z", "GLOBALID": "{C57D437F-9AF6-47C1-920B-37F0364D610E}" }, "geometry": null },
{ "type": "Feature", "properties": { "OBJECTID": 535, "PROJECTNAME": "Bond Bread", "WARD": "1", "LOCATION": "2114 Georgia Ave., NW", "DEVELOPER": "EDENS / Menkiti Group / Fivesquares Development / Howard University", "PROJECTTYPE": "Hospitality", "TYPE_SQFT": 135000.0, "UNITS": 180.0, "UNIT_TYPE": null, "ESTVALUEINMILLION": 275000000.0, "ESTDELIVERY": "2025", "STATUS": "Pipeline", "LATITUDE": null, "LONGITUDE": null, "REPORT_EDITION_YEAR": "2020-2021", "ARCHITECT": " ", "CREATED_USER": null, "CREATED_DATE": null, "LAST_EDITED_USER": "SDE", "LAST_EDITED_DATE": "2025-10-16T20:10:22Z", "GLOBALID": "{FA6D2489-5356-4825-9777-B9652E214AB7}" }, "geometry": null },
{ "type": "Feature", "properties": { "OBJECTID": 536, "PROJECTNAME": "100 V Street (Phase I)", "WARD": "6", "LOCATION": "1st, 2nd, T & V Sts., SW", "DEVELOPER": "Akridge", "PROJECTTYPE": "Hospitality", "TYPE_SQFT": 66100.0, "UNITS": 180.0, "UNIT_TYPE": null, "ESTVALUEINMILLION": 0.0, "ESTDELIVERY": "2023", "STATUS": "Pipeline", "LATITUDE": null, "LONGITUDE": null, "REPORT_EDITION_YEAR": "2020-2021", "ARCHITECT": " ", "CREATED_USER": null, "CREATED_DATE": null, "LAST_EDITED_USER": "SDE", "LAST_EDITED_DATE": "2025-10-16T20:10:22Z", "GLOBALID": "{56FE26A9-BD8F-42A5-AB43-330AD6A06C2C}" }, "geometry": null },
{ "type": "Feature", "properties": { "OBJECTID": 537, "PROJECTNAME": "45 Q Street", "WARD": "6", "LOCATION": "45 Q St., SW", "DEVELOPER": "D.B. Lee Development & Construction", "PROJECTTYPE": "Hospitality", "TYPE_SQFT": 62000.0, "UNITS": 190.0, "UNIT_TYPE": null, "ESTVALUEINMILLION": 0.0, "ESTDELIVERY": " ", "STATUS": "Pipeline", "LATITUDE": null, "LONGITUDE": null, "REPORT_EDITION_YEAR": "2020-2021", "ARCHITECT": " ", "CREATED_USER": null, "CREATED_DATE": null, "LAST_EDITED_USER": "SDE", "LAST_EDITED_DATE": "2025-10-16T20:10:22Z", "GLOBALID": "{044B2CF9-BD67-4309-AEDE-621E679D3E13}" }, "geometry": null },
{ "type": "Feature", "properties": { "OBJECTID": 538, "PROJECTNAME": "Waterfront Station II", "WARD": "6", "LOCATION": "1000 4th St., SW", "DEVELOPER": "Hoffman & Associates / CityPartners / Affordable Housing Developers / Paramount Development Corp. / DMPED", "PROJECTTYPE": "Hospitality", "TYPE_SQFT": 9300.0, "UNITS": 0.0, "UNIT_TYPE": null, "ESTVALUEINMILLION": 165000000.0, "ESTDELIVERY": "2023", "STATUS": "Pipeline", "LATITUDE": null, "LONGITUDE": null, "REPORT_EDITION_YEAR": "2020-2021", "ARCHITECT": " ", "CREATED_USER": null, "CREATED_DATE": null, "LAST_EDITED_USER": "SDE", "LAST_EDITED_DATE": "2025-10-16T20:10:22Z", "GLOBALID": "{272A78B8-D8E6-4AA8-827B-88E8BB73775C}" }, "geometry": null },
{ "type": "Feature", "properties": { "OBJECTID": 539, "PROJECTNAME": "Arlo DC", "WARD": "2", "LOCATION": "333 G St. & 704 3rd St., NW", "DEVELOPER": "Quadrum Global", "PROJECTTYPE": "Hospitality", "TYPE_SQFT": 0.0, "UNITS": 421.0, "UNIT_TYPE": null, "ESTVALUEINMILLION": 0.0, "ESTDELIVERY": " ", "STATUS": "Pipeline", "LATITUDE": null, "LONGITUDE": null, "REPORT_EDITION_YEAR": "2020-2021", "ARCHITECT": " ", "CREATED_USER": null, "CREATED_DATE": null, "LAST_EDITED_USER": "SDE", "LAST_EDITED_DATE": "2025-10-16T20:10:22Z", "GLOBALID": "{09B33E0F-B083-4495-A21A-BA8C78D4E217}" }, "geometry": null },
{ "type": "Feature", "properties": { "OBJECTID": 540, "PROJECTNAME": "citizenM Hotel", "WARD": "6", "LOCATION": "1222 1st St., NE", "DEVELOPER": "Altus Realty Partners", "PROJECTTYPE": "Hospitality", "TYPE_SQFT": 0.0, "UNITS": 290.0, "UNIT_TYPE": null, "ESTVALUEINMILLION": 0.0, "ESTDELIVERY": "2022", "STATUS": "Pipeline", "LATITUDE": null, "LONGITUDE": null, "REPORT_EDITION_YEAR": "2020-2021", "ARCHITECT": " ", "CREATED_USER": null, "CREATED_DATE": null, "LAST_EDITED_USER": "SDE", "LAST_EDITED_DATE": "2025-10-16T20:10:22Z", "GLOBALID": "{E19BB835-D087-4C50-91DA-18D7E9AD3E47}" }, "geometry": null },
{ "type": "Feature", "properties": { "OBJECTID": 541, "PROJECTNAME": "National Museum of the U.S. Navy", "WARD": "6", "LOCATION": "Washington Navy Yard", "DEVELOPER": "Navy History and Heritage Command", "PROJECTTYPE": "Hospitality", "TYPE_SQFT": 0.0, "UNITS": 0.0, "UNIT_TYPE": null, "ESTVALUEINMILLION": 450000000.0, "ESTDELIVERY": "2025", "STATUS": "Pipeline", "LATITUDE": null, "LONGITUDE": null, "REPORT_EDITION_YEAR": "2020-2021", "ARCHITECT": " ", "CREATED_USER": null, "CREATED_DATE": null, "LAST_EDITED_USER": "SDE", "LAST_EDITED_DATE": "2025-10-16T20:10:22Z", "GLOBALID": "{1259B6BC-979F-4383-97A4-61758905BB7C}" }, "geometry": null },
{ "type": "Feature", "properties": { "OBJECTID": 542, "PROJECTNAME": "Sentinel Square III", "WARD": "6", "LOCATION": "45 L St., NE", "DEVELOPER": "Trammell Crow Company", "PROJECTTYPE": "Office", "TYPE_SQFT": 545000.0, "UNITS": 0.0, "UNIT_TYPE": null, "ESTVALUEINMILLION": 250000000.0, "ESTDELIVERY": "Q2 20", "STATUS": "Completed", "LATITUDE": null, "LONGITUDE": null, "REPORT_EDITION_YEAR": "2020-2021", "ARCHITECT": " ", "CREATED_USER": null, "CREATED_DATE": null, "LAST_EDITED_USER": "SDE", "LAST_EDITED_DATE": "2025-10-16T20:11:02Z", "GLOBALID": "{92B6C34C-0A42-489B-8BEB-A1E86883AE37}" }, "geometry": null },
{ "type": "Feature", "properties": { "OBJECTID": 543, "PROJECTNAME": "250 Massachusetts Avenue", "WARD": "2", "LOCATION": "250 Massachusetts Ave., NW", "DEVELOPER": "Property Group Partners", "PROJECTTYPE": "Office", "TYPE_SQFT": 508000.0, "UNITS": 0.0, "UNIT_TYPE": null, "ESTVALUEINMILLION": 275000000.0, "ESTDELIVERY": "Q4 19", "STATUS": "Completed", "LATITUDE": null, "LONGITUDE": null, "REPORT_EDITION_YEAR": "2020-2021", "ARCHITECT": " ", "CREATED_USER": null, "CREATED_DATE": null, "LAST_EDITED_USER": "SDE", "LAST_EDITED_DATE": "2025-10-16T20:11:02Z", "GLOBALID": "{D54ECC93-BE53-4DE2-BC42-CD3CE4074B47}" }, "geometry": null },
{ "type": "Feature", "properties": { "OBJECTID": 544, "PROJECTNAME": "2050 M Street", "WARD": "2", "LOCATION": "2050 M St., NW", "DEVELOPER": "Tishman Speyer", "PROJECTTYPE": "Office", "TYPE_SQFT": 353200.0, "UNITS": 0.0, "UNIT_TYPE": null, "ESTVALUEINMILLION": 0.0, "ESTDELIVERY": "Q1 20", "STATUS": "Completed", "LATITUDE": null, "LONGITUDE": null, "REPORT_EDITION_YEAR": "2020-2021", "ARCHITECT": " ", "CREATED_USER": null, "CREATED_DATE": null, "LAST_EDITED_USER": "SDE", "LAST_EDITED_DATE": "2025-10-16T20:11:02Z", "GLOBALID": "{1106B897-5041-43C7-A869-77C6A0894F89}" }, "geometry": null },
{ "type": "Feature", "properties": { "OBJECTID": 545, "PROJECTNAME": "1901 L Street", "WARD": "2", "LOCATION": "1901 L St., NW", "DEVELOPER": "The Meridian Group", "PROJECTTYPE": "Office", "TYPE_SQFT": 202000.0, "UNITS": 0.0, "UNIT_TYPE": null, "ESTVALUEINMILLION": 0.0, "ESTDELIVERY": "Q1 20", "STATUS": "Completed", "LATITUDE": null, "LONGITUDE": null, "REPORT_EDITION_YEAR": "2020-2021", "ARCHITECT": " ", "CREATED_USER": null, "CREATED_DATE": null, "LAST_EDITED_USER": "SDE", "LAST_EDITED_DATE": "2025-10-16T20:11:02Z", "GLOBALID": "{2A27ECDF-D0DD-40E9-A3E2-26EECCBDE131}" }, "geometry": null },
{ "type": "Feature", "properties": { "OBJECTID": 546, "PROJECTNAME": "2100 L Street", "WARD": "2", "LOCATION": "2100 L St., NW", "DEVELOPER": "Akridge / Argos Group", "PROJECTTYPE": "Office", "TYPE_SQFT": 182000.0, "UNITS": 0.0, "UNIT_TYPE": null, "ESTVALUEINMILLION": 47000000.0, "ESTDELIVERY": "Q3 20", "STATUS": "Completed", "LATITUDE": null, "LONGITUDE": null, "REPORT_EDITION_YEAR": "2020-2021", "ARCHITECT": " ", "CREATED_USER": null, "CREATED_DATE": null, "LAST_EDITED_USER": "SDE", "LAST_EDITED_DATE": "2025-10-16T20:11:02Z", "GLOBALID": "{D5DBAEDC-6A06-4529-B8D4-224BD26CD955}" }, "geometry": null },
{ "type": "Feature", "properties": { "OBJECTID": 547, "PROJECTNAME": "888 16th Street", "WARD": "2", "LOCATION": "888 16th St., NW", "DEVELOPER": "Trammell Crow Company / Meadow Partners", "PROJECTTYPE": "Office", "TYPE_SQFT": 150000.0, "UNITS": 0.0, "UNIT_TYPE": null, "ESTVALUEINMILLION": 0.0, "ESTDELIVERY": "Q4 19", "STATUS": "Completed", "LATITUDE": null, "LONGITUDE": null, "REPORT_EDITION_YEAR": "2020-2021", "ARCHITECT": " ", "CREATED_USER": null, "CREATED_DATE": null, "LAST_EDITED_USER": "SDE", "LAST_EDITED_DATE": "2025-10-16T20:11:02Z", "GLOBALID": "{A65B0F74-F3E7-4A0F-A6A9-F435DF88B7B6}" }, "geometry": null },
{ "type": "Feature", "properties": { "OBJECTID": 548, "PROJECTNAME": "Shops at Penn Branch (Phase I)", "WARD": "7", "LOCATION": "3200 Pennsylvania Ave., SE", "DEVELOPER": "Jair Lynch Real Estate Partners", "PROJECTTYPE": "Office", "TYPE_SQFT": 17000.0, "UNITS": 0.0, "UNIT_TYPE": null, "ESTVALUEINMILLION": 25000000.0, "ESTDELIVERY": "Q4 19", "STATUS": "Completed", "LATITUDE": null, "LONGITUDE": null, "REPORT_EDITION_YEAR": "2020-2021", "ARCHITECT": " ", "CREATED_USER": null, "CREATED_DATE": null, "LAST_EDITED_USER": "SDE", "LAST_EDITED_DATE": "2025-10-16T20:11:02Z", "GLOBALID": "{ED14A4F2-9B41-4EC4-B6DF-AE776BFC9CD2}" }, "geometry": null },
{ "type": "Feature", "properties": { "OBJECTID": 549, "PROJECTNAME": "2100 Pennsylvania Avenue", "WARD": "2", "LOCATION": "2100 Pennsylvania Ave., NW", "DEVELOPER": "Boston Properties / George Washington University", "PROJECTTYPE": "Office", "TYPE_SQFT": 423600.0, "UNITS": 0.0, "UNIT_TYPE": null, "ESTVALUEINMILLION": 360000000.0, "ESTDELIVERY": "Q2 22", "STATUS": "Under Construction", "LATITUDE": null, "LONGITUDE": null, "REPORT_EDITION_YEAR": "2020-2021", "ARCHITECT": " ", "CREATED_USER": null, "CREATED_DATE": null, "LAST_EDITED_USER": "SDE", "LAST_EDITED_DATE": "2025-10-16T20:11:02Z", "GLOBALID": "{4C6FD6EE-EE34-43DA-ACBF-005B2F78E01D}" }, "geometry": null },
{ "type": "Feature", "properties": { "OBJECTID": 550, "PROJECTNAME": "Signal House", "WARD": "5", "LOCATION": "1255 Union St., NE", "DEVELOPER": "Carr Properties", "PROJECTTYPE": "Office", "TYPE_SQFT": 214000.0, "UNITS": 0.0, "UNIT_TYPE": null, "ESTVALUEINMILLION": 135000000.0, "ESTDELIVERY": "Q1 21", "STATUS": "Under Construction", "LATITUDE": null, "LONGITUDE": null, "REPORT_EDITION_YEAR": "2020-2021", "ARCHITECT": " ", "CREATED_USER": null, "CREATED_DATE": null, "LAST_EDITED_USER": "SDE", "LAST_EDITED_DATE": "2025-10-16T20:11:02Z", "GLOBALID": "{024FAF27-1D82-42F9-A38B-2DE2EFD031EE}" }, "geometry": null },
{ "type": "Feature", "properties": { "OBJECTID": 551, "PROJECTNAME": "250 M at Canal Park", "WARD": "6", "LOCATION": "250 M St., SE", "DEVELOPER": "WC Smith", "PROJECTTYPE": "Office", "TYPE_SQFT": 180600.0, "UNITS": 0.0, "UNIT_TYPE": null, "ESTVALUEINMILLION": 132000000.0, "ESTDELIVERY": "Q1 21", "STATUS": "Under Construction", "LATITUDE": null, "LONGITUDE": null, "REPORT_EDITION_YEAR": "2020-2021", "ARCHITECT": " ", "CREATED_USER": null, "CREATED_DATE": null, "LAST_EDITED_USER": "SDE", "LAST_EDITED_DATE": "2025-10-16T20:11:02Z", "GLOBALID": "{B114AF96-0186-4A38-B540-9A88EEE06DC2}" }, "geometry": null },
{ "type": "Feature", "properties": { "OBJECTID": 552, "PROJECTNAME": "AC Hotel", "WARD": "2", "LOCATION": "1112 19TH STREET NW", "DEVELOPER": "OTO Development", "PROJECTTYPE": "Hospitality", "TYPE_SQFT": 125650.0, "UNITS": 219.0, "UNIT_TYPE": null, "ESTVALUEINMILLION": 41000000.0, "ESTDELIVERY": "Q4 19", "STATUS": "Under Construction", "LATITUDE": null, "LONGITUDE": null, "REPORT_EDITION_YEAR": "2016-2019", "ARCHITECT": null, "CREATED_USER": null, "CREATED_DATE": null, "LAST_EDITED_USER": "SDE", "LAST_EDITED_DATE": "2025-10-16T20:10:22Z", "GLOBALID": "{308E8E9F-738B-4893-B4DB-9A17605E9F90}" }, "geometry": null },
{ "type": "Feature", "properties": { "OBJECTID": 553, "PROJECTNAME": "Holiday Inn Express", "WARD": "6", "LOCATION": "317 K STREET NW", "DEVELOPER": "Habte Sequar", "PROJECTTYPE": "Hospitality", "TYPE_SQFT": 118000.0, "UNITS": 247.0, "UNIT_TYPE": null, "ESTVALUEINMILLION": 93000000.0, "ESTDELIVERY": "Q4 20", "STATUS": "Under Construction", "LATITUDE": null, "LONGITUDE": null, "REPORT_EDITION_YEAR": "2016-2019", "ARCHITECT": null, "CREATED_USER": null, "CREATED_DATE": null, "LAST_EDITED_USER": "SDE", "LAST_EDITED_DATE": "2025-10-16T20:10:22Z", "GLOBALID": "{51D556BB-D5FC-44A3-AD3B-821C346B9C17}" }, "geometry": null },
{ "type": "Feature", "properties": { "OBJECTID": 554, "PROJECTNAME": "Thompson D.C. Hotel", "WARD": "6", "LOCATION": "227 TINGEY STREET SE", "DEVELOPER": "Brookfield Properties / JW Capital Partners / Geolo Capital", "PROJECTTYPE": "Hospitality", "TYPE_SQFT": 114800.0, "UNITS": 225.0, "UNIT_TYPE": null, "ESTVALUEINMILLION": null, "ESTDELIVERY": "Q1 20", "STATUS": "Under Construction", "LATITUDE": null, "LONGITUDE": null, "REPORT_EDITION_YEAR": "2016-2019", "ARCHITECT": null, "CREATED_USER": null, "CREATED_DATE": null, "LAST_EDITED_USER": "SDE", "LAST_EDITED_DATE": "2025-10-16T20:10:22Z", "GLOBALID": "{8987F67C-DFA0-4BE3-B1CF-EAD65ED7862A}" }, "geometry": null },
{ "type": "Feature", "properties": { "OBJECTID": 555, "PROJECTNAME": "AC Hotel", "WARD": "6", "LOCATION": "601 K STREET NW", "DEVELOPER": "Douglas Development Corporation", "PROJECTTYPE": "Hospitality", "TYPE_SQFT": 96755.0, "UNITS": 234.0, "UNIT_TYPE": null, "ESTVALUEINMILLION": 47000000.0, "ESTDELIVERY": "Q4 20", "STATUS": "Under Construction", "LATITUDE": null, "LONGITUDE": null, "REPORT_EDITION_YEAR": "2016-2019", "ARCHITECT": null, "CREATED_USER": null, "CREATED_DATE": null, "LAST_EDITED_USER": "SDE", "LAST_EDITED_DATE": "2025-10-16T20:10:22Z", "GLOBALID": "{0EE1F41A-20B9-4BCA-9659-FE6EE7E8FD45}" }, "geometry": null },
{ "type": "Feature", "properties": { "OBJECTID": 556, "PROJECTNAME": "Pendry Hotel", "WARD": "6", "LOCATION": "660 WATER STREET SW", "DEVELOPER": "Hoffman & Associates / Madison Marquette", "PROJECTTYPE": "Hospitality", "TYPE_SQFT": 80000.0, "UNITS": 116.0, "UNIT_TYPE": null, "ESTVALUEINMILLION": 1200000000.0, "ESTDELIVERY": "Q3 22", "STATUS": "Under Construction", "LATITUDE": null, "LONGITUDE": null, "REPORT_EDITION_YEAR": "2016-2019", "ARCHITECT": null, "CREATED_USER": null, "CREATED_DATE": null, "LAST_EDITED_USER": "SDE", "LAST_EDITED_DATE": "2025-10-16T20:10:22Z", "GLOBALID": "{6F048264-653F-44C3-ACFC-5F02F989CFA3}" }, "geometry": null },
{ "type": "Feature", "properties": { "OBJECTID": 557, "PROJECTNAME": "The Reach", "WARD": "2", "LOCATION": "2700 F STREET NW", "DEVELOPER": "The John F. Kennedy Center for the Performing Arts", "PROJECTTYPE": "Hospitality", "TYPE_SQFT": 72000.0, "UNITS": null, "UNIT_TYPE": null, "ESTVALUEINMILLION": 175000000.0, "ESTDELIVERY": "Q3 19", "STATUS": "Under Construction", "LATITUDE": null, "LONGITUDE": null, "REPORT_EDITION_YEAR": "2016-2019", "ARCHITECT": null, "CREATED_USER": null, "CREATED_DATE": null, "LAST_EDITED_USER": "SDE", "LAST_EDITED_DATE": "2025-10-16T20:10:22Z", "GLOBALID": "{EA28FD9F-05CC-4231-8DA7-F2F1D6E61DDF}" }, "geometry": null },
{ "type": "Feature", "properties": { "OBJECTID": 558, "PROJECTNAME": "Center for the American Dream & Milken Foundation Building", "WARD": "2", "LOCATION": "730 15TH STREET NW", "DEVELOPER": "Akridge / Milken Family Foundation", "PROJECTTYPE": "Hospitality", "TYPE_SQFT": 69000.0, "UNITS": null, "UNIT_TYPE": null, "ESTVALUEINMILLION": null, "ESTDELIVERY": "Q1 21", "STATUS": "Under Construction", "LATITUDE": null, "LONGITUDE": null, "REPORT_EDITION_YEAR": "2016-2019", "ARCHITECT": null, "CREATED_USER": null, "CREATED_DATE": null, "LAST_EDITED_USER": "SDE", "LAST_EDITED_DATE": "2025-10-16T20:10:22Z", "GLOBALID": "{0A0B1F4A-8E10-4410-A55B-8F5E72D07B4D}" }, "geometry": null },
{ "type": "Feature", "properties": { "OBJECTID": 559, "PROJECTNAME": "ART Place at Fort Totten (Phase II)", "WARD": "5", "LOCATION": "FORT TOTTEN METRO STATION ENTRANCE - SOUTH SIDE OF GALLOWAY STREET NE", "DEVELOPER": "Morris & Gwendolyn Cafritz Foundation", "PROJECTTYPE": "Hospitality", "TYPE_SQFT": 201064.0, "UNITS": null, "UNIT_TYPE": null, "ESTVALUEINMILLION": null, "ESTDELIVERY": "2022", "STATUS": "Pipeline", "LATITUDE": null, "LONGITUDE": null, "REPORT_EDITION_YEAR": "2016-2019", "ARCHITECT": null, "CREATED_USER": null, "CREATED_DATE": null, "LAST_EDITED_USER": "SDE", "LAST_EDITED_DATE": "2025-10-16T20:10:22Z", "GLOBALID": "{F7F30A8C-41DB-4320-9AFD-11E50758ED85}" }, "geometry": null },
{ "type": "Feature", "properties": { "OBJECTID": 560, "PROJECTNAME": "Storey Park", "WARD": "6", "LOCATION": "1005 1ST STREET NE", "DEVELOPER": "Four Points / Perseus Realty / Buccini Pollin Group", "PROJECTTYPE": "Hospitality", "TYPE_SQFT": 184436.0, "UNITS": 235.0, "UNIT_TYPE": null, "ESTVALUEINMILLION": 330000000.0, "ESTDELIVERY": "2022", "STATUS": "Pipeline", "LATITUDE": null, "LONGITUDE": null, "REPORT_EDITION_YEAR": "2016-2019", "ARCHITECT": null, "CREATED_USER": null, "CREATED_DATE": null, "LAST_EDITED_USER": "SDE", "LAST_EDITED_DATE": "2025-10-16T20:10:22Z", "GLOBALID": "{AB703EF2-26B1-4F16-9863-A3E11CA03A0B}" }, "geometry": null },
{ "type": "Feature", "properties": { "OBJECTID": 561, "PROJECTNAME": "Armature Works", "WARD": "6", "LOCATION": "1200 3RD STREET NE", "DEVELOPER": "Trammell Crow Company / High Street Residential / MetLife", "PROJECTTYPE": "Hospitality", "TYPE_SQFT": 147000.0, "UNITS": 204.0, "UNIT_TYPE": null, "ESTVALUEINMILLION": 400000000.0, "ESTDELIVERY": "2022", "STATUS": "Pipeline", "LATITUDE": null, "LONGITUDE": null, "REPORT_EDITION_YEAR": "2016-2019", "ARCHITECT": null, "CREATED_USER": null, "CREATED_DATE": null, "LAST_EDITED_USER": "SDE", "LAST_EDITED_DATE": "2025-10-16T20:10:22Z", "GLOBALID": "{0ABD4D32-EAFA-4CC3-A091-0FD8FE90E753}" }, "geometry": null },
{ "type": "Feature", "properties": { "OBJECTID": 562, "PROJECTNAME": "Cambria Hotel", "WARD": "6", "LOCATION": "69 Q STREET SW", "DEVELOPER": "Donohoe Companies", "PROJECTTYPE": "Hospitality", "TYPE_SQFT": 77500.0, "UNITS": 154.0, "UNIT_TYPE": null, "ESTVALUEINMILLION": 58000000.0, "ESTDELIVERY": "2021", "STATUS": "Pipeline", "LATITUDE": null, "LONGITUDE": null, "REPORT_EDITION_YEAR": "2016-2019", "ARCHITECT": null, "CREATED_USER": null, "CREATED_DATE": null, "LAST_EDITED_USER": "SDE", "LAST_EDITED_DATE": "2025-10-16T20:10:22Z", "GLOBALID": "{C739BAED-A57F-4776-A00F-8ADF9A14A400}" }, "geometry": null },
{ "type": "Feature", "properties": { "OBJECTID": 563, "PROJECTNAME": "Meininger Hotel", "WARD": "6", "LOCATION": "35 NEW YORK AVENUE NE", "DEVELOPER": "Altus Realty Partners", "PROJECTTYPE": "Hospitality", "TYPE_SQFT": 75000.0, "UNITS": 154.0, "UNIT_TYPE": null, "ESTVALUEINMILLION": null, "ESTDELIVERY": "2021", "STATUS": "Pipeline", "LATITUDE": null, "LONGITUDE": null, "REPORT_EDITION_YEAR": "2016-2019", "ARCHITECT": null, "CREATED_USER": null, "CREATED_DATE": null, "LAST_EDITED_USER": "SDE", "LAST_EDITED_DATE": "2025-10-16T20:10:22Z", "GLOBALID": "{A4782D13-0615-4EC1-B263-67D054D6D668}" }, "geometry": null },
{ "type": "Feature", "properties": { "OBJECTID": 564, "PROJECTNAME": "Nationals Park Entertainment Venue", "WARD": "6", "LOCATION": "NATIONALS PARK BASEBALL STADIUM", "DEVELOPER": "Washington Nationals", "PROJECTTYPE": "Hospitality", "TYPE_SQFT": 35000.0, "UNITS": null, "UNIT_TYPE": null, "ESTVALUEINMILLION": null, "ESTDELIVERY": null, "STATUS": "Pipeline", "LATITUDE": null, "LONGITUDE": null, "REPORT_EDITION_YEAR": "2016-2019", "ARCHITECT": null, "CREATED_USER": null, "CREATED_DATE": null, "LAST_EDITED_USER": "SDE", "LAST_EDITED_DATE": "2025-10-16T20:10:22Z", "GLOBALID": "{A8BEE598-11D1-48BB-AEA4-F2D6F00E03D9}" }, "geometry": null },
{ "type": "Feature", "properties": { "OBJECTID": 565, "PROJECTNAME": "9 1/2 Street Initiative (Grimke School)", "WARD": "1", "LOCATION": "1925 VERMONT AVENUE NW", "DEVELOPER": "Community Three", "PROJECTTYPE": "Hospitality", "TYPE_SQFT": 12000.0, "UNITS": null, "UNIT_TYPE": null, "ESTVALUEINMILLION": 45000000.0, "ESTDELIVERY": "2020-23", "STATUS": "Pipeline", "LATITUDE": null, "LONGITUDE": null, "REPORT_EDITION_YEAR": "2016-2019", "ARCHITECT": null, "CREATED_USER": null, "CREATED_DATE": null, "LAST_EDITED_USER": "SDE", "LAST_EDITED_DATE": "2025-10-16T20:10:22Z", "GLOBALID": "{FD3E076C-01E4-44C8-9705-BD0ABB6CB551}" }, "geometry": null },
{ "type": "Feature", "properties": { "OBJECTID": 566, "PROJECTNAME": "World War I Memorial", "WARD": "2", "LOCATION": null, "DEVELOPER": "U.S. WWI Centennial Commission", "PROJECTTYPE": "Hospitality", "TYPE_SQFT": 0.0, "UNITS": null, "UNIT_TYPE": null, "ESTVALUEINMILLION": 42000000.0, "ESTDELIVERY": "2021", "STATUS": "Pipeline", "LATITUDE": null, "LONGITUDE": null, "REPORT_EDITION_YEAR": "2016-2019", "ARCHITECT": null, "CREATED_USER": null, "CREATED_DATE": null, "LAST_EDITED_USER": "SDE", "LAST_EDITED_DATE": "2025-10-16T20:10:22Z", "GLOBALID": "{A8CA5D24-FD12-41BF-BDAA-783D55509AFB}" }, "geometry": null },
{ "type": "Feature", "properties": { "OBJECTID": 567, "PROJECTNAME": "Four Constitution Square", "WARD": "6", "LOCATION": "150 M St., NE", "DEVELOPER": "Stonebridge Associates / Walton Street Capital", "PROJECTTYPE": "Office", "TYPE_SQFT": 505000.0, "UNITS": null, "UNIT_TYPE": null, "ESTVALUEINMILLION": 250000000.0, "ESTDELIVERY": "Q2 19", "STATUS": "Completed", "LATITUDE": null, "LONGITUDE": null, "REPORT_EDITION_YEAR": "2016-2019", "ARCHITECT": null, "CREATED_USER": null, "CREATED_DATE": null, "LAST_EDITED_USER": "SDE", "LAST_EDITED_DATE": "2025-10-16T20:11:02Z", "GLOBALID": "{0C6BD507-D7A8-4D4E-850C-991F5EE106EB}" }, "geometry": null },
{ "type": "Feature", "properties": { "OBJECTID": 568, "PROJECTNAME": "Center Building (DHS HQ)", "WARD": "8", "LOCATION": "St. Elizabeths West Campus", "DEVELOPER": "General Services Administration", "PROJECTTYPE": "Office", "TYPE_SQFT": 276000.0, "UNITS": null, "UNIT_TYPE": null, "ESTVALUEINMILLION": 267800000.0, "ESTDELIVERY": "Q2 19", "STATUS": "Completed", "LATITUDE": null, "LONGITUDE": null, "REPORT_EDITION_YEAR": "2016-2019", "ARCHITECT": null, "CREATED_USER": null, "CREATED_DATE": null, "LAST_EDITED_USER": "SDE", "LAST_EDITED_DATE": "2025-10-16T20:11:02Z", "GLOBALID": "{4A88A491-A1CF-466E-9598-1E5744EC35F0}" }, "geometry": null },
{ "type": "Feature", "properties": { "OBJECTID": 569, "PROJECTNAME": "One Freedom Plaza", "WARD": "2", "LOCATION": "1301 Pennsylvania Ave., NW", "DEVELOPER": "Quadrangle Development", "PROJECTTYPE": "Office", "TYPE_SQFT": 270040.0, "UNITS": null, "UNIT_TYPE": null, "ESTVALUEINMILLION": null, "ESTDELIVERY": "Q1 19", "STATUS": "Completed", "LATITUDE": null, "LONGITUDE": null, "REPORT_EDITION_YEAR": "2016-2019", "ARCHITECT": null, "CREATED_USER": null, "CREATED_DATE": null, "LAST_EDITED_USER": "SDE", "LAST_EDITED_DATE": "2025-10-16T20:11:02Z", "GLOBALID": "{C9A7361A-D159-4EAA-A1E5-D81828FD028D}" }, "geometry": null },
{ "type": "Feature", "properties": { "OBJECTID": 570, "PROJECTNAME": "500 L'Enfant Plaza", "WARD": "6", "LOCATION": "500 L'Enfant Plaza, SW", "DEVELOPER": "JBG Smith", "PROJECTTYPE": "Office", "TYPE_SQFT": 215200.0, "UNITS": null, "UNIT_TYPE": null, "ESTVALUEINMILLION": 75000000.0, "ESTDELIVERY": "Q4 18", "STATUS": "Completed", "LATITUDE": null, "LONGITUDE": null, "REPORT_EDITION_YEAR": "2016-2019", "ARCHITECT": null, "CREATED_USER": null, "CREATED_DATE": null, "LAST_EDITED_USER": "SDE", "LAST_EDITED_DATE": "2025-10-16T20:11:02Z", "GLOBALID": "{F817411A-71E5-415C-B95B-1C2BDCAB023C}" }, "geometry": null },
{ "type": "Feature", "properties": { "OBJECTID": 571, "PROJECTNAME": "1441 L Street", "WARD": "2", "LOCATION": "1441 L St., NW", "DEVELOPER": "S.C. Herman & Associates", "PROJECTTYPE": "Office", "TYPE_SQFT": 207000.0, "UNITS": null, "UNIT_TYPE": null, "ESTVALUEINMILLION": 36000000.0, "ESTDELIVERY": "Q1 19", "STATUS": "Completed", "LATITUDE": null, "LONGITUDE": null, "REPORT_EDITION_YEAR": "2016-2019", "ARCHITECT": null, "CREATED_USER": null, "CREATED_DATE": null, "LAST_EDITED_USER": "SDE", "LAST_EDITED_DATE": "2025-10-16T20:11:02Z", "GLOBALID": "{17DD0188-3E72-4FDF-BA16-1A2D01D3B777}" }, "geometry": null },
{ "type": "Feature", "properties": { "OBJECTID": 572, "PROJECTNAME": "DC Water HQ", "WARD": "6", "LOCATION": "125 O St., SE", "DEVELOPER": "DC Water", "PROJECTTYPE": "Office", "TYPE_SQFT": 151300.0, "UNITS": null, "UNIT_TYPE": null, "ESTVALUEINMILLION": 60000000.0, "ESTDELIVERY": "Q4 18", "STATUS": "Completed", "LATITUDE": null, "LONGITUDE": null, "REPORT_EDITION_YEAR": "2016-2019", "ARCHITECT": null, "CREATED_USER": null, "CREATED_DATE": null, "LAST_EDITED_USER": "SDE", "LAST_EDITED_DATE": "2025-10-16T20:11:02Z", "GLOBALID": "{5AEC1BE4-12AC-4747-B419-947468F479FC}" }, "geometry": null },
{ "type": "Feature", "properties": { "OBJECTID": 573, "PROJECTNAME": "2100 K Street", "WARD": "2", "LOCATION": "2100 K St., NW", "DEVELOPER": "Blake Real Estate", "PROJECTTYPE": "Office", "TYPE_SQFT": 150000.0, "UNITS": null, "UNIT_TYPE": null, "ESTVALUEINMILLION": null, "ESTDELIVERY": "Q1 19", "STATUS": "Completed", "LATITUDE": null, "LONGITUDE": null, "REPORT_EDITION_YEAR": "2016-2019", "ARCHITECT": null, "CREATED_USER": null, "CREATED_DATE": null, "LAST_EDITED_USER": "SDE", "LAST_EDITED_DATE": "2025-10-16T20:11:02Z", "GLOBALID": "{D5BC026B-DCA4-410D-B42D-9EE1F7B4BB1D}" }, "geometry": null },
{ "type": "Feature", "properties": { "OBJECTID": 574, "PROJECTNAME": "U.S. Department of Commerce - Herbert Hoover Building (Ph IV)", "WARD": "2", "LOCATION": "1401 Constitution Ave., NW", "DEVELOPER": "General Services Administration", "PROJECTTYPE": "Office", "TYPE_SQFT": 109800.0, "UNITS": null, "UNIT_TYPE": null, "ESTVALUEINMILLION": 83000000.0, "ESTDELIVERY": "Q3 18", "STATUS": "Completed", "LATITUDE": null, "LONGITUDE": null, "REPORT_EDITION_YEAR": "2016-2019", "ARCHITECT": null, "CREATED_USER": null, "CREATED_DATE": null, "LAST_EDITED_USER": "SDE", "LAST_EDITED_DATE": "2025-10-16T20:11:02Z", "GLOBALID": "{1918BE9C-2270-4886-A7EC-3DE4243C5252}" }, "geometry": null },
{ "type": "Feature", "properties": { "OBJECTID": 575, "PROJECTNAME": "1701 Rhode Island Avenue", "WARD": "2", "LOCATION": "1701 Rhode Island Ave., NW", "DEVELOPER": "Akridge", "PROJECTTYPE": "Office", "TYPE_SQFT": 100000.0, "UNITS": null, "UNIT_TYPE": null, "ESTVALUEINMILLION": 90000000.0, "ESTDELIVERY": "Q1 19", "STATUS": "Completed", "LATITUDE": null, "LONGITUDE": null, "REPORT_EDITION_YEAR": "2016-2019", "ARCHITECT": null, "CREATED_USER": null, "CREATED_DATE": null, "LAST_EDITED_USER": "SDE", "LAST_EDITED_DATE": "2025-10-16T20:11:02Z", "GLOBALID": "{CB04B7C9-A4E2-4F39-AE9D-21CD8CD67E27}" }, "geometry": null },
{ "type": "Feature", "properties": { "OBJECTID": 576, "PROJECTNAME": "1101 16th Street", "WARD": "2", "LOCATION": "1101 16th St., NW", "DEVELOPER": "Akridge", "PROJECTTYPE": "Office", "TYPE_SQFT": 100000.0, "UNITS": null, "UNIT_TYPE": null, "ESTVALUEINMILLION": 95000000.0, "ESTDELIVERY": "Q1 19", "STATUS": "Completed", "LATITUDE": null, "LONGITUDE": null, "REPORT_EDITION_YEAR": "2016-2019", "ARCHITECT": null, "CREATED_USER": null, "CREATED_DATE": null, "LAST_EDITED_USER": "SDE", "LAST_EDITED_DATE": "2025-10-16T20:11:02Z", "GLOBALID": "{8B08C260-F78D-47EB-BDD5-D6BDD2EBE15A}" }, "geometry": null },
{ "type": "Feature", "properties": { "OBJECTID": 577, "PROJECTNAME": "The Wharf (Phase II)", "WARD": "6", "LOCATION": "Southwest Waterfront", "DEVELOPER": "Hoffman & Associates / Madison Marquette", "PROJECTTYPE": "Office", "TYPE_SQFT": 547504.0, "UNITS": null, "UNIT_TYPE": null, "ESTVALUEINMILLION": 1200000000.0, "ESTDELIVERY": "Q3 22", "STATUS": "Under Construction", "LATITUDE": null, "LONGITUDE": null, "REPORT_EDITION_YEAR": "2016-2019", "ARCHITECT": null, "CREATED_USER": null, "CREATED_DATE": null, "LAST_EDITED_USER": "SDE", "LAST_EDITED_DATE": "2025-10-16T20:11:02Z", "GLOBALID": "{9D513184-91A6-403E-81A5-7349BD41E499}" }, "geometry": null },
{ "type": "Feature", "properties": { "OBJECTID": 578, "PROJECTNAME": "Sentinel Square III", "WARD": "6", "LOCATION": "45 L St., NE", "DEVELOPER": "Trammell Crow Company", "PROJECTTYPE": "Office", "TYPE_SQFT": 545000.0, "UNITS": null, "UNIT_TYPE": null, "ESTVALUEINMILLION": 250000000.0, "ESTDELIVERY": "Q2 20", "STATUS": "Under Construction", "LATITUDE": null, "LONGITUDE": null, "REPORT_EDITION_YEAR": "2016-2019", "ARCHITECT": null, "CREATED_USER": null, "CREATED_DATE": null, "LAST_EDITED_USER": "SDE", "LAST_EDITED_DATE": "2025-10-16T20:11:02Z", "GLOBALID": "{A38797C3-817C-4821-91F8-4F2371EFAA05}" }, "geometry": null },
{ "type": "Feature", "properties": { "OBJECTID": 579, "PROJECTNAME": "2100 Pennsylvania Avenue", "WARD": "2", "LOCATION": "2100 Pennsylvania Ave., NW", "DEVELOPER": "Boston Properties / George Washington University", "PROJECTTYPE": "Office", "TYPE_SQFT": 423562.0, "UNITS": null, "UNIT_TYPE": null, "ESTVALUEINMILLION": 360000000.0, "ESTDELIVERY": "Q2 22", "STATUS": "Under Construction", "LATITUDE": null, "LONGITUDE": null, "REPORT_EDITION_YEAR": "2016-2019", "ARCHITECT": null, "CREATED_USER": null, "CREATED_DATE": null, "LAST_EDITED_USER": "SDE", "LAST_EDITED_DATE": "2025-10-16T20:11:02Z", "GLOBALID": "{E50429CC-A3D6-43FB-8F1A-F93ADDD25208}" }, "geometry": null },
{ "type": "Feature", "properties": { "OBJECTID": 580, "PROJECTNAME": "1900 N", "WARD": "2", "LOCATION": "1900 N St., NW", "DEVELOPER": "JBG Smith", "PROJECTTYPE": "Office", "TYPE_SQFT": 259000.0, "UNITS": null, "UNIT_TYPE": null, "ESTVALUEINMILLION": 230000000.0, "ESTDELIVERY": "Q4 19", "STATUS": "Under Construction", "LATITUDE": null, "LONGITUDE": null, "REPORT_EDITION_YEAR": "2016-2019", "ARCHITECT": null, "CREATED_USER": null, "CREATED_DATE": null, "LAST_EDITED_USER": "SDE", "LAST_EDITED_DATE": "2025-10-16T20:11:02Z", "GLOBALID": "{F7F09841-9F94-4B5F-B99E-CBC3C525C4C4}" }, "geometry": null },
{ "type": "Feature", "properties": { "OBJECTID": 581, "PROJECTNAME": "Signal House", "WARD": "5", "LOCATION": "350 Morse St., NE", "DEVELOPER": "Carr Enterprises", "PROJECTTYPE": "Office", "TYPE_SQFT": 214000.0, "UNITS": null, "UNIT_TYPE": null, "ESTVALUEINMILLION": 135000000.0, "ESTDELIVERY": "Q1 21", "STATUS": "Under Construction", "LATITUDE": null, "LONGITUDE": null, "REPORT_EDITION_YEAR": "2016-2019", "ARCHITECT": null, "CREATED_USER": null, "CREATED_DATE": null, "LAST_EDITED_USER": "SDE", "LAST_EDITED_DATE": "2025-10-16T20:11:02Z", "GLOBALID": "{5AF33487-71E6-47D3-8125-4718138FF0B4}" }, "geometry": null },
{ "type": "Feature", "properties": { "OBJECTID": 582, "PROJECTNAME": "Cannon House Office Building Renewal (Ph I)", "WARD": "6", "LOCATION": "27 Independence Ave., SE", "DEVELOPER": "Architect of the Capitol", "PROJECTTYPE": "Office", "TYPE_SQFT": 206500.0, "UNITS": null, "UNIT_TYPE": null, "ESTVALUEINMILLION": 188000000.0, "ESTDELIVERY": "Q3 19", "STATUS": "Under Construction", "LATITUDE": null, "LONGITUDE": null, "REPORT_EDITION_YEAR": "2016-2019", "ARCHITECT": null, "CREATED_USER": null, "CREATED_DATE": null, "LAST_EDITED_USER": "SDE", "LAST_EDITED_DATE": "2025-10-16T20:11:02Z", "GLOBALID": "{EDC81354-DFD6-42E5-B963-89ABCAA6BCA6}" }, "geometry": null },
{ "type": "Feature", "properties": { "OBJECTID": 583, "PROJECTNAME": "Cannon House Office Building Renewal (Ph II)", "WARD": "6", "LOCATION": "27 Independence Ave., SE", "DEVELOPER": "Architect of the Capitol", "PROJECTTYPE": "Office", "TYPE_SQFT": 206500.0, "UNITS": null, "UNIT_TYPE": null, "ESTVALUEINMILLION": 188000000.0, "ESTDELIVERY": "Q4 20", "STATUS": "Under Construction", "LATITUDE": null, "LONGITUDE": null, "REPORT_EDITION_YEAR": "2016-2019", "ARCHITECT": null, "CREATED_USER": null, "CREATED_DATE": null, "LAST_EDITED_USER": "SDE", "LAST_EDITED_DATE": "2025-10-16T20:11:02Z", "GLOBALID": "{CF8EA220-E108-41C3-AAD5-7336A4DBA0F1}" }, "geometry": null },
{ "type": "Feature", "properties": { "OBJECTID": 584, "PROJECTNAME": "900 New York Avenue", "WARD": "2", "LOCATION": "900 New York Ave., NW", "DEVELOPER": "Gould Property Company / Oxford Properties Group", "PROJECTTYPE": "Office", "TYPE_SQFT": 575000.0, "UNITS": null, "UNIT_TYPE": null, "ESTVALUEINMILLION": 250000000.0, "ESTDELIVERY": null, "STATUS": "Pipeline", "LATITUDE": null, "LONGITUDE": null, "REPORT_EDITION_YEAR": "2016-2019", "ARCHITECT": null, "CREATED_USER": null, "CREATED_DATE": null, "LAST_EDITED_USER": "SDE", "LAST_EDITED_DATE": "2025-10-16T20:11:02Z", "GLOBALID": "{F5038C54-94A7-4263-B9C6-57E38279DDB3}" }, "geometry": null },
{ "type": "Feature", "properties": { "OBJECTID": 585, "PROJECTNAME": "1700M", "WARD": "2", "LOCATION": "1700 M St., NW", "DEVELOPER": "JBG Smith", "PROJECTTYPE": "Office", "TYPE_SQFT": 315435.0, "UNITS": null, "UNIT_TYPE": null, "ESTVALUEINMILLION": null, "ESTDELIVERY": "2021/22", "STATUS": "Pipeline", "LATITUDE": null, "LONGITUDE": null, "REPORT_EDITION_YEAR": "2016-2019", "ARCHITECT": null, "CREATED_USER": null, "CREATED_DATE": null, "LAST_EDITED_USER": "SDE", "LAST_EDITED_DATE": "2025-10-16T20:11:02Z", "GLOBALID": "{E2BA046C-03BC-44CA-9725-E12682FE36A1}" }, "geometry": null },
{ "type": "Feature", "properties": { "OBJECTID": 586, "PROJECTNAME": "The Yards (Parcel G)", "WARD": "6", "LOCATION": "1275 New Jersey Ave., SE", "DEVELOPER": "Brookfield Properties", "PROJECTTYPE": "Office", "TYPE_SQFT": 290422.0, "UNITS": null, "UNIT_TYPE": null, "ESTVALUEINMILLION": null, "ESTDELIVERY": null, "STATUS": "Pipeline", "LATITUDE": null, "LONGITUDE": null, "REPORT_EDITION_YEAR": "2016-2019", "ARCHITECT": null, "CREATED_USER": null, "CREATED_DATE": null, "LAST_EDITED_USER": "SDE", "LAST_EDITED_DATE": "2025-10-16T20:11:02Z", "GLOBALID": "{79735220-B02C-4A48-B727-37A0718E9E10}" }, "geometry": null },
{ "type": "Feature", "properties": { "OBJECTID": 587, "PROJECTNAME": "Reunion Square (Building 4)", "WARD": "8", "LOCATION": "Shannon Place & W St., SE", "DEVELOPER": "Four Points / Curtis Development", "PROJECTTYPE": "Office", "TYPE_SQFT": 281242.0, "UNITS": null, "UNIT_TYPE": null, "ESTVALUEINMILLION": null, "ESTDELIVERY": "2022", "STATUS": "Pipeline", "LATITUDE": null, "LONGITUDE": null, "REPORT_EDITION_YEAR": "2016-2019", "ARCHITECT": null, "CREATED_USER": null, "CREATED_DATE": null, "LAST_EDITED_USER": "SDE", "LAST_EDITED_DATE": "2025-10-16T20:11:02Z", "GLOBALID": "{3C0A5EEA-890A-4DDF-89E9-3A30C9FB240E}" }, "geometry": null },
{ "type": "Feature", "properties": { "OBJECTID": 588, "PROJECTNAME": "25 M", "WARD": "6", "LOCATION": "25 M St., SE", "DEVELOPER": "Akridge / Brandywine Realty Trust", "PROJECTTYPE": "Office", "TYPE_SQFT": 223000.0, "UNITS": null, "UNIT_TYPE": null, "ESTVALUEINMILLION": 85000000.0, "ESTDELIVERY": null, "STATUS": "Pipeline", "LATITUDE": null, "LONGITUDE": null, "REPORT_EDITION_YEAR": "2016-2019", "ARCHITECT": null, "CREATED_USER": null, "CREATED_DATE": null, "LAST_EDITED_USER": "SDE", "LAST_EDITED_DATE": "2025-10-16T20:11:02Z", "GLOBALID": "{E73D8DEE-D368-4A73-A53D-3409028A762F}" }, "geometry": null },
{ "type": "Feature", "properties": { "OBJECTID": 589, "PROJECTNAME": "Saint Elizabeths East (Phase I)", "WARD": "8", "LOCATION": "Saint Elizabeths East Campus", "DEVELOPER": "Redbrick LMD / Gragg Cardona Partners / DMPED", "PROJECTTYPE": "Office", "TYPE_SQFT": 220000.0, "UNITS": null, "UNIT_TYPE": null, "ESTVALUEINMILLION": 200000000.0, "ESTDELIVERY": "2022", "STATUS": "Pipeline", "LATITUDE": null, "LONGITUDE": null, "REPORT_EDITION_YEAR": "2016-2019", "ARCHITECT": "Cunningham + Quill Architects, PLLC", "CREATED_USER": null, "CREATED_DATE": null, "LAST_EDITED_USER": "SDE", "LAST_EDITED_DATE": "2025-10-16T20:11:02Z", "GLOBALID": "{661F6C19-6F23-4597-B768-4EA9F85BC2A9}" }, "geometry": null },
{ "type": "Feature", "properties": { "OBJECTID": 590, "PROJECTNAME": "300 7th Street", "WARD": "6", "LOCATION": "300 7th St., SW", "DEVELOPER": "Jair Lynch Real Estate Partners", "PROJECTTYPE": "Office", "TYPE_SQFT": 203414.0, "UNITS": null, "UNIT_TYPE": null, "ESTVALUEINMILLION": 121549000.0, "ESTDELIVERY": "2021/22", "STATUS": "Pipeline", "LATITUDE": null, "LONGITUDE": null, "REPORT_EDITION_YEAR": "2016-2019", "ARCHITECT": null, "CREATED_USER": null, "CREATED_DATE": null, "LAST_EDITED_USER": "SDE", "LAST_EDITED_DATE": "2025-10-16T20:11:02Z", "GLOBALID": "{6E4850B7-4E2C-41D3-83B6-F5FE3DC99EDF}" }, "geometry": null },
{ "type": "Feature", "properties": { "OBJECTID": 591, "PROJECTNAME": "Saint Elizabeths East Parcel 15", "WARD": "8", "LOCATION": "Saint Elizabeths East Campus", "DEVELOPER": "Redbrick LMD / Gragg Cardona Partners", "PROJECTTYPE": "Office", "TYPE_SQFT": 200000.0, "UNITS": null, "UNIT_TYPE": null, "ESTVALUEINMILLION": 218600000.0, "ESTDELIVERY": "2023", "STATUS": "Pipeline", "LATITUDE": null, "LONGITUDE": null, "REPORT_EDITION_YEAR": "2016-2019", "ARCHITECT": "Cunningham + Quill Architects, PLLC", "CREATED_USER": null, "CREATED_DATE": null, "LAST_EDITED_USER": "SDE", "LAST_EDITED_DATE": "2025-10-16T20:11:02Z", "GLOBALID": "{FFC90EA3-7D52-4AB8-A6B5-E5FA0FF01AA1}" }, "geometry": null },
{ "type": "Feature", "properties": { "OBJECTID": 592, "PROJECTNAME": "Embassy of Australia", "WARD": "2", "LOCATION": "1601 Massachusetts Ave., NW", "DEVELOPER": "Commonwealth of Australia", "PROJECTTYPE": "Office", "TYPE_SQFT": 133244.0, "UNITS": null, "UNIT_TYPE": null, "ESTVALUEINMILLION": 237000000.0, "ESTDELIVERY": "2022", "STATUS": "Pipeline", "LATITUDE": null, "LONGITUDE": null, "REPORT_EDITION_YEAR": "2016-2019", "ARCHITECT": null, "CREATED_USER": null, "CREATED_DATE": null, "LAST_EDITED_USER": "SDE", "LAST_EDITED_DATE": "2025-10-16T20:11:02Z", "GLOBALID": "{D131F901-6996-42C1-B944-A891C5F1FF4D}" }, "geometry": null },
{ "type": "Feature", "properties": { "OBJECTID": 593, "PROJECTNAME": "Calvin Coolidge Senior High School", "WARD": "4", "LOCATION": "6315 5th St., NW", "DEVELOPER": "Department of General Services / DC Public Schools", "PROJECTTYPE": "Quality of Life", "TYPE_SQFT": 286300.0, "UNITS": null, "UNIT_TYPE": null, "ESTVALUEINMILLION": 163000000.0, "ESTDELIVERY": "Q3 19", "STATUS": "Completed", "LATITUDE": null, "LONGITUDE": null, "REPORT_EDITION_YEAR": "2016-2019", "ARCHITECT": null, "CREATED_USER": null, "CREATED_DATE": null, "LAST_EDITED_USER": "SDE", "LAST_EDITED_DATE": "2025-10-16T20:12:15Z", "GLOBALID": "{23DC0411-EF45-411D-8E23-A3A818EE9686}" }, "geometry": null },
{ "type": "Feature", "properties": { "OBJECTID": 594, "PROJECTNAME": "Murch Elementary School", "WARD": "3", "LOCATION": "4810 36th St., NW", "DEVELOPER": "Department of General Services / DC Public Schools", "PROJECTTYPE": "Quality of Life", "TYPE_SQFT": 112700.0, "UNITS": null, "UNIT_TYPE": null, "ESTVALUEINMILLION": 83300000.0, "ESTDELIVERY": "Q3 18", "STATUS": "Completed", "LATITUDE": null, "LONGITUDE": null, "REPORT_EDITION_YEAR": "2016-2019", "ARCHITECT": null, "CREATED_USER": null, "CREATED_DATE": null, "LAST_EDITED_USER": "SDE", "LAST_EDITED_DATE": "2025-10-16T20:12:15Z", "GLOBALID": "{89BCE30B-1EB1-41BD-8851-3EBC15914903}" }, "geometry": null },
{ "type": "Feature", "properties": { "OBJECTID": 595, "PROJECTNAME": "Corcoran Gallery of Art", "WARD": "2", "LOCATION": "500 17th St., NW", "DEVELOPER": "George Washington University", "PROJECTTYPE": "Quality of Life", "TYPE_SQFT": 100000.0, "UNITS": null, "UNIT_TYPE": null, "ESTVALUEINMILLION": 80000000.0, "ESTDELIVERY": "Q3 18", "STATUS": "Completed", "LATITUDE": null, "LONGITUDE": null, "REPORT_EDITION_YEAR": "2016-2019", "ARCHITECT": null, "CREATED_USER": null, "CREATED_DATE": null, "LAST_EDITED_USER": "SDE", "LAST_EDITED_DATE": "2025-10-16T20:12:15Z", "GLOBALID": "{6860999F-1C91-433B-B8E1-0FDE3E7791A7}" }, "geometry": null },
{ "type": "Feature", "properties": { "OBJECTID": 596, "PROJECTNAME": "Kimball Elementary School", "WARD": "7", "LOCATION": "3375 Minnesota Ave., SE", "DEVELOPER": "Department of General Services / DC Public Schools", "PROJECTTYPE": "Quality of Life", "TYPE_SQFT": 83400.0, "UNITS": null, "UNIT_TYPE": null, "ESTVALUEINMILLION": 53500000.0, "ESTDELIVERY": "Q3 19", "STATUS": "Completed", "LATITUDE": null, "LONGITUDE": null, "REPORT_EDITION_YEAR": "2016-2019", "ARCHITECT": null, "CREATED_USER": null, "CREATED_DATE": null, "LAST_EDITED_USER": "SDE", "LAST_EDITED_DATE": "2025-10-16T20:12:15Z", "GLOBALID": "{2312F28C-EBD0-449F-A638-9647E305B95E}" }, "geometry": null },
{ "type": "Feature", "properties": { "OBJECTID": 597, "PROJECTNAME": "Lawrence E. Boone Elementary School", "WARD": "8", "LOCATION": "2200 Minnesota Ave., SE", "DEVELOPER": "Department of General Services / DC Public Schools", "PROJECTTYPE": "Quality of Life", "TYPE_SQFT": 68000.0, "UNITS": null, "UNIT_TYPE": null, "ESTVALUEINMILLION": 47000000.0, "ESTDELIVERY": "Q3 18", "STATUS": "Completed", "LATITUDE": null, "LONGITUDE": null, "REPORT_EDITION_YEAR": "2016-2019", "ARCHITECT": null, "CREATED_USER": null, "CREATED_DATE": null, "LAST_EDITED_USER": "SDE", "LAST_EDITED_DATE": "2025-10-16T20:12:15Z", "GLOBALID": "{D271CE35-B3D5-438D-B364-7962CED191B7}" }, "geometry": null },
{ "type": "Feature", "properties": { "OBJECTID": 598, "PROJECTNAME": "Beacon Center", "WARD": "4", "LOCATION": "6100 Georgia Ave., NW", "DEVELOPER": "The Community Builders / Emory United Methodist Church", "PROJECTTYPE": "Quality of Life", "TYPE_SQFT": 58000.0, "UNITS": null, "UNIT_TYPE": null, "ESTVALUEINMILLION": 42500000.0, "ESTDELIVERY": "Q4 18", "STATUS": "Completed", "LATITUDE": null, "LONGITUDE": null, "REPORT_EDITION_YEAR": "2016-2019", "ARCHITECT": null, "CREATED_USER": null, "CREATED_DATE": null, "LAST_EDITED_USER": "SDE", "LAST_EDITED_DATE": "2025-10-16T20:12:15Z", "GLOBALID": "{893FB18E-9E8E-43B5-9DCA-7A995178C95F}" }, "geometry": null },
{ "type": "Feature", "properties": { "OBJECTID": 599, "PROJECTNAME": "Riverpoint", "WARD": "6", "LOCATION": "2100 2nd St., SW", "DEVELOPER": "Akridge / Western Development / Orr Partners / Jefferson Apartment Group", "PROJECTTYPE": "Residential", "TYPE_SQFT": 0.0, "UNITS": 481.0, "UNIT_TYPE": null, "ESTVALUEINMILLION": 220000000.0, "ESTDELIVERY": "Q4 20", "STATUS": "Completed", "LATITUDE": null, "LONGITUDE": null, "REPORT_EDITION_YEAR": "2020-2021", "ARCHITECT": " ", "CREATED_USER": null, "CREATED_DATE": null, "LAST_EDITED_USER": "SDE", "LAST_EDITED_DATE": "2025-10-16T20:12:51Z", "GLOBALID": "{153A5102-35BD-45F4-BB92-00803A6A62E2}" }, "geometry": null },
{ "type": "Feature", "properties": { "OBJECTID": 600, "PROJECTNAME": "West Half", "WARD": "6", "LOCATION": "1201 Half St., SE", "DEVELOPER": "JBG Smith", "PROJECTTYPE": "Residential", "TYPE_SQFT": 0.0, "UNITS": 465.0, "UNIT_TYPE": null, "ESTVALUEINMILLION": 228000000.0, "ESTDELIVERY": "Q3 20", "STATUS": "Completed", "LATITUDE": null, "LONGITUDE": null, "REPORT_EDITION_YEAR": "2020-2021", "ARCHITECT": " ", "CREATED_USER": null, "CREATED_DATE": null, "LAST_EDITED_USER": "SDE", "LAST_EDITED_DATE": "2025-10-16T20:12:51Z", "GLOBALID": "{E3CF7DD3-29CF-4237-97B2-315469766929}" }, "geometry": null },
{ "type": "Feature", "properties": { "OBJECTID": 601, "PROJECTNAME": "Watermark", "WARD": "6", "LOCATION": "1900 Half St., SW", "DEVELOPER": "Douglas Development Corporation", "PROJECTTYPE": "Residential", "TYPE_SQFT": 0.0, "UNITS": 453.0, "UNIT_TYPE": null, "ESTVALUEINMILLION": 190000000.0, "ESTDELIVERY": "Q3 20", "STATUS": "Completed", "LATITUDE": null, "LONGITUDE": null, "REPORT_EDITION_YEAR": "2020-2021", "ARCHITECT": " ", "CREATED_USER": null, "CREATED_DATE": null, "LAST_EDITED_USER": "SDE", "LAST_EDITED_DATE": "2025-10-16T20:12:51Z", "GLOBALID": "{10D6EAB9-399C-4585-A96C-4AC042998048}" }, "geometry": null },
{ "type": "Feature", "properties": { "OBJECTID": 602, "PROJECTNAME": "AVEC", "WARD": "6", "LOCATION": "901 H St., NE", "DEVELOPER": "Rappaport / Lustine Family / WC Smith", "PROJECTTYPE": "Residential", "TYPE_SQFT": 0.0, "UNITS": 419.0, "UNIT_TYPE": null, "ESTVALUEINMILLION": 200000000.0, "ESTDELIVERY": "Q2 20", "STATUS": "Completed", "LATITUDE": null, "LONGITUDE": null, "REPORT_EDITION_YEAR": "2020-2021", "ARCHITECT": " ", "CREATED_USER": null, "CREATED_DATE": null, "LAST_EDITED_USER": "SDE", "LAST_EDITED_DATE": "2025-10-16T20:12:51Z", "GLOBALID": "{B6FF2C22-3A45-4772-91AE-C4CCA3205063}" }, "geometry": null },
{ "type": "Feature", "properties": { "OBJECTID": 603, "PROJECTNAME": "The Garrett", "WARD": "6", "LOCATION": "150 Eye St., SE", "DEVELOPER": "WC Smith", "PROJECTTYPE": "Residential", "TYPE_SQFT": 0.0, "UNITS": 373.0, "UNIT_TYPE": null, "ESTVALUEINMILLION": 170000000.0, "ESTDELIVERY": "Q4 20", "STATUS": "Completed", "LATITUDE": null, "LONGITUDE": null, "REPORT_EDITION_YEAR": "2020-2021", "ARCHITECT": " ", "CREATED_USER": null, "CREATED_DATE": null, "LAST_EDITED_USER": "SDE", "LAST_EDITED_DATE": "2025-10-16T20:12:51Z", "GLOBALID": "{43CD6C11-A8B8-476E-892D-5469B264778E}" }, "geometry": null },
{ "type": "Feature", "properties": { "OBJECTID": 604, "PROJECTNAME": "Beckert’s Park", "WARD": "6", "LOCATION": "415 14th St., SE", "DEVELOPER": "Foulger-Pratt / Safeway", "PROJECTTYPE": "Residential", "TYPE_SQFT": 0.0, "UNITS": 325.0, "UNIT_TYPE": null, "ESTVALUEINMILLION": 138000000.0, "ESTDELIVERY": "Q3 20", "STATUS": "Completed", "LATITUDE": null, "LONGITUDE": null, "REPORT_EDITION_YEAR": "2020-2021", "ARCHITECT": " ", "CREATED_USER": null, "CREATED_DATE": null, "LAST_EDITED_USER": "SDE", "LAST_EDITED_DATE": "2025-10-16T20:12:51Z", "GLOBALID": "{EBF1E413-DCF8-4B2A-9807-1FBB2DCC514F}" }, "geometry": null },
{ "type": "Feature", "properties": { "OBJECTID": 605, "PROJECTNAME": "The Kelvin", "WARD": "6", "LOCATION": "1250 Half St., SE", "DEVELOPER": "Jair Lynch Real Estate Partners", "PROJECTTYPE": "Residential", "TYPE_SQFT": 0.0, "UNITS": 312.0, "UNIT_TYPE": null, "ESTVALUEINMILLION": 155000000.0, "ESTDELIVERY": "Q3 20", "STATUS": "Completed", "LATITUDE": null, "LONGITUDE": null, "REPORT_EDITION_YEAR": "2020-2021", "ARCHITECT": " ", "CREATED_USER": null, "CREATED_DATE": null, "LAST_EDITED_USER": "SDE", "LAST_EDITED_DATE": "2025-10-16T20:12:51Z", "GLOBALID": "{65506509-8FBF-45D2-982B-C5F555EA75DC}" }, "geometry": null },
{ "type": "Feature", "properties": { "OBJECTID": 606, "PROJECTNAME": "Illume (Phase I & II)", "WARD": "6", "LOCATION": "809 & 853 New Jersey Ave., SE", "DEVELOPER": "Greystar Development / J.P. Morgan Asset Management / Oxford Properties Group", "PROJECTTYPE": "Residential", "TYPE_SQFT": 0.0, "UNITS": 756.0, "UNIT_TYPE": null, "ESTVALUEINMILLION": 0.0, "ESTDELIVERY": "Q2 22", "STATUS": "Under Construction", "LATITUDE": null, "LONGITUDE": null, "REPORT_EDITION_YEAR": "2020-2021", "ARCHITECT": " ", "CREATED_USER": null, "CREATED_DATE": null, "LAST_EDITED_USER": "SDE", "LAST_EDITED_DATE": "2025-10-16T20:12:51Z", "GLOBALID": "{9CE7B3BD-F27E-466A-82CD-FB5820E585EB}" }, "geometry": null },
{ "type": "Feature", "properties": { "OBJECTID": 607, "PROJECTNAME": "Eckington Yards", "WARD": "5", "LOCATION": "1625 Eckington Pl. & 1500 Harry Thomas Way, NE", "DEVELOPER": "The JBG Companies / LCOR", "PROJECTTYPE": "Residential", "TYPE_SQFT": 0.0, "UNITS": 681.0, "UNIT_TYPE": null, "ESTVALUEINMILLION": 265000000.0, "ESTDELIVERY": "Q2 21", "STATUS": "Under Construction", "LATITUDE": null, "LONGITUDE": null, "REPORT_EDITION_YEAR": "2020-2021", "ARCHITECT": " ", "CREATED_USER": null, "CREATED_DATE": null, "LAST_EDITED_USER": "SDE", "LAST_EDITED_DATE": "2025-10-16T20:12:51Z", "GLOBALID": "{B9C491DB-8118-4721-91E8-04A2965F9233}" }, "geometry": null },
{ "type": "Feature", "properties": { "OBJECTID": 608, "PROJECTNAME": "Armature Works", "WARD": "6", "LOCATION": "1200 3rd St., NE", "DEVELOPER": "Trammell Crow Company / High Street Residential / MetLife", "PROJECTTYPE": "Residential", "TYPE_SQFT": 0.0, "UNITS": 635.0, "UNIT_TYPE": null, "ESTVALUEINMILLION": 400000000.0, "ESTDELIVERY": "Q2 22", "STATUS": "Under Construction", "LATITUDE": null, "LONGITUDE": null, "REPORT_EDITION_YEAR": "2020-2021", "ARCHITECT": " ", "CREATED_USER": null, "CREATED_DATE": null, "LAST_EDITED_USER": "SDE", "LAST_EDITED_DATE": "2025-10-16T20:12:51Z", "GLOBALID": "{65463C40-9712-4C7E-A611-295BB781384E}" }, "geometry": null },
{ "type": "Feature", "properties": { "OBJECTID": 609, "PROJECTNAME": "Sursum Corda Redevelopment (Phase I)", "WARD": "6", "LOCATION": "North Capitol St., M St., 1st St., L St., NW", "DEVELOPER": "Toll Brothers", "PROJECTTYPE": "Residential", "TYPE_SQFT": 0.0, "UNITS": 562.0, "UNIT_TYPE": null, "ESTVALUEINMILLION": 226000000.0, "ESTDELIVERY": "Q2 22", "STATUS": "Under Construction", "LATITUDE": null, "LONGITUDE": null, "REPORT_EDITION_YEAR": "2020-2021", "ARCHITECT": " ", "CREATED_USER": null, "CREATED_DATE": null, "LAST_EDITED_USER": "SDE", "LAST_EDITED_DATE": "2025-10-16T20:12:51Z", "GLOBALID": "{D865D1F5-7C01-4605-909D-F3F3FDEA8A89}" }, "geometry": null },
{ "type": "Feature", "properties": { "OBJECTID": 610, "PROJECTNAME": "NoMa CNTR", "WARD": "6", "LOCATION": "1005 1st St., NE", "DEVELOPER": "Perseus TDC / Four Points / Buccini Pollin Group / Sunwater Management", "PROJECTTYPE": "Residential", "TYPE_SQFT": 0.0, "UNITS": 500.0, "UNIT_TYPE": null, "ESTVALUEINMILLION": 330000000.0, "ESTDELIVERY": "Q4 22", "STATUS": "Under Construction", "LATITUDE": null, "LONGITUDE": null, "REPORT_EDITION_YEAR": "2020-2021", "ARCHITECT": " ", "CREATED_USER": null, "CREATED_DATE": null, "LAST_EDITED_USER": "SDE", "LAST_EDITED_DATE": "2025-10-16T20:12:51Z", "GLOBALID": "{F7A0805A-7373-41CB-BF84-8218DF7FDC9D}" }, "geometry": null },
{ "type": "Feature", "properties": { "OBJECTID": 611, "PROJECTNAME": "Museum Place", "WARD": "6", "LOCATION": "65 I St., SW", "DEVELOPER": "Lowe", "PROJECTTYPE": "Residential", "TYPE_SQFT": 0.0, "UNITS": 492.0, "UNIT_TYPE": null, "ESTVALUEINMILLION": 200000000.0, "ESTDELIVERY": "Q4 22", "STATUS": "Under Construction", "LATITUDE": null, "LONGITUDE": null, "REPORT_EDITION_YEAR": "2020-2021", "ARCHITECT": " ", "CREATED_USER": null, "CREATED_DATE": null, "LAST_EDITED_USER": "SDE", "LAST_EDITED_DATE": "2025-10-16T20:12:51Z", "GLOBALID": "{2DD93938-46B5-4E9E-A03E-A8D5F0B55904}" }, "geometry": null },
{ "type": "Feature", "properties": { "OBJECTID": 612, "PROJECTNAME": "Bryant Street (Phase I)", "WARD": "5", "LOCATION": "680 Rhode Island Ave., NE", "DEVELOPER": "MRP Realty / FRP Development Corp", "PROJECTTYPE": "Residential", "TYPE_SQFT": 0.0, "UNITS": 487.0, "UNIT_TYPE": null, "ESTVALUEINMILLION": 0.0, "ESTDELIVERY": "Q3 21", "STATUS": "Under Construction", "LATITUDE": null, "LONGITUDE": null, "REPORT_EDITION_YEAR": "2020-2021", "ARCHITECT": " ", "CREATED_USER": null, "CREATED_DATE": null, "LAST_EDITED_USER": "SDE", "LAST_EDITED_DATE": "2025-10-16T20:12:51Z", "GLOBALID": "{96182EDA-D97E-443B-B2C2-F520C2FA4FB3}" }, "geometry": null },
{ "type": "Feature", "properties": { "OBJECTID": 613, "PROJECTNAME": "300 M", "WARD": "6", "LOCATION": "300 M St., NE", "DEVELOPER": "LCOR", "PROJECTTYPE": "Residential", "TYPE_SQFT": 0.0, "UNITS": 457.0, "UNIT_TYPE": null, "ESTVALUEINMILLION": 212000000.0, "ESTDELIVERY": "Q4 22", "STATUS": "Under Construction", "LATITUDE": null, "LONGITUDE": null, "REPORT_EDITION_YEAR": "2020-2021", "ARCHITECT": " ", "CREATED_USER": null, "CREATED_DATE": null, "LAST_EDITED_USER": "SDE", "LAST_EDITED_DATE": "2025-10-16T20:12:51Z", "GLOBALID": "{80B0A0FF-9277-4971-9F41-CC7433819279}" }, "geometry": null },
{ "type": "Feature", "properties": { "OBJECTID": 614, "PROJECTNAME": "Northeast Heights", "WARD": "7", "LOCATION": "3924 - 3968 Minnesota Ave., NE", "DEVELOPER": "Cedar Realty Trust / Trammell Crow Company", "PROJECTTYPE": "Retail", "TYPE_SQFT": 194600.0, "UNITS": 0.0, "UNIT_TYPE": null, "ESTVALUEINMILLION": 420000000.0, "ESTDELIVERY": "2022-28", "STATUS": "Pipeline", "LATITUDE": null, "LONGITUDE": null, "REPORT_EDITION_YEAR": "2020-2021", "ARCHITECT": " ", "CREATED_USER": null, "CREATED_DATE": null, "LAST_EDITED_USER": "SDE", "LAST_EDITED_DATE": "2025-10-16T20:13:28Z", "GLOBALID": "{7EA64246-698D-4DC2-A690-E4EA9A39DBD1}" }, "geometry": null },
{ "type": "Feature", "properties": { "OBJECTID": 615, "PROJECTNAME": "Upton Place", "WARD": "3", "LOCATION": "4000 Wisconsin Ave. NW", "DEVELOPER": "Donohoe Companies", "PROJECTTYPE": "Retail", "TYPE_SQFT": 100000.0, "UNITS": 0.0, "UNIT_TYPE": null, "ESTVALUEINMILLION": 0.0, "ESTDELIVERY": "2024", "STATUS": "Pipeline", "LATITUDE": null, "LONGITUDE": null, "REPORT_EDITION_YEAR": "2020-2021", "ARCHITECT": " ", "CREATED_USER": null, "CREATED_DATE": null, "LAST_EDITED_USER": "SDE", "LAST_EDITED_DATE": "2025-10-16T20:13:28Z", "GLOBALID": "{8485F4EC-508F-4DDA-B24A-5D9BD42C7BE2}" }, "geometry": null },
{ "type": "Feature", "properties": { "OBJECTID": 616, "PROJECTNAME": "Skyland Town Center (Block 3)", "WARD": "7", "LOCATION": "Alabama Ave. & Naylor Rd., SE", "DEVELOPER": "Rappaport / WC Smith", "PROJECTTYPE": "Retail", "TYPE_SQFT": 42400.0, "UNITS": 0.0, "UNIT_TYPE": null, "ESTVALUEINMILLION": 17000000.0, "ESTDELIVERY": "2022", "STATUS": "Pipeline", "LATITUDE": null, "LONGITUDE": null, "REPORT_EDITION_YEAR": "2020-2021", "ARCHITECT": " ", "CREATED_USER": null, "CREATED_DATE": null, "LAST_EDITED_USER": "SDE", "LAST_EDITED_DATE": "2025-10-16T20:13:28Z", "GLOBALID": "{24C84D0D-8428-4D19-8D7B-ACA00D35DAC5}" }, "geometry": null },
{ "type": "Feature", "properties": { "OBJECTID": 617, "PROJECTNAME": "113 Potomac Avenue", "WARD": "6", "LOCATION": "113 Potomac Ave., SW", "DEVELOPER": "Toll Brothers", "PROJECTTYPE": "Retail", "TYPE_SQFT": 41000.0, "UNITS": 0.0, "UNIT_TYPE": null, "ESTVALUEINMILLION": 250000000.0, "ESTDELIVERY": "2023", "STATUS": "Pipeline", "LATITUDE": null, "LONGITUDE": null, "REPORT_EDITION_YEAR": "2020-2021", "ARCHITECT": " ", "CREATED_USER": null, "CREATED_DATE": null, "LAST_EDITED_USER": "SDE", "LAST_EDITED_DATE": "2025-10-16T20:13:28Z", "GLOBALID": "{33020A57-75E4-48FA-BB6B-FB43682882C9}" }, "geometry": null },
{ "type": "Feature", "properties": { "OBJECTID": 618, "PROJECTNAME": "North Building", "WARD": "5", "LOCATION": "1329 5th St., NE", "DEVELOPER": "EDENS / Gables Residential", "PROJECTTYPE": "Retail", "TYPE_SQFT": 23100.0, "UNITS": 0.0, "UNIT_TYPE": null, "ESTVALUEINMILLION": 140000000.0, "ESTDELIVERY": "2023", "STATUS": "Pipeline", "LATITUDE": null, "LONGITUDE": null, "REPORT_EDITION_YEAR": "2020-2021", "ARCHITECT": " ", "CREATED_USER": null, "CREATED_DATE": null, "LAST_EDITED_USER": "SDE", "LAST_EDITED_DATE": "2025-10-16T20:13:28Z", "GLOBALID": "{9E21E440-99AF-4FD1-BB45-EB2AD43878CC}" }, "geometry": null },
{ "type": "Feature", "properties": { "OBJECTID": 619, "PROJECTNAME": "Waterfront Station II", "WARD": "6", "LOCATION": "1000 4th St., SW", "DEVELOPER": "Hoffman & Associates / CityPartners / Affordable Housing Developers / Paramount Development Corp. / DMPED", "PROJECTTYPE": "Retail", "TYPE_SQFT": 19700.0, "UNITS": 0.0, "UNIT_TYPE": null, "ESTVALUEINMILLION": 165000000.0, "ESTDELIVERY": "2023", "STATUS": "Pipeline", "LATITUDE": null, "LONGITUDE": null, "REPORT_EDITION_YEAR": "2020-2021", "ARCHITECT": " ", "CREATED_USER": null, "CREATED_DATE": null, "LAST_EDITED_USER": "SDE", "LAST_EDITED_DATE": "2025-10-16T20:13:28Z", "GLOBALID": "{79E5AF35-AE4F-4572-83EF-D28F1AC5FC17}" }, "geometry": null },
{ "type": "Feature", "properties": { "OBJECTID": 620, "PROJECTNAME": "The Yards (Parcel I)", "WARD": "6", "LOCATION": "Canal & N Sts., SE", "DEVELOPER": "Brookfield Properties", "PROJECTTYPE": "Retail", "TYPE_SQFT": 16000.0, "UNITS": 0.0, "UNIT_TYPE": null, "ESTVALUEINMILLION": 0.0, "ESTDELIVERY": "2023", "STATUS": "Pipeline", "LATITUDE": null, "LONGITUDE": null, "REPORT_EDITION_YEAR": "2020-2021", "ARCHITECT": " ", "CREATED_USER": null, "CREATED_DATE": null, "LAST_EDITED_USER": "SDE", "LAST_EDITED_DATE": "2025-10-16T20:13:28Z", "GLOBALID": "{E89076BC-150B-4D10-BAFE-8A99140510CF}" }, "geometry": null },
{ "type": "Feature", "properties": { "OBJECTID": 621, "PROJECTNAME": "The Clara on Martin Luther King, Jr. Ave", "WARD": "8", "LOCATION": "2313 Martin Luther King Jr. Ave, SE", "DEVELOPER": "Banneker Ventures / Masjid Muhammad", "PROJECTTYPE": "Retail", "TYPE_SQFT": 14000.0, "UNITS": 0.0, "UNIT_TYPE": null, "ESTVALUEINMILLION": 43000000.0, "ESTDELIVERY": "2022", "STATUS": "Pipeline", "LATITUDE": null, "LONGITUDE": null, "REPORT_EDITION_YEAR": "2020-2021", "ARCHITECT": " ", "CREATED_USER": null, "CREATED_DATE": null, "LAST_EDITED_USER": "SDE", "LAST_EDITED_DATE": "2025-10-16T20:13:28Z", "GLOBALID": "{24F09F6A-3B94-43C1-83A8-286163CFDD38}" }, "geometry": null },
{ "type": "Feature", "properties": { "OBJECTID": 622, "PROJECTNAME": "City Ridge", "WARD": "3", "LOCATION": "3900 Wisconsin Ave., NW", "DEVELOPER": "Roadside / North America Sekisui House", "PROJECTTYPE": "Retail", "TYPE_SQFT": 196000.0, "UNITS": 0.0, "UNIT_TYPE": null, "ESTVALUEINMILLION": 715000000.0, "ESTDELIVERY": "Q2 22", "STATUS": "Under Construction", "LATITUDE": null, "LONGITUDE": null, "REPORT_EDITION_YEAR": "2020-2021", "ARCHITECT": " ", "CREATED_USER": null, "CREATED_DATE": null, "LAST_EDITED_USER": "SDE", "LAST_EDITED_DATE": "2025-10-16T20:13:28Z", "GLOBALID": "{68800D96-7450-434D-9624-22D9406D2A33}" }, "geometry": null },
{ "type": "Feature", "properties": { "OBJECTID": 623, "PROJECTNAME": "Crest at Skyland Town Center", "WARD": "7", "LOCATION": "Alabama Ave. & Naylor Rd., SE", "DEVELOPER": "Rappaport / WC Smith / Washington East", "PROJECTTYPE": "Retail", "TYPE_SQFT": 117000.0, "UNITS": 0.0, "UNIT_TYPE": null, "ESTVALUEINMILLION": 199000000.0, "ESTDELIVERY": "Q1 21", "STATUS": "Under Construction", "LATITUDE": null, "LONGITUDE": null, "REPORT_EDITION_YEAR": "2020-2021", "ARCHITECT": " ", "CREATED_USER": null, "CREATED_DATE": null, "LAST_EDITED_USER": "SDE", "LAST_EDITED_DATE": "2025-10-16T20:13:28Z", "GLOBALID": "{0AD70B57-B6EF-4254-A85E-94892E3E44AB}" }, "geometry": null },
{ "type": "Feature", "properties": { "OBJECTID": 624, "PROJECTNAME": "The Wharf (Phase II)", "WARD": "6", "LOCATION": "Southwest Waterfront", "DEVELOPER": "Hoffman & Associates / Madison Marquette", "PROJECTTYPE": "Retail", "TYPE_SQFT": 95000.0, "UNITS": 0.0, "UNIT_TYPE": null, "ESTVALUEINMILLION": 1150000000.0, "ESTDELIVERY": "Q3 22", "STATUS": "Under Construction", "LATITUDE": null, "LONGITUDE": null, "REPORT_EDITION_YEAR": "2020-2021", "ARCHITECT": " ", "CREATED_USER": null, "CREATED_DATE": null, "LAST_EDITED_USER": "SDE", "LAST_EDITED_DATE": "2025-10-16T20:13:28Z", "GLOBALID": "{72170F3C-B59A-4A6C-9E2B-0059C9B39F7D}" }, "geometry": null },
{ "type": "Feature", "properties": { "OBJECTID": 625, "PROJECTNAME": "Eckington Yards", "WARD": "5", "LOCATION": "1625 Eckington Pl. & 1500 Harry Thomas Way, NE", "DEVELOPER": "The JBG Companies / LCOR", "PROJECTTYPE": "Retail", "TYPE_SQFT": 67300.0, "UNITS": 0.0, "UNIT_TYPE": null, "ESTVALUEINMILLION": 265000000.0, "ESTDELIVERY": "Q2 21", "STATUS": "Under Construction", "LATITUDE": null, "LONGITUDE": null, "REPORT_EDITION_YEAR": "2020-2021", "ARCHITECT": " ", "CREATED_USER": null, "CREATED_DATE": null, "LAST_EDITED_USER": "SDE", "LAST_EDITED_DATE": "2025-10-16T20:13:28Z", "GLOBALID": "{D46297E8-423E-4A43-B54B-6BDBEF389419}" }, "geometry": null },
{ "type": "Feature", "properties": { "OBJECTID": 626, "PROJECTNAME": "Armature Works", "WARD": "6", "LOCATION": "1200 3rd St., NE", "DEVELOPER": "Trammell Crow Company / High Street Residential / MetLife", "PROJECTTYPE": "Retail", "TYPE_SQFT": 60000.0, "UNITS": 0.0, "UNIT_TYPE": null, "ESTVALUEINMILLION": 400000000.0, "ESTDELIVERY": "Q2 22", "STATUS": "Under Construction", "LATITUDE": null, "LONGITUDE": null, "REPORT_EDITION_YEAR": "2020-2021", "ARCHITECT": " ", "CREATED_USER": null, "CREATED_DATE": null, "LAST_EDITED_USER": "SDE", "LAST_EDITED_DATE": "2025-10-16T20:13:28Z", "GLOBALID": "{17165178-FF88-440B-A17E-EEEC93E322DB}" }, "geometry": null },
{ "type": "Feature", "properties": { "OBJECTID": 627, "PROJECTNAME": "The Hartley", "WARD": "4", "LOCATION": "6900 Georgia Ave., NW", "DEVELOPER": "Hines / Urban Atlantic / Triden Development / Bridge Investment Group", "PROJECTTYPE": "Retail", "TYPE_SQFT": 60000.0, "UNITS": 0.0, "UNIT_TYPE": null, "ESTVALUEINMILLION": 0.0, "ESTDELIVERY": "Q1 22", "STATUS": "Under Construction", "LATITUDE": null, "LONGITUDE": null, "REPORT_EDITION_YEAR": "2020-2021", "ARCHITECT": " ", "CREATED_USER": null, "CREATED_DATE": null, "LAST_EDITED_USER": "SDE", "LAST_EDITED_DATE": "2025-10-16T20:13:28Z", "GLOBALID": "{E49B9598-2C28-4BF3-A089-61A4117677FB}" }, "geometry": null },
{ "type": "Feature", "properties": { "OBJECTID": 628, "PROJECTNAME": "NoMa CNTR", "WARD": "6", "LOCATION": "1005 1st St., NE", "DEVELOPER": "Perseus TDC / Four Points / Buccini Pollin Group / Sunwater Management", "PROJECTTYPE": "Retail", "TYPE_SQFT": 39900.0, "UNITS": 0.0, "UNIT_TYPE": null, "ESTVALUEINMILLION": 330000000.0, "ESTDELIVERY": "Q4 22", "STATUS": "Under Construction", "LATITUDE": null, "LONGITUDE": null, "REPORT_EDITION_YEAR": "2020-2021", "ARCHITECT": " ", "CREATED_USER": null, "CREATED_DATE": null, "LAST_EDITED_USER": "SDE", "LAST_EDITED_DATE": "2025-10-16T20:13:28Z", "GLOBALID": "{82F216A8-1856-417E-A62C-DE92BAFD82CD}" }, "geometry": null },
{ "type": "Feature", "properties": { "OBJECTID": 629, "PROJECTNAME": "Press House at Union District", "WARD": "6", "LOCATION": "301 - 331 N St., NE", "DEVELOPER": "Foulger-Pratt", "PROJECTTYPE": "Retail", "TYPE_SQFT": 27282.0, "UNITS": 0.0, "UNIT_TYPE": null, "ESTVALUEINMILLION": 180000000.0, "ESTDELIVERY": "Q2 21", "STATUS": "Under Construction", "LATITUDE": null, "LONGITUDE": null, "REPORT_EDITION_YEAR": "2020-2021", "ARCHITECT": " ", "CREATED_USER": null, "CREATED_DATE": null, "LAST_EDITED_USER": "SDE", "LAST_EDITED_DATE": "2025-10-16T20:13:28Z", "GLOBALID": "{B150617E-D06A-4AED-AFC0-353CC6C87D36}" }, "geometry": null },
{ "type": "Feature", "properties": { "OBJECTID": 630, "PROJECTNAME": "Hecht Warehouse (1515 New York Avenue)", "WARD": "5", "LOCATION": "1515 New York Ave., NE", "DEVELOPER": "Douglas Development Corporation", "PROJECTTYPE": "Retail", "TYPE_SQFT": 93000.0, "UNITS": 0.0, "UNIT_TYPE": null, "ESTVALUEINMILLION": 27000000.0, "ESTDELIVERY": "Q4 19", "STATUS": "Completed", "LATITUDE": null, "LONGITUDE": null, "REPORT_EDITION_YEAR": "2020-2021", "ARCHITECT": " ", "CREATED_USER": null, "CREATED_DATE": null, "LAST_EDITED_USER": "SDE", "LAST_EDITED_DATE": "2025-10-16T20:13:28Z", "GLOBALID": "{A605E528-AF17-4A5D-B8F3-7B3D3CACE8C0}" }, "geometry": null },
{ "type": "Feature", "properties": { "OBJECTID": 631, "PROJECTNAME": "RiverPoint", "WARD": "6", "LOCATION": "2100 2nd St., SW", "DEVELOPER": "Akridge / Western Development / Orr Partners / Jefferson Apartment Group", "PROJECTTYPE": "Retail", "TYPE_SQFT": 70400.0, "UNITS": 0.0, "UNIT_TYPE": null, "ESTVALUEINMILLION": 220000000.0, "ESTDELIVERY": "Q4 20", "STATUS": "Completed", "LATITUDE": null, "LONGITUDE": null, "REPORT_EDITION_YEAR": "2020-2021", "ARCHITECT": " ", "CREATED_USER": null, "CREATED_DATE": null, "LAST_EDITED_USER": "SDE", "LAST_EDITED_DATE": "2025-10-16T20:13:28Z", "GLOBALID": "{13A51CAB-A538-4FE9-8F81-5F9566551D06}" }, "geometry": null },
{ "type": "Feature", "properties": { "OBJECTID": 632, "PROJECTNAME": "Beckert’s Park", "WARD": "6", "LOCATION": "415 14th St., SE", "DEVELOPER": "Foulger-Pratt / Safeway", "PROJECTTYPE": "Retail", "TYPE_SQFT": 68000.0, "UNITS": 0.0, "UNIT_TYPE": null, "ESTVALUEINMILLION": 138000000.0, "ESTDELIVERY": "Q3 20", "STATUS": "Completed", "LATITUDE": null, "LONGITUDE": null, "REPORT_EDITION_YEAR": "2020-2021", "ARCHITECT": " ", "CREATED_USER": null, "CREATED_DATE": null, "LAST_EDITED_USER": "SDE", "LAST_EDITED_DATE": "2025-10-16T20:13:28Z", "GLOBALID": "{90A88936-EA4F-47BB-9224-BA1982F76853}" }, "geometry": null },
{ "type": "Feature", "properties": { "OBJECTID": 633, "PROJECTNAME": "Shops at Penn Branch (Phase I)", "WARD": "7", "LOCATION": "3200 Pennsylvania Ave., SE", "DEVELOPER": "Jair Lynch Real Estate Partners", "PROJECTTYPE": "Retail", "TYPE_SQFT": 65000.0, "UNITS": 0.0, "UNIT_TYPE": null, "ESTVALUEINMILLION": 25000000.0, "ESTDELIVERY": "Q4 19", "STATUS": "Completed", "LATITUDE": null, "LONGITUDE": null, "REPORT_EDITION_YEAR": "2020-2021", "ARCHITECT": " ", "CREATED_USER": null, "CREATED_DATE": null, "LAST_EDITED_USER": "SDE", "LAST_EDITED_DATE": "2025-10-16T20:13:28Z", "GLOBALID": "{781BB33E-C316-4A6D-9B5D-DBB5E29DFE78}" }, "geometry": null },
{ "type": "Feature", "properties": { "OBJECTID": 634, "PROJECTNAME": "250 Massachusetts Avenue", "WARD": "2", "LOCATION": "250 Massachusetts Ave., NW", "DEVELOPER": "Property Group Partners", "PROJECTTYPE": "Retail", "TYPE_SQFT": 58400.0, "UNITS": 0.0, "UNIT_TYPE": null, "ESTVALUEINMILLION": 275000000.0, "ESTDELIVERY": "Q4 19", "STATUS": "Completed", "LATITUDE": null, "LONGITUDE": null, "REPORT_EDITION_YEAR": "2020-2021", "ARCHITECT": " ", "CREATED_USER": null, "CREATED_DATE": null, "LAST_EDITED_USER": "SDE", "LAST_EDITED_DATE": "2025-10-16T20:13:28Z", "GLOBALID": "{60256790-0716-4470-8DFF-F9F612E016D0}" }, "geometry": null },
{ "type": "Feature", "properties": { "OBJECTID": 635, "PROJECTNAME": "The Wren", "WARD": "1", "LOCATION": "965 Florida Ave., NW", "DEVELOPER": "MRP Realty / JBG Smith / Ellis Development Group", "PROJECTTYPE": "Retail", "TYPE_SQFT": 49200.0, "UNITS": 0.0, "UNIT_TYPE": null, "ESTVALUEINMILLION": 153000000.0, "ESTDELIVERY": "Q3 20", "STATUS": "Completed", "LATITUDE": null, "LONGITUDE": null, "REPORT_EDITION_YEAR": "2020-2021", "ARCHITECT": " ", "CREATED_USER": null, "CREATED_DATE": null, "LAST_EDITED_USER": "SDE", "LAST_EDITED_DATE": "2025-10-16T20:13:28Z", "GLOBALID": "{14CE62D8-2F85-401D-BB71-6C16A2BEE458}" }, "geometry": null },
{ "type": "Feature", "properties": { "OBJECTID": 636, "PROJECTNAME": "Hecht Warehouse District (Pappas Building)", "WARD": "5", "LOCATION": "1401 Okie St., NE", "DEVELOPER": "Douglas Development Corporation", "PROJECTTYPE": "Retail", "TYPE_SQFT": 46800.0, "UNITS": 0.0, "UNIT_TYPE": null, "ESTVALUEINMILLION": 9000000.0, "ESTDELIVERY": "Q4 19", "STATUS": "Completed", "LATITUDE": null, "LONGITUDE": null, "REPORT_EDITION_YEAR": "2020-2021", "ARCHITECT": " ", "CREATED_USER": null, "CREATED_DATE": null, "LAST_EDITED_USER": "SDE", "LAST_EDITED_DATE": "2025-10-16T20:13:28Z", "GLOBALID": "{C82BE180-E0B5-420A-BEC9-C78D47C3E117}" }, "geometry": null },
{ "type": "Feature", "properties": { "OBJECTID": 637, "PROJECTNAME": "AVEC", "WARD": "6", "LOCATION": "901 H St., NE", "DEVELOPER": "Rappaport / Lustine Family / WC Smith", "PROJECTTYPE": "Retail", "TYPE_SQFT": 43700.0, "UNITS": 0.0, "UNIT_TYPE": null, "ESTVALUEINMILLION": 200000000.0, "ESTDELIVERY": "Q2 20", "STATUS": "Completed", "LATITUDE": null, "LONGITUDE": null, "REPORT_EDITION_YEAR": "2020-2021", "ARCHITECT": " ", "CREATED_USER": null, "CREATED_DATE": null, "LAST_EDITED_USER": "SDE", "LAST_EDITED_DATE": "2025-10-16T20:13:28Z", "GLOBALID": "{7949B78D-89FE-4086-9F02-E83EC2EC8DAA}" }, "geometry": null },
{ "type": "Feature", "properties": { "OBJECTID": 638, "PROJECTNAME": "West Half", "WARD": "6", "LOCATION": "1201 Half St., SE", "DEVELOPER": "JBG Smith", "PROJECTTYPE": "Retail", "TYPE_SQFT": 42000.0, "UNITS": 0.0, "UNIT_TYPE": null, "ESTVALUEINMILLION": 228000000.0, "ESTDELIVERY": "Q3 20", "STATUS": "Completed", "LATITUDE": null, "LONGITUDE": null, "REPORT_EDITION_YEAR": "2020-2021", "ARCHITECT": " ", "CREATED_USER": null, "CREATED_DATE": null, "LAST_EDITED_USER": "SDE", "LAST_EDITED_DATE": "2025-10-16T20:13:28Z", "GLOBALID": "{08C9A759-59B2-4E6E-9EE3-1A45B6096BBD}" }, "geometry": null },
{ "type": "Feature", "properties": { "OBJECTID": 639, "PROJECTNAME": "McMillan Sand Filtration Site", "WARD": "5", "LOCATION": "North Capitol St. & Michigan Ave., NW", "DEVELOPER": "Jair Lynch Real Estate Partners / Trammell Crow Company / EYA", "PROJECTTYPE": "Quality of Life", "TYPE_SQFT": 1017500.0, "UNITS": null, "UNIT_TYPE": null, "ESTVALUEINMILLION": 720000000.0, "ESTDELIVERY": "2023", "STATUS": "Pipeline", "LATITUDE": null, "LONGITUDE": null, "REPORT_EDITION_YEAR": "2016-2019", "ARCHITECT": null, "CREATED_USER": null, "CREATED_DATE": null, "LAST_EDITED_USER": "SDE", "LAST_EDITED_DATE": "2025-10-16T20:12:15Z", "GLOBALID": "{37ED8BED-CB14-4351-9FAA-9A92B20619B2}" }, "geometry": null },
{ "type": "Feature", "properties": { "OBJECTID": 640, "PROJECTNAME": "The Kelvin", "WARD": "6", "LOCATION": "1250 Half St., SE", "DEVELOPER": "Jair Lynch Real Estate Partners", "PROJECTTYPE": "Retail", "TYPE_SQFT": 59000.0, "UNITS": null, "UNIT_TYPE": null, "ESTVALUEINMILLION": 155000000.0, "ESTDELIVERY": "Q4 19", "STATUS": "Under Construction", "LATITUDE": null, "LONGITUDE": null, "REPORT_EDITION_YEAR": "2016-2019", "ARCHITECT": null, "CREATED_USER": null, "CREATED_DATE": null, "LAST_EDITED_USER": "SDE", "LAST_EDITED_DATE": "2025-10-16T20:13:28Z", "GLOBALID": "{986B74DE-9FA4-4D99-8308-BDB3696E7246}" }, "geometry": null },
{ "type": "Feature", "properties": { "OBJECTID": 641, "PROJECTNAME": "citizenM", "WARD": "6", "LOCATION": "555 E STREET SW", "DEVELOPER": "DC Strategy Group / Paramount / CityPartners / Potomac Investment Properties / Adams Investment Group", "PROJECTTYPE": "Hospitality", "TYPE_SQFT": 130000.0, "UNITS": 252.0, "UNIT_TYPE": null, "ESTVALUEINMILLION": 120000000.0, "ESTDELIVERY": "Q2 20", "STATUS": "Under Construction", "LATITUDE": null, "LONGITUDE": null, "REPORT_EDITION_YEAR": "2016-2019", "ARCHITECT": null, "CREATED_USER": null, "CREATED_DATE": null, "LAST_EDITED_USER": "SDE", "LAST_EDITED_DATE": "2025-10-16T20:10:22Z", "GLOBALID": "{B53A3F6A-3197-4CDD-9E2D-8F09A88F8558}" }, "geometry": null },
{ "type": "Feature", "properties": { "OBJECTID": 642, "PROJECTNAME": "AC Hotel", "WARD": "2", "LOCATION": "1112 19th Street, NW", "DEVELOPER": "OTO Development", "PROJECTTYPE": "Hospitality", "TYPE_SQFT": 125650.0, "UNITS": 219.0, "UNIT_TYPE": null, "ESTVALUEINMILLION": 41000000.0, "ESTDELIVERY": "Q4 19", "STATUS": "Under Construction", "LATITUDE": null, "LONGITUDE": null, "REPORT_EDITION_YEAR": "2016-2019", "ARCHITECT": "WDG Architecture", "CREATED_USER": null, "CREATED_DATE": null, "LAST_EDITED_USER": "SDE", "LAST_EDITED_DATE": "2025-10-16T20:10:22Z", "GLOBALID": "{74950F77-5220-4D64-AC50-D9ED8FA7F034}" }, "geometry": null },
{ "type": "Feature", "properties": { "OBJECTID": 643, "PROJECTNAME": "Armature Works", "WARD": "6", "LOCATION": "1200 3rd Street, NE", "DEVELOPER": "Trammell Crow Company / High Street Residential", "PROJECTTYPE": "Hospitality", "TYPE_SQFT": 147000.0, "UNITS": 204.0, "UNIT_TYPE": null, "ESTVALUEINMILLION": 0.0, "ESTDELIVERY": "2021", "STATUS": "Pipeline", "LATITUDE": null, "LONGITUDE": null, "REPORT_EDITION_YEAR": "2016-2019", "ARCHITECT": "Shalom Baranes Associates / Leo A Daly", "CREATED_USER": null, "CREATED_DATE": null, "LAST_EDITED_USER": "SDE", "LAST_EDITED_DATE": "2025-10-16T20:10:22Z", "GLOBALID": "{5F091A45-61D6-45EE-9831-EFA63A23668F}" }, "geometry": null },
{ "type": "Feature", "properties": { "OBJECTID": 644, "PROJECTNAME": "CFPB HQ Modernization", "WARD": "2", "LOCATION": "1700 G St., NW", "DEVELOPER": "General Services Administration", "PROJECTTYPE": "Office", "TYPE_SQFT": 503000.0, "UNITS": null, "UNIT_TYPE": null, "ESTVALUEINMILLION": 139000000.0, "ESTDELIVERY": null, "STATUS": "Under Construction", "LATITUDE": null, "LONGITUDE": null, "REPORT_EDITION_YEAR": "2016-2019", "ARCHITECT": "RTKL Associates / SOM", "CREATED_USER": null, "CREATED_DATE": null, "LAST_EDITED_USER": "SDE", "LAST_EDITED_DATE": "2025-10-16T20:11:02Z", "GLOBALID": "{A10F6842-696A-4A5A-AB44-87FAFDDCE42E}" }, "geometry": null },
{ "type": "Feature", "properties": { "OBJECTID": 645, "PROJECTNAME": "Fillmore School", "WARD": "2", "LOCATION": "1801 35th St., NW", "DEVELOPER": "S&R Foundation", "PROJECTTYPE": "Education", "TYPE_SQFT": 37426.0, "UNITS": null, "UNIT_TYPE": null, "ESTVALUEINMILLION": null, "ESTDELIVERY": "2018", "STATUS": "Pipeline", "LATITUDE": null, "LONGITUDE": null, "REPORT_EDITION_YEAR": "2016-2019", "ARCHITECT": "Barnes Vanze Architects", "CREATED_USER": null, "CREATED_DATE": null, "LAST_EDITED_USER": "SDE", "LAST_EDITED_DATE": "2025-10-16T20:09:37Z", "GLOBALID": "{690CE9EE-C588-45E3-903E-AA77499F76E5}" }, "geometry": null },
{ "type": "Feature", "properties": { "OBJECTID": 646, "PROJECTNAME": "Homewood Suites", "WARD": "2", "LOCATION": "465 New York Ave., NW", "DEVELOPER": "Magna Hospitality / IBG Partners, LLC", "PROJECTTYPE": "Hospitality", "TYPE_SQFT": 103000.0, "UNITS": 160.0, "UNIT_TYPE": null, "ESTVALUEINMILLION": null, "ESTDELIVERY": null, "STATUS": "Completed", "LATITUDE": null, "LONGITUDE": null, "REPORT_EDITION_YEAR": "2016-2019", "ARCHITECT": "BBGM", "CREATED_USER": null, "CREATED_DATE": null, "LAST_EDITED_USER": "SDE", "LAST_EDITED_DATE": "2025-10-16T20:10:22Z", "GLOBALID": "{4D7E32EE-2BE8-4A52-A8F0-15F220FCB0DE}" }, "geometry": null },
{ "type": "Feature", "properties": { "OBJECTID": 647, "PROJECTNAME": "Trump International Hotel, The Old Post Office", "WARD": "2", "LOCATION": "1100 Pennsylvania Ave., NW", "DEVELOPER": "Trump Hotel Collection", "PROJECTTYPE": "Hospitality", "TYPE_SQFT": 536000.0, "UNITS": 263.0, "UNIT_TYPE": null, "ESTVALUEINMILLION": 200000000.0, "ESTDELIVERY": null, "STATUS": "Under Construction", "LATITUDE": null, "LONGITUDE": null, "REPORT_EDITION_YEAR": "2016-2019", "ARCHITECT": "WDG Arhictecture / Beyer Blinder Belle Architects & Planners LLP", "CREATED_USER": null, "CREATED_DATE": null, "LAST_EDITED_USER": "SDE", "LAST_EDITED_DATE": "2025-10-16T20:10:22Z", "GLOBALID": "{C0C61908-6AF3-40ED-B45B-255FEED771D5}" }, "geometry": null },
{ "type": "Feature", "properties": { "OBJECTID": 648, "PROJECTNAME": "Martin Luther King Jr. Library", "WARD": "2", "LOCATION": "9th & G Sts., NW", "DEVELOPER": "DC Public Library", "PROJECTTYPE": "Hospitality", "TYPE_SQFT": 425000.0, "UNITS": null, "UNIT_TYPE": null, "ESTVALUEINMILLION": 198000000.0, "ESTDELIVERY": "2020", "STATUS": "Pipeline", "LATITUDE": null, "LONGITUDE": null, "REPORT_EDITION_YEAR": "2016-2019", "ARCHITECT": "Mecanoo / Martinez & Johnson", "CREATED_USER": null, "CREATED_DATE": null, "LAST_EDITED_USER": "SDE", "LAST_EDITED_DATE": "2025-10-16T20:10:22Z", "GLOBALID": "{FA6AAED7-42E0-49DD-ACFE-6705A7B7B455}" }, "geometry": null },
{ "type": "Feature", "properties": { "OBJECTID": 649, "PROJECTNAME": "Lacebark Alley", "WARD": "6", "LOCATION": "51 N St., 50 Patterson St. & 1250 1st St., NE", "DEVELOPER": "The JBG Companies / Brandywine Realty Trust", "PROJECTTYPE": "Hospitality", "TYPE_SQFT": 33000.0, "UNITS": null, "UNIT_TYPE": null, "ESTVALUEINMILLION": 275000000.0, "ESTDELIVERY": "2018", "STATUS": "Pipeline", "LATITUDE": null, "LONGITUDE": null, "REPORT_EDITION_YEAR": "2016-2019", "ARCHITECT": "Shalom Baranes Associates / Cooper Carry / David M. Schwarz Architects", "CREATED_USER": null, "CREATED_DATE": null, "LAST_EDITED_USER": "SDE", "LAST_EDITED_DATE": "2025-10-16T20:10:22Z", "GLOBALID": "{B48B3A23-5AD1-4A54-A136-EA58CB0491ED}" }, "geometry": null },
{ "type": "Feature", "properties": { "OBJECTID": 650, "PROJECTNAME": "1 M Street", "WARD": "6", "LOCATION": "1 M St., SE", "DEVELOPER": "Monument Realty", "PROJECTTYPE": "Office", "TYPE_SQFT": 116000.0, "UNITS": null, "UNIT_TYPE": null, "ESTVALUEINMILLION": null, "ESTDELIVERY": "2018", "STATUS": "Pipeline", "LATITUDE": null, "LONGITUDE": null, "REPORT_EDITION_YEAR": "2016-2019", "ARCHITECT": "HOK", "CREATED_USER": null, "CREATED_DATE": null, "LAST_EDITED_USER": "SDE", "LAST_EDITED_DATE": "2025-10-16T20:11:02Z", "GLOBALID": "{785E9930-C39F-4EAC-8074-447194D98FE4}" }, "geometry": null },
{ "type": "Feature", "properties": { "OBJECTID": 651, "PROJECTNAME": "Fort Totten Square", "WARD": "4", "LOCATION": "South Dakota Ave. & Riggs Rd., NE", "DEVELOPER": "Lowe Enterprises / The JBG Companies", "PROJECTTYPE": "Retail", "TYPE_SQFT": 130000.0, "UNITS": null, "UNIT_TYPE": null, "ESTVALUEINMILLION": 120000000.0, "ESTDELIVERY": null, "STATUS": "Completed", "LATITUDE": null, "LONGITUDE": null, "REPORT_EDITION_YEAR": "2016-2019", "ARCHITECT": "Hickok Cole Architects", "CREATED_USER": null, "CREATED_DATE": null, "LAST_EDITED_USER": "SDE", "LAST_EDITED_DATE": "2025-10-16T20:13:28Z", "GLOBALID": "{A22E8841-F763-47C5-8F5F-81F5910BA42C}" }, "geometry": null },
{ "type": "Feature", "properties": { "OBJECTID": 652, "PROJECTNAME": "Atlantic Plumbing DC", "WARD": "1", "LOCATION": "2112 8th St., NW", "DEVELOPER": "The JBG Companies / Walton Street Capital", "PROJECTTYPE": "Retail", "TYPE_SQFT": 19000.0, "UNITS": null, "UNIT_TYPE": null, "ESTVALUEINMILLION": 100000000.0, "ESTDELIVERY": null, "STATUS": "Completed", "LATITUDE": null, "LONGITUDE": null, "REPORT_EDITION_YEAR": "2016-2019", "ARCHITECT": "Morris Adjmi Architects / Eric Colbert & Associates, PC", "CREATED_USER": null, "CREATED_DATE": null, "LAST_EDITED_USER": "SDE", "LAST_EDITED_DATE": "2025-10-16T20:13:28Z", "GLOBALID": "{84B3C929-215E-4D97-900A-DBF981B8436D}" }, "geometry": null },
{ "type": "Feature", "properties": { "OBJECTID": 653, "PROJECTNAME": "Uline Arena", "WARD": "6", "LOCATION": "1140 3rd St., NE", "DEVELOPER": "Douglas Development Corp.", "PROJECTTYPE": "Retail", "TYPE_SQFT": 73074.0, "UNITS": null, "UNIT_TYPE": null, "ESTVALUEINMILLION": 125000000.0, "ESTDELIVERY": null, "STATUS": "Under Construction", "LATITUDE": null, "LONGITUDE": null, "REPORT_EDITION_YEAR": "2016-2019", "ARCHITECT": "Antunovich Associates", "CREATED_USER": null, "CREATED_DATE": null, "LAST_EDITED_USER": "SDE", "LAST_EDITED_DATE": "2025-10-16T20:13:28Z", "GLOBALID": "{3B8E5353-E4E1-465E-AB39-C188B5BE7F2C}" }, "geometry": null },
{ "type": "Feature", "properties": { "OBJECTID": 654, "PROJECTNAME": "The Wharf (Ph I)", "WARD": "6", "LOCATION": "Southwest Waterfront", "DEVELOPER": "Hoffman-Madison Waterfront", "PROJECTTYPE": "Residential", "TYPE_SQFT": null, "UNITS": 870.0, "UNIT_TYPE": "R/O", "ESTVALUEINMILLION": 1200000000.0, "ESTDELIVERY": null, "STATUS": "Under Construction", "LATITUDE": null, "LONGITUDE": null, "REPORT_EDITION_YEAR": "2016-2019", "ARCHITECT": "BBGM / Handel Architects / FOX Architects / Kohn Pedersen Fox & Associates / MTFA Architecture / SK+I Architectural Design Group / SmithGroupJJR / WDG Architecture / Perkins Eastman DC", "CREATED_USER": null, "CREATED_DATE": null, "LAST_EDITED_USER": "SDE", "LAST_EDITED_DATE": "2025-10-16T20:20:42Z", "GLOBALID": "{CB876056-6ACA-4523-81C1-BB6A314D9244}" }, "geometry": null },
{ "type": "Feature", "properties": { "OBJECTID": 655, "PROJECTNAME": "Capital View Library", "WARD": "7", "LOCATION": "5001 Central Ave., SE", "DEVELOPER": "DC Public Library", "PROJECTTYPE": "Hospitality", "TYPE_SQFT": 20000.0, "UNITS": null, "UNIT_TYPE": null, "ESTVALUEINMILLION": 5000000.0, "ESTDELIVERY": "2017", "STATUS": "Pipeline", "LATITUDE": null, "LONGITUDE": null, "REPORT_EDITION_YEAR": "2016-2019", "ARCHITECT": "R. McGhee & Associates", "CREATED_USER": null, "CREATED_DATE": null, "LAST_EDITED_USER": "SDE", "LAST_EDITED_DATE": "2025-10-16T20:10:22Z", "GLOBALID": "{D92820C5-FBDE-4705-8D95-77756E8D92C2}" }, "geometry": null },
{ "type": "Feature", "properties": { "OBJECTID": 656, "PROJECTNAME": "111 Massachusetts Avenue", "WARD": "6", "LOCATION": "111 Massachusetts Avenue", "DEVELOPER": "Douglas Development Corporation /", "PROJECTTYPE": "Office", "TYPE_SQFT": 318708.0, "UNITS": null, "UNIT_TYPE": null, "ESTVALUEINMILLION": 74000000.0, "ESTDELIVERY": "2023", "STATUS": "Pipeline", "LATITUDE": null, "LONGITUDE": null, "REPORT_EDITION_YEAR": "2016-2019", "ARCHITECT": "Studios Architecture", "CREATED_USER": null, "CREATED_DATE": null, "LAST_EDITED_USER": "SDE", "LAST_EDITED_DATE": "2025-10-16T20:11:02Z", "GLOBALID": "{E958C7E4-ACFF-42D6-8009-94D21B5BD7F5}" }, "geometry": null },
{ "type": "Feature", "properties": { "OBJECTID": 657, "PROJECTNAME": "Square 696 (Phase I)", "WARD": "6", "LOCATION": "88 K Street, SE", "DEVELOPER": "Tishman Speyer", "PROJECTTYPE": "Residential", "TYPE_SQFT": null, "UNITS": 400.0, "UNIT_TYPE": "R", "ESTVALUEINMILLION": null, "ESTDELIVERY": "Q1 20", "STATUS": "Under Construction", "LATITUDE": null, "LONGITUDE": null, "REPORT_EDITION_YEAR": "2016-2019", "ARCHITECT": "Handel Arhictects", "CREATED_USER": null, "CREATED_DATE": null, "LAST_EDITED_USER": "SDE", "LAST_EDITED_DATE": "2025-10-16T20:12:51Z", "GLOBALID": "{2F3A54DC-3AA0-42CF-A73E-A722E7114A0C}" }, "geometry": null },
{ "type": "Feature", "properties": { "OBJECTID": 658, "PROJECTNAME": "The Parks at Walter Reed (The Brooks & The Vale)", "WARD": "4", "LOCATION": "6800 Georgia Ave., NW", "DEVELOPER": "Urban Atlantic / Hines / Triden Development", "PROJECTTYPE": "Residential", "TYPE_SQFT": null, "UNITS": 390.0, "UNIT_TYPE": "R/O", "ESTVALUEINMILLION": 140000000.0, "ESTDELIVERY": "2020", "STATUS": "Pipeline", "LATITUDE": null, "LONGITUDE": null, "REPORT_EDITION_YEAR": "2016-2019", "ARCHITECT": "Torti Gallas Urban", "CREATED_USER": null, "CREATED_DATE": null, "LAST_EDITED_USER": "SDE", "LAST_EDITED_DATE": "2025-10-16T20:12:51Z", "GLOBALID": "{2CA9DDC3-7530-4970-BC9A-9FC660EEA9FE}" }, "geometry": null },
{ "type": "Feature", "properties": { "OBJECTID": 659, "PROJECTNAME": "Consumer Financial Protection Bureau HQ Modernization", "WARD": "2", "LOCATION": "1700 G Street, NW", "DEVELOPER": "General Services Administration", "PROJECTTYPE": "Office", "TYPE_SQFT": 481404.0, "UNITS": null, "UNIT_TYPE": null, "ESTVALUEINMILLION": 139000000.0, "ESTDELIVERY": "Q4 17", "STATUS": "Completed", "LATITUDE": null, "LONGITUDE": null, "REPORT_EDITION_YEAR": "2016-2019", "ARCHITECT": "RTKL Associates / SOM", "CREATED_USER": null, "CREATED_DATE": null, "LAST_EDITED_USER": "SDE", "LAST_EDITED_DATE": "2025-10-16T20:11:02Z", "GLOBALID": "{7AAD91D6-5CDE-4BB1-BD04-3D8103831D49}" }, "geometry": null },
{ "type": "Feature", "properties": { "OBJECTID": 660, "PROJECTNAME": "Hotel Zena", "WARD": "2", "LOCATION": "1155 14th St., NW", "DEVELOPER": "Pebblebrook Hotel Trust", "PROJECTTYPE": "Hospitality", "TYPE_SQFT": 106300.0, "UNITS": 191.0, "UNIT_TYPE": null, "ESTVALUEINMILLION": 25000000.0, "ESTDELIVERY": "Q4 20", "STATUS": "Completed", "LATITUDE": null, "LONGITUDE": null, "REPORT_EDITION_YEAR": "2020-2021", "ARCHITECT": " ", "CREATED_USER": null, "CREATED_DATE": null, "LAST_EDITED_USER": "SDE", "LAST_EDITED_DATE": "2025-10-16T20:10:22Z", "GLOBALID": "{A3BB63D2-7EC0-4226-938F-D610E0919B62}" }, "geometry": null },
{ "type": "Feature", "properties": { "OBJECTID": 661, "PROJECTNAME": "National Air and Space Museum", "WARD": "2", "LOCATION": "The National Mall", "DEVELOPER": "Smithsonian", "PROJECTTYPE": "Hospitality", "TYPE_SQFT": 687000.0, "UNITS": 0.0, "UNIT_TYPE": null, "ESTVALUEINMILLION": 900000000.0, "ESTDELIVERY": "2024", "STATUS": "Under Construction", "LATITUDE": null, "LONGITUDE": null, "REPORT_EDITION_YEAR": "2020-2021", "ARCHITECT": " ", "CREATED_USER": null, "CREATED_DATE": null, "LAST_EDITED_USER": "SDE", "LAST_EDITED_DATE": "2025-10-16T20:10:22Z", "GLOBALID": "{1C6ACF91-808C-4B6C-A486-D25DEA609266}" }, "geometry": null },
{ "type": "Feature", "properties": { "OBJECTID": 662, "PROJECTNAME": "80 M Street (addition)", "WARD": "6", "LOCATION": "80 M St., SE", "DEVELOPER": "Columbia Property Trust", "PROJECTTYPE": "Office", "TYPE_SQFT": 112000.0, "UNITS": 0.0, "UNIT_TYPE": null, "ESTVALUEINMILLION": 0.0, "ESTDELIVERY": "Q4 21", "STATUS": "Under Construction", "LATITUDE": null, "LONGITUDE": null, "REPORT_EDITION_YEAR": "2020-2021", "ARCHITECT": " ", "CREATED_USER": null, "CREATED_DATE": null, "LAST_EDITED_USER": "SDE", "LAST_EDITED_DATE": "2025-10-16T20:11:02Z", "GLOBALID": "{3E78A21B-1B2F-4B0B-972D-584B689220DB}" }, "geometry": null },
{ "type": "Feature", "properties": { "OBJECTID": 663, "PROJECTNAME": "5 M Street", "WARD": "6", "LOCATION": "5 M St., SW", "DEVELOPER": "JBG Smith", "PROJECTTYPE": "Office", "TYPE_SQFT": 226000.0, "UNITS": 0.0, "UNIT_TYPE": null, "ESTVALUEINMILLION": 0.0, "ESTDELIVERY": " ", "STATUS": "Pipeline", "LATITUDE": null, "LONGITUDE": null, "REPORT_EDITION_YEAR": "2020-2021", "ARCHITECT": " ", "CREATED_USER": null, "CREATED_DATE": null, "LAST_EDITED_USER": "SDE", "LAST_EDITED_DATE": "2025-10-16T20:11:02Z", "GLOBALID": "{DFF98626-6448-4068-9949-1B355B106CB5}" }, "geometry": null },
{ "type": "Feature", "properties": { "OBJECTID": 664, "PROJECTNAME": "MLK Gateway II", "WARD": "8", "LOCATION": "1909 Martin L King Jr Ave., SE", "DEVELOPER": "Menkiti Group", "PROJECTTYPE": "Office", "TYPE_SQFT": 60000.0, "UNITS": 0.0, "UNIT_TYPE": null, "ESTVALUEINMILLION": 0.0, "ESTDELIVERY": "2022", "STATUS": "Pipeline", "LATITUDE": null, "LONGITUDE": null, "REPORT_EDITION_YEAR": "2020-2021", "ARCHITECT": " ", "CREATED_USER": null, "CREATED_DATE": null, "LAST_EDITED_USER": "SDE", "LAST_EDITED_DATE": "2025-10-16T20:11:02Z", "GLOBALID": "{EF6CDAF6-F354-434B-AE76-241B97FE8B06}" }, "geometry": null },
{ "type": "Feature", "properties": { "OBJECTID": 665, "PROJECTNAME": "New Residence Hall", "WARD": "5", "LOCATION": "Catholic University", "DEVELOPER": "Catholic University", "PROJECTTYPE": "Quality of Life", "TYPE_SQFT": 104000.0, "UNITS": 0.0, "UNIT_TYPE": null, "ESTVALUEINMILLION": 35000000.0, "ESTDELIVERY": "2023", "STATUS": "Pipeline", "LATITUDE": null, "LONGITUDE": null, "REPORT_EDITION_YEAR": "2020-2021", "ARCHITECT": " ", "CREATED_USER": null, "CREATED_DATE": null, "LAST_EDITED_USER": "SDE", "LAST_EDITED_DATE": "2025-10-16T20:12:15Z", "GLOBALID": "{58229878-F4ED-4D58-9237-1293A76E7A3C}" }, "geometry": null },
{ "type": "Feature", "properties": { "OBJECTID": 666, "PROJECTNAME": "Children's National Research & Innovation Campus", "WARD": "4", "LOCATION": "7144 13th Place, NW", "DEVELOPER": "Children's National Medical Center", "PROJECTTYPE": "Quality of Life", "TYPE_SQFT": 380000.0, "UNITS": 0.0, "UNIT_TYPE": null, "ESTVALUEINMILLION": 250000000.0, "ESTDELIVERY": "Q1 21", "STATUS": "Under Construction", "LATITUDE": null, "LONGITUDE": null, "REPORT_EDITION_YEAR": "2020-2021", "ARCHITECT": " ", "CREATED_USER": null, "CREATED_DATE": null, "LAST_EDITED_USER": "SDE", "LAST_EDITED_DATE": "2025-10-16T20:12:15Z", "GLOBALID": "{6BB730EC-4939-47E7-9254-E8D4C4601872}" }, "geometry": null },
{ "type": "Feature", "properties": { "OBJECTID": 667, "PROJECTNAME": "Martin Luther King Jr. Library", "WARD": "2", "LOCATION": "9th & G Sts., NW", "DEVELOPER": "Jair Lynch Real Estate Partners / DC Public Library", "PROJECTTYPE": "Quality of Life", "TYPE_SQFT": 400000.0, "UNITS": 0.0, "UNIT_TYPE": null, "ESTVALUEINMILLION": 212000000.0, "ESTDELIVERY": "Q3 20", "STATUS": "Completed", "LATITUDE": null, "LONGITUDE": null, "REPORT_EDITION_YEAR": "2020-2021", "ARCHITECT": " ", "CREATED_USER": null, "CREATED_DATE": null, "LAST_EDITED_USER": "SDE", "LAST_EDITED_DATE": "2025-10-16T20:12:15Z", "GLOBALID": "{3846C43E-3010-487D-8731-612EC5D42109}" }, "geometry": null },
{ "type": "Feature", "properties": { "OBJECTID": 668, "PROJECTNAME": "Bread for the City", "WARD": "8", "LOCATION": "17th & Good Hope Rd., SE", "DEVELOPER": "Bread for the City", "PROJECTTYPE": "Quality of Life", "TYPE_SQFT": 27700.0, "UNITS": 0.0, "UNIT_TYPE": null, "ESTVALUEINMILLION": 26000000.0, "ESTDELIVERY": "Q3 20", "STATUS": "Completed", "LATITUDE": null, "LONGITUDE": null, "REPORT_EDITION_YEAR": "2020-2021", "ARCHITECT": " ", "CREATED_USER": null, "CREATED_DATE": null, "LAST_EDITED_USER": "SDE", "LAST_EDITED_DATE": "2025-10-16T20:12:15Z", "GLOBALID": "{CE887D4E-A354-4CF4-B6F1-18B25335C344}" }, "geometry": null },
{ "type": "Feature", "properties": { "OBJECTID": 669, "PROJECTNAME": "1313 L Street", "WARD": "2", "LOCATION": "1313 L St., NW", "DEVELOPER": "Lincoln Property Company", "PROJECTTYPE": "Residential", "TYPE_SQFT": 0.0, "UNITS": 222.0, "UNIT_TYPE": null, "ESTVALUEINMILLION": 0.0, "ESTDELIVERY": "2023", "STATUS": "Pipeline", "LATITUDE": null, "LONGITUDE": null, "REPORT_EDITION_YEAR": "2020-2021", "ARCHITECT": " ", "CREATED_USER": null, "CREATED_DATE": null, "LAST_EDITED_USER": "SDE", "LAST_EDITED_DATE": "2025-10-16T20:12:51Z", "GLOBALID": "{8E2DEBA5-8188-497B-B98A-E35BA82D6A3E}" }, "geometry": null },
{ "type": "Feature", "properties": { "OBJECTID": 670, "PROJECTNAME": "Cambria Hotel", "WARD": "6", "LOCATION": "69 Q St., SW", "DEVELOPER": "Donohoe Companies", "PROJECTTYPE": "Hospitality", "TYPE_SQFT": 77500.0, "UNITS": 154.0, "UNIT_TYPE": null, "ESTVALUEINMILLION": 58000000.0, "ESTDELIVERY": "Q1 21", "STATUS": "Under Construction", "LATITUDE": null, "LONGITUDE": null, "REPORT_EDITION_YEAR": "2020-2021", "ARCHITECT": " ", "CREATED_USER": null, "CREATED_DATE": null, "LAST_EDITED_USER": "SDE", "LAST_EDITED_DATE": "2025-10-16T20:10:22Z", "GLOBALID": "{2063212E-1076-4708-A579-72B385C03BA1}" }, "geometry": null },
{ "type": "Feature", "properties": { "OBJECTID": 671, "PROJECTNAME": "Parcel F1", "WARD": "6", "LOCATION": "N Place & 1 1/2 St., SE", "DEVELOPER": "Brookfield Properties", "PROJECTTYPE": "Hospitality", "TYPE_SQFT": 66400.0, "UNITS": 0.0, "UNIT_TYPE": null, "ESTVALUEINMILLION": 0.0, "ESTDELIVERY": "2024", "STATUS": "Pipeline", "LATITUDE": null, "LONGITUDE": null, "REPORT_EDITION_YEAR": "2020-2021", "ARCHITECT": " ", "CREATED_USER": null, "CREATED_DATE": null, "LAST_EDITED_USER": "SDE", "LAST_EDITED_DATE": "2025-10-16T20:10:22Z", "GLOBALID": "{726C4808-9F0E-4D00-B496-D8A3CF90383D}" }, "geometry": null },
{ "type": "Feature", "properties": { "OBJECTID": 672, "PROJECTNAME": "280 12th Street", "WARD": "6", "LOCATION": "280 12th St., SW", "DEVELOPER": "Pacific Star Capital", "PROJECTTYPE": "Hospitality", "TYPE_SQFT": 0.0, "UNITS": 163.0, "UNIT_TYPE": null, "ESTVALUEINMILLION": 0.0, "ESTDELIVERY": " ", "STATUS": "Pipeline", "LATITUDE": null, "LONGITUDE": null, "REPORT_EDITION_YEAR": "2020-2021", "ARCHITECT": " ", "CREATED_USER": null, "CREATED_DATE": null, "LAST_EDITED_USER": "SDE", "LAST_EDITED_DATE": "2025-10-16T20:10:22Z", "GLOBALID": "{8AF167BD-097C-4F76-8EB9-D8CCE88702A1}" }, "geometry": null },
{ "type": "Feature", "properties": { "OBJECTID": 673, "PROJECTNAME": "1900 N", "WARD": "2", "LOCATION": "1900 N St., NW", "DEVELOPER": "JBG Smith", "PROJECTTYPE": "Office", "TYPE_SQFT": 259000.0, "UNITS": 0.0, "UNIT_TYPE": null, "ESTVALUEINMILLION": 230000000.0, "ESTDELIVERY": "Q4 19", "STATUS": "Completed", "LATITUDE": null, "LONGITUDE": null, "REPORT_EDITION_YEAR": "2020-2021", "ARCHITECT": " ", "CREATED_USER": null, "CREATED_DATE": null, "LAST_EDITED_USER": "SDE", "LAST_EDITED_DATE": "2025-10-16T20:11:02Z", "GLOBALID": "{1F24D73A-485E-47F2-9A2F-A87510366891}" }, "geometry": null },
{ "type": "Feature", "properties": { "OBJECTID": 674, "PROJECTNAME": "1 M Street", "WARD": "6", "LOCATION": "1 M St., SE", "DEVELOPER": "Monument Realty", "PROJECTTYPE": "Office", "TYPE_SQFT": 129500.0, "UNITS": 0.0, "UNIT_TYPE": null, "ESTVALUEINMILLION": 0.0, "ESTDELIVERY": "Q1 20", "STATUS": "Completed", "LATITUDE": null, "LONGITUDE": null, "REPORT_EDITION_YEAR": "2020-2021", "ARCHITECT": " ", "CREATED_USER": null, "CREATED_DATE": null, "LAST_EDITED_USER": "SDE", "LAST_EDITED_DATE": "2025-10-16T20:11:02Z", "GLOBALID": "{50E29887-5D20-4C9B-A58D-230D9261DEAD}" }, "geometry": null },
{ "type": "Feature", "properties": { "OBJECTID": 675, "PROJECTNAME": "1275 New Jersey Avenue", "WARD": "6", "LOCATION": "1275 New Jersey Ave., SE", "DEVELOPER": "Brookfield Properties", "PROJECTTYPE": "Office", "TYPE_SQFT": 296200.0, "UNITS": 0.0, "UNIT_TYPE": null, "ESTVALUEINMILLION": 0.0, "ESTDELIVERY": "Q4 21", "STATUS": "Under Construction", "LATITUDE": null, "LONGITUDE": null, "REPORT_EDITION_YEAR": "2020-2021", "ARCHITECT": " ", "CREATED_USER": null, "CREATED_DATE": null, "LAST_EDITED_USER": "SDE", "LAST_EDITED_DATE": "2025-10-16T20:11:02Z", "GLOBALID": "{F4043C00-74D4-4207-9F14-82FFF9024770}" }, "geometry": null },
{ "type": "Feature", "properties": { "OBJECTID": 676, "PROJECTNAME": "Virgin Hotel", "WARD": "5", "LOCATION": "411 NEW YORK AVENUE NE", "DEVELOPER": "Brook Rose Development / D. B. Lee Development", "PROJECTTYPE": "Hospitality", "TYPE_SQFT": 111440.0, "UNITS": 178.0, "UNIT_TYPE": null, "ESTVALUEINMILLION": null, "ESTDELIVERY": null, "STATUS": "Pipeline", "LATITUDE": null, "LONGITUDE": null, "REPORT_EDITION_YEAR": "2016-2019", "ARCHITECT": null, "CREATED_USER": null, "CREATED_DATE": null, "LAST_EDITED_USER": "SDE", "LAST_EDITED_DATE": "2025-10-16T20:10:22Z", "GLOBALID": "{D46E161B-EB3B-4FA6-8B70-1074973A383F}" }, "geometry": null },
{ "type": "Feature", "properties": { "OBJECTID": 677, "PROJECTNAME": "655 New York Avenue", "WARD": "6", "LOCATION": "655 New York Ave., NW", "DEVELOPER": "Douglas Development Corporation / Brookfield Properties", "PROJECTTYPE": "Office", "TYPE_SQFT": 653500.0, "UNITS": null, "UNIT_TYPE": null, "ESTVALUEINMILLION": 185000000.0, "ESTDELIVERY": "Q3 19", "STATUS": "Completed", "LATITUDE": null, "LONGITUDE": null, "REPORT_EDITION_YEAR": "2016-2019", "ARCHITECT": null, "CREATED_USER": null, "CREATED_DATE": null, "LAST_EDITED_USER": "SDE", "LAST_EDITED_DATE": "2025-10-16T20:11:02Z", "GLOBALID": "{369CED14-4C6E-4A31-AB26-F105C0789A44}" }, "geometry": null },
{ "type": "Feature", "properties": { "OBJECTID": 678, "PROJECTNAME": "2050 M Street", "WARD": "2", "LOCATION": "2050 M St., NW", "DEVELOPER": "Tishman Speyer", "PROJECTTYPE": "Office", "TYPE_SQFT": 353200.0, "UNITS": null, "UNIT_TYPE": null, "ESTVALUEINMILLION": null, "ESTDELIVERY": "Q4 19", "STATUS": "Under Construction", "LATITUDE": null, "LONGITUDE": null, "REPORT_EDITION_YEAR": "2016-2019", "ARCHITECT": null, "CREATED_USER": null, "CREATED_DATE": null, "LAST_EDITED_USER": "SDE", "LAST_EDITED_DATE": "2025-10-16T20:11:02Z", "GLOBALID": "{A35FF393-9E50-4B49-A94E-7FD9D2A1FFC6}" }, "geometry": null },
{ "type": "Feature", "properties": { "OBJECTID": 679, "PROJECTNAME": "1901 L Street", "WARD": "2", "LOCATION": "1901 L St., NW", "DEVELOPER": "The Meridian Group", "PROJECTTYPE": "Office", "TYPE_SQFT": 202000.0, "UNITS": null, "UNIT_TYPE": null, "ESTVALUEINMILLION": null, "ESTDELIVERY": "Q4 19", "STATUS": "Under Construction", "LATITUDE": null, "LONGITUDE": null, "REPORT_EDITION_YEAR": "2016-2019", "ARCHITECT": null, "CREATED_USER": null, "CREATED_DATE": null, "LAST_EDITED_USER": "SDE", "LAST_EDITED_DATE": "2025-10-16T20:11:02Z", "GLOBALID": "{D6265247-D510-49CB-8CBB-2C82CC43E056}" }, "geometry": null },
{ "type": "Feature", "properties": { "OBJECTID": 680, "PROJECTNAME": "South Building (Union Market)", "WARD": "5", "LOCATION": "1309 5th St., NE", "DEVELOPER": "EDENS", "PROJECTTYPE": "Office", "TYPE_SQFT": 222255.0, "UNITS": null, "UNIT_TYPE": null, "ESTVALUEINMILLION": 92000000.0, "ESTDELIVERY": null, "STATUS": "Pipeline", "LATITUDE": null, "LONGITUDE": null, "REPORT_EDITION_YEAR": "2016-2019", "ARCHITECT": null, "CREATED_USER": null, "CREATED_DATE": null, "LAST_EDITED_USER": "SDE", "LAST_EDITED_DATE": "2025-10-16T20:11:02Z", "GLOBALID": "{DA006586-50B4-4F9E-A1D7-C26A404033BF}" }, "geometry": null },
{ "type": "Feature", "properties": { "OBJECTID": 681, "PROJECTNAME": "Bancroft Elementary School", "WARD": "1", "LOCATION": "1755 Newton St., NW", "DEVELOPER": "Department of General Services / DC Public Schools", "PROJECTTYPE": "Quality of Life", "TYPE_SQFT": 146000.0, "UNITS": null, "UNIT_TYPE": null, "ESTVALUEINMILLION": 76000000.0, "ESTDELIVERY": "Q3 18", "STATUS": "Completed", "LATITUDE": null, "LONGITUDE": null, "REPORT_EDITION_YEAR": "2016-2019", "ARCHITECT": null, "CREATED_USER": null, "CREATED_DATE": null, "LAST_EDITED_USER": "SDE", "LAST_EDITED_DATE": "2025-10-16T20:12:15Z", "GLOBALID": "{F8F21115-2D86-43DE-BC9F-C67C585AFF21}" }, "geometry": null },
{ "type": "Feature", "properties": { "OBJECTID": 682, "PROJECTNAME": "The Wren", "WARD": "1", "LOCATION": "965 Florida Ave., NW", "DEVELOPER": "MRP Realty / JBG Smith / Ellis Development Group", "PROJECTTYPE": "Residential", "TYPE_SQFT": 0.0, "UNITS": 433.0, "UNIT_TYPE": null, "ESTVALUEINMILLION": 153000000.0, "ESTDELIVERY": "Q3 20", "STATUS": "Completed", "LATITUDE": null, "LONGITUDE": null, "REPORT_EDITION_YEAR": "2020-2021", "ARCHITECT": " ", "CREATED_USER": null, "CREATED_DATE": null, "LAST_EDITED_USER": "SDE", "LAST_EDITED_DATE": "2025-10-16T20:12:51Z", "GLOBALID": "{4B06A3CF-40D7-4E82-8BE9-E98205694A48}" }, "geometry": null },
{ "type": "Feature", "properties": { "OBJECTID": 683, "PROJECTNAME": "City Ridge", "WARD": "3", "LOCATION": "3900 Wisconsin Ave., NW", "DEVELOPER": "Roadside / North America Sekisui House", "PROJECTTYPE": "Residential", "TYPE_SQFT": 0.0, "UNITS": 690.0, "UNIT_TYPE": null, "ESTVALUEINMILLION": 715000000.0, "ESTDELIVERY": "Q2 22", "STATUS": "Under Construction", "LATITUDE": null, "LONGITUDE": null, "REPORT_EDITION_YEAR": "2020-2021", "ARCHITECT": " ", "CREATED_USER": null, "CREATED_DATE": null, "LAST_EDITED_USER": "SDE", "LAST_EDITED_DATE": "2025-10-16T20:12:51Z", "GLOBALID": "{18D184B5-5F86-4824-B774-2AD91A602FDA}" }, "geometry": null },
{ "type": "Feature", "properties": { "OBJECTID": 684, "PROJECTNAME": "The Gantry (Building A-1)", "WARD": "5", "LOCATION": "300 Morse St., NE", "DEVELOPER": "Kettler / Carmel Partners", "PROJECTTYPE": "Residential", "TYPE_SQFT": 0.0, "UNITS": 450.0, "UNIT_TYPE": null, "ESTVALUEINMILLION": 0.0, "ESTDELIVERY": "Q3 21", "STATUS": "Under Construction", "LATITUDE": null, "LONGITUDE": null, "REPORT_EDITION_YEAR": "2020-2021", "ARCHITECT": " ", "CREATED_USER": null, "CREATED_DATE": null, "LAST_EDITED_USER": "SDE", "LAST_EDITED_DATE": "2025-10-16T20:12:51Z", "GLOBALID": "{EFD6D20A-E88C-456D-A5B2-64C6421FA5D6}" }, "geometry": null },
{ "type": "Feature", "properties": { "OBJECTID": 685, "PROJECTNAME": "Saint Elizabeths East (Parcel 13)", "WARD": "8", "LOCATION": "Saint Elizabeths East Campus", "DEVELOPER": "Neighborhood Development Company / MCG Capital / DMPED", "PROJECTTYPE": "Retail", "TYPE_SQFT": 21000.0, "UNITS": 0.0, "UNIT_TYPE": null, "ESTVALUEINMILLION": 0.0, "ESTDELIVERY": "2024", "STATUS": "Pipeline", "LATITUDE": null, "LONGITUDE": null, "REPORT_EDITION_YEAR": "2020-2021", "ARCHITECT": " ", "CREATED_USER": null, "CREATED_DATE": null, "LAST_EDITED_USER": "SDE", "LAST_EDITED_DATE": "2025-10-16T20:13:28Z", "GLOBALID": "{73193F5D-5A07-4B69-A819-08AE3D125416}" }, "geometry": null },
{ "type": "Feature", "properties": { "OBJECTID": 686, "PROJECTNAME": "Bryant Street (Phase I)", "WARD": "5", "LOCATION": "680 Rhode Island Ave., NE", "DEVELOPER": "MRP Realty / FRP Development Corp", "PROJECTTYPE": "Retail", "TYPE_SQFT": 40400.0, "UNITS": 0.0, "UNIT_TYPE": null, "ESTVALUEINMILLION": 0.0, "ESTDELIVERY": "Q3 21", "STATUS": "Under Construction", "LATITUDE": null, "LONGITUDE": null, "REPORT_EDITION_YEAR": "2020-2021", "ARCHITECT": " ", "CREATED_USER": null, "CREATED_DATE": null, "LAST_EDITED_USER": "SDE", "LAST_EDITED_DATE": "2025-10-16T20:13:28Z", "GLOBALID": "{2F1DD5FE-B6B5-440D-929B-CD362D48112B}" }, "geometry": null },
{ "type": "Feature", "properties": { "OBJECTID": 687, "PROJECTNAME": "The Kelvin", "WARD": "6", "LOCATION": "1250 Half St., SE", "DEVELOPER": "Jair Lynch Real Estate Partners", "PROJECTTYPE": "Retail", "TYPE_SQFT": 59000.0, "UNITS": 0.0, "UNIT_TYPE": null, "ESTVALUEINMILLION": 155000000.0, "ESTDELIVERY": "Q3 20", "STATUS": "Completed", "LATITUDE": null, "LONGITUDE": null, "REPORT_EDITION_YEAR": "2020-2021", "ARCHITECT": " ", "CREATED_USER": null, "CREATED_DATE": null, "LAST_EDITED_USER": "SDE", "LAST_EDITED_DATE": "2025-10-16T20:13:28Z", "GLOBALID": "{4AA3C3DC-1AEA-4B8D-8EC5-11273E48D729}" }, "geometry": null },
{ "type": "Feature", "properties": { "OBJECTID": 688, "PROJECTNAME": "Union Place (Phase II)", "WARD": "6", "LOCATION": "200 K St., NE", "DEVELOPER": "Toll Brothers", "PROJECTTYPE": "Residential", "TYPE_SQFT": null, "UNITS": 525.0, "UNIT_TYPE": null, "ESTVALUEINMILLION": 170000000.0, "ESTDELIVERY": "Q2 19", "STATUS": "Completed", "LATITUDE": null, "LONGITUDE": null, "REPORT_EDITION_YEAR": "2016-2019", "ARCHITECT": null, "CREATED_USER": null, "CREATED_DATE": null, "LAST_EDITED_USER": "SDE", "LAST_EDITED_DATE": "2025-10-16T20:12:51Z", "GLOBALID": "{BE1B2479-36CF-46B4-ADC6-04533415E6E4}" }, "geometry": null },
{ "type": "Feature", "properties": { "OBJECTID": 689, "PROJECTNAME": "West Half", "WARD": "6", "LOCATION": "1201 Half St., SE", "DEVELOPER": "JBG Smith", "PROJECTTYPE": "Residential", "TYPE_SQFT": null, "UNITS": 465.0, "UNIT_TYPE": null, "ESTVALUEINMILLION": 228400000.0, "ESTDELIVERY": "Q1 20", "STATUS": "Under Construction", "LATITUDE": null, "LONGITUDE": null, "REPORT_EDITION_YEAR": "2016-2019", "ARCHITECT": null, "CREATED_USER": null, "CREATED_DATE": null, "LAST_EDITED_USER": "SDE", "LAST_EDITED_DATE": "2025-10-16T20:12:51Z", "GLOBALID": "{3B95C059-BE03-44ED-BDCB-57D1C9D7F6D1}" }, "geometry": null },
{ "type": "Feature", "properties": { "OBJECTID": 690, "PROJECTNAME": "300 M", "WARD": "6", "LOCATION": "300 M St., NE", "DEVELOPER": "The Wilkes Company", "PROJECTTYPE": "Residential", "TYPE_SQFT": null, "UNITS": 425.0, "UNIT_TYPE": null, "ESTVALUEINMILLION": 158000000.0, "ESTDELIVERY": "2022", "STATUS": "Pipeline", "LATITUDE": null, "LONGITUDE": null, "REPORT_EDITION_YEAR": "2016-2019", "ARCHITECT": null, "CREATED_USER": null, "CREATED_DATE": null, "LAST_EDITED_USER": "SDE", "LAST_EDITED_DATE": "2025-10-16T20:12:51Z", "GLOBALID": "{08A5A6ED-6755-4583-8E8B-BD9FB1270493}" }, "geometry": null },
{ "type": "Feature", "properties": { "OBJECTID": 691, "PROJECTNAME": "The Wharf (Phase II)", "WARD": "6", "LOCATION": "Southwest Waterfront", "DEVELOPER": "Hoffman & Associates / Madison Marquette", "PROJECTTYPE": "Retail", "TYPE_SQFT": 119559.0, "UNITS": null, "UNIT_TYPE": null, "ESTVALUEINMILLION": 1200000000.0, "ESTDELIVERY": "Q3 22", "STATUS": "Under Construction", "LATITUDE": null, "LONGITUDE": null, "REPORT_EDITION_YEAR": "2016-2019", "ARCHITECT": null, "CREATED_USER": null, "CREATED_DATE": null, "LAST_EDITED_USER": "SDE", "LAST_EDITED_DATE": "2025-10-16T20:13:28Z", "GLOBALID": "{197DDF09-19DE-4FDE-8874-39C8B312E00E}" }, "geometry": null },
{ "type": "Feature", "properties": { "OBJECTID": 692, "PROJECTNAME": "Highline at Union Market", "WARD": "5", "LOCATION": "320 Florida Ave., NE", "DEVELOPER": "Level 2 Development /  Clark Enterprises", "PROJECTTYPE": "Residential", "TYPE_SQFT": null, "UNITS": 317.0, "UNIT_TYPE": "R", "ESTVALUEINMILLION": 101000000.0, "ESTDELIVERY": "2019", "STATUS": "Pipeline", "LATITUDE": null, "LONGITUDE": null, "REPORT_EDITION_YEAR": "2016-2019", "ARCHITECT": "Eric Colbert & Associates, PC", "CREATED_USER": null, "CREATED_DATE": null, "LAST_EDITED_USER": "SDE", "LAST_EDITED_DATE": "2025-10-16T20:12:51Z", "GLOBALID": "{EBBFA599-3F45-4E40-BC6A-9E00E9653E36}" }, "geometry": null },
{ "type": "Feature", "properties": { "OBJECTID": 693, "PROJECTNAME": "St. Paul's College Seminary & Residence", "WARD": "5", "LOCATION": "3025 4th St., NE", "DEVELOPER": "Elm Street Development / Boundary Companies", "PROJECTTYPE": "Education", "TYPE_SQFT": 102000.0, "UNITS": null, "UNIT_TYPE": null, "ESTVALUEINMILLION": null, "ESTDELIVERY": null, "STATUS": "Pipeline", "LATITUDE": null, "LONGITUDE": null, "REPORT_EDITION_YEAR": "2016-2019", "ARCHITECT": "N/A", "CREATED_USER": null, "CREATED_DATE": null, "LAST_EDITED_USER": "SDE", "LAST_EDITED_DATE": "2025-10-16T20:09:37Z", "GLOBALID": "{3EF1147F-362B-4ABB-89D2-7AC6A1E045A8}" }, "geometry": null },
{ "type": "Feature", "properties": { "OBJECTID": 694, "PROJECTNAME": "The Modern at Fort Totten", "WARD": "5", "LOCATION": "5180 South Dakota Avenue, NE", "DEVELOPER": "Morris & Gwendolyn Cafritz Foundation", "PROJECTTYPE": "Residential", "TYPE_SQFT": null, "UNITS": 520.0, "UNIT_TYPE": "R", "ESTVALUEINMILLION": 135000000.0, "ESTDELIVERY": "Q3 17", "STATUS": "Completed", "LATITUDE": null, "LONGITUDE": null, "REPORT_EDITION_YEAR": "2016-2019", "ARCHITECT": "EE&K / MV+A Architects / Shalom Baranes Associates", "CREATED_USER": null, "CREATED_DATE": null, "LAST_EDITED_USER": "SDE", "LAST_EDITED_DATE": "2025-10-16T20:12:51Z", "GLOBALID": "{350C2909-ADD2-479D-A77A-ED1CB24E50B2}" }, "geometry": null },
{ "type": "Feature", "properties": { "OBJECTID": 695, "PROJECTNAME": "Museum of the Bible", "WARD": "6", "LOCATION": "300 D Street, SW", "DEVELOPER": "Museum of the Bible", "PROJECTTYPE": "Hospitality", "TYPE_SQFT": 430000.0, "UNITS": null, "UNIT_TYPE": null, "ESTVALUEINMILLION": 504000000.0, "ESTDELIVERY": "Q4 17", "STATUS": "Completed", "LATITUDE": null, "LONGITUDE": null, "REPORT_EDITION_YEAR": "2016-2019", "ARCHITECT": "SmithGroupJJR", "CREATED_USER": null, "CREATED_DATE": null, "LAST_EDITED_USER": "SDE", "LAST_EDITED_DATE": "2025-10-16T20:10:22Z", "GLOBALID": "{FD9B7D88-5002-43A6-9CF4-A89A317C349B}" }, "geometry": null },
{ "type": "Feature", "properties": { "OBJECTID": 696, "PROJECTNAME": "Martin Luther King Jr. Library", "WARD": "2", "LOCATION": "9th & G Sts., NW", "DEVELOPER": "Jair Lynch Real Estate Partners / DC Public Library", "PROJECTTYPE": "Quality of Life", "TYPE_SQFT": 400000.0, "UNITS": null, "UNIT_TYPE": null, "ESTVALUEINMILLION": 211600000.0, "ESTDELIVERY": "Q3 20", "STATUS": "Under Construction", "LATITUDE": null, "LONGITUDE": null, "REPORT_EDITION_YEAR": "2016-2019", "ARCHITECT": null, "CREATED_USER": null, "CREATED_DATE": null, "LAST_EDITED_USER": "SDE", "LAST_EDITED_DATE": "2025-10-16T20:12:15Z", "GLOBALID": "{38B90C27-CF86-48FD-BAFC-E708669703B3}" }, "geometry": null },
{ "type": "Feature", "properties": { "OBJECTID": 697, "PROJECTNAME": "Riverpoint", "WARD": "6", "LOCATION": "2100 2nd St., SW", "DEVELOPER": "Akridge / Western Development Corp. / Jefferson Apartment Grp. / Orr Partners", "PROJECTTYPE": "Retail", "TYPE_SQFT": 70441.0, "UNITS": null, "UNIT_TYPE": null, "ESTVALUEINMILLION": 220000000.0, "ESTDELIVERY": "Q1 20", "STATUS": "Under Construction", "LATITUDE": null, "LONGITUDE": null, "REPORT_EDITION_YEAR": "2016-2019", "ARCHITECT": null, "CREATED_USER": null, "CREATED_DATE": null, "LAST_EDITED_USER": "SDE", "LAST_EDITED_DATE": "2025-10-16T20:13:28Z", "GLOBALID": "{91E21883-1B12-4534-A6CF-E59CEEE92213}" }, "geometry": null },
{ "type": "Feature", "properties": { "OBJECTID": 698, "PROJECTNAME": "Apollo", "WARD": "6", "LOCATION": "610 H St., NE", "DEVELOPER": "Insight Property Group", "PROJECTTYPE": "Residential", "TYPE_SQFT": null, "UNITS": 431.0, "UNIT_TYPE": "R", "ESTVALUEINMILLION": 195000000.0, "ESTDELIVERY": null, "STATUS": "Under Construction", "LATITUDE": null, "LONGITUDE": null, "REPORT_EDITION_YEAR": "2016-2019", "ARCHITECT": "SK+I Architectural Design Group", "CREATED_USER": null, "CREATED_DATE": null, "LAST_EDITED_USER": "SDE", "LAST_EDITED_DATE": "2025-10-16T20:12:51Z", "GLOBALID": "{D1F3C7FF-6EDA-4A33-A2AC-EBCC9B0D0D7A}" }, "geometry": null },
{ "type": "Feature", "properties": { "OBJECTID": 699, "PROJECTNAME": "SLS Lux Hotel & Residences", "WARD": "6", "LOCATION": "901 5th Street, NW", "DEVELOPER": "Peebles Corporation / MacFarlane Partners", "PROJECTTYPE": "Hospitality", "TYPE_SQFT": 142500.0, "UNITS": 175.0, "UNIT_TYPE": null, "ESTVALUEINMILLION": 135000000.0, "ESTDELIVERY": "2020", "STATUS": "Pipeline", "LATITUDE": null, "LONGITUDE": null, "REPORT_EDITION_YEAR": "2016-2019", "ARCHITECT": "WDG Architecture", "CREATED_USER": null, "CREATED_DATE": null, "LAST_EDITED_USER": "SDE", "LAST_EDITED_DATE": "2025-10-16T20:10:22Z", "GLOBALID": "{D3E8AE79-AF11-48B2-8611-955D65725B52}" }, "geometry": null },
{ "type": "Feature", "properties": { "OBJECTID": 700, "PROJECTNAME": "Renwick Gallery", "WARD": "2", "LOCATION": "1661 Pennsylvania Ave., NW", "DEVELOPER": "Smithsonian", "PROJECTTYPE": "Hospitality", "TYPE_SQFT": 34000.0, "UNITS": null, "UNIT_TYPE": null, "ESTVALUEINMILLION": 30000000.0, "ESTDELIVERY": null, "STATUS": "Completed", "LATITUDE": null, "LONGITUDE": null, "REPORT_EDITION_YEAR": "2016-2019", "ARCHITECT": "Westlake Reed Leskosky", "CREATED_USER": null, "CREATED_DATE": null, "LAST_EDITED_USER": "SDE", "LAST_EDITED_DATE": "2025-10-16T20:10:22Z", "GLOBALID": "{CB2F97B1-AEA5-4ADA-94FA-7F2D063C57B7}" }, "geometry": null },
{ "type": "Feature", "properties": { "OBJECTID": 701, "PROJECTNAME": "Four Constitution Square", "WARD": "6", "LOCATION": "150 M St., NE", "DEVELOPER": "StonebridgeCarras / Walton Street Capital", "PROJECTTYPE": "Office", "TYPE_SQFT": 505000.0, "UNITS": null, "UNIT_TYPE": null, "ESTVALUEINMILLION": 250000000.0, "ESTDELIVERY": "2018", "STATUS": "Pipeline", "LATITUDE": null, "LONGITUDE": null, "REPORT_EDITION_YEAR": "2016-2019", "ARCHITECT": "HOK", "CREATED_USER": null, "CREATED_DATE": null, "LAST_EDITED_USER": "SDE", "LAST_EDITED_DATE": "2025-10-16T20:11:02Z", "GLOBALID": "{1A2513C1-F911-49E7-A941-402DA2FF6854}" }, "geometry": null },
{ "type": "Feature", "properties": { "OBJECTID": 702, "PROJECTNAME": "National Law Enforcement Museum", "WARD": "2", "LOCATION": "E STREET NW FROM 4TH STREET NW TO 5TH STREET NW", "DEVELOPER": "NLEOMF", "PROJECTTYPE": "Hospitality", "TYPE_SQFT": 55000.0, "UNITS": null, "UNIT_TYPE": null, "ESTVALUEINMILLION": 103000000.0, "ESTDELIVERY": "Q4 18", "STATUS": "Completed", "LATITUDE": null, "LONGITUDE": null, "REPORT_EDITION_YEAR": "2016-2019", "ARCHITECT": null, "CREATED_USER": null, "CREATED_DATE": null, "LAST_EDITED_USER": "SDE", "LAST_EDITED_DATE": "2025-10-16T20:10:22Z", "GLOBALID": "{D9D5656D-21E3-427A-8905-73E902B3620A}" }, "geometry": null },
{ "type": "Feature", "properties": { "OBJECTID": 703, "PROJECTNAME": "Saint Elizabeths East (Phase I)", "WARD": "8", "LOCATION": "Saint Elizabeths East Campus", "DEVELOPER": "Redbrick / Gragg Cardona Partners / Flaherty & Collins / AEDC / DMPED", "PROJECTTYPE": "Office", "TYPE_SQFT": 170000.0, "UNITS": null, "UNIT_TYPE": null, "ESTVALUEINMILLION": 300000000.0, "ESTDELIVERY": "2019", "STATUS": "Pipeline", "LATITUDE": null, "LONGITUDE": null, "REPORT_EDITION_YEAR": "2016-2019", "ARCHITECT": "Cunningham + Quill Architects, PLLC", "CREATED_USER": null, "CREATED_DATE": null, "LAST_EDITED_USER": "SDE", "LAST_EDITED_DATE": "2025-10-16T20:11:02Z", "GLOBALID": "{F349DE32-FF86-4662-AAD3-055737DE1BDA}" }, "geometry": null },
{ "type": "Feature", "properties": { "OBJECTID": 704, "PROJECTNAME": "Sentinel Square (Phase III)", "WARD": "6", "LOCATION": "45 L Street, NE", "DEVELOPER": "Trammell Crow Company", "PROJECTTYPE": "Office", "TYPE_SQFT": 545000.0, "UNITS": null, "UNIT_TYPE": null, "ESTVALUEINMILLION": 250000000.0, "ESTDELIVERY": "Q1 20", "STATUS": "Under Construction", "LATITUDE": null, "LONGITUDE": null, "REPORT_EDITION_YEAR": "2016-2019", "ARCHITECT": "SmithGroupJJR", "CREATED_USER": null, "CREATED_DATE": null, "LAST_EDITED_USER": "SDE", "LAST_EDITED_DATE": "2025-10-16T20:11:02Z", "GLOBALID": "{02C807B7-F638-49DE-8B9B-5541154F1A9F}" }, "geometry": null },
{ "type": "Feature", "properties": { "OBJECTID": 705, "PROJECTNAME": "Storey Park", "WARD": "6", "LOCATION": "1005 1st Street, NE", "DEVELOPER": "Perseus Realty / Four Points / Greencourt Capital", "PROJECTTYPE": "Residential", "TYPE_SQFT": null, "UNITS": 472.0, "UNIT_TYPE": "R", "ESTVALUEINMILLION": 330000000.0, "ESTDELIVERY": "2021", "STATUS": "Pipeline", "LATITUDE": null, "LONGITUDE": null, "REPORT_EDITION_YEAR": "2016-2019", "ARCHITECT": "HKS PC", "CREATED_USER": null, "CREATED_DATE": null, "LAST_EDITED_USER": "SDE", "LAST_EDITED_DATE": "2025-10-16T20:12:51Z", "GLOBALID": "{57C69301-377C-4FF5-B781-E39B141E0968}" }, "geometry": null },
{ "type": "Feature", "properties": { "OBJECTID": 706, "PROJECTNAME": "City Ridge", "WARD": "3", "LOCATION": "3900 Wisconsin Ave., NW", "DEVELOPER": "Roadside", "PROJECTTYPE": "Office", "TYPE_SQFT": 170000.0, "UNITS": 0.0, "UNIT_TYPE": null, "ESTVALUEINMILLION": 715000000.0, "ESTDELIVERY": "Q2 22", "STATUS": "Under Construction", "LATITUDE": null, "LONGITUDE": null, "REPORT_EDITION_YEAR": "2020-2021", "ARCHITECT": " ", "CREATED_USER": null, "CREATED_DATE": null, "LAST_EDITED_USER": "SDE", "LAST_EDITED_DATE": "2025-10-16T20:11:02Z", "GLOBALID": "{CBE1324B-60DE-42C5-8BF8-360903DF9C9B}" }, "geometry": null },
{ "type": "Feature", "properties": { "OBJECTID": 707, "PROJECTNAME": "555 Pennsylvania Avenue", "WARD": "2", "LOCATION": "555 Pennsylvania Ave., NW", "DEVELOPER": "John Hopkins University", "PROJECTTYPE": "Quality of Life", "TYPE_SQFT": 400000.0, "UNITS": 0.0, "UNIT_TYPE": null, "ESTVALUEINMILLION": 200000000.0, "ESTDELIVERY": "2023", "STATUS": "Pipeline", "LATITUDE": null, "LONGITUDE": null, "REPORT_EDITION_YEAR": "2020-2021", "ARCHITECT": " ", "CREATED_USER": null, "CREATED_DATE": null, "LAST_EDITED_USER": "SDE", "LAST_EDITED_DATE": "2025-10-16T20:12:15Z", "GLOBALID": "{D661A8E5-641E-4006-9A55-64679D1A970E}" }, "geometry": null },
{ "type": "Feature", "properties": { "OBJECTID": 708, "PROJECTNAME": "Medstar Georgetown University Hospital Pavilion", "WARD": "2", "LOCATION": "3800 Reservoir Rd., NW", "DEVELOPER": "MedStar Georgetown University Hospital / Trammell Crow Company", "PROJECTTYPE": "Quality of Life", "TYPE_SQFT": 497000.0, "UNITS": 0.0, "UNIT_TYPE": null, "ESTVALUEINMILLION": 560000000.0, "ESTDELIVERY": "Q1 23", "STATUS": "Under Construction", "LATITUDE": null, "LONGITUDE": null, "REPORT_EDITION_YEAR": "2020-2021", "ARCHITECT": " ", "CREATED_USER": null, "CREATED_DATE": null, "LAST_EDITED_USER": "SDE", "LAST_EDITED_DATE": "2025-10-16T20:12:15Z", "GLOBALID": "{9910E69B-8F60-4F21-925C-B5C3999C777D}" }, "geometry": null },
{ "type": "Feature", "properties": { "OBJECTID": 709, "PROJECTNAME": "The Wharf (Phase II) - Pendry Hotel", "WARD": "6", "LOCATION": "Southwest Waterfront", "DEVELOPER": "Hoffman & Associates / Madison Marquette", "PROJECTTYPE": "Hospitality", "TYPE_SQFT": 80000.0, "UNITS": 131.0, "UNIT_TYPE": null, "ESTVALUEINMILLION": 1150000000.0, "ESTDELIVERY": "Q3 22", "STATUS": "Under Construction", "LATITUDE": null, "LONGITUDE": null, "REPORT_EDITION_YEAR": "2020-2021", "ARCHITECT": " ", "CREATED_USER": null, "CREATED_DATE": null, "LAST_EDITED_USER": "SDE", "LAST_EDITED_DATE": "2025-10-16T20:10:22Z", "GLOBALID": "{EBC0EB81-810A-48EF-8678-44A358D7F805}" }, "geometry": null },
{ "type": "Feature", "properties": { "OBJECTID": 710, "PROJECTNAME": "1050 17th Street", "WARD": "2", "LOCATION": "1050 17th St., NW", "DEVELOPER": "The Lenkin Company", "PROJECTTYPE": "Office", "TYPE_SQFT": 148600.0, "UNITS": 0.0, "UNIT_TYPE": null, "ESTVALUEINMILLION": 0.0, "ESTDELIVERY": "Q2 20", "STATUS": "Completed", "LATITUDE": null, "LONGITUDE": null, "REPORT_EDITION_YEAR": "2020-2021", "ARCHITECT": " ", "CREATED_USER": null, "CREATED_DATE": null, "LAST_EDITED_USER": "SDE", "LAST_EDITED_DATE": "2025-10-16T20:11:02Z", "GLOBALID": "{7F4FE7C3-0EDC-44D5-A1D9-4B8D98E26013}" }, "geometry": null },
{ "type": "Feature", "properties": { "OBJECTID": 711, "PROJECTNAME": "The Wharf (Phase II)", "WARD": "6", "LOCATION": "Southwest Waterfront", "DEVELOPER": "Hoffman & Associates / Madison Marquette", "PROJECTTYPE": "Office", "TYPE_SQFT": 547000.0, "UNITS": 0.0, "UNIT_TYPE": null, "ESTVALUEINMILLION": 1150000000.0, "ESTDELIVERY": "Q3 22", "STATUS": "Under Construction", "LATITUDE": null, "LONGITUDE": null, "REPORT_EDITION_YEAR": "2020-2021", "ARCHITECT": " ", "CREATED_USER": null, "CREATED_DATE": null, "LAST_EDITED_USER": "SDE", "LAST_EDITED_DATE": "2025-10-16T20:11:02Z", "GLOBALID": "{37B03DF9-9F9B-46F9-96C4-28FF821C9858}" }, "geometry": null },
{ "type": "Feature", "properties": { "OBJECTID": 712, "PROJECTNAME": "MOB Hotel", "WARD": "5", "LOCATION": "400 FLORIDA AVENUE NE", "DEVELOPER": "Ranger Properties", "PROJECTTYPE": "Hospitality", "TYPE_SQFT": 65903.0, "UNITS": 155.0, "UNIT_TYPE": null, "ESTVALUEINMILLION": null, "ESTDELIVERY": null, "STATUS": "Pipeline", "LATITUDE": null, "LONGITUDE": null, "REPORT_EDITION_YEAR": "2016-2019", "ARCHITECT": null, "CREATED_USER": null, "CREATED_DATE": null, "LAST_EDITED_USER": "SDE", "LAST_EDITED_DATE": "2025-10-16T20:10:22Z", "GLOBALID": "{4FA1293D-06C6-4673-911E-6B53BF068584}" }, "geometry": null },
{ "type": "Feature", "properties": { "OBJECTID": 713, "PROJECTNAME": "250 Massachusetts Avenue", "WARD": "2", "LOCATION": "250 Massachusetts Ave., NW", "DEVELOPER": "Property Group Partners", "PROJECTTYPE": "Office", "TYPE_SQFT": 507764.0, "UNITS": null, "UNIT_TYPE": null, "ESTVALUEINMILLION": 275000000.0, "ESTDELIVERY": "Q4 19", "STATUS": "Under Construction", "LATITUDE": null, "LONGITUDE": null, "REPORT_EDITION_YEAR": "2016-2019", "ARCHITECT": null, "CREATED_USER": null, "CREATED_DATE": null, "LAST_EDITED_USER": "SDE", "LAST_EDITED_DATE": "2025-10-16T20:11:02Z", "GLOBALID": "{BB120850-B63E-4BF6-AD71-1CBAD6376ACD}" }, "geometry": null },
{ "type": "Feature", "properties": { "OBJECTID": 714, "PROJECTNAME": "Sibley Memorial Hospital Tower", "WARD": "3", "LOCATION": "5255 Loughboro Rd., NW", "DEVELOPER": "Sibley Memorial Hospital", "PROJECTTYPE": "Quality of Life", "TYPE_SQFT": 127000.0, "UNITS": null, "UNIT_TYPE": null, "ESTVALUEINMILLION": 35000000.0, "ESTDELIVERY": "Q3 19", "STATUS": "Completed", "LATITUDE": null, "LONGITUDE": null, "REPORT_EDITION_YEAR": "2016-2019", "ARCHITECT": null, "CREATED_USER": null, "CREATED_DATE": null, "LAST_EDITED_USER": "SDE", "LAST_EDITED_DATE": "2025-10-16T20:12:15Z", "GLOBALID": "{1F00D617-BA59-4BB0-B002-C31493C07CCF}" }, "geometry": null },
{ "type": "Feature", "properties": { "OBJECTID": 715, "PROJECTNAME": "Parc Riverside (Phase II)", "WARD": "6", "LOCATION": "1010 Half St., SE", "DEVELOPER": "Toll Brothers", "PROJECTTYPE": "Residential", "TYPE_SQFT": 0.0, "UNITS": 308.0, "UNIT_TYPE": null, "ESTVALUEINMILLION": 103000000.0, "ESTDELIVERY": "Q2 20", "STATUS": "Completed", "LATITUDE": null, "LONGITUDE": null, "REPORT_EDITION_YEAR": "2020-2021", "ARCHITECT": " ", "CREATED_USER": null, "CREATED_DATE": null, "LAST_EDITED_USER": "SDE", "LAST_EDITED_DATE": "2025-10-16T20:12:51Z", "GLOBALID": "{46182673-9F75-4F9A-BE67-552D1A9B5914}" }, "geometry": null },
{ "type": "Feature", "properties": { "OBJECTID": 716, "PROJECTNAME": "Saint Elizabeths East (Parcel 17)", "WARD": "8", "LOCATION": "Saint Elizabeths East Campus", "DEVELOPER": "Redbrick LMD / Gragg Cardona Partners / DMPED", "PROJECTTYPE": "Retail", "TYPE_SQFT": 31000.0, "UNITS": 0.0, "UNIT_TYPE": null, "ESTVALUEINMILLION": 170000000.0, "ESTDELIVERY": "2023", "STATUS": "Pipeline", "LATITUDE": null, "LONGITUDE": null, "REPORT_EDITION_YEAR": "2020-2021", "ARCHITECT": " ", "CREATED_USER": null, "CREATED_DATE": null, "LAST_EDITED_USER": "SDE", "LAST_EDITED_DATE": "2025-10-16T20:13:28Z", "GLOBALID": "{AE39BAB2-5966-442F-9255-D5370914CD12}" }, "geometry": null },
{ "type": "Feature", "properties": { "OBJECTID": 717, "PROJECTNAME": "ART Place at Fort Totten (Phase II)", "WARD": "5", "LOCATION": "5300 South Dakota Ave., NE", "DEVELOPER": "Morris & Gwendolyn Cafritz Foundation", "PROJECTTYPE": "Retail", "TYPE_SQFT": 95000.0, "UNITS": 0.0, "UNIT_TYPE": null, "ESTVALUEINMILLION": 0.0, "ESTDELIVERY": "Q4 22", "STATUS": "Under Construction", "LATITUDE": null, "LONGITUDE": null, "REPORT_EDITION_YEAR": "2020-2021", "ARCHITECT": " ", "CREATED_USER": null, "CREATED_DATE": null, "LAST_EDITED_USER": "SDE", "LAST_EDITED_DATE": "2025-10-16T20:13:28Z", "GLOBALID": "{0B4E556E-1E82-4FD1-AD74-FC81037CB6CD}" }, "geometry": null },
{ "type": "Feature", "properties": { "OBJECTID": 718, "PROJECTNAME": "Bond Bread", "WARD": "1", "LOCATION": "2114 Georgia Ave., NW", "DEVELOPER": "Fivesquares Development / EDENS / Menkiti Group / Howard University", "PROJECTTYPE": "Retail", "TYPE_SQFT": 74000.0, "UNITS": null, "UNIT_TYPE": null, "ESTVALUEINMILLION": 150000000.0, "ESTDELIVERY": null, "STATUS": "Pipeline", "LATITUDE": null, "LONGITUDE": null, "REPORT_EDITION_YEAR": "2016-2019", "ARCHITECT": null, "CREATED_USER": null, "CREATED_DATE": null, "LAST_EDITED_USER": "SDE", "LAST_EDITED_DATE": "2025-10-16T20:13:28Z", "GLOBALID": "{B350E77C-2A93-44A6-84EA-D907EBF555CE}" }, "geometry": null },
{ "type": "Feature", "properties": { "OBJECTID": 719, "PROJECTNAME": "Press House at Union District", "WARD": "6", "LOCATION": "301 N STREET NE", "DEVELOPER": "Foulger-Pratt", "PROJECTTYPE": "Hospitality", "TYPE_SQFT": 80366.0, "UNITS": 175.0, "UNIT_TYPE": null, "ESTVALUEINMILLION": 180000000.0, "ESTDELIVERY": "Q2 21", "STATUS": "Under Construction", "LATITUDE": null, "LONGITUDE": null, "REPORT_EDITION_YEAR": "2016-2019", "ARCHITECT": null, "CREATED_USER": null, "CREATED_DATE": null, "LAST_EDITED_USER": "SDE", "LAST_EDITED_DATE": "2025-10-16T20:10:22Z", "GLOBALID": "{C1F37A38-C49B-4358-9504-E4D713D9C46F}" }, "geometry": null }
]
}
