<?xml version="1.0" encoding="utf-8" ?>
<kml xmlns="http://www.opengis.net/kml/2.2">
<Document id="root_doc">
<Schema name="DCDevelopment" id="DCDevelopment">
	<SimpleField name="OBJECTID" type="int"></SimpleField>
	<SimpleField name="PROJECTNAME" type="string"></SimpleField>
	<SimpleField name="WARD" type="string"></SimpleField>
	<SimpleField name="LOCATION" type="string"></SimpleField>
	<SimpleField name="DEVELOPER" type="string"></SimpleField>
	<SimpleField name="PROJECTTYPE" type="string"></SimpleField>
	<SimpleField name="TYPE_SQFT" type="float"></SimpleField>
	<SimpleField name="UNITS" type="float"></SimpleField>
	<SimpleField name="UNIT_TYPE" type="string"></SimpleField>
	<SimpleField name="ESTVALUEINMILLION" type="float"></SimpleField>
	<SimpleField name="ESTDELIVERY" type="string"></SimpleField>
	<SimpleField name="STATUS" type="string"></SimpleField>
	<SimpleField name="LATITUDE" type="float"></SimpleField>
	<SimpleField name="LONGITUDE" type="float"></SimpleField>
	<SimpleField name="REPORT_EDITION_YEAR" type="string"></SimpleField>
	<SimpleField name="ARCHITECT" type="string"></SimpleField>
	<SimpleField name="CREATED_USER" type="string"></SimpleField>
	<SimpleField name="CREATED_DATE" type="string"></SimpleField>
	<SimpleField name="LAST_EDITED_USER" type="string"></SimpleField>
	<SimpleField name="LAST_EDITED_DATE" type="string"></SimpleField>
	<SimpleField name="GLOBALID" type="string"></SimpleField>
</Schema>
<Folder><name>DCDevelopment</name>
  <Placemark>
	<ExtendedData><SchemaData schemaUrl="#DCDevelopment">
		<SimpleData name="OBJECTID">1</SimpleData>
		<SimpleData name="PROJECTNAME">17xM</SimpleData>
		<SimpleData name="WARD">2</SimpleData>
		<SimpleData name="LOCATION">1700 M St. NW</SimpleData>
		<SimpleData name="DEVELOPER">Skanska</SimpleData>
		<SimpleData name="PROJECTTYPE">Office</SimpleData>
		<SimpleData name="TYPE_SQFT">317000</SimpleData>
		<SimpleData name="ESTVALUEINMILLION">216000000</SimpleData>
		<SimpleData name="ESTDELIVERY">Q2 24</SimpleData>
		<SimpleData name="STATUS">Completed</SimpleData>
		<SimpleData name="LATITUDE">38.905406</SimpleData>
		<SimpleData name="LONGITUDE">-77.038834</SimpleData>
		<SimpleData name="REPORT_EDITION_YEAR">2024-2025</SimpleData>
		<SimpleData name="GLOBALID">{44933299-0483-4621-BE99-09DC4C354795}</SimpleData>
	</SchemaData></ExtendedData>
  </Placemark>
  <Placemark>
	<ExtendedData><SchemaData schemaUrl="#DCDevelopment">
		<SimpleData name="OBJECTID">2</SimpleData>
		<SimpleData name="PROJECTNAME">Reunion Square (Building 4)</SimpleData>
		<SimpleData name="WARD">8</SimpleData>
		<SimpleData name="LOCATION">Shannon Place &amp; W St. SE</SimpleData>
		<SimpleData name="DEVELOPER">Curtis Development / Four Points / Blue Sky Housing</SimpleData>
		<SimpleData name="PROJECTTYPE">Office</SimpleData>
		<SimpleData name="TYPE_SQFT">227000</SimpleData>
		<SimpleData name="ESTVALUEINMILLION">0</SimpleData>
		<SimpleData name="ESTDELIVERY">Q1 24</SimpleData>
		<SimpleData name="STATUS">Completed</SimpleData>
		<SimpleData name="LATITUDE">38.865241</SimpleData>
		<SimpleData name="LONGITUDE">-76.99096</SimpleData>
		<SimpleData name="REPORT_EDITION_YEAR">2024-2025</SimpleData>
		<SimpleData name="GLOBALID">{D532C423-7ADD-49CB-A96E-6794401B8F4B}</SimpleData>
	</SchemaData></ExtendedData>
  </Placemark>
  <Placemark>
	<ExtendedData><SchemaData schemaUrl="#DCDevelopment">
		<SimpleData name="OBJECTID">3</SimpleData>
		<SimpleData name="PROJECTNAME">MLK Gateway II</SimpleData>
		<SimpleData name="WARD">8</SimpleData>
		<SimpleData name="LOCATION">1909 Martin L King Jr Ave. SE</SimpleData>
		<SimpleData name="DEVELOPER">Menkiti Group</SimpleData>
		<SimpleData name="PROJECTTYPE">Office</SimpleData>
		<SimpleData name="TYPE_SQFT">60000</SimpleData>
		<SimpleData name="ESTVALUEINMILLION">70500000</SimpleData>
		<SimpleData name="ESTDELIVERY">Q1 24</SimpleData>
		<SimpleData name="STATUS">Completed</SimpleData>
		<SimpleData name="LATITUDE">38.867224</SimpleData>
		<SimpleData name="LONGITUDE">-76.988901</SimpleData>
		<SimpleData name="REPORT_EDITION_YEAR">2024-2025</SimpleData>
		<SimpleData name="GLOBALID">{EA30A5DA-AA45-4F10-B507-EDBC7ADA25F6}</SimpleData>
	</SchemaData></ExtendedData>
  </Placemark>
  <Placemark>
	<ExtendedData><SchemaData schemaUrl="#DCDevelopment">
		<SimpleData name="OBJECTID">4</SimpleData>
		<SimpleData name="PROJECTNAME">The Oliver</SimpleData>
		<SimpleData name="WARD">1</SimpleData>
		<SimpleData name="LOCATION">2711 - 2719 Georgia Ave. NW</SimpleData>
		<SimpleData name="DEVELOPER">Rock Creek Property Group / Howard University</SimpleData>
		<SimpleData name="PROJECTTYPE">Office</SimpleData>
		<SimpleData name="TYPE_SQFT">41000</SimpleData>
		<SimpleData name="ESTVALUEINMILLION">62000000</SimpleData>
		<SimpleData name="ESTDELIVERY">Q3 24</SimpleData>
		<SimpleData name="STATUS">Completed</SimpleData>
		<SimpleData name="LATITUDE">38.925115</SimpleData>
		<SimpleData name="LONGITUDE">-77.022258</SimpleData>
		<SimpleData name="REPORT_EDITION_YEAR">2024-2025</SimpleData>
		<SimpleData name="GLOBALID">{D08B7329-12F9-40B0-8F4E-E302D04C213F}</SimpleData>
	</SchemaData></ExtendedData>
  </Placemark>
  <Placemark>
	<ExtendedData><SchemaData schemaUrl="#DCDevelopment">
		<SimpleData name="OBJECTID">5</SimpleData>
		<SimpleData name="PROJECTNAME">The Community Partnership for the Prevention of Homelessness</SimpleData>
		<SimpleData name="WARD">4</SimpleData>
		<SimpleData name="LOCATION">14 Kennedy St. NW</SimpleData>
		<SimpleData name="DEVELOPER">The Community Partnership for the Prevention of Homelessness</SimpleData>
		<SimpleData name="PROJECTTYPE">Office</SimpleData>
		<SimpleData name="TYPE_SQFT">20000</SimpleData>
		<SimpleData name="ESTVALUEINMILLION">8000000</SimpleData>
		<SimpleData name="ESTDELIVERY">Q3 24</SimpleData>
		<SimpleData name="STATUS">Completed</SimpleData>
		<SimpleData name="LATITUDE">38.956436</SimpleData>
		<SimpleData name="LONGITUDE">-77.010428</SimpleData>
		<SimpleData name="REPORT_EDITION_YEAR">2024-2025</SimpleData>
		<SimpleData name="GLOBALID">{63C47A40-8B83-4EC3-BE7E-06A3850E0D5F}</SimpleData>
	</SchemaData></ExtendedData>
  </Placemark>
  <Placemark>
	<ExtendedData><SchemaData schemaUrl="#DCDevelopment">
		<SimpleData name="OBJECTID">6</SimpleData>
		<SimpleData name="PROJECTNAME">611 Division Avenue</SimpleData>
		<SimpleData name="WARD">7</SimpleData>
		<SimpleData name="LOCATION">611 Division Ave. NE</SimpleData>
		<SimpleData name="DEVELOPER">The Cox Development Group</SimpleData>
		<SimpleData name="PROJECTTYPE">Office</SimpleData>
		<SimpleData name="TYPE_SQFT">12000</SimpleData>
		<SimpleData name="ESTVALUEINMILLION">0</SimpleData>
		<SimpleData name="ESTDELIVERY">Q2 24</SimpleData>
		<SimpleData name="STATUS">Completed</SimpleData>
		<SimpleData name="LATITUDE">38.897659</SimpleData>
		<SimpleData name="LONGITUDE">-76.925616</SimpleData>
		<SimpleData name="REPORT_EDITION_YEAR">2024-2025</SimpleData>
		<SimpleData name="GLOBALID">{6D07D4E6-6D10-46F7-8CFD-E4E2BB681570}</SimpleData>
	</SchemaData></ExtendedData>
  </Placemark>
  <Placemark>
	<ExtendedData><SchemaData schemaUrl="#DCDevelopment">
		<SimpleData name="OBJECTID">7</SimpleData>
		<SimpleData name="PROJECTNAME">226 Massachusetts Avenue</SimpleData>
		<SimpleData name="WARD">6</SimpleData>
		<SimpleData name="LOCATION">226 Massachusetts Ave. NE</SimpleData>
		<SimpleData name="DEVELOPER">Heritage Foundation</SimpleData>
		<SimpleData name="PROJECTTYPE">Office</SimpleData>
		<SimpleData name="TYPE_SQFT">5500</SimpleData>
		<SimpleData name="ESTVALUEINMILLION">0</SimpleData>
		<SimpleData name="ESTDELIVERY">Q4 24</SimpleData>
		<SimpleData name="STATUS">Completed</SimpleData>
		<SimpleData name="LATITUDE">38.895084</SimpleData>
		<SimpleData name="LONGITUDE">-77.002532</SimpleData>
		<SimpleData name="REPORT_EDITION_YEAR">2024-2025</SimpleData>
		<SimpleData name="GLOBALID">{4CFF2098-7859-4911-AC22-2BE895B801C3}</SimpleData>
	</SchemaData></ExtendedData>
  </Placemark>
  <Placemark>
	<ExtendedData><SchemaData schemaUrl="#DCDevelopment">
		<SimpleData name="OBJECTID">8</SimpleData>
		<SimpleData name="PROJECTNAME">Federal Reserve Renovation &amp; Expansion</SimpleData>
		<SimpleData name="WARD">2</SimpleData>
		<SimpleData name="LOCATION">1951 &amp; 2051 Constitution Avenue NW</SimpleData>
		<SimpleData name="DEVELOPER">The Federal Reserve Board</SimpleData>
		<SimpleData name="PROJECTTYPE">Office</SimpleData>
		<SimpleData name="TYPE_SQFT">826000</SimpleData>
		<SimpleData name="ESTVALUEINMILLION">0</SimpleData>
		<SimpleData name="STATUS">Under Construction</SimpleData>
		<SimpleData name="LATITUDE">38.892855</SimpleData>
		<SimpleData name="LONGITUDE">-77.044194</SimpleData>
		<SimpleData name="REPORT_EDITION_YEAR">2024-2025</SimpleData>
		<SimpleData name="GLOBALID">{77DE8125-C734-4C02-B48C-5C7B591F6381}</SimpleData>
	</SchemaData></ExtendedData>
  </Placemark>
  <Placemark>
	<ExtendedData><SchemaData schemaUrl="#DCDevelopment">
		<SimpleData name="OBJECTID">9</SimpleData>
		<SimpleData name="PROJECTNAME">Cybersecurity &amp; Infrastructure Security Agency HQ</SimpleData>
		<SimpleData name="WARD">8</SimpleData>
		<SimpleData name="LOCATION">2701 Martin Luther King Jr. Ave. SE</SimpleData>
		<SimpleData name="DEVELOPER">General Services Administration</SimpleData>
		<SimpleData name="PROJECTTYPE">Office</SimpleData>
		<SimpleData name="TYPE_SQFT">630000</SimpleData>
		<SimpleData name="ESTVALUEINMILLION">524000000</SimpleData>
		<SimpleData name="ESTDELIVERY">Q1 27</SimpleData>
		<SimpleData name="STATUS">Under Construction</SimpleData>
		<SimpleData name="LATITUDE">38.851981</SimpleData>
		<SimpleData name="LONGITUDE">-77.000374</SimpleData>
		<SimpleData name="REPORT_EDITION_YEAR">2024-2025</SimpleData>
		<SimpleData name="GLOBALID">{CFE67A12-0D6C-4F91-A2D3-D4E43ACD0273}</SimpleData>
	</SchemaData></ExtendedData>
  </Placemark>
  <Placemark>
	<ExtendedData><SchemaData schemaUrl="#DCDevelopment">
		<SimpleData name="OBJECTID">10</SimpleData>
		<SimpleData name="PROJECTNAME">600 5th Street</SimpleData>
		<SimpleData name="WARD">2</SimpleData>
		<SimpleData name="LOCATION">600 5th St. NW</SimpleData>
		<SimpleData name="DEVELOPER">Stonebridge Associates / Rockefeller Group</SimpleData>
		<SimpleData name="PROJECTTYPE">Office</SimpleData>
		<SimpleData name="TYPE_SQFT">415000</SimpleData>
		<SimpleData name="ESTVALUEINMILLION">370000000</SimpleData>
		<SimpleData name="ESTDELIVERY">Q4 25</SimpleData>
		<SimpleData name="STATUS">Under Construction</SimpleData>
		<SimpleData name="LATITUDE">38.897837</SimpleData>
		<SimpleData name="LONGITUDE">-77.019472</SimpleData>
		<SimpleData name="REPORT_EDITION_YEAR">2024-2025</SimpleData>
		<SimpleData name="GLOBALID">{BFD8F3DB-090A-4338-86AD-7462F5160FED}</SimpleData>
	</SchemaData></ExtendedData>
  </Placemark>
  <Placemark>
	<ExtendedData><SchemaData schemaUrl="#DCDevelopment">
		<SimpleData name="OBJECTID">11</SimpleData>
		<SimpleData name="PROJECTNAME">USDA South Building (Wing 7 Modernization)</SimpleData>
		<SimpleData name="WARD">6</SimpleData>
		<SimpleData name="LOCATION">1400 Independence Ave. SW</SimpleData>
		<SimpleData name="DEVELOPER">U.S. Department of Agriculture</SimpleData>
		<SimpleData name="PROJECTTYPE">Office</SimpleData>
		<SimpleData name="TYPE_SQFT">250000</SimpleData>
		<SimpleData name="ESTVALUEINMILLION">114000000</SimpleData>
		<SimpleData name="ESTDELIVERY">Q2 25</SimpleData>
		<SimpleData name="STATUS">Under Construction</SimpleData>
		<SimpleData name="LATITUDE">38.886773</SimpleData>
		<SimpleData name="LONGITUDE">-77.031541</SimpleData>
		<SimpleData name="REPORT_EDITION_YEAR">2024-2025</SimpleData>
		<SimpleData name="GLOBALID">{5425AAAF-9F08-4D02-B5F1-1835EACD59B1}</SimpleData>
	</SchemaData></ExtendedData>
  </Placemark>
  <Placemark>
	<ExtendedData><SchemaData schemaUrl="#DCDevelopment">
		<SimpleData name="OBJECTID">12</SimpleData>
		<SimpleData name="PROJECTNAME">AIA Headquarters Modernization</SimpleData>
		<SimpleData name="WARD">2</SimpleData>
		<SimpleData name="LOCATION">1735 New York Ave. NW</SimpleData>
		<SimpleData name="DEVELOPER">American Institute of Architects</SimpleData>
		<SimpleData name="PROJECTTYPE">Office</SimpleData>
		<SimpleData name="TYPE_SQFT">180000</SimpleData>
		<SimpleData name="ESTVALUEINMILLION">60000000</SimpleData>
		<SimpleData name="ESTDELIVERY">Q2 25</SimpleData>
		<SimpleData name="STATUS">Under Construction</SimpleData>
		<SimpleData name="LATITUDE">38.896541</SimpleData>
		<SimpleData name="LONGITUDE">-77.040894</SimpleData>
		<SimpleData name="REPORT_EDITION_YEAR">2024-2025</SimpleData>
		<SimpleData name="GLOBALID">{436F8D2B-BC54-497A-ACE3-574C6451D365}</SimpleData>
	</SchemaData></ExtendedData>
  </Placemark>
  <Placemark>
	<ExtendedData><SchemaData schemaUrl="#DCDevelopment">
		<SimpleData name="OBJECTID">13</SimpleData>
		<SimpleData name="PROJECTNAME">Cannon House Office Building Renewal (Ph IV)</SimpleData>
		<SimpleData name="WARD">6</SimpleData>
		<SimpleData name="LOCATION">27 Independence Ave. SE</SimpleData>
		<SimpleData name="DEVELOPER">Architect of the Capitol</SimpleData>
		<SimpleData name="PROJECTTYPE">Office</SimpleData>
		<SimpleData name="TYPE_SQFT">170000</SimpleData>
		<SimpleData name="ESTVALUEINMILLION">188000000</SimpleData>
		<SimpleData name="ESTDELIVERY">Q4 25</SimpleData>
		<SimpleData name="STATUS">Under Construction</SimpleData>
		<SimpleData name="LATITUDE">38.886239</SimpleData>
		<SimpleData name="LONGITUDE">-77.006633</SimpleData>
		<SimpleData name="REPORT_EDITION_YEAR">2024-2025</SimpleData>
		<SimpleData name="GLOBALID">{6E569E19-0E5A-4540-BFE5-3652423FF6C0}</SimpleData>
	</SchemaData></ExtendedData>
  </Placemark>
  <Placemark>
	<ExtendedData><SchemaData schemaUrl="#DCDevelopment">
		<SimpleData name="OBJECTID">14</SimpleData>
		<SimpleData name="PROJECTNAME">The Milken Center for Advancing the American Dream</SimpleData>
		<SimpleData name="WARD">2</SimpleData>
		<SimpleData name="LOCATION">1501 - 1505 Pennsylvania Ave. NW &amp; 730 15th St. NW</SimpleData>
		<SimpleData name="DEVELOPER">Milken Family Foundation / Akridge</SimpleData>
		<SimpleData name="PROJECTTYPE">Office</SimpleData>
		<SimpleData name="TYPE_SQFT">132000</SimpleData>
		<SimpleData name="ESTVALUEINMILLION">0</SimpleData>
		<SimpleData name="ESTDELIVERY">Q3 25</SimpleData>
		<SimpleData name="STATUS">Under Construction</SimpleData>
		<SimpleData name="LATITUDE">38.899124</SimpleData>
		<SimpleData name="LONGITUDE">-77.033909</SimpleData>
		<SimpleData name="REPORT_EDITION_YEAR">2024-2025</SimpleData>
		<SimpleData name="GLOBALID">{5D53E04E-DBF9-4530-8093-B97335F4C20C}</SimpleData>
	</SchemaData></ExtendedData>
  </Placemark>
  <Placemark>
	<ExtendedData><SchemaData schemaUrl="#DCDevelopment">
		<SimpleData name="OBJECTID">15</SimpleData>
		<SimpleData name="PROJECTNAME">Carl F. West Estates</SimpleData>
		<SimpleData name="WARD">1</SimpleData>
		<SimpleData name="LOCATION">1370 Harvard St. NW</SimpleData>
		<SimpleData name="DEVELOPER">DMA Companies / National Caucus &amp; Center on Black Aging</SimpleData>
		<SimpleData name="PROJECTTYPE">Office</SimpleData>
		<SimpleData name="TYPE_SQFT">10000</SimpleData>
		<SimpleData name="ESTVALUEINMILLION">134000000</SimpleData>
		<SimpleData name="ESTDELIVERY">Q1 26</SimpleData>
		<SimpleData name="STATUS">Under Construction</SimpleData>
		<SimpleData name="LATITUDE">38.926488</SimpleData>
		<SimpleData name="LONGITUDE">-77.031429</SimpleData>
		<SimpleData name="REPORT_EDITION_YEAR">2024-2025</SimpleData>
		<SimpleData name="GLOBALID">{FC585D0B-DA3E-40FA-A18C-03CE73767825}</SimpleData>
	</SchemaData></ExtendedData>
  </Placemark>
  <Placemark>
	<ExtendedData><SchemaData schemaUrl="#DCDevelopment">
		<SimpleData name="OBJECTID">16</SimpleData>
		<SimpleData name="PROJECTNAME">EucKal - 1724 Kalorama Road</SimpleData>
		<SimpleData name="WARD">1</SimpleData>
		<SimpleData name="LOCATION">1724 Kalorama Rd. NW</SimpleData>
		<SimpleData name="DEVELOPER">Jubilee Housing</SimpleData>
		<SimpleData name="PROJECTTYPE">Office</SimpleData>
		<SimpleData name="TYPE_SQFT">7500</SimpleData>
		<SimpleData name="ESTVALUEINMILLION">16000000</SimpleData>
		<SimpleData name="ESTDELIVERY">Q2 25</SimpleData>
		<SimpleData name="STATUS">Under Construction</SimpleData>
		<SimpleData name="LATITUDE">38.920794</SimpleData>
		<SimpleData name="LONGITUDE">-77.039455</SimpleData>
		<SimpleData name="REPORT_EDITION_YEAR">2024-2025</SimpleData>
		<SimpleData name="GLOBALID">{4D525E73-018A-4C66-8D40-ABE96FA4C7B7}</SimpleData>
	</SchemaData></ExtendedData>
  </Placemark>
  <Placemark>
	<ExtendedData><SchemaData schemaUrl="#DCDevelopment">
		<SimpleData name="OBJECTID">17</SimpleData>
		<SimpleData name="PROJECTNAME">900 New York Avenue</SimpleData>
		<SimpleData name="WARD">2</SimpleData>
		<SimpleData name="LOCATION">900 New York Ave. NW</SimpleData>
		<SimpleData name="DEVELOPER">Gould Property Company / Oxford Properties Group</SimpleData>
		<SimpleData name="PROJECTTYPE">Office</SimpleData>
		<SimpleData name="TYPE_SQFT">575000</SimpleData>
		<SimpleData name="ESTVALUEINMILLION">0</SimpleData>
		<SimpleData name="STATUS">Pipeline</SimpleData>
		<SimpleData name="LATITUDE">38.901517</SimpleData>
		<SimpleData name="LONGITUDE">-77.024405</SimpleData>
		<SimpleData name="REPORT_EDITION_YEAR">2024-2025</SimpleData>
		<SimpleData name="GLOBALID">{A7EDFF3F-9FF1-496E-B367-C6AFD707A899}</SimpleData>
	</SchemaData></ExtendedData>
  </Placemark>
  <Placemark>
	<ExtendedData><SchemaData schemaUrl="#DCDevelopment">
		<SimpleData name="OBJECTID">18</SimpleData>
		<SimpleData name="PROJECTNAME">Navy Yard - Parcel O</SimpleData>
		<SimpleData name="WARD">6</SimpleData>
		<SimpleData name="LOCATION">1000 O St. SE</SimpleData>
		<SimpleData name="DEVELOPER">Redbrick LMD</SimpleData>
		<SimpleData name="PROJECTTYPE">Office</SimpleData>
		<SimpleData name="TYPE_SQFT">400000</SimpleData>
		<SimpleData name="ESTVALUEINMILLION">0</SimpleData>
		<SimpleData name="ESTDELIVERY">2029</SimpleData>
		<SimpleData name="STATUS">Pipeline</SimpleData>
		<SimpleData name="LATITUDE">38.872238</SimpleData>
		<SimpleData name="LONGITUDE">-76.993226</SimpleData>
		<SimpleData name="REPORT_EDITION_YEAR">2024-2025</SimpleData>
		<SimpleData name="GLOBALID">{8B685BE0-3487-44D0-9CBA-40720FA42F08}</SimpleData>
	</SchemaData></ExtendedData>
  </Placemark>
  <Placemark>
	<ExtendedData><SchemaData schemaUrl="#DCDevelopment">
		<SimpleData name="OBJECTID">19</SimpleData>
		<SimpleData name="PROJECTNAME">Reunion Square (Building 2)</SimpleData>
		<SimpleData name="WARD">8</SimpleData>
		<SimpleData name="LOCATION">Martin Luther King Jr. Ave. W St. &amp; Shannon Place SE</SimpleData>
		<SimpleData name="DEVELOPER">Four Points / Curtis Development</SimpleData>
		<SimpleData name="PROJECTTYPE">Office</SimpleData>
		<SimpleData name="TYPE_SQFT">400000</SimpleData>
		<SimpleData name="ESTVALUEINMILLION">0</SimpleData>
		<SimpleData name="STATUS">Pipeline</SimpleData>
		<SimpleData name="LATITUDE">38.864754</SimpleData>
		<SimpleData name="LONGITUDE">-76.990112</SimpleData>
		<SimpleData name="REPORT_EDITION_YEAR">2024-2025</SimpleData>
		<SimpleData name="GLOBALID">{469EFE48-9F26-464F-AB6B-54CF1BC032A6}</SimpleData>
	</SchemaData></ExtendedData>
  </Placemark>
  <Placemark>
	<ExtendedData><SchemaData schemaUrl="#DCDevelopment">
		<SimpleData name="OBJECTID">20</SimpleData>
		<SimpleData name="PROJECTNAME">725 12th Street</SimpleData>
		<SimpleData name="WARD">2</SimpleData>
		<SimpleData name="LOCATION">725 12th St. NW</SimpleData>
		<SimpleData name="DEVELOPER">BXP</SimpleData>
		<SimpleData name="PROJECTTYPE">Office</SimpleData>
		<SimpleData name="TYPE_SQFT">306000</SimpleData>
		<SimpleData name="ESTVALUEINMILLION">0</SimpleData>
		<SimpleData name="ESTDELIVERY">2028</SimpleData>
		<SimpleData name="STATUS">Pipeline</SimpleData>
		<SimpleData name="LATITUDE">38.898741</SimpleData>
		<SimpleData name="LONGITUDE">-77.02732</SimpleData>
		<SimpleData name="REPORT_EDITION_YEAR">2024-2025</SimpleData>
		<SimpleData name="GLOBALID">{6F3AA378-FCB2-4D15-9979-8FD582C3A1BB}</SimpleData>
	</SchemaData></ExtendedData>
  </Placemark>
  <Placemark>
	<ExtendedData><SchemaData schemaUrl="#DCDevelopment">
		<SimpleData name="OBJECTID">21</SimpleData>
		<SimpleData name="PROJECTNAME">The Bridge District (Phase V)</SimpleData>
		<SimpleData name="WARD">8</SimpleData>
		<SimpleData name="LOCATION">Howard Rd. SE</SimpleData>
		<SimpleData name="DEVELOPER">Redbrick LMD</SimpleData>
		<SimpleData name="PROJECTTYPE">Office</SimpleData>
		<SimpleData name="TYPE_SQFT">250000</SimpleData>
		<SimpleData name="ESTVALUEINMILLION">0</SimpleData>
		<SimpleData name="STATUS">Pipeline</SimpleData>
		<SimpleData name="LATITUDE">38.864545</SimpleData>
		<SimpleData name="LONGITUDE">-76.997911</SimpleData>
		<SimpleData name="REPORT_EDITION_YEAR">2024-2025</SimpleData>
		<SimpleData name="GLOBALID">{BEE6FE83-8C28-4C9A-874A-4AD9DD5C8F0E}</SimpleData>
	</SchemaData></ExtendedData>
  </Placemark>
  <Placemark>
	<ExtendedData><SchemaData schemaUrl="#DCDevelopment">
		<SimpleData name="OBJECTID">22</SimpleData>
		<SimpleData name="PROJECTNAME">Saint Elizabeths East (Parcel 17 - Bldg 2)</SimpleData>
		<SimpleData name="WARD">8</SimpleData>
		<SimpleData name="LOCATION">Saint Elizabeths East Campus</SimpleData>
		<SimpleData name="DEVELOPER">Redbrick LMD / Gragg Cardona Partners / DMPED</SimpleData>
		<SimpleData name="PROJECTTYPE">Office</SimpleData>
		<SimpleData name="TYPE_SQFT">154000</SimpleData>
		<SimpleData name="ESTVALUEINMILLION">0</SimpleData>
		<SimpleData name="STATUS">Pipeline</SimpleData>
		<SimpleData name="LATITUDE">38.845248</SimpleData>
		<SimpleData name="LONGITUDE">-76.988885</SimpleData>
		<SimpleData name="REPORT_EDITION_YEAR">2024-2025</SimpleData>
		<SimpleData name="GLOBALID">{AAE49B13-FEF4-4922-A3EA-861D66C70C41}</SimpleData>
	</SchemaData></ExtendedData>
  </Placemark>
  <Placemark>
	<ExtendedData><SchemaData schemaUrl="#DCDevelopment">
		<SimpleData name="OBJECTID">23</SimpleData>
		<SimpleData name="PROJECTNAME">525 Rhode Island Avenue</SimpleData>
		<SimpleData name="WARD">5</SimpleData>
		<SimpleData name="LOCATION">525 Rhode Island Ave. NE</SimpleData>
		<SimpleData name="DEVELOPER">The Wilkes Company</SimpleData>
		<SimpleData name="PROJECTTYPE">Office</SimpleData>
		<SimpleData name="TYPE_SQFT">130000</SimpleData>
		<SimpleData name="ESTVALUEINMILLION">57000000</SimpleData>
		<SimpleData name="STATUS">Pipeline</SimpleData>
		<SimpleData name="LATITUDE">38.920286</SimpleData>
		<SimpleData name="LONGITUDE">-76.998079</SimpleData>
		<SimpleData name="REPORT_EDITION_YEAR">2024-2025</SimpleData>
		<SimpleData name="GLOBALID">{DF9EAE6E-1E77-4BE6-A196-67F6EA25E422}</SimpleData>
	</SchemaData></ExtendedData>
  </Placemark>
  <Placemark>
	<ExtendedData><SchemaData schemaUrl="#DCDevelopment">
		<SimpleData name="OBJECTID">24</SimpleData>
		<SimpleData name="PROJECTNAME">Saint Elizabeths East (Parcel 7)</SimpleData>
		<SimpleData name="WARD">8</SimpleData>
		<SimpleData name="LOCATION">Saint Elizabeths East Campus</SimpleData>
		<SimpleData name="DEVELOPER">St. Elizabeths Legacy Partners / Menkiti Group / DMPED</SimpleData>
		<SimpleData name="PROJECTTYPE">Office</SimpleData>
		<SimpleData name="TYPE_SQFT">124300</SimpleData>
		<SimpleData name="ESTVALUEINMILLION">0</SimpleData>
		<SimpleData name="STATUS">Pipeline</SimpleData>
		<SimpleData name="LATITUDE">38.846047</SimpleData>
		<SimpleData name="LONGITUDE">-76.995065</SimpleData>
		<SimpleData name="REPORT_EDITION_YEAR">2024-2025</SimpleData>
		<SimpleData name="GLOBALID">{8E020864-EDB5-4D0C-8D55-FD92248679C9}</SimpleData>
	</SchemaData></ExtendedData>
  </Placemark>
  <Placemark>
	<ExtendedData><SchemaData schemaUrl="#DCDevelopment">
		<SimpleData name="OBJECTID">25</SimpleData>
		<SimpleData name="PROJECTNAME">2000 14th Street</SimpleData>
		<SimpleData name="WARD">1</SimpleData>
		<SimpleData name="LOCATION">2000 14th St. NW</SimpleData>
		<SimpleData name="DEVELOPER">Reeves CMC Venture (Capri Investment Group / MRP Realty / CSG Urban Partners) / DMPED</SimpleData>
		<SimpleData name="PROJECTTYPE">Office</SimpleData>
		<SimpleData name="TYPE_SQFT">108000</SimpleData>
		<SimpleData name="ESTVALUEINMILLION">300000000</SimpleData>
		<SimpleData name="ESTDELIVERY">2030</SimpleData>
		<SimpleData name="STATUS">Pipeline</SimpleData>
		<SimpleData name="LATITUDE">38.917444</SimpleData>
		<SimpleData name="LONGITUDE">-77.032404</SimpleData>
		<SimpleData name="REPORT_EDITION_YEAR">2024-2025</SimpleData>
		<SimpleData name="GLOBALID">{55C213CE-0EC7-45A7-9C4B-E8FF7D750891}</SimpleData>
	</SchemaData></ExtendedData>
  </Placemark>
  <Placemark>
	<ExtendedData><SchemaData schemaUrl="#DCDevelopment">
		<SimpleData name="OBJECTID">26</SimpleData>
		<SimpleData name="PROJECTNAME">2828 Tenth Street</SimpleData>
		<SimpleData name="WARD">5</SimpleData>
		<SimpleData name="LOCATION">2828 Tenth St. NE</SimpleData>
		<SimpleData name="DEVELOPER">The Wilkes Company</SimpleData>
		<SimpleData name="PROJECTTYPE">Office</SimpleData>
		<SimpleData name="TYPE_SQFT">100000</SimpleData>
		<SimpleData name="ESTVALUEINMILLION">42000000</SimpleData>
		<SimpleData name="STATUS">Pipeline</SimpleData>
		<SimpleData name="LATITUDE">38.926199</SimpleData>
		<SimpleData name="LONGITUDE">-76.992687</SimpleData>
		<SimpleData name="REPORT_EDITION_YEAR">2024-2025</SimpleData>
		<SimpleData name="GLOBALID">{27867C4B-3298-4E93-90ED-D5FFCA860096}</SimpleData>
	</SchemaData></ExtendedData>
  </Placemark>
  <Placemark>
	<ExtendedData><SchemaData schemaUrl="#DCDevelopment">
		<SimpleData name="OBJECTID">27</SimpleData>
		<SimpleData name="PROJECTNAME">Upton Place on Wisconsin</SimpleData>
		<SimpleData name="WARD">3</SimpleData>
		<SimpleData name="LOCATION">4000 Wisconsin Ave. NW &amp; 3990 Upton St. NW</SimpleData>
		<SimpleData name="DEVELOPER">Donohoe Development / AIMCO</SimpleData>
		<SimpleData name="PROJECTTYPE">Retail</SimpleData>
		<SimpleData name="TYPE_SQFT">110400</SimpleData>
		<SimpleData name="ESTVALUEINMILLION">290000000</SimpleData>
		<SimpleData name="ESTDELIVERY">Q1 24</SimpleData>
		<SimpleData name="STATUS">Completed</SimpleData>
		<SimpleData name="LATITUDE">38.94169</SimpleData>
		<SimpleData name="LONGITUDE">-77.076897</SimpleData>
		<SimpleData name="REPORT_EDITION_YEAR">2024-2025</SimpleData>
		<SimpleData name="GLOBALID">{CC03825F-61DE-4419-8491-57F920FC8813}</SimpleData>
	</SchemaData></ExtendedData>
  </Placemark>
  <Placemark>
	<ExtendedData><SchemaData schemaUrl="#DCDevelopment">
		<SimpleData name="OBJECTID">28</SimpleData>
		<SimpleData name="PROJECTNAME">Vermeer</SimpleData>
		<SimpleData name="WARD">6</SimpleData>
		<SimpleData name="LOCATION">113 Potomac Ave. SW</SimpleData>
		<SimpleData name="DEVELOPER">Toll Brothers</SimpleData>
		<SimpleData name="PROJECTTYPE">Retail</SimpleData>
		<SimpleData name="TYPE_SQFT">37000</SimpleData>
		<SimpleData name="ESTVALUEINMILLION">259000000</SimpleData>
		<SimpleData name="ESTDELIVERY">Q4 24</SimpleData>
		<SimpleData name="STATUS">Completed</SimpleData>
		<SimpleData name="LATITUDE">38.870201</SimpleData>
		<SimpleData name="LONGITUDE">-77.011838</SimpleData>
		<SimpleData name="REPORT_EDITION_YEAR">2024-2025</SimpleData>
		<SimpleData name="GLOBALID">{A43044AD-AE84-40AB-92AA-B9952299C28C}</SimpleData>
	</SchemaData></ExtendedData>
  </Placemark>
  <Placemark>
	<ExtendedData><SchemaData schemaUrl="#DCDevelopment">
		<SimpleData name="OBJECTID">29</SimpleData>
		<SimpleData name="PROJECTNAME">ART Place at Fort Totten (Aldi)</SimpleData>
		<SimpleData name="WARD">5</SimpleData>
		<SimpleData name="LOCATION">5300 South Dakota Ave. NE</SimpleData>
		<SimpleData name="DEVELOPER">Morris &amp; Gwendolyn Cafritz Foundation</SimpleData>
		<SimpleData name="PROJECTTYPE">Retail</SimpleData>
		<SimpleData name="TYPE_SQFT">24000</SimpleData>
		<SimpleData name="ESTVALUEINMILLION">0</SimpleData>
		<SimpleData name="ESTDELIVERY">Q4 24</SimpleData>
		<SimpleData name="STATUS">Completed</SimpleData>
		<SimpleData name="LATITUDE">38.954829</SimpleData>
		<SimpleData name="LONGITUDE">-77.00012</SimpleData>
		<SimpleData name="REPORT_EDITION_YEAR">2024-2025</SimpleData>
		<SimpleData name="GLOBALID">{AAFE4C91-6C4B-42C9-A731-C9D8BC85FA95}</SimpleData>
	</SchemaData></ExtendedData>
  </Placemark>
  <Placemark>
	<ExtendedData><SchemaData schemaUrl="#DCDevelopment">
		<SimpleData name="OBJECTID">30</SimpleData>
		<SimpleData name="PROJECTNAME">The Westerly</SimpleData>
		<SimpleData name="WARD">6</SimpleData>
		<SimpleData name="LOCATION">350 Maple Drive SW</SimpleData>
		<SimpleData name="DEVELOPER">Hoffman &amp; Associates / Paramount Development Corp. / Affordable Housing Developers / CityPartners / DMPED</SimpleData>
		<SimpleData name="PROJECTTYPE">Retail</SimpleData>
		<SimpleData name="TYPE_SQFT">20000</SimpleData>
		<SimpleData name="ESTVALUEINMILLION">179000000</SimpleData>
		<SimpleData name="ESTDELIVERY">Q1 24</SimpleData>
		<SimpleData name="STATUS">Completed</SimpleData>
		<SimpleData name="LATITUDE">38.878393</SimpleData>
		<SimpleData name="LONGITUDE">-77.017095</SimpleData>
		<SimpleData name="REPORT_EDITION_YEAR">2024-2025</SimpleData>
		<SimpleData name="GLOBALID">{129FA95D-4C5B-44E8-8A9C-3F65E18DE5D8}</SimpleData>
	</SchemaData></ExtendedData>
  </Placemark>
  <Placemark>
	<ExtendedData><SchemaData schemaUrl="#DCDevelopment">
		<SimpleData name="OBJECTID">31</SimpleData>
		<SimpleData name="PROJECTNAME">The Clara on Martin Luther King Jr. Ave</SimpleData>
		<SimpleData name="WARD">8</SimpleData>
		<SimpleData name="LOCATION">2323 Martin Luther King Jr. Ave. SE</SimpleData>
		<SimpleData name="DEVELOPER">Banneker Ventures / Masjid Muhammad</SimpleData>
		<SimpleData name="PROJECTTYPE">Retail</SimpleData>
		<SimpleData name="TYPE_SQFT">14000</SimpleData>
		<SimpleData name="ESTVALUEINMILLION">43000000</SimpleData>
		<SimpleData name="ESTDELIVERY">Q3 24</SimpleData>
		<SimpleData name="STATUS">Completed</SimpleData>
		<SimpleData name="LATITUDE">38.86324</SimpleData>
		<SimpleData name="LONGITUDE">-76.991883</SimpleData>
		<SimpleData name="REPORT_EDITION_YEAR">2024-2025</SimpleData>
		<SimpleData name="GLOBALID">{40712068-BEF7-4918-AAD2-62F2DF20F1F5}</SimpleData>
	</SchemaData></ExtendedData>
  </Placemark>
  <Placemark>
	<ExtendedData><SchemaData schemaUrl="#DCDevelopment">
		<SimpleData name="OBJECTID">32</SimpleData>
		<SimpleData name="PROJECTNAME">17xM</SimpleData>
		<SimpleData name="WARD">2</SimpleData>
		<SimpleData name="LOCATION">1700 M St. NW</SimpleData>
		<SimpleData name="DEVELOPER">Skanska</SimpleData>
		<SimpleData name="PROJECTTYPE">Retail</SimpleData>
		<SimpleData name="TYPE_SQFT">13000</SimpleData>
		<SimpleData name="ESTVALUEINMILLION">216000000</SimpleData>
		<SimpleData name="ESTDELIVERY">Q2 24</SimpleData>
		<SimpleData name="STATUS">Completed</SimpleData>
		<SimpleData name="LATITUDE">38.905406</SimpleData>
		<SimpleData name="LONGITUDE">-77.038834</SimpleData>
		<SimpleData name="REPORT_EDITION_YEAR">2024-2025</SimpleData>
		<SimpleData name="GLOBALID">{9983030B-4B30-4FD1-A472-08C148DB3355}</SimpleData>
	</SchemaData></ExtendedData>
  </Placemark>
  <Placemark>
	<ExtendedData><SchemaData schemaUrl="#DCDevelopment">
		<SimpleData name="OBJECTID">33</SimpleData>
		<SimpleData name="PROJECTNAME">The Arbor at Takoma</SimpleData>
		<SimpleData name="WARD">4</SimpleData>
		<SimpleData name="LOCATION">218 Cedar St. NW</SimpleData>
		<SimpleData name="DEVELOPER">Neighborhood Development Company</SimpleData>
		<SimpleData name="PROJECTTYPE">Retail</SimpleData>
		<SimpleData name="TYPE_SQFT">8400</SimpleData>
		<SimpleData name="ESTVALUEINMILLION">22000000</SimpleData>
		<SimpleData name="ESTDELIVERY">Q3 24</SimpleData>
		<SimpleData name="STATUS">Completed</SimpleData>
		<SimpleData name="LATITUDE">38.975293</SimpleData>
		<SimpleData name="LONGITUDE">-77.015943</SimpleData>
		<SimpleData name="REPORT_EDITION_YEAR">2024-2025</SimpleData>
		<SimpleData name="GLOBALID">{99660FD0-C975-4620-AFE0-D3CA49F52CFC}</SimpleData>
	</SchemaData></ExtendedData>
  </Placemark>
  <Placemark>
	<ExtendedData><SchemaData schemaUrl="#DCDevelopment">
		<SimpleData name="OBJECTID">34</SimpleData>
		<SimpleData name="PROJECTNAME">MLK Gateway II</SimpleData>
		<SimpleData name="WARD">8</SimpleData>
		<SimpleData name="LOCATION">1909 Martin L King Jr Ave. SE</SimpleData>
		<SimpleData name="DEVELOPER">Menkiti Group</SimpleData>
		<SimpleData name="PROJECTTYPE">Retail</SimpleData>
		<SimpleData name="TYPE_SQFT">8000</SimpleData>
		<SimpleData name="ESTVALUEINMILLION">70500000</SimpleData>
		<SimpleData name="ESTDELIVERY">Q1 24</SimpleData>
		<SimpleData name="STATUS">Completed</SimpleData>
		<SimpleData name="LATITUDE">38.867224</SimpleData>
		<SimpleData name="LONGITUDE">-76.988901</SimpleData>
		<SimpleData name="REPORT_EDITION_YEAR">2024-2025</SimpleData>
		<SimpleData name="GLOBALID">{C0B59324-E49E-4C24-939A-76DC74E30C99}</SimpleData>
	</SchemaData></ExtendedData>
  </Placemark>
  <Placemark>
	<ExtendedData><SchemaData schemaUrl="#DCDevelopment">
		<SimpleData name="OBJECTID">35</SimpleData>
		<SimpleData name="PROJECTNAME">Elle Apartments</SimpleData>
		<SimpleData name="WARD">2</SimpleData>
		<SimpleData name="LOCATION">1111 20th St. NW</SimpleData>
		<SimpleData name="DEVELOPER">WILLCO Companies</SimpleData>
		<SimpleData name="PROJECTTYPE">Retail</SimpleData>
		<SimpleData name="TYPE_SQFT">8000</SimpleData>
		<SimpleData name="ESTVALUEINMILLION">40000000</SimpleData>
		<SimpleData name="ESTDELIVERY">Q2 24</SimpleData>
		<SimpleData name="STATUS">Completed</SimpleData>
		<SimpleData name="LATITUDE">38.904084</SimpleData>
		<SimpleData name="LONGITUDE">-77.044497</SimpleData>
		<SimpleData name="REPORT_EDITION_YEAR">2024-2025</SimpleData>
		<SimpleData name="GLOBALID">{34DC41FC-3753-496B-9F08-CF32DEEAE8DC}</SimpleData>
	</SchemaData></ExtendedData>
  </Placemark>
  <Placemark>
	<ExtendedData><SchemaData schemaUrl="#DCDevelopment">
		<SimpleData name="OBJECTID">36</SimpleData>
		<SimpleData name="PROJECTNAME">OZMA</SimpleData>
		<SimpleData name="WARD">6</SimpleData>
		<SimpleData name="LOCATION">44 M St. NE</SimpleData>
		<SimpleData name="DEVELOPER">Skanska</SimpleData>
		<SimpleData name="PROJECTTYPE">Retail</SimpleData>
		<SimpleData name="TYPE_SQFT">7700</SimpleData>
		<SimpleData name="ESTVALUEINMILLION">128000000</SimpleData>
		<SimpleData name="ESTDELIVERY">Q3 24</SimpleData>
		<SimpleData name="STATUS">Completed</SimpleData>
		<SimpleData name="LATITUDE">38.906078</SimpleData>
		<SimpleData name="LONGITUDE">-77.006823</SimpleData>
		<SimpleData name="REPORT_EDITION_YEAR">2024-2025</SimpleData>
		<SimpleData name="GLOBALID">{95CE2B4B-1D3D-4724-AD4A-9B5909A58A90}</SimpleData>
	</SchemaData></ExtendedData>
  </Placemark>
  <Placemark>
	<ExtendedData><SchemaData schemaUrl="#DCDevelopment">
		<SimpleData name="OBJECTID">37</SimpleData>
		<SimpleData name="PROJECTNAME">Residences at Mazza</SimpleData>
		<SimpleData name="WARD">3</SimpleData>
		<SimpleData name="LOCATION">5300 Wisconsin Ave. NW</SimpleData>
		<SimpleData name="DEVELOPER">Tishman Speyer</SimpleData>
		<SimpleData name="PROJECTTYPE">Retail</SimpleData>
		<SimpleData name="TYPE_SQFT">90000</SimpleData>
		<SimpleData name="ESTVALUEINMILLION">150000000</SimpleData>
		<SimpleData name="ESTDELIVERY">Q2 25</SimpleData>
		<SimpleData name="STATUS">Under Construction</SimpleData>
		<SimpleData name="LATITUDE">38.959718</SimpleData>
		<SimpleData name="LONGITUDE">-77.085767</SimpleData>
		<SimpleData name="REPORT_EDITION_YEAR">2024-2025</SimpleData>
		<SimpleData name="GLOBALID">{2E6B3052-4A53-40FC-AECF-F334C2F271A9}</SimpleData>
	</SchemaData></ExtendedData>
  </Placemark>
  <Placemark>
	<ExtendedData><SchemaData schemaUrl="#DCDevelopment">
		<SimpleData name="OBJECTID">38</SimpleData>
		<SimpleData name="PROJECTNAME">Reservoir District</SimpleData>
		<SimpleData name="WARD">5</SimpleData>
		<SimpleData name="LOCATION">North Capitol St. &amp; Michigan Ave. NW</SimpleData>
		<SimpleData name="DEVELOPER">Vision McMillan Partners (Jair Lynch Real Estate Partners / Trammell Crow Company)</SimpleData>
		<SimpleData name="PROJECTTYPE">Retail</SimpleData>
		<SimpleData name="TYPE_SQFT">80000</SimpleData>
		<SimpleData name="ESTVALUEINMILLION">720000000</SimpleData>
		<SimpleData name="ESTDELIVERY">2029</SimpleData>
		<SimpleData name="STATUS">Under Construction</SimpleData>
		<SimpleData name="LATITUDE">38.923912</SimpleData>
		<SimpleData name="LONGITUDE">-77.010582</SimpleData>
		<SimpleData name="REPORT_EDITION_YEAR">2024-2025</SimpleData>
		<SimpleData name="GLOBALID">{121BC09C-EE44-4E30-9B50-69391242EE3F}</SimpleData>
	</SchemaData></ExtendedData>
  </Placemark>
  <Placemark>
	<ExtendedData><SchemaData schemaUrl="#DCDevelopment">
		<SimpleData name="OBJECTID">39</SimpleData>
		<SimpleData name="PROJECTNAME">The Bridge District (Phase I)</SimpleData>
		<SimpleData name="WARD">8</SimpleData>
		<SimpleData name="LOCATION">632 Howard Rd. SE</SimpleData>
		<SimpleData name="DEVELOPER">Redbrick LMD</SimpleData>
		<SimpleData name="PROJECTTYPE">Retail</SimpleData>
		<SimpleData name="TYPE_SQFT">45000</SimpleData>
		<SimpleData name="ESTVALUEINMILLION">350000000</SimpleData>
		<SimpleData name="ESTDELIVERY">Q1 25</SimpleData>
		<SimpleData name="STATUS">Under Construction</SimpleData>
		<SimpleData name="LATITUDE">38.86513</SimpleData>
		<SimpleData name="LONGITUDE">-77.000747</SimpleData>
		<SimpleData name="REPORT_EDITION_YEAR">2024-2025</SimpleData>
		<SimpleData name="GLOBALID">{7D086F47-88EF-4C23-87DE-E5A0E3B45282}</SimpleData>
	</SchemaData></ExtendedData>
  </Placemark>
  <Placemark>
	<ExtendedData><SchemaData schemaUrl="#DCDevelopment">
		<SimpleData name="OBJECTID">40</SimpleData>
		<SimpleData name="PROJECTNAME">The Stacks (Phase I)</SimpleData>
		<SimpleData name="WARD">6</SimpleData>
		<SimpleData name="LOCATION">101 V St. SW</SimpleData>
		<SimpleData name="DEVELOPER">Akridge / National Real Estate Development</SimpleData>
		<SimpleData name="PROJECTTYPE">Retail</SimpleData>
		<SimpleData name="TYPE_SQFT">40000</SimpleData>
		<SimpleData name="ESTVALUEINMILLION">650000000</SimpleData>
		<SimpleData name="ESTDELIVERY">Q1 25</SimpleData>
		<SimpleData name="STATUS">Under Construction</SimpleData>
		<SimpleData name="LATITUDE">38.864802</SimpleData>
		<SimpleData name="LONGITUDE">-77.012899</SimpleData>
		<SimpleData name="REPORT_EDITION_YEAR">2024-2025</SimpleData>
		<SimpleData name="GLOBALID">{0BCB9BB7-3927-4DC5-A81D-025BA3DBA23A}</SimpleData>
	</SchemaData></ExtendedData>
  </Placemark>
  <Placemark>
	<ExtendedData><SchemaData schemaUrl="#DCDevelopment">
		<SimpleData name="OBJECTID">41</SimpleData>
		<SimpleData name="PROJECTNAME">Northern Bus Garage Reconstruction Project</SimpleData>
		<SimpleData name="WARD">4</SimpleData>
		<SimpleData name="LOCATION">4615 14th St. NW</SimpleData>
		<SimpleData name="DEVELOPER">WMATA</SimpleData>
		<SimpleData name="PROJECTTYPE">Retail</SimpleData>
		<SimpleData name="TYPE_SQFT">27500</SimpleData>
		<SimpleData name="ESTVALUEINMILLION">500000000</SimpleData>
		<SimpleData name="ESTDELIVERY">Q2 27</SimpleData>
		<SimpleData name="STATUS">Under Construction</SimpleData>
		<SimpleData name="LATITUDE">38.947554</SimpleData>
		<SimpleData name="LONGITUDE">-77.032352</SimpleData>
		<SimpleData name="REPORT_EDITION_YEAR">2024-2025</SimpleData>
		<SimpleData name="GLOBALID">{1E9BEA14-E82E-4572-99D7-D7EB5FA6A620}</SimpleData>
	</SchemaData></ExtendedData>
  </Placemark>
  <Placemark>
	<ExtendedData><SchemaData schemaUrl="#DCDevelopment">
		<SimpleData name="OBJECTID">42</SimpleData>
		<SimpleData name="PROJECTNAME">The Yards DC Urby</SimpleData>
		<SimpleData name="WARD">8</SimpleData>
		<SimpleData name="LOCATION">110 N St. SE</SimpleData>
		<SimpleData name="DEVELOPER">Brookfield Properties / Urby</SimpleData>
		<SimpleData name="PROJECTTYPE">Retail</SimpleData>
		<SimpleData name="TYPE_SQFT">26000</SimpleData>
		<SimpleData name="ESTVALUEINMILLION">0</SimpleData>
		<SimpleData name="ESTDELIVERY">Q1 25</SimpleData>
		<SimpleData name="STATUS">Under Construction</SimpleData>
		<SimpleData name="LATITUDE">38.874279</SimpleData>
		<SimpleData name="LONGITUDE">-77.005206</SimpleData>
		<SimpleData name="REPORT_EDITION_YEAR">2024-2025</SimpleData>
		<SimpleData name="GLOBALID">{CACADEBF-0208-49C9-B25B-4734BFC79989}</SimpleData>
	</SchemaData></ExtendedData>
  </Placemark>
  <Placemark>
	<ExtendedData><SchemaData schemaUrl="#DCDevelopment">
		<SimpleData name="OBJECTID">43</SimpleData>
		<SimpleData name="PROJECTNAME">The Edmonson</SimpleData>
		<SimpleData name="WARD">8</SimpleData>
		<SimpleData name="LOCATION">1130 Sumner Rd. SE</SimpleData>
		<SimpleData name="DEVELOPER">Preservation of Affordable Housing / DC Housing Authority</SimpleData>
		<SimpleData name="PROJECTTYPE">Retail</SimpleData>
		<SimpleData name="TYPE_SQFT">20000</SimpleData>
		<SimpleData name="ESTVALUEINMILLION">0</SimpleData>
		<SimpleData name="ESTDELIVERY">Q4 26</SimpleData>
		<SimpleData name="STATUS">Under Construction</SimpleData>
		<SimpleData name="LATITUDE">38.861368</SimpleData>
		<SimpleData name="LONGITUDE">-76.99779</SimpleData>
		<SimpleData name="REPORT_EDITION_YEAR">2024-2025</SimpleData>
		<SimpleData name="GLOBALID">{A9F1079D-8841-473A-B809-F41FC33BE272}</SimpleData>
	</SchemaData></ExtendedData>
  </Placemark>
  <Placemark>
	<ExtendedData><SchemaData schemaUrl="#DCDevelopment">
		<SimpleData name="OBJECTID">44</SimpleData>
		<SimpleData name="PROJECTNAME">The Langston</SimpleData>
		<SimpleData name="WARD">1</SimpleData>
		<SimpleData name="LOCATION">1840 7th St. NW</SimpleData>
		<SimpleData name="DEVELOPER">Quadrangle Development / Capstone Development / Howard University</SimpleData>
		<SimpleData name="PROJECTTYPE">Retail</SimpleData>
		<SimpleData name="TYPE_SQFT">15400</SimpleData>
		<SimpleData name="ESTVALUEINMILLION">112000000</SimpleData>
		<SimpleData name="ESTDELIVERY">Q1 25</SimpleData>
		<SimpleData name="STATUS">Under Construction</SimpleData>
		<SimpleData name="LATITUDE">38.914781</SimpleData>
		<SimpleData name="LONGITUDE">-77.022191</SimpleData>
		<SimpleData name="REPORT_EDITION_YEAR">2024-2025</SimpleData>
		<SimpleData name="GLOBALID">{81FDE485-86A5-4CA2-936B-CF63F9D4DB3A}</SimpleData>
	</SchemaData></ExtendedData>
  </Placemark>
  <Placemark>
	<ExtendedData><SchemaData schemaUrl="#DCDevelopment">
		<SimpleData name="OBJECTID">45</SimpleData>
		<SimpleData name="PROJECTNAME">111 Massachusetts Avenue</SimpleData>
		<SimpleData name="WARD">6</SimpleData>
		<SimpleData name="LOCATION">111 Massachusetts Ave. NW</SimpleData>
		<SimpleData name="DEVELOPER">Georgetown University</SimpleData>
		<SimpleData name="PROJECTTYPE">Retail</SimpleData>
		<SimpleData name="TYPE_SQFT">13200</SimpleData>
		<SimpleData name="ESTVALUEINMILLION">168000000</SimpleData>
		<SimpleData name="ESTDELIVERY">Q3 25</SimpleData>
		<SimpleData name="STATUS">Under Construction</SimpleData>
		<SimpleData name="LATITUDE">38.89967</SimpleData>
		<SimpleData name="LONGITUDE">-77.013174</SimpleData>
		<SimpleData name="REPORT_EDITION_YEAR">2024-2025</SimpleData>
		<SimpleData name="GLOBALID">{04996233-C6AB-48A7-849A-0E8CB0E180EA}</SimpleData>
	</SchemaData></ExtendedData>
  </Placemark>
  <Placemark>
	<ExtendedData><SchemaData schemaUrl="#DCDevelopment">
		<SimpleData name="OBJECTID">46</SimpleData>
		<SimpleData name="PROJECTNAME">600 5th Street</SimpleData>
		<SimpleData name="WARD">2</SimpleData>
		<SimpleData name="LOCATION">600 5th St. NW</SimpleData>
		<SimpleData name="DEVELOPER">Stonebridge Associates / Rockefeller Group</SimpleData>
		<SimpleData name="PROJECTTYPE">Retail</SimpleData>
		<SimpleData name="TYPE_SQFT">12600</SimpleData>
		<SimpleData name="ESTVALUEINMILLION">370000000</SimpleData>
		<SimpleData name="ESTDELIVERY">Q4 25</SimpleData>
		<SimpleData name="STATUS">Under Construction</SimpleData>
		<SimpleData name="LATITUDE">38.897837</SimpleData>
		<SimpleData name="LONGITUDE">-77.019472</SimpleData>
		<SimpleData name="REPORT_EDITION_YEAR">2024-2025</SimpleData>
		<SimpleData name="GLOBALID">{020A175A-8FA1-4CCE-AFAE-7D0E4AC7C8B2}</SimpleData>
	</SchemaData></ExtendedData>
  </Placemark>
  <Placemark>
	<ExtendedData><SchemaData schemaUrl="#DCDevelopment">
		<SimpleData name="OBJECTID">47</SimpleData>
		<SimpleData name="PROJECTNAME">East River Park (Northeast Heights - East Parcels)</SimpleData>
		<SimpleData name="WARD">7</SimpleData>
		<SimpleData name="LOCATION">Minnesota Ave. &amp; Benning Rd. NE</SimpleData>
		<SimpleData name="DEVELOPER">Standard Real Estate Investments</SimpleData>
		<SimpleData name="PROJECTTYPE">Retail</SimpleData>
		<SimpleData name="TYPE_SQFT">127400</SimpleData>
		<SimpleData name="ESTVALUEINMILLION">325000000</SimpleData>
		<SimpleData name="ESTDELIVERY">2027</SimpleData>
		<SimpleData name="STATUS">Pipeline</SimpleData>
		<SimpleData name="LATITUDE">38.893692</SimpleData>
		<SimpleData name="LONGITUDE">-76.948405</SimpleData>
		<SimpleData name="REPORT_EDITION_YEAR">2024-2025</SimpleData>
		<SimpleData name="GLOBALID">{C69E4973-FEE3-4053-A90D-C063536DBE0D}</SimpleData>
	</SchemaData></ExtendedData>
  </Placemark>
  <Placemark>
	<ExtendedData><SchemaData schemaUrl="#DCDevelopment">
		<SimpleData name="OBJECTID">48</SimpleData>
		<SimpleData name="PROJECTNAME">The Portals</SimpleData>
		<SimpleData name="WARD">6</SimpleData>
		<SimpleData name="LOCATION">1250 Maryland Ave. SW</SimpleData>
		<SimpleData name="DEVELOPER">Lowe</SimpleData>
		<SimpleData name="PROJECTTYPE">Retail</SimpleData>
		<SimpleData name="TYPE_SQFT">53000</SimpleData>
		<SimpleData name="ESTVALUEINMILLION">0</SimpleData>
		<SimpleData name="ESTDELIVERY">2027</SimpleData>
		<SimpleData name="STATUS">Pipeline</SimpleData>
		<SimpleData name="LATITUDE">38.883695</SimpleData>
		<SimpleData name="LONGITUDE">-77.029431</SimpleData>
		<SimpleData name="REPORT_EDITION_YEAR">2024-2025</SimpleData>
		<SimpleData name="GLOBALID">{61F10E08-894E-4E99-B478-6475E2D8A782}</SimpleData>
	</SchemaData></ExtendedData>
  </Placemark>
  <Placemark>
	<ExtendedData><SchemaData schemaUrl="#DCDevelopment">
		<SimpleData name="OBJECTID">49</SimpleData>
		<SimpleData name="PROJECTNAME">Reservation 13 (Bundle 2)</SimpleData>
		<SimpleData name="WARD">7</SimpleData>
		<SimpleData name="LOCATION">19th St. Massachusetts Ave. Independence Ave. SE</SimpleData>
		<SimpleData name="DEVELOPER">Frontier Development &amp; Hospitality Group / A. Wash &amp; Associates</SimpleData>
		<SimpleData name="PROJECTTYPE">Retail</SimpleData>
		<SimpleData name="TYPE_SQFT">60000</SimpleData>
		<SimpleData name="ESTVALUEINMILLION">0</SimpleData>
		<SimpleData name="STATUS">Pipeline</SimpleData>
		<SimpleData name="LATITUDE">38.885662</SimpleData>
		<SimpleData name="LONGITUDE">-76.974267</SimpleData>
		<SimpleData name="REPORT_EDITION_YEAR">2024-2025</SimpleData>
		<SimpleData name="GLOBALID">{11AB9E6F-0972-463F-A36E-C922F70F442C}</SimpleData>
	</SchemaData></ExtendedData>
  </Placemark>
  <Placemark>
	<ExtendedData><SchemaData schemaUrl="#DCDevelopment">
		<SimpleData name="OBJECTID">50</SimpleData>
		<SimpleData name="PROJECTNAME">Fletcher Johnson @ The Park</SimpleData>
		<SimpleData name="WARD">7</SimpleData>
		<SimpleData name="LOCATION">4650 Benning Rd. SE</SimpleData>
		<SimpleData name="DEVELOPER">Gragg Cardona Partners / Marshall Heights CDO / Foundation Housing / H2 Design Build</SimpleData>
		<SimpleData name="PROJECTTYPE">Retail</SimpleData>
		<SimpleData name="TYPE_SQFT">50000</SimpleData>
		<SimpleData name="ESTVALUEINMILLION">400000000</SimpleData>
		<SimpleData name="STATUS">Pipeline</SimpleData>
		<SimpleData name="LATITUDE">38.883961</SimpleData>
		<SimpleData name="LONGITUDE">-76.933812</SimpleData>
		<SimpleData name="REPORT_EDITION_YEAR">2024-2025</SimpleData>
		<SimpleData name="GLOBALID">{5340B574-B5DF-4A47-A274-6A1CCB6ABC84}</SimpleData>
	</SchemaData></ExtendedData>
  </Placemark>
  <Placemark>
	<ExtendedData><SchemaData schemaUrl="#DCDevelopment">
		<SimpleData name="OBJECTID">51</SimpleData>
		<SimpleData name="PROJECTNAME">Bond Bread and Washington Railway &amp; Electric Company (WRECO)</SimpleData>
		<SimpleData name="WARD">1</SimpleData>
		<SimpleData name="LOCATION">2112 &amp; 2146 Georgia Ave. NW</SimpleData>
		<SimpleData name="DEVELOPER">EDENS / Menkiti Group / Fivesquares Development / Howard University</SimpleData>
		<SimpleData name="PROJECTTYPE">Retail</SimpleData>
		<SimpleData name="TYPE_SQFT">50000</SimpleData>
		<SimpleData name="ESTVALUEINMILLION">0</SimpleData>
		<SimpleData name="STATUS">Pipeline</SimpleData>
		<SimpleData name="LATITUDE">38.918814</SimpleData>
		<SimpleData name="LONGITUDE">-77.022445</SimpleData>
		<SimpleData name="REPORT_EDITION_YEAR">2024-2025</SimpleData>
		<SimpleData name="GLOBALID">{1A8AC127-F605-4669-907E-24B5DBDA6AC5}</SimpleData>
	</SchemaData></ExtendedData>
  </Placemark>
  <Placemark>
	<ExtendedData><SchemaData schemaUrl="#DCDevelopment">
		<SimpleData name="OBJECTID">52</SimpleData>
		<SimpleData name="PROJECTNAME">Saint Elizabeths East (Parcel 7)</SimpleData>
		<SimpleData name="WARD">8</SimpleData>
		<SimpleData name="LOCATION">Saint Elizabeths East Campus</SimpleData>
		<SimpleData name="DEVELOPER">St. Elizabeths Legacy Partners / Menkiti Group / DMPED</SimpleData>
		<SimpleData name="PROJECTTYPE">Retail</SimpleData>
		<SimpleData name="TYPE_SQFT">29300</SimpleData>
		<SimpleData name="ESTVALUEINMILLION">0</SimpleData>
		<SimpleData name="ESTDELIVERY">2027</SimpleData>
		<SimpleData name="STATUS">Pipeline</SimpleData>
		<SimpleData name="LATITUDE">38.846047</SimpleData>
		<SimpleData name="LONGITUDE">-76.995065</SimpleData>
		<SimpleData name="REPORT_EDITION_YEAR">2024-2025</SimpleData>
		<SimpleData name="GLOBALID">{9E32DA6F-738A-48C2-9527-4AC9DD3F6F0E}</SimpleData>
	</SchemaData></ExtendedData>
  </Placemark>
  <Placemark>
	<ExtendedData><SchemaData schemaUrl="#DCDevelopment">
		<SimpleData name="OBJECTID">53</SimpleData>
		<SimpleData name="PROJECTNAME">Reservation 13 (Bundle 1)</SimpleData>
		<SimpleData name="WARD">7</SimpleData>
		<SimpleData name="LOCATION">19th St. Massachusetts Ave. Independence Ave. SE</SimpleData>
		<SimpleData name="DEVELOPER">Donatelli Development / Blue Skye Development &amp; Construction</SimpleData>
		<SimpleData name="PROJECTTYPE">Retail</SimpleData>
		<SimpleData name="TYPE_SQFT">25000</SimpleData>
		<SimpleData name="ESTVALUEINMILLION">700000000</SimpleData>
		<SimpleData name="STATUS">Pipeline</SimpleData>
		<SimpleData name="LATITUDE">38.886176</SimpleData>
		<SimpleData name="LONGITUDE">-76.97539</SimpleData>
		<SimpleData name="REPORT_EDITION_YEAR">2024-2025</SimpleData>
		<SimpleData name="GLOBALID">{E002DCCF-6D39-40AD-9A5D-97D4E7DE892A}</SimpleData>
	</SchemaData></ExtendedData>
  </Placemark>
  <Placemark>
	<ExtendedData><SchemaData schemaUrl="#DCDevelopment">
		<SimpleData name="OBJECTID">54</SimpleData>
		<SimpleData name="PROJECTNAME">2000 14th Street</SimpleData>
		<SimpleData name="WARD">1</SimpleData>
		<SimpleData name="LOCATION">2000 14th St. NW</SimpleData>
		<SimpleData name="DEVELOPER">Reeves CMC Venture (Capri Investment Group / MRP Realty / CSG Urban Partners) / DMPED</SimpleData>
		<SimpleData name="PROJECTTYPE">Retail</SimpleData>
		<SimpleData name="TYPE_SQFT">22500</SimpleData>
		<SimpleData name="ESTVALUEINMILLION">300000000</SimpleData>
		<SimpleData name="ESTDELIVERY">2030</SimpleData>
		<SimpleData name="STATUS">Pipeline</SimpleData>
		<SimpleData name="LATITUDE">38.917444</SimpleData>
		<SimpleData name="LONGITUDE">-77.032404</SimpleData>
		<SimpleData name="REPORT_EDITION_YEAR">2024-2025</SimpleData>
		<SimpleData name="GLOBALID">{6624C9C1-80F8-4AC4-A363-B568C919964B}</SimpleData>
	</SchemaData></ExtendedData>
  </Placemark>
  <Placemark>
	<ExtendedData><SchemaData schemaUrl="#DCDevelopment">
		<SimpleData name="OBJECTID">55</SimpleData>
		<SimpleData name="PROJECTNAME">The Lady Bird</SimpleData>
		<SimpleData name="WARD">3</SimpleData>
		<SimpleData name="LOCATION">4330 48th St. NW</SimpleData>
		<SimpleData name="DEVELOPER">Mill Creek Residential Trust</SimpleData>
		<SimpleData name="PROJECTTYPE">Retail</SimpleData>
		<SimpleData name="TYPE_SQFT">16500</SimpleData>
		<SimpleData name="ESTVALUEINMILLION">160000000</SimpleData>
		<SimpleData name="ESTDELIVERY">2027</SimpleData>
		<SimpleData name="STATUS">Pipeline</SimpleData>
		<SimpleData name="LATITUDE">38.945742</SimpleData>
		<SimpleData name="LONGITUDE">-77.09504</SimpleData>
		<SimpleData name="REPORT_EDITION_YEAR">2024-2025</SimpleData>
		<SimpleData name="GLOBALID">{F0C651F3-51EB-4D76-9FDB-CD4671126AF8}</SimpleData>
	</SchemaData></ExtendedData>
  </Placemark>
  <Placemark>
	<ExtendedData><SchemaData schemaUrl="#DCDevelopment">
		<SimpleData name="OBJECTID">56</SimpleData>
		<SimpleData name="PROJECTNAME">Brookland Lanes</SimpleData>
		<SimpleData name="WARD">5</SimpleData>
		<SimpleData name="LOCATION">934 Michigan Ave. NE</SimpleData>
		<SimpleData name="DEVELOPER">Urban Investment Partners</SimpleData>
		<SimpleData name="PROJECTTYPE">Retail</SimpleData>
		<SimpleData name="TYPE_SQFT">21700</SimpleData>
		<SimpleData name="ESTVALUEINMILLION">126000000</SimpleData>
		<SimpleData name="ESTDELIVERY">2027</SimpleData>
		<SimpleData name="STATUS">Pipeline</SimpleData>
		<SimpleData name="LATITUDE">38.935358</SimpleData>
		<SimpleData name="LONGITUDE">-76.993581</SimpleData>
		<SimpleData name="REPORT_EDITION_YEAR">2024-2025</SimpleData>
		<SimpleData name="GLOBALID">{412A1B1D-6D8B-4A56-844A-6AE9119A70E2}</SimpleData>
	</SchemaData></ExtendedData>
  </Placemark>
  <Placemark>
	<ExtendedData><SchemaData schemaUrl="#DCDevelopment">
		<SimpleData name="OBJECTID">57</SimpleData>
		<SimpleData name="PROJECTNAME">McCourt School of Public Policy</SimpleData>
		<SimpleData name="WARD">6</SimpleData>
		<SimpleData name="LOCATION">125 E St. NW</SimpleData>
		<SimpleData name="DEVELOPER">Georgetown University</SimpleData>
		<SimpleData name="PROJECTTYPE">Quality of Life</SimpleData>
		<SimpleData name="TYPE_SQFT">142000</SimpleData>
		<SimpleData name="ESTVALUEINMILLION">0</SimpleData>
		<SimpleData name="ESTDELIVERY">Q3 24</SimpleData>
		<SimpleData name="STATUS">Completed</SimpleData>
		<SimpleData name="LATITUDE">38.896304</SimpleData>
		<SimpleData name="LONGITUDE">-77.013265</SimpleData>
		<SimpleData name="REPORT_EDITION_YEAR">2024-2025</SimpleData>
		<SimpleData name="LAST_EDITED_USER">SDE</SimpleData>
		<SimpleData name="LAST_EDITED_DATE">2025/10/16 20:11:46+00</SimpleData>
		<SimpleData name="GLOBALID">{FA8DF422-8B90-4E58-9996-0EED14BC5269}</SimpleData>
	</SchemaData></ExtendedData>
  </Placemark>
  <Placemark>
	<ExtendedData><SchemaData schemaUrl="#DCDevelopment">
		<SimpleData name="OBJECTID">58</SimpleData>
		<SimpleData name="PROJECTNAME">John Francis Education Campus</SimpleData>
		<SimpleData name="WARD">2</SimpleData>
		<SimpleData name="LOCATION">2425 N St. NW</SimpleData>
		<SimpleData name="DEVELOPER">Department of General Services / DC Public Schools</SimpleData>
		<SimpleData name="PROJECTTYPE">Quality of Life</SimpleData>
		<SimpleData name="TYPE_SQFT">126000</SimpleData>
		<SimpleData name="ESTVALUEINMILLION">97000000</SimpleData>
		<SimpleData name="ESTDELIVERY">Q3 24</SimpleData>
		<SimpleData name="STATUS">Completed</SimpleData>
		<SimpleData name="LATITUDE">38.907469</SimpleData>
		<SimpleData name="LONGITUDE">-77.052321</SimpleData>
		<SimpleData name="REPORT_EDITION_YEAR">2024-2025</SimpleData>
		<SimpleData name="LAST_EDITED_USER">SDE</SimpleData>
		<SimpleData name="LAST_EDITED_DATE">2025/10/16 20:11:46+00</SimpleData>
		<SimpleData name="GLOBALID">{2C9CED43-0BAE-4823-AEED-54D2A0CD073A}</SimpleData>
	</SchemaData></ExtendedData>
  </Placemark>
  <Placemark>
	<ExtendedData><SchemaData schemaUrl="#DCDevelopment">
		<SimpleData name="OBJECTID">59</SimpleData>
		<SimpleData name="PROJECTNAME">Conway School of Nursing</SimpleData>
		<SimpleData name="WARD">5</SimpleData>
		<SimpleData name="LOCATION">7th St. &amp; Michigan Ave. NE</SimpleData>
		<SimpleData name="DEVELOPER">Catholic University</SimpleData>
		<SimpleData name="PROJECTTYPE">Quality of Life</SimpleData>
		<SimpleData name="TYPE_SQFT">102000</SimpleData>
		<SimpleData name="ESTVALUEINMILLION">85000000</SimpleData>
		<SimpleData name="ESTDELIVERY">Q2 24</SimpleData>
		<SimpleData name="STATUS">Completed</SimpleData>
		<SimpleData name="LATITUDE">38.933081</SimpleData>
		<SimpleData name="LONGITUDE">-76.997139</SimpleData>
		<SimpleData name="REPORT_EDITION_YEAR">2024-2025</SimpleData>
		<SimpleData name="LAST_EDITED_USER">SDE</SimpleData>
		<SimpleData name="LAST_EDITED_DATE">2025/10/16 20:11:46+00</SimpleData>
		<SimpleData name="GLOBALID">{5912782A-E508-4E24-995F-58EC224C5A26}</SimpleData>
	</SchemaData></ExtendedData>
  </Placemark>
  <Placemark>
	<ExtendedData><SchemaData schemaUrl="#DCDevelopment">
		<SimpleData name="OBJECTID">60</SimpleData>
		<SimpleData name="PROJECTNAME">Dorothy Height Elementary School Modernization</SimpleData>
		<SimpleData name="WARD">4</SimpleData>
		<SimpleData name="LOCATION">1300 Allison St. NW</SimpleData>
		<SimpleData name="DEVELOPER">Department of General Services / DC Public Schools</SimpleData>
		<SimpleData name="PROJECTTYPE">Quality of Life</SimpleData>
		<SimpleData name="TYPE_SQFT">93000</SimpleData>
		<SimpleData name="ESTVALUEINMILLION">65500000</SimpleData>
		<SimpleData name="ESTDELIVERY">Q3 24</SimpleData>
		<SimpleData name="STATUS">Completed</SimpleData>
		<SimpleData name="LATITUDE">38.9447</SimpleData>
		<SimpleData name="LONGITUDE">-77.030541</SimpleData>
		<SimpleData name="REPORT_EDITION_YEAR">2024-2025</SimpleData>
		<SimpleData name="LAST_EDITED_USER">SDE</SimpleData>
		<SimpleData name="LAST_EDITED_DATE">2025/10/16 20:11:46+00</SimpleData>
		<SimpleData name="GLOBALID">{36B77EE3-73A3-4F6F-8C81-BF7F668B94F6}</SimpleData>
	</SchemaData></ExtendedData>
  </Placemark>
  <Placemark>
	<ExtendedData><SchemaData schemaUrl="#DCDevelopment">
		<SimpleData name="OBJECTID">61</SimpleData>
		<SimpleData name="PROJECTNAME">Myrtilla Miner Building</SimpleData>
		<SimpleData name="WARD">1</SimpleData>
		<SimpleData name="LOCATION">2400 6th St. NW</SimpleData>
		<SimpleData name="DEVELOPER">Howard University</SimpleData>
		<SimpleData name="PROJECTTYPE">Quality of Life</SimpleData>
		<SimpleData name="TYPE_SQFT">80000</SimpleData>
		<SimpleData name="ESTVALUEINMILLION">50000000</SimpleData>
		<SimpleData name="ESTDELIVERY">Q4 24</SimpleData>
		<SimpleData name="STATUS">Completed</SimpleData>
		<SimpleData name="LATITUDE">38.923769</SimpleData>
		<SimpleData name="LONGITUDE">-77.021789</SimpleData>
		<SimpleData name="REPORT_EDITION_YEAR">2024-2025</SimpleData>
		<SimpleData name="LAST_EDITED_USER">SDE</SimpleData>
		<SimpleData name="LAST_EDITED_DATE">2025/10/16 20:11:46+00</SimpleData>
		<SimpleData name="GLOBALID">{9372495D-2AD5-4045-B5F2-1267A4A5C91A}</SimpleData>
	</SchemaData></ExtendedData>
  </Placemark>
  <Placemark>
	<ExtendedData><SchemaData schemaUrl="#DCDevelopment">
		<SimpleData name="OBJECTID">62</SimpleData>
		<SimpleData name="PROJECTNAME">Garfield Elementary School Modernization</SimpleData>
		<SimpleData name="WARD">8</SimpleData>
		<SimpleData name="LOCATION">2435 Alabama Ave. SE</SimpleData>
		<SimpleData name="DEVELOPER">Department of General Services / DC Public Schools</SimpleData>
		<SimpleData name="PROJECTTYPE">Quality of Life</SimpleData>
		<SimpleData name="TYPE_SQFT">76000</SimpleData>
		<SimpleData name="ESTVALUEINMILLION">60500000</SimpleData>
		<SimpleData name="ESTDELIVERY">Q3 24</SimpleData>
		<SimpleData name="STATUS">Completed</SimpleData>
		<SimpleData name="LATITUDE">38.851733</SimpleData>
		<SimpleData name="LONGITUDE">-76.970805</SimpleData>
		<SimpleData name="REPORT_EDITION_YEAR">2024-2025</SimpleData>
		<SimpleData name="LAST_EDITED_USER">SDE</SimpleData>
		<SimpleData name="LAST_EDITED_DATE">2025/10/16 20:11:46+00</SimpleData>
		<SimpleData name="GLOBALID">{E333B18E-865D-406E-832B-5092B9C7214E}</SimpleData>
	</SchemaData></ExtendedData>
  </Placemark>
  <Placemark>
	<ExtendedData><SchemaData schemaUrl="#DCDevelopment">
		<SimpleData name="OBJECTID">63</SimpleData>
		<SimpleData name="PROJECTNAME">Whitlock Elementary School Modernization</SimpleData>
		<SimpleData name="WARD">7</SimpleData>
		<SimpleData name="LOCATION">533 48th Place NE</SimpleData>
		<SimpleData name="DEVELOPER">Department of General Services / DC Public Schools</SimpleData>
		<SimpleData name="PROJECTTYPE">Quality of Life</SimpleData>
		<SimpleData name="TYPE_SQFT">73000</SimpleData>
		<SimpleData name="ESTVALUEINMILLION">45000000</SimpleData>
		<SimpleData name="ESTDELIVERY">Q3 24</SimpleData>
		<SimpleData name="STATUS">Completed</SimpleData>
		<SimpleData name="LATITUDE">38.897002</SimpleData>
		<SimpleData name="LONGITUDE">-76.933701</SimpleData>
		<SimpleData name="REPORT_EDITION_YEAR">2024-2025</SimpleData>
		<SimpleData name="LAST_EDITED_USER">SDE</SimpleData>
		<SimpleData name="LAST_EDITED_DATE">2025/10/16 20:11:46+00</SimpleData>
		<SimpleData name="GLOBALID">{A62DFEA6-85B3-444E-93CB-EA8646DDF48F}</SimpleData>
	</SchemaData></ExtendedData>
  </Placemark>
  <Placemark>
	<ExtendedData><SchemaData schemaUrl="#DCDevelopment">
		<SimpleData name="OBJECTID">64</SimpleData>
		<SimpleData name="PROJECTNAME">Joy Evans Therapeutic Recreation Center</SimpleData>
		<SimpleData name="WARD">7</SimpleData>
		<SimpleData name="LOCATION">3030 G St. SE</SimpleData>
		<SimpleData name="DEVELOPER">Department of General Services / Department of Parks and Recreation</SimpleData>
		<SimpleData name="PROJECTTYPE">Quality of Life</SimpleData>
		<SimpleData name="TYPE_SQFT">37000</SimpleData>
		<SimpleData name="ESTVALUEINMILLION">40400000</SimpleData>
		<SimpleData name="ESTDELIVERY">Q4 24</SimpleData>
		<SimpleData name="STATUS">Completed</SimpleData>
		<SimpleData name="LATITUDE">38.880914</SimpleData>
		<SimpleData name="LONGITUDE">-76.96326</SimpleData>
		<SimpleData name="REPORT_EDITION_YEAR">2024-2025</SimpleData>
		<SimpleData name="LAST_EDITED_USER">SDE</SimpleData>
		<SimpleData name="LAST_EDITED_DATE">2025/10/16 20:11:46+00</SimpleData>
		<SimpleData name="GLOBALID">{27383379-CA93-47F6-96F1-C3A08954DB4E}</SimpleData>
	</SchemaData></ExtendedData>
  </Placemark>
  <Placemark>
	<ExtendedData><SchemaData schemaUrl="#DCDevelopment">
		<SimpleData name="OBJECTID">65</SimpleData>
		<SimpleData name="PROJECTNAME">Alice Deal Middle School Classroom Addition</SimpleData>
		<SimpleData name="WARD">3</SimpleData>
		<SimpleData name="LOCATION">3815 Fort Dr. NW</SimpleData>
		<SimpleData name="DEVELOPER">Department of General Services / DC Public Schools</SimpleData>
		<SimpleData name="PROJECTTYPE">Quality of Life</SimpleData>
		<SimpleData name="TYPE_SQFT">23300</SimpleData>
		<SimpleData name="ESTVALUEINMILLION">18600000</SimpleData>
		<SimpleData name="ESTDELIVERY">Q3 24</SimpleData>
		<SimpleData name="STATUS">Completed</SimpleData>
		<SimpleData name="LATITUDE">38.95339</SimpleData>
		<SimpleData name="LONGITUDE">-77.075579</SimpleData>
		<SimpleData name="REPORT_EDITION_YEAR">2024-2025</SimpleData>
		<SimpleData name="LAST_EDITED_USER">SDE</SimpleData>
		<SimpleData name="LAST_EDITED_DATE">2025/10/16 20:11:46+00</SimpleData>
		<SimpleData name="GLOBALID">{64FE7F26-4D1D-461A-AEF8-17586BE2352F}</SimpleData>
	</SchemaData></ExtendedData>
  </Placemark>
  <Placemark>
	<ExtendedData><SchemaData schemaUrl="#DCDevelopment">
		<SimpleData name="OBJECTID">66</SimpleData>
		<SimpleData name="PROJECTNAME">Reservoir Park Recreation Center</SimpleData>
		<SimpleData name="WARD">5</SimpleData>
		<SimpleData name="LOCATION">10 Lower Service Court NW</SimpleData>
		<SimpleData name="DEVELOPER">Department of General Services / Vision McMillan Partners</SimpleData>
		<SimpleData name="PROJECTTYPE">Quality of Life</SimpleData>
		<SimpleData name="TYPE_SQFT">17500</SimpleData>
		<SimpleData name="ESTVALUEINMILLION">137670000</SimpleData>
		<SimpleData name="ESTDELIVERY">Q2 24</SimpleData>
		<SimpleData name="STATUS">Completed</SimpleData>
		<SimpleData name="LATITUDE">38.923186</SimpleData>
		<SimpleData name="LONGITUDE">-77.010072</SimpleData>
		<SimpleData name="REPORT_EDITION_YEAR">2024-2025</SimpleData>
		<SimpleData name="LAST_EDITED_USER">SDE</SimpleData>
		<SimpleData name="LAST_EDITED_DATE">2025/10/16 20:11:46+00</SimpleData>
		<SimpleData name="GLOBALID">{465F6E1D-DFBF-40BE-ABD5-700A1F3590BC}</SimpleData>
	</SchemaData></ExtendedData>
  </Placemark>
  <Placemark>
	<ExtendedData><SchemaData schemaUrl="#DCDevelopment">
		<SimpleData name="OBJECTID">67</SimpleData>
		<SimpleData name="PROJECTNAME">Cedar Hill Regional Medical Center</SimpleData>
		<SimpleData name="WARD">8</SimpleData>
		<SimpleData name="LOCATION">1200 Pecan St. SE</SimpleData>
		<SimpleData name="DEVELOPER">Universal Health Services / Department of General Services</SimpleData>
		<SimpleData name="PROJECTTYPE">Quality of Life</SimpleData>
		<SimpleData name="TYPE_SQFT">407000</SimpleData>
		<SimpleData name="ESTVALUEINMILLION">434000000</SimpleData>
		<SimpleData name="ESTDELIVERY">Q2 25</SimpleData>
		<SimpleData name="STATUS">Under Construction</SimpleData>
		<SimpleData name="LATITUDE">38.850685</SimpleData>
		<SimpleData name="LONGITUDE">-76.994729</SimpleData>
		<SimpleData name="REPORT_EDITION_YEAR">2024-2025</SimpleData>
		<SimpleData name="LAST_EDITED_USER">SDE</SimpleData>
		<SimpleData name="LAST_EDITED_DATE">2025/10/16 20:11:46+00</SimpleData>
		<SimpleData name="GLOBALID">{4F33B449-D248-4340-8F70-C7B423A82ED5}</SimpleData>
	</SchemaData></ExtendedData>
  </Placemark>
  <Placemark>
	<ExtendedData><SchemaData schemaUrl="#DCDevelopment">
		<SimpleData name="OBJECTID">68</SimpleData>
		<SimpleData name="PROJECTNAME">Henle Village Redevelopment</SimpleData>
		<SimpleData name="WARD">2</SimpleData>
		<SimpleData name="LOCATION">1595 Tondorf Rd. NW</SimpleData>
		<SimpleData name="DEVELOPER">Georgetown University</SimpleData>
		<SimpleData name="PROJECTTYPE">Quality of Life</SimpleData>
		<SimpleData name="TYPE_SQFT">243900</SimpleData>
		<SimpleData name="ESTVALUEINMILLION">0</SimpleData>
		<SimpleData name="ESTDELIVERY">Q3 25</SimpleData>
		<SimpleData name="STATUS">Under Construction</SimpleData>
		<SimpleData name="LATITUDE">38.910455</SimpleData>
		<SimpleData name="LONGITUDE">-77.073382</SimpleData>
		<SimpleData name="REPORT_EDITION_YEAR">2024-2025</SimpleData>
		<SimpleData name="LAST_EDITED_USER">SDE</SimpleData>
		<SimpleData name="LAST_EDITED_DATE">2025/10/16 20:11:46+00</SimpleData>
		<SimpleData name="GLOBALID">{964B4BB9-2F28-4E69-8380-E36D3A8555DB}</SimpleData>
	</SchemaData></ExtendedData>
  </Placemark>
  <Placemark>
	<ExtendedData><SchemaData schemaUrl="#DCDevelopment">
		<SimpleData name="OBJECTID">69</SimpleData>
		<SimpleData name="PROJECTNAME">111 Massachusetts Avenue</SimpleData>
		<SimpleData name="WARD">6</SimpleData>
		<SimpleData name="LOCATION">111 Massachusetts Ave. NW</SimpleData>
		<SimpleData name="DEVELOPER">Georgetown University</SimpleData>
		<SimpleData name="PROJECTTYPE">Quality of Life</SimpleData>
		<SimpleData name="TYPE_SQFT">240100</SimpleData>
		<SimpleData name="ESTVALUEINMILLION">150000000</SimpleData>
		<SimpleData name="ESTDELIVERY">Q3 25</SimpleData>
		<SimpleData name="STATUS">Under Construction</SimpleData>
		<SimpleData name="LATITUDE">38.89967</SimpleData>
		<SimpleData name="LONGITUDE">-77.013174</SimpleData>
		<SimpleData name="REPORT_EDITION_YEAR">2024-2025</SimpleData>
		<SimpleData name="LAST_EDITED_USER">SDE</SimpleData>
		<SimpleData name="LAST_EDITED_DATE">2025/10/16 20:11:46+00</SimpleData>
		<SimpleData name="GLOBALID">{6DB483EC-2CD2-4994-91A5-D1C4CDD28CC6}</SimpleData>
	</SchemaData></ExtendedData>
  </Placemark>
  <Placemark>
	<ExtendedData><SchemaData schemaUrl="#DCDevelopment">
		<SimpleData name="OBJECTID">70</SimpleData>
		<SimpleData name="PROJECTNAME">MacArthur High School Modernization</SimpleData>
		<SimpleData name="WARD">3</SimpleData>
		<SimpleData name="LOCATION">4530 MacArthur Blvd. NW</SimpleData>
		<SimpleData name="DEVELOPER">Department of General Services / DC Public Schools</SimpleData>
		<SimpleData name="PROJECTTYPE">Quality of Life</SimpleData>
		<SimpleData name="TYPE_SQFT">120000</SimpleData>
		<SimpleData name="ESTVALUEINMILLION">85000000</SimpleData>
		<SimpleData name="ESTDELIVERY">Q3 26</SimpleData>
		<SimpleData name="STATUS">Under Construction</SimpleData>
		<SimpleData name="LATITUDE">38.907762</SimpleData>
		<SimpleData name="LONGITUDE">-77.086167</SimpleData>
		<SimpleData name="REPORT_EDITION_YEAR">2024-2025</SimpleData>
		<SimpleData name="LAST_EDITED_USER">SDE</SimpleData>
		<SimpleData name="LAST_EDITED_DATE">2025/10/16 20:11:46+00</SimpleData>
		<SimpleData name="GLOBALID">{37C2D074-B6AF-4A84-9176-A889DF93558F}</SimpleData>
	</SchemaData></ExtendedData>
  </Placemark>
  <Placemark>
	<ExtendedData><SchemaData schemaUrl="#DCDevelopment">
		<SimpleData name="OBJECTID">71</SimpleData>
		<SimpleData name="PROJECTNAME">Truesdell Elementary School</SimpleData>
		<SimpleData name="WARD">4</SimpleData>
		<SimpleData name="LOCATION">800 Ingraham St. NW</SimpleData>
		<SimpleData name="DEVELOPER">Department of General Services / DC Public Schools</SimpleData>
		<SimpleData name="PROJECTTYPE">Quality of Life</SimpleData>
		<SimpleData name="TYPE_SQFT">105000</SimpleData>
		<SimpleData name="ESTVALUEINMILLION">72000000</SimpleData>
		<SimpleData name="ESTDELIVERY">Q3 25</SimpleData>
		<SimpleData name="STATUS">Under Construction</SimpleData>
		<SimpleData name="LATITUDE">38.953913</SimpleData>
		<SimpleData name="LONGITUDE">-77.024708</SimpleData>
		<SimpleData name="REPORT_EDITION_YEAR">2024-2025</SimpleData>
		<SimpleData name="LAST_EDITED_USER">SDE</SimpleData>
		<SimpleData name="LAST_EDITED_DATE">2025/10/16 20:11:46+00</SimpleData>
		<SimpleData name="GLOBALID">{75026C00-5548-4208-8A1C-3AD201041E63}</SimpleData>
	</SchemaData></ExtendedData>
  </Placemark>
  <Placemark>
	<ExtendedData><SchemaData schemaUrl="#DCDevelopment">
		<SimpleData name="OBJECTID">72</SimpleData>
		<SimpleData name="PROJECTNAME">Alan &amp; Amy Meltzer Center for Athletic Performance</SimpleData>
		<SimpleData name="WARD">3</SimpleData>
		<SimpleData name="LOCATION">American University Campus</SimpleData>
		<SimpleData name="DEVELOPER">American University</SimpleData>
		<SimpleData name="PROJECTTYPE">Quality of Life</SimpleData>
		<SimpleData name="TYPE_SQFT">91500</SimpleData>
		<SimpleData name="ESTVALUEINMILLION">85000000</SimpleData>
		<SimpleData name="ESTDELIVERY">Q4 25</SimpleData>
		<SimpleData name="STATUS">Under Construction</SimpleData>
		<SimpleData name="LATITUDE">38.938294</SimpleData>
		<SimpleData name="LONGITUDE">-77.091031</SimpleData>
		<SimpleData name="REPORT_EDITION_YEAR">2024-2025</SimpleData>
		<SimpleData name="LAST_EDITED_USER">SDE</SimpleData>
		<SimpleData name="LAST_EDITED_DATE">2025/10/16 20:11:46+00</SimpleData>
		<SimpleData name="GLOBALID">{2597652E-1180-4361-B7C4-96C8139DB3AB}</SimpleData>
	</SchemaData></ExtendedData>
  </Placemark>
  <Placemark>
	<ExtendedData><SchemaData schemaUrl="#DCDevelopment">
		<SimpleData name="OBJECTID">73</SimpleData>
		<SimpleData name="PROJECTNAME">4301 Harewood Road</SimpleData>
		<SimpleData name="WARD">5</SimpleData>
		<SimpleData name="LOCATION">4301 Harewood Rd. NE</SimpleData>
		<SimpleData name="DEVELOPER">Washington Latin Public Charter School / Washington Yu Ying Public Charter School</SimpleData>
		<SimpleData name="PROJECTTYPE">Quality of Life</SimpleData>
		<SimpleData name="TYPE_SQFT">90000</SimpleData>
		<SimpleData name="ESTVALUEINMILLION">27000000</SimpleData>
		<SimpleData name="ESTDELIVERY">Q3 26</SimpleData>
		<SimpleData name="STATUS">Under Construction</SimpleData>
		<SimpleData name="LATITUDE">38.942512</SimpleData>
		<SimpleData name="LONGITUDE">-77.006967</SimpleData>
		<SimpleData name="REPORT_EDITION_YEAR">2024-2025</SimpleData>
		<SimpleData name="LAST_EDITED_USER">SDE</SimpleData>
		<SimpleData name="LAST_EDITED_DATE">2025/10/16 20:11:46+00</SimpleData>
		<SimpleData name="GLOBALID">{D03DE60B-101D-4EA1-A479-C6DA663714B3}</SimpleData>
	</SchemaData></ExtendedData>
  </Placemark>
  <Placemark>
	<ExtendedData><SchemaData schemaUrl="#DCDevelopment">
		<SimpleData name="OBJECTID">74</SimpleData>
		<SimpleData name="PROJECTNAME">Neval Thomas Elementary School Modernization</SimpleData>
		<SimpleData name="WARD">7</SimpleData>
		<SimpleData name="LOCATION">650 Anacostia Ave. NE</SimpleData>
		<SimpleData name="DEVELOPER">Department of General Services / DC Public Schools</SimpleData>
		<SimpleData name="PROJECTTYPE">Quality of Life</SimpleData>
		<SimpleData name="TYPE_SQFT">80030</SimpleData>
		<SimpleData name="ESTVALUEINMILLION">78800000</SimpleData>
		<SimpleData name="ESTDELIVERY">Q3 26</SimpleData>
		<SimpleData name="STATUS">Under Construction</SimpleData>
		<SimpleData name="LATITUDE">38.901439</SimpleData>
		<SimpleData name="LONGITUDE">-76.95199</SimpleData>
		<SimpleData name="REPORT_EDITION_YEAR">2024-2025</SimpleData>
		<SimpleData name="LAST_EDITED_USER">SDE</SimpleData>
		<SimpleData name="LAST_EDITED_DATE">2025/10/16 20:11:46+00</SimpleData>
		<SimpleData name="GLOBALID">{3E1A8BC2-5DAD-452A-BE3A-95720FFC1AB0}</SimpleData>
	</SchemaData></ExtendedData>
  </Placemark>
  <Placemark>
	<ExtendedData><SchemaData schemaUrl="#DCDevelopment">
		<SimpleData name="OBJECTID">75</SimpleData>
		<SimpleData name="PROJECTNAME">Spingarn High School (DCIA)</SimpleData>
		<SimpleData name="WARD">5</SimpleData>
		<SimpleData name="LOCATION">2500 Benning Rd. NE</SimpleData>
		<SimpleData name="DEVELOPER">Department of General Services Department of Employment Services</SimpleData>
		<SimpleData name="PROJECTTYPE">Quality of Life</SimpleData>
		<SimpleData name="TYPE_SQFT">50000</SimpleData>
		<SimpleData name="ESTVALUEINMILLION">64000000</SimpleData>
		<SimpleData name="ESTDELIVERY">Q4 25</SimpleData>
		<SimpleData name="STATUS">Under Construction</SimpleData>
		<SimpleData name="LATITUDE">38.899095</SimpleData>
		<SimpleData name="LONGITUDE">-76.970987</SimpleData>
		<SimpleData name="REPORT_EDITION_YEAR">2024-2025</SimpleData>
		<SimpleData name="LAST_EDITED_USER">SDE</SimpleData>
		<SimpleData name="LAST_EDITED_DATE">2025/10/16 20:11:46+00</SimpleData>
		<SimpleData name="GLOBALID">{F7E2841B-D617-49AC-B178-4660DD664D0B}</SimpleData>
	</SchemaData></ExtendedData>
  </Placemark>
  <Placemark>
	<ExtendedData><SchemaData schemaUrl="#DCDevelopment">
		<SimpleData name="OBJECTID">76</SimpleData>
		<SimpleData name="PROJECTNAME">New Fort Dupont Ice Arena</SimpleData>
		<SimpleData name="WARD">7</SimpleData>
		<SimpleData name="LOCATION">3779 Ely Place SE</SimpleData>
		<SimpleData name="DEVELOPER">Department of General Services</SimpleData>
		<SimpleData name="PROJECTTYPE">Quality of Life</SimpleData>
		<SimpleData name="TYPE_SQFT">43600</SimpleData>
		<SimpleData name="ESTVALUEINMILLION">39130000</SimpleData>
		<SimpleData name="ESTDELIVERY">Q2 25</SimpleData>
		<SimpleData name="STATUS">Under Construction</SimpleData>
		<SimpleData name="LATITUDE">38.882831</SimpleData>
		<SimpleData name="LONGITUDE">-76.950928</SimpleData>
		<SimpleData name="REPORT_EDITION_YEAR">2024-2025</SimpleData>
		<SimpleData name="LAST_EDITED_USER">SDE</SimpleData>
		<SimpleData name="LAST_EDITED_DATE">2025/10/16 20:11:46+00</SimpleData>
		<SimpleData name="GLOBALID">{47E58CA2-A88F-4998-9117-A6F28CB7799D}</SimpleData>
	</SchemaData></ExtendedData>
  </Placemark>
  <Placemark>
	<ExtendedData><SchemaData schemaUrl="#DCDevelopment">
		<SimpleData name="OBJECTID">77</SimpleData>
		<SimpleData name="PROJECTNAME">Reservoir District (Medical Buildings)</SimpleData>
		<SimpleData name="WARD">5</SimpleData>
		<SimpleData name="LOCATION">North Capitol St. &amp; Michigan Ave. NW</SimpleData>
		<SimpleData name="DEVELOPER">Vision McMillan Partners (Jair Lynch Real Estate Partners / Trammell Crow Company)</SimpleData>
		<SimpleData name="PROJECTTYPE">Quality of Life</SimpleData>
		<SimpleData name="TYPE_SQFT">860000</SimpleData>
		<SimpleData name="ESTVALUEINMILLION">0</SimpleData>
		<SimpleData name="STATUS">Pipeline</SimpleData>
		<SimpleData name="LATITUDE">38.925951</SimpleData>
		<SimpleData name="LONGITUDE">-77.010179</SimpleData>
		<SimpleData name="REPORT_EDITION_YEAR">2024-2025</SimpleData>
		<SimpleData name="LAST_EDITED_USER">SDE</SimpleData>
		<SimpleData name="LAST_EDITED_DATE">2025/10/16 20:11:46+00</SimpleData>
		<SimpleData name="GLOBALID">{F3CDF474-EF4F-4DED-A7C6-2F19038BD753}</SimpleData>
	</SchemaData></ExtendedData>
  </Placemark>
  <Placemark>
	<ExtendedData><SchemaData schemaUrl="#DCDevelopment">
		<SimpleData name="OBJECTID">78</SimpleData>
		<SimpleData name="PROJECTNAME">DC Correctional Treatment Facility Annex</SimpleData>
		<SimpleData name="WARD">7</SimpleData>
		<SimpleData name="LOCATION">1901 D St. SE</SimpleData>
		<SimpleData name="DEVELOPER">Government of the District of Columbia</SimpleData>
		<SimpleData name="PROJECTTYPE">Quality of Life</SimpleData>
		<SimpleData name="TYPE_SQFT">473900</SimpleData>
		<SimpleData name="ESTVALUEINMILLION">477000000</SimpleData>
		<SimpleData name="ESTDELIVERY">2031-35</SimpleData>
		<SimpleData name="STATUS">Pipeline</SimpleData>
		<SimpleData name="LATITUDE">38.883047</SimpleData>
		<SimpleData name="LONGITUDE">-76.974837</SimpleData>
		<SimpleData name="REPORT_EDITION_YEAR">2024-2025</SimpleData>
		<SimpleData name="LAST_EDITED_USER">SDE</SimpleData>
		<SimpleData name="LAST_EDITED_DATE">2025/10/16 20:11:46+00</SimpleData>
		<SimpleData name="GLOBALID">{B39B52AD-F14A-4DC4-8CE1-F34D9703898F}</SimpleData>
	</SchemaData></ExtendedData>
  </Placemark>
  <Placemark>
	<ExtendedData><SchemaData schemaUrl="#DCDevelopment">
		<SimpleData name="OBJECTID">79</SimpleData>
		<SimpleData name="PROJECTNAME">Howard University Hospital</SimpleData>
		<SimpleData name="WARD">1</SimpleData>
		<SimpleData name="LOCATION">2041 Georgia Ave. NW</SimpleData>
		<SimpleData name="DEVELOPER">Howard University</SimpleData>
		<SimpleData name="PROJECTTYPE">Quality of Life</SimpleData>
		<SimpleData name="TYPE_SQFT">421800</SimpleData>
		<SimpleData name="ESTVALUEINMILLION">650000000</SimpleData>
		<SimpleData name="STATUS">Pipeline</SimpleData>
		<SimpleData name="LATITUDE">38.919871</SimpleData>
		<SimpleData name="LONGITUDE">-77.020055</SimpleData>
		<SimpleData name="REPORT_EDITION_YEAR">2024-2025</SimpleData>
		<SimpleData name="LAST_EDITED_USER">SDE</SimpleData>
		<SimpleData name="LAST_EDITED_DATE">2025/10/16 20:11:46+00</SimpleData>
		<SimpleData name="GLOBALID">{56A7F6ED-3C0E-4025-9E78-0AA472A2953B}</SimpleData>
	</SchemaData></ExtendedData>
  </Placemark>
  <Placemark>
	<ExtendedData><SchemaData schemaUrl="#DCDevelopment">
		<SimpleData name="OBJECTID">80</SimpleData>
		<SimpleData name="PROJECTNAME">National Research Center for Health Disparities</SimpleData>
		<SimpleData name="WARD">1</SimpleData>
		<SimpleData name="LOCATION">2300 Georgia Ave. NW</SimpleData>
		<SimpleData name="DEVELOPER">Howard University / Capstone Development / Quadrangle Development / EDENS</SimpleData>
		<SimpleData name="PROJECTTYPE">Quality of Life</SimpleData>
		<SimpleData name="TYPE_SQFT">378000</SimpleData>
		<SimpleData name="ESTVALUEINMILLION">215000000</SimpleData>
		<SimpleData name="STATUS">Pipeline</SimpleData>
		<SimpleData name="LATITUDE">38.920158</SimpleData>
		<SimpleData name="LONGITUDE">-77.022481</SimpleData>
		<SimpleData name="REPORT_EDITION_YEAR">2024-2025</SimpleData>
		<SimpleData name="LAST_EDITED_USER">SDE</SimpleData>
		<SimpleData name="LAST_EDITED_DATE">2025/10/16 20:11:46+00</SimpleData>
		<SimpleData name="GLOBALID">{22C6065C-9801-455E-9285-AA905E49AF00}</SimpleData>
	</SchemaData></ExtendedData>
  </Placemark>
  <Placemark>
	<ExtendedData><SchemaData schemaUrl="#DCDevelopment">
		<SimpleData name="OBJECTID">81</SimpleData>
		<SimpleData name="PROJECTNAME">Daniel Tsai Hall (New Law Building)</SimpleData>
		<SimpleData name="WARD">6</SimpleData>
		<SimpleData name="LOCATION">120 F St. NW</SimpleData>
		<SimpleData name="DEVELOPER">Georgetown University</SimpleData>
		<SimpleData name="PROJECTTYPE">Quality of Life</SimpleData>
		<SimpleData name="TYPE_SQFT">165000</SimpleData>
		<SimpleData name="ESTVALUEINMILLION">0</SimpleData>
		<SimpleData name="ESTDELIVERY">2028</SimpleData>
		<SimpleData name="STATUS">Pipeline</SimpleData>
		<SimpleData name="LATITUDE">38.896888</SimpleData>
		<SimpleData name="LONGITUDE">-77.013387</SimpleData>
		<SimpleData name="REPORT_EDITION_YEAR">2024-2025</SimpleData>
		<SimpleData name="LAST_EDITED_USER">SDE</SimpleData>
		<SimpleData name="LAST_EDITED_DATE">2025/10/16 20:11:46+00</SimpleData>
		<SimpleData name="GLOBALID">{E6E79AF7-58AA-4CCD-87E2-BD3241273846}</SimpleData>
	</SchemaData></ExtendedData>
  </Placemark>
  <Placemark>
	<ExtendedData><SchemaData schemaUrl="#DCDevelopment">
		<SimpleData name="OBJECTID">82</SimpleData>
		<SimpleData name="PROJECTNAME">Crummell Community Center</SimpleData>
		<SimpleData name="WARD">5</SimpleData>
		<SimpleData name="LOCATION">1900 Gallaudet St. NE</SimpleData>
		<SimpleData name="DEVELOPER">Department of General Services</SimpleData>
		<SimpleData name="PROJECTTYPE">Quality of Life</SimpleData>
		<SimpleData name="TYPE_SQFT">50000</SimpleData>
		<SimpleData name="ESTVALUEINMILLION">0</SimpleData>
		<SimpleData name="ESTDELIVERY">2027</SimpleData>
		<SimpleData name="STATUS">Pipeline</SimpleData>
		<SimpleData name="LATITUDE">38.913558</SimpleData>
		<SimpleData name="LONGITUDE">-76.986199</SimpleData>
		<SimpleData name="REPORT_EDITION_YEAR">2024-2025</SimpleData>
		<SimpleData name="LAST_EDITED_USER">SDE</SimpleData>
		<SimpleData name="LAST_EDITED_DATE">2025/10/16 20:11:46+00</SimpleData>
		<SimpleData name="GLOBALID">{5F380B5A-92ED-4E67-8FF9-BCBEC03E4C23}</SimpleData>
	</SchemaData></ExtendedData>
  </Placemark>
  <Placemark>
	<ExtendedData><SchemaData schemaUrl="#DCDevelopment">
		<SimpleData name="OBJECTID">83</SimpleData>
		<SimpleData name="PROJECTNAME">Jelleff Recreation Center</SimpleData>
		<SimpleData name="WARD">2</SimpleData>
		<SimpleData name="LOCATION">3265 S St. NW</SimpleData>
		<SimpleData name="DEVELOPER">Department of General Services / Department of Parks and Recreation</SimpleData>
		<SimpleData name="PROJECTTYPE">Quality of Life</SimpleData>
		<SimpleData name="TYPE_SQFT">25000</SimpleData>
		<SimpleData name="ESTVALUEINMILLION">28800000</SimpleData>
		<SimpleData name="ESTDELIVERY">2027</SimpleData>
		<SimpleData name="STATUS">Pipeline</SimpleData>
		<SimpleData name="LATITUDE">38.915607</SimpleData>
		<SimpleData name="LONGITUDE">-77.066145</SimpleData>
		<SimpleData name="REPORT_EDITION_YEAR">2024-2025</SimpleData>
		<SimpleData name="LAST_EDITED_USER">SDE</SimpleData>
		<SimpleData name="LAST_EDITED_DATE">2025/10/16 20:11:46+00</SimpleData>
		<SimpleData name="GLOBALID">{3E9F2B8C-BFEB-4368-9D8F-09317BD5568A}</SimpleData>
	</SchemaData></ExtendedData>
  </Placemark>
  <Placemark>
	<ExtendedData><SchemaData schemaUrl="#DCDevelopment">
		<SimpleData name="OBJECTID">84</SimpleData>
		<SimpleData name="PROJECTNAME">Ward 7 Emergency Department</SimpleData>
		<SimpleData name="WARD">7</SimpleData>
		<SimpleData name="LOCATION">Benning Rd. &amp; C St. NE</SimpleData>
		<SimpleData name="DEVELOPER">Universal Health Services</SimpleData>
		<SimpleData name="PROJECTTYPE">Quality of Life</SimpleData>
		<SimpleData name="TYPE_SQFT">10000</SimpleData>
		<SimpleData name="ESTVALUEINMILLION">23000000</SimpleData>
		<SimpleData name="ESTDELIVERY">2026</SimpleData>
		<SimpleData name="STATUS">Pipeline</SimpleData>
		<SimpleData name="LATITUDE">38.885588</SimpleData>
		<SimpleData name="LONGITUDE">-76.935223</SimpleData>
		<SimpleData name="REPORT_EDITION_YEAR">2024-2025</SimpleData>
		<SimpleData name="LAST_EDITED_USER">SDE</SimpleData>
		<SimpleData name="LAST_EDITED_DATE">2025/10/16 20:11:46+00</SimpleData>
		<SimpleData name="GLOBALID">{569FE833-4311-40D7-9350-A56C310EC08B}</SimpleData>
	</SchemaData></ExtendedData>
  </Placemark>
  <Placemark>
	<ExtendedData><SchemaData schemaUrl="#DCDevelopment">
		<SimpleData name="OBJECTID">85</SimpleData>
		<SimpleData name="PROJECTNAME">11th Street Bridge Park</SimpleData>
		<SimpleData name="WARD">8</SimpleData>
		<SimpleData name="LOCATION">11th Street Bridge</SimpleData>
		<SimpleData name="DEVELOPER">Building Bridges Across the River / DC Department of Transportation</SimpleData>
		<SimpleData name="PROJECTTYPE">Quality of Life</SimpleData>
		<SimpleData name="ESTVALUEINMILLION">92000000</SimpleData>
		<SimpleData name="ESTDELIVERY">2027</SimpleData>
		<SimpleData name="STATUS">Pipeline</SimpleData>
		<SimpleData name="LATITUDE">38.871298</SimpleData>
		<SimpleData name="LONGITUDE">-76.990471</SimpleData>
		<SimpleData name="REPORT_EDITION_YEAR">2024-2025</SimpleData>
		<SimpleData name="LAST_EDITED_USER">SDE</SimpleData>
		<SimpleData name="LAST_EDITED_DATE">2025/10/16 20:11:46+00</SimpleData>
		<SimpleData name="GLOBALID">{95B151A1-0E44-4C44-A252-9FE822CFE699}</SimpleData>
	</SchemaData></ExtendedData>
  </Placemark>
  <Placemark>
	<ExtendedData><SchemaData schemaUrl="#DCDevelopment">
		<SimpleData name="OBJECTID">86</SimpleData>
		<SimpleData name="PROJECTNAME">Cobb Park</SimpleData>
		<SimpleData name="WARD">6</SimpleData>
		<SimpleData name="LOCATION">200 H St. NW</SimpleData>
		<SimpleData name="DEVELOPER">Department of General Services / Department of Parks and Recreation</SimpleData>
		<SimpleData name="PROJECTTYPE">Quality of Life</SimpleData>
		<SimpleData name="ESTVALUEINMILLION">2100000</SimpleData>
		<SimpleData name="ESTDELIVERY">2025</SimpleData>
		<SimpleData name="STATUS">Pipeline</SimpleData>
		<SimpleData name="LATITUDE">38.899856</SimpleData>
		<SimpleData name="LONGITUDE">-77.014308</SimpleData>
		<SimpleData name="REPORT_EDITION_YEAR">2024-2025</SimpleData>
		<SimpleData name="LAST_EDITED_USER">SDE</SimpleData>
		<SimpleData name="LAST_EDITED_DATE">2025/10/16 20:11:46+00</SimpleData>
		<SimpleData name="GLOBALID">{0B220184-71CA-4DA2-B257-FD8EA4E51E24}</SimpleData>
	</SchemaData></ExtendedData>
  </Placemark>
  <Placemark>
	<ExtendedData><SchemaData schemaUrl="#DCDevelopment">
		<SimpleData name="OBJECTID">87</SimpleData>
		<SimpleData name="PROJECTNAME">Upton Place on Wisconsin</SimpleData>
		<SimpleData name="WARD">3</SimpleData>
		<SimpleData name="LOCATION">4000 Wisconsin Ave. NW &amp; 3990 Upton St. NW</SimpleData>
		<SimpleData name="DEVELOPER">Donohoe Development / AIMCO</SimpleData>
		<SimpleData name="PROJECTTYPE">Residential</SimpleData>
		<SimpleData name="TYPE_SQFT">748000</SimpleData>
		<SimpleData name="UNITS">689</SimpleData>
		<SimpleData name="UNIT_TYPE">R</SimpleData>
		<SimpleData name="ESTVALUEINMILLION">290000000</SimpleData>
		<SimpleData name="ESTDELIVERY">Q1 24</SimpleData>
		<SimpleData name="STATUS">Completed</SimpleData>
		<SimpleData name="LATITUDE">38.94169</SimpleData>
		<SimpleData name="LONGITUDE">-77.076897</SimpleData>
		<SimpleData name="REPORT_EDITION_YEAR">2024-2025</SimpleData>
		<SimpleData name="GLOBALID">{4CC08C72-7660-469C-A8B5-3ADD0B3A3FEC}</SimpleData>
	</SchemaData></ExtendedData>
  </Placemark>
  <Placemark>
	<ExtendedData><SchemaData schemaUrl="#DCDevelopment">
		<SimpleData name="OBJECTID">88</SimpleData>
		<SimpleData name="PROJECTNAME">Annex on 12th</SimpleData>
		<SimpleData name="WARD">6</SimpleData>
		<SimpleData name="LOCATION">300 12th St. SW</SimpleData>
		<SimpleData name="DEVELOPER">Carmel Partners</SimpleData>
		<SimpleData name="PROJECTTYPE">Residential</SimpleData>
		<SimpleData name="TYPE_SQFT">423000</SimpleData>
		<SimpleData name="UNITS">562</SimpleData>
		<SimpleData name="UNIT_TYPE">R</SimpleData>
		<SimpleData name="ESTVALUEINMILLION">0</SimpleData>
		<SimpleData name="ESTDELIVERY">Q4 24</SimpleData>
		<SimpleData name="STATUS">Completed</SimpleData>
		<SimpleData name="LATITUDE">38.885543</SimpleData>
		<SimpleData name="LONGITUDE">-77.027749</SimpleData>
		<SimpleData name="REPORT_EDITION_YEAR">2024-2025</SimpleData>
		<SimpleData name="GLOBALID">{CCBEFA29-7B2F-4D21-A697-2BCE2EBABCC4}</SimpleData>
	</SchemaData></ExtendedData>
  </Placemark>
  <Placemark>
	<ExtendedData><SchemaData schemaUrl="#DCDevelopment">
		<SimpleData name="OBJECTID">89</SimpleData>
		<SimpleData name="PROJECTNAME">Vermeer</SimpleData>
		<SimpleData name="WARD">6</SimpleData>
		<SimpleData name="LOCATION">113 Potomac Ave. SW</SimpleData>
		<SimpleData name="DEVELOPER">Toll Brothers</SimpleData>
		<SimpleData name="PROJECTTYPE">Residential</SimpleData>
		<SimpleData name="TYPE_SQFT">509000</SimpleData>
		<SimpleData name="UNITS">501</SimpleData>
		<SimpleData name="UNIT_TYPE">R</SimpleData>
		<SimpleData name="ESTVALUEINMILLION">259000000</SimpleData>
		<SimpleData name="ESTDELIVERY">Q4 24</SimpleData>
		<SimpleData name="STATUS">Completed</SimpleData>
		<SimpleData name="LATITUDE">38.870201</SimpleData>
		<SimpleData name="LONGITUDE">-77.011838</SimpleData>
		<SimpleData name="REPORT_EDITION_YEAR">2024-2025</SimpleData>
		<SimpleData name="GLOBALID">{0A32EC18-1546-47E1-B64A-018611CF4AC5}</SimpleData>
	</SchemaData></ExtendedData>
  </Placemark>
  <Placemark>
	<ExtendedData><SchemaData schemaUrl="#DCDevelopment">
		<SimpleData name="OBJECTID">90</SimpleData>
		<SimpleData name="PROJECTNAME">The Westerly</SimpleData>
		<SimpleData name="WARD">6</SimpleData>
		<SimpleData name="LOCATION">350 Maple Dr. SW</SimpleData>
		<SimpleData name="DEVELOPER">Hoffman &amp; Associates / Paramount Development Corp. / Affordable Housing Developers / CityPartners / DMPED</SimpleData>
		<SimpleData name="PROJECTTYPE">Residential</SimpleData>
		<SimpleData name="TYPE_SQFT">385000</SimpleData>
		<SimpleData name="UNITS">449</SimpleData>
		<SimpleData name="UNIT_TYPE">R</SimpleData>
		<SimpleData name="ESTVALUEINMILLION">179000000</SimpleData>
		<SimpleData name="ESTDELIVERY">Q1 24</SimpleData>
		<SimpleData name="STATUS">Completed</SimpleData>
		<SimpleData name="LATITUDE">38.878393</SimpleData>
		<SimpleData name="LONGITUDE">-77.017095</SimpleData>
		<SimpleData name="REPORT_EDITION_YEAR">2024-2025</SimpleData>
		<SimpleData name="GLOBALID">{5D8E6B22-FDA6-4CA9-BFBD-F27985FE6294}</SimpleData>
	</SchemaData></ExtendedData>
  </Placemark>
  <Placemark>
	<ExtendedData><SchemaData schemaUrl="#DCDevelopment">
		<SimpleData name="OBJECTID">91</SimpleData>
		<SimpleData name="PROJECTNAME">The Iris</SimpleData>
		<SimpleData name="WARD">6</SimpleData>
		<SimpleData name="LOCATION">1133 North Capitol St. NE</SimpleData>
		<SimpleData name="DEVELOPER">MRP Realty / Ares Capital Corp. / CSG Urban Partners / Taylor Adams Associates</SimpleData>
		<SimpleData name="PROJECTTYPE">Residential</SimpleData>
		<SimpleData name="TYPE_SQFT">360000</SimpleData>
		<SimpleData name="UNITS">430</SimpleData>
		<SimpleData name="UNIT_TYPE">R</SimpleData>
		<SimpleData name="ESTVALUEINMILLION">130000000</SimpleData>
		<SimpleData name="ESTDELIVERY">Q2 24</SimpleData>
		<SimpleData name="STATUS">Completed</SimpleData>
		<SimpleData name="LATITUDE">38.905188</SimpleData>
		<SimpleData name="LONGITUDE">-77.008606</SimpleData>
		<SimpleData name="REPORT_EDITION_YEAR">2024-2025</SimpleData>
		<SimpleData name="GLOBALID">{B1D86DDD-19D5-49DB-975B-289D4F5FE3EE}</SimpleData>
	</SchemaData></ExtendedData>
  </Placemark>
  <Placemark>
	<ExtendedData><SchemaData schemaUrl="#DCDevelopment">
		<SimpleData name="OBJECTID">92</SimpleData>
		<SimpleData name="PROJECTNAME">The Florian</SimpleData>
		<SimpleData name="WARD">5</SimpleData>
		<SimpleData name="LOCATION">1 Florida Ave. NE</SimpleData>
		<SimpleData name="DEVELOPER">Aria Development Group</SimpleData>
		<SimpleData name="PROJECTTYPE">Residential</SimpleData>
		<SimpleData name="TYPE_SQFT">300000</SimpleData>
		<SimpleData name="UNITS">388</SimpleData>
		<SimpleData name="UNIT_TYPE">R</SimpleData>
		<SimpleData name="ESTVALUEINMILLION">0</SimpleData>
		<SimpleData name="ESTDELIVERY">Q3 24</SimpleData>
		<SimpleData name="STATUS">Completed</SimpleData>
		<SimpleData name="LATITUDE">38.910237</SimpleData>
		<SimpleData name="LONGITUDE">-77.008394</SimpleData>
		<SimpleData name="REPORT_EDITION_YEAR">2024-2025</SimpleData>
		<SimpleData name="GLOBALID">{A474ABAA-4072-4F7F-A405-E07E179E4BD1}</SimpleData>
	</SchemaData></ExtendedData>
  </Placemark>
  <Placemark>
	<ExtendedData><SchemaData schemaUrl="#DCDevelopment">
		<SimpleData name="OBJECTID">93</SimpleData>
		<SimpleData name="PROJECTNAME">The Glade on Laurel</SimpleData>
		<SimpleData name="WARD">4</SimpleData>
		<SimpleData name="LOCATION">6896 Laurel St. NW</SimpleData>
		<SimpleData name="DEVELOPER">Douglas Development Corporation</SimpleData>
		<SimpleData name="PROJECTTYPE">Residential</SimpleData>
		<SimpleData name="TYPE_SQFT">267000</SimpleData>
		<SimpleData name="UNITS">353</SimpleData>
		<SimpleData name="UNIT_TYPE">R</SimpleData>
		<SimpleData name="ESTVALUEINMILLION">107000000</SimpleData>
		<SimpleData name="ESTDELIVERY">Q4 24</SimpleData>
		<SimpleData name="STATUS">Completed</SimpleData>
		<SimpleData name="LATITUDE">38.973759</SimpleData>
		<SimpleData name="LONGITUDE">-77.013442</SimpleData>
		<SimpleData name="REPORT_EDITION_YEAR">2024-2025</SimpleData>
		<SimpleData name="GLOBALID">{775D8240-258A-42C2-8913-430925A5EE26}</SimpleData>
	</SchemaData></ExtendedData>
  </Placemark>
  <Placemark>
	<ExtendedData><SchemaData schemaUrl="#DCDevelopment">
		<SimpleData name="OBJECTID">94</SimpleData>
		<SimpleData name="PROJECTNAME">Reynard at the Parks</SimpleData>
		<SimpleData name="WARD">4</SimpleData>
		<SimpleData name="LOCATION">1100 Dahlia St. NW</SimpleData>
		<SimpleData name="DEVELOPER">Urban Atlantic</SimpleData>
		<SimpleData name="PROJECTTYPE">Residential</SimpleData>
		<SimpleData name="TYPE_SQFT">300000</SimpleData>
		<SimpleData name="UNITS">345</SimpleData>
		<SimpleData name="UNIT_TYPE">R</SimpleData>
		<SimpleData name="ESTVALUEINMILLION">100000000</SimpleData>
		<SimpleData name="ESTDELIVERY">Q3 24</SimpleData>
		<SimpleData name="STATUS">Completed</SimpleData>
		<SimpleData name="LATITUDE">38.975099</SimpleData>
		<SimpleData name="LONGITUDE">-77.027261</SimpleData>
		<SimpleData name="REPORT_EDITION_YEAR">2024-2025</SimpleData>
		<SimpleData name="GLOBALID">{61A989B1-BA19-430F-A949-FA9890AE8536}</SimpleData>
	</SchemaData></ExtendedData>
  </Placemark>
  <Placemark>
	<ExtendedData><SchemaData schemaUrl="#DCDevelopment">
		<SimpleData name="OBJECTID">95</SimpleData>
		<SimpleData name="PROJECTNAME">J.Coopers Row</SimpleData>
		<SimpleData name="WARD">6</SimpleData>
		<SimpleData name="LOCATION">1319 South Capitol St. SW</SimpleData>
		<SimpleData name="DEVELOPER">Jefferson Apartment Group</SimpleData>
		<SimpleData name="PROJECTTYPE">Residential</SimpleData>
		<SimpleData name="TYPE_SQFT">270000</SimpleData>
		<SimpleData name="UNITS">320</SimpleData>
		<SimpleData name="UNIT_TYPE">R</SimpleData>
		<SimpleData name="ESTVALUEINMILLION">130000000</SimpleData>
		<SimpleData name="ESTDELIVERY">Q2 24</SimpleData>
		<SimpleData name="STATUS">Completed</SimpleData>
		<SimpleData name="LATITUDE">38.873874</SimpleData>
		<SimpleData name="LONGITUDE">-77.009523</SimpleData>
		<SimpleData name="REPORT_EDITION_YEAR">2024-2025</SimpleData>
		<SimpleData name="GLOBALID">{7C372963-49B2-4FE5-8317-EA7CD0329464}</SimpleData>
	</SchemaData></ExtendedData>
  </Placemark>
  <Placemark>
	<ExtendedData><SchemaData schemaUrl="#DCDevelopment">
		<SimpleData name="OBJECTID">96</SimpleData>
		<SimpleData name="PROJECTNAME">The Crosby</SimpleData>
		<SimpleData name="WARD">6</SimpleData>
		<SimpleData name="LOCATION">300 K St. NW</SimpleData>
		<SimpleData name="DEVELOPER">Quadrangle Development / The Wilkes Company</SimpleData>
		<SimpleData name="PROJECTTYPE">Residential</SimpleData>
		<SimpleData name="TYPE_SQFT">290900</SimpleData>
		<SimpleData name="UNITS">302</SimpleData>
		<SimpleData name="UNIT_TYPE">R</SimpleData>
		<SimpleData name="ESTVALUEINMILLION">160000000</SimpleData>
		<SimpleData name="ESTDELIVERY">Q2 24</SimpleData>
		<SimpleData name="STATUS">Completed</SimpleData>
		<SimpleData name="LATITUDE">38.902243</SimpleData>
		<SimpleData name="LONGITUDE">-77.015461</SimpleData>
		<SimpleData name="REPORT_EDITION_YEAR">2024-2025</SimpleData>
		<SimpleData name="GLOBALID">{97DC5FE7-BF89-4CED-9DC2-0D071E0DEE32}</SimpleData>
	</SchemaData></ExtendedData>
  </Placemark>
  <Placemark>
	<ExtendedData><SchemaData schemaUrl="#DCDevelopment">
		<SimpleData name="OBJECTID">97</SimpleData>
		<SimpleData name="PROJECTNAME">The Stacks (Phase I)</SimpleData>
		<SimpleData name="WARD">6</SimpleData>
		<SimpleData name="LOCATION">101 V St. SW</SimpleData>
		<SimpleData name="DEVELOPER">Akridge / National Real Estate Development</SimpleData>
		<SimpleData name="PROJECTTYPE">Residential</SimpleData>
		<SimpleData name="TYPE_SQFT">786000</SimpleData>
		<SimpleData name="UNITS">1100</SimpleData>
		<SimpleData name="UNIT_TYPE">R</SimpleData>
		<SimpleData name="ESTVALUEINMILLION">650000000</SimpleData>
		<SimpleData name="ESTDELIVERY">Q1 25</SimpleData>
		<SimpleData name="STATUS">Under Construction</SimpleData>
		<SimpleData name="LATITUDE">38.864802</SimpleData>
		<SimpleData name="LONGITUDE">-77.012899</SimpleData>
		<SimpleData name="REPORT_EDITION_YEAR">2024-2025</SimpleData>
		<SimpleData name="GLOBALID">{D235C228-E841-4914-A914-BEDBC31A8F88}</SimpleData>
	</SchemaData></ExtendedData>
  </Placemark>
  <Placemark>
	<ExtendedData><SchemaData schemaUrl="#DCDevelopment">
		<SimpleData name="OBJECTID">98</SimpleData>
		<SimpleData name="PROJECTNAME">Wardman Park Redevelopment</SimpleData>
		<SimpleData name="WARD">3</SimpleData>
		<SimpleData name="LOCATION">2650 Woodley Rd. NW</SimpleData>
		<SimpleData name="DEVELOPER">Carmel Partners</SimpleData>
		<SimpleData name="PROJECTTYPE">Residential</SimpleData>
		<SimpleData name="TYPE_SQFT">952000</SimpleData>
		<SimpleData name="UNITS">900</SimpleData>
		<SimpleData name="UNIT_TYPE">R</SimpleData>
		<SimpleData name="ESTVALUEINMILLION">500000000</SimpleData>
		<SimpleData name="ESTDELIVERY">2025</SimpleData>
		<SimpleData name="STATUS">Under Construction</SimpleData>
		<SimpleData name="LATITUDE">38.923894</SimpleData>
		<SimpleData name="LONGITUDE">-77.054587</SimpleData>
		<SimpleData name="REPORT_EDITION_YEAR">2024-2025</SimpleData>
		<SimpleData name="GLOBALID">{ED3861BB-CBFB-46DA-B66D-17478668034E}</SimpleData>
	</SchemaData></ExtendedData>
  </Placemark>
  <Placemark>
	<ExtendedData><SchemaData schemaUrl="#DCDevelopment">
		<SimpleData name="OBJECTID">99</SimpleData>
		<SimpleData name="PROJECTNAME">The Bridge District (Phase I)</SimpleData>
		<SimpleData name="WARD">8</SimpleData>
		<SimpleData name="LOCATION">632 Howard Rd. SE</SimpleData>
		<SimpleData name="DEVELOPER">Redbrick LMD</SimpleData>
		<SimpleData name="PROJECTTYPE">Residential</SimpleData>
		<SimpleData name="TYPE_SQFT">660000</SimpleData>
		<SimpleData name="UNITS">757</SimpleData>
		<SimpleData name="UNIT_TYPE">R</SimpleData>
		<SimpleData name="ESTVALUEINMILLION">350000000</SimpleData>
		<SimpleData name="ESTDELIVERY">Q1 25</SimpleData>
		<SimpleData name="STATUS">Under Construction</SimpleData>
		<SimpleData name="LATITUDE">38.86513</SimpleData>
		<SimpleData name="LONGITUDE">-77.000747</SimpleData>
		<SimpleData name="REPORT_EDITION_YEAR">2024-2025</SimpleData>
		<SimpleData name="GLOBALID">{5DB78A8A-1231-41F0-93AA-5435788B0DF2}</SimpleData>
	</SchemaData></ExtendedData>
  </Placemark>
  <Placemark>
	<ExtendedData><SchemaData schemaUrl="#DCDevelopment">
		<SimpleData name="OBJECTID">100</SimpleData>
		<SimpleData name="PROJECTNAME">Reservoir District</SimpleData>
		<SimpleData name="WARD">5</SimpleData>
		<SimpleData name="LOCATION">North Capitol St. &amp; Michigan Ave. NW</SimpleData>
		<SimpleData name="DEVELOPER">Vision McMillan Partners (Jair Lynch Real Estate Partners / Trammell Crow Company)</SimpleData>
		<SimpleData name="PROJECTTYPE">Residential</SimpleData>
		<SimpleData name="TYPE_SQFT">925000</SimpleData>
		<SimpleData name="UNITS">730</SimpleData>
		<SimpleData name="UNIT_TYPE">R/O</SimpleData>
		<SimpleData name="ESTVALUEINMILLION">720000000</SimpleData>
		<SimpleData name="ESTDELIVERY">2029</SimpleData>
		<SimpleData name="STATUS">Under Construction</SimpleData>
		<SimpleData name="LATITUDE">38.923912</SimpleData>
		<SimpleData name="LONGITUDE">-77.010582</SimpleData>
		<SimpleData name="REPORT_EDITION_YEAR">2024-2025</SimpleData>
		<SimpleData name="GLOBALID">{E68D04ED-B48B-42CC-A4F6-71DCB46A2A99}</SimpleData>
	</SchemaData></ExtendedData>
  </Placemark>
  <Placemark>
	<ExtendedData><SchemaData schemaUrl="#DCDevelopment">
		<SimpleData name="OBJECTID">101</SimpleData>
		<SimpleData name="PROJECTNAME">The Yards DC Urby</SimpleData>
		<SimpleData name="WARD">8</SimpleData>
		<SimpleData name="LOCATION">110 N St. SE</SimpleData>
		<SimpleData name="DEVELOPER">Brookfield Properties / Urby</SimpleData>
		<SimpleData name="PROJECTTYPE">Residential</SimpleData>
		<SimpleData name="TYPE_SQFT">354000</SimpleData>
		<SimpleData name="UNITS">466</SimpleData>
		<SimpleData name="UNIT_TYPE">R</SimpleData>
		<SimpleData name="ESTVALUEINMILLION">0</SimpleData>
		<SimpleData name="ESTDELIVERY">Q1 25</SimpleData>
		<SimpleData name="STATUS">Under Construction</SimpleData>
		<SimpleData name="LATITUDE">38.874279</SimpleData>
		<SimpleData name="LONGITUDE">-77.005206</SimpleData>
		<SimpleData name="REPORT_EDITION_YEAR">2024-2025</SimpleData>
		<SimpleData name="GLOBALID">{55B50422-C9D4-424E-9E06-B50AE72D7B27}</SimpleData>
	</SchemaData></ExtendedData>
  </Placemark>
  <Placemark>
	<ExtendedData><SchemaData schemaUrl="#DCDevelopment">
		<SimpleData name="OBJECTID">102</SimpleData>
		<SimpleData name="PROJECTNAME">Worthington Woods</SimpleData>
		<SimpleData name="WARD">8</SimpleData>
		<SimpleData name="LOCATION">4336-50 Livingstown Rd SE &amp; 4401-4550 3rd St. SE</SimpleData>
		<SimpleData name="DEVELOPER">Anacostia Economic Development Corporation / Montgomery Housing Partnership</SimpleData>
		<SimpleData name="PROJECTTYPE">Residential</SimpleData>
		<SimpleData name="TYPE_SQFT">235200</SimpleData>
		<SimpleData name="UNITS">394</SimpleData>
		<SimpleData name="UNIT_TYPE">R</SimpleData>
		<SimpleData name="ESTVALUEINMILLION">132000000</SimpleData>
		<SimpleData name="ESTDELIVERY">Q4 25</SimpleData>
		<SimpleData name="STATUS">Under Construction</SimpleData>
		<SimpleData name="LATITUDE">38.825025</SimpleData>
		<SimpleData name="LONGITUDE">-77.002211</SimpleData>
		<SimpleData name="REPORT_EDITION_YEAR">2024-2025</SimpleData>
		<SimpleData name="GLOBALID">{E7BF6D05-FD44-42C2-8033-F60AD9D4C564}</SimpleData>
	</SchemaData></ExtendedData>
  </Placemark>
  <Placemark>
	<ExtendedData><SchemaData schemaUrl="#DCDevelopment">
		<SimpleData name="OBJECTID">103</SimpleData>
		<SimpleData name="PROJECTNAME">Modera H Street</SimpleData>
		<SimpleData name="WARD">5</SimpleData>
		<SimpleData name="LOCATION">801 17th St. NE</SimpleData>
		<SimpleData name="DEVELOPER">Mill Creek Residential Trust / Bridge Investment Group / BNY Mellon</SimpleData>
		<SimpleData name="PROJECTTYPE">Residential</SimpleData>
		<SimpleData name="TYPE_SQFT">243750</SimpleData>
		<SimpleData name="UNITS">325</SimpleData>
		<SimpleData name="UNIT_TYPE">R</SimpleData>
		<SimpleData name="ESTVALUEINMILLION">0</SimpleData>
		<SimpleData name="ESTDELIVERY">Q1 25</SimpleData>
		<SimpleData name="STATUS">Under Construction</SimpleData>
		<SimpleData name="LATITUDE">38.900763</SimpleData>
		<SimpleData name="LONGITUDE">-76.97813</SimpleData>
		<SimpleData name="REPORT_EDITION_YEAR">2024-2025</SimpleData>
		<SimpleData name="GLOBALID">{56A0D04F-B499-41B8-9DC0-09C63BA5ADB1}</SimpleData>
	</SchemaData></ExtendedData>
  </Placemark>
  <Placemark>
	<ExtendedData><SchemaData schemaUrl="#DCDevelopment">
		<SimpleData name="OBJECTID">104</SimpleData>
		<SimpleData name="PROJECTNAME">Residences at Mazza</SimpleData>
		<SimpleData name="WARD">3</SimpleData>
		<SimpleData name="LOCATION">5300 Wisconsin Ave. NW</SimpleData>
		<SimpleData name="DEVELOPER">Tishman Speyer</SimpleData>
		<SimpleData name="PROJECTTYPE">Residential</SimpleData>
		<SimpleData name="TYPE_SQFT">243750</SimpleData>
		<SimpleData name="UNITS">321</SimpleData>
		<SimpleData name="UNIT_TYPE">R</SimpleData>
		<SimpleData name="ESTVALUEINMILLION">150000000</SimpleData>
		<SimpleData name="ESTDELIVERY">Q2 25</SimpleData>
		<SimpleData name="STATUS">Under Construction</SimpleData>
		<SimpleData name="LATITUDE">38.959718</SimpleData>
		<SimpleData name="LONGITUDE">-77.085767</SimpleData>
		<SimpleData name="REPORT_EDITION_YEAR">2024-2025</SimpleData>
		<SimpleData name="GLOBALID">{35D84907-26E6-4DFA-BFC9-7226681A754C}</SimpleData>
	</SchemaData></ExtendedData>
  </Placemark>
  <Placemark>
	<ExtendedData><SchemaData schemaUrl="#DCDevelopment">
		<SimpleData name="OBJECTID">105</SimpleData>
		<SimpleData name="PROJECTNAME">1125 15th Street</SimpleData>
		<SimpleData name="WARD">2</SimpleData>
		<SimpleData name="LOCATION">1125 15th St. NW</SimpleData>
		<SimpleData name="DEVELOPER">Willow Bridge Property Company </SimpleData>
		<SimpleData name="PROJECTTYPE">Residential</SimpleData>
		<SimpleData name="TYPE_SQFT">267900</SimpleData>
		<SimpleData name="UNITS">264</SimpleData>
		<SimpleData name="UNIT_TYPE">R</SimpleData>
		<SimpleData name="ESTVALUEINMILLION">199570000</SimpleData>
		<SimpleData name="ESTDELIVERY">Q1 26</SimpleData>
		<SimpleData name="STATUS">Under Construction</SimpleData>
		<SimpleData name="LATITUDE">38.904469</SimpleData>
		<SimpleData name="LONGITUDE">-77.034104</SimpleData>
		<SimpleData name="REPORT_EDITION_YEAR">2024-2025</SimpleData>
		<SimpleData name="GLOBALID">{85BA57E7-E893-456D-A452-69F8D4AE544C}</SimpleData>
	</SchemaData></ExtendedData>
  </Placemark>
  <Placemark>
	<ExtendedData><SchemaData schemaUrl="#DCDevelopment">
		<SimpleData name="OBJECTID">106</SimpleData>
		<SimpleData name="PROJECTNAME">Edgewood 611</SimpleData>
		<SimpleData name="WARD">5</SimpleData>
		<SimpleData name="LOCATION">611 Edgewood Terrace NE</SimpleData>
		<SimpleData name="DEVELOPER">Enterprise</SimpleData>
		<SimpleData name="PROJECTTYPE">Residential</SimpleData>
		<SimpleData name="TYPE_SQFT">156000</SimpleData>
		<SimpleData name="UNITS">258</SimpleData>
		<SimpleData name="UNIT_TYPE">R</SimpleData>
		<SimpleData name="ESTVALUEINMILLION">121000000</SimpleData>
		<SimpleData name="ESTDELIVERY">Q3 25</SimpleData>
		<SimpleData name="STATUS">Under Construction</SimpleData>
		<SimpleData name="LATITUDE">38.923115</SimpleData>
		<SimpleData name="LONGITUDE">-76.997877</SimpleData>
		<SimpleData name="REPORT_EDITION_YEAR">2024-2025</SimpleData>
		<SimpleData name="GLOBALID">{8DC114FA-6FF1-4758-95A9-06CA9EDBE807}</SimpleData>
	</SchemaData></ExtendedData>
  </Placemark>
  <Placemark>
	<ExtendedData><SchemaData schemaUrl="#DCDevelopment">
		<SimpleData name="OBJECTID">107</SimpleData>
		<SimpleData name="PROJECTNAME">Reservation 13 (Bundle 1)</SimpleData>
		<SimpleData name="WARD">7</SimpleData>
		<SimpleData name="LOCATION">19th St. Massachusetts Ave. Independence Ave. SE</SimpleData>
		<SimpleData name="DEVELOPER">Donatelli Development / Blue Skye Development &amp; Construction</SimpleData>
		<SimpleData name="PROJECTTYPE">Residential</SimpleData>
		<SimpleData name="TYPE_SQFT">1036500</SimpleData>
		<SimpleData name="UNITS">1000</SimpleData>
		<SimpleData name="UNIT_TYPE">R/O</SimpleData>
		<SimpleData name="ESTVALUEINMILLION">700000000</SimpleData>
		<SimpleData name="ESTDELIVERY">2033</SimpleData>
		<SimpleData name="STATUS">Pipeline</SimpleData>
		<SimpleData name="LATITUDE">38.886176</SimpleData>
		<SimpleData name="LONGITUDE">-76.97539</SimpleData>
		<SimpleData name="REPORT_EDITION_YEAR">2024-2025</SimpleData>
		<SimpleData name="GLOBALID">{B01A9B1A-6D0C-423B-AE09-69388694AEC3}</SimpleData>
	</SchemaData></ExtendedData>
  </Placemark>
  <Placemark>
	<ExtendedData><SchemaData schemaUrl="#DCDevelopment">
		<SimpleData name="OBJECTID">108</SimpleData>
		<SimpleData name="PROJECTNAME">Fletcher Johnson @ The Park</SimpleData>
		<SimpleData name="WARD">7</SimpleData>
		<SimpleData name="LOCATION">4650 Benning Rd. SE</SimpleData>
		<SimpleData name="DEVELOPER">Gragg Cardona Partners / Marshall Heights CDO / Foundation Housing / H2 Design Build</SimpleData>
		<SimpleData name="PROJECTTYPE">Residential</SimpleData>
		<SimpleData name="TYPE_SQFT">793000</SimpleData>
		<SimpleData name="UNITS">879</SimpleData>
		<SimpleData name="UNIT_TYPE">R/O</SimpleData>
		<SimpleData name="ESTVALUEINMILLION">400000000</SimpleData>
		<SimpleData name="STATUS">Pipeline</SimpleData>
		<SimpleData name="LATITUDE">38.883961</SimpleData>
		<SimpleData name="LONGITUDE">-76.933812</SimpleData>
		<SimpleData name="REPORT_EDITION_YEAR">2024-2025</SimpleData>
		<SimpleData name="GLOBALID">{BEA4A57B-04A4-4DEF-AA3F-941263B2A1BC}</SimpleData>
	</SchemaData></ExtendedData>
  </Placemark>
  <Placemark>
	<ExtendedData><SchemaData schemaUrl="#DCDevelopment">
		<SimpleData name="OBJECTID">109</SimpleData>
		<SimpleData name="PROJECTNAME">East River Park (Northeast Heights - East Parcels)</SimpleData>
		<SimpleData name="WARD">7</SimpleData>
		<SimpleData name="LOCATION">Minnesota Ave. &amp; Benning Rd. NE</SimpleData>
		<SimpleData name="DEVELOPER">Standard Real Estate Investments</SimpleData>
		<SimpleData name="PROJECTTYPE">Residential</SimpleData>
		<SimpleData name="TYPE_SQFT">724000</SimpleData>
		<SimpleData name="UNITS">855</SimpleData>
		<SimpleData name="UNIT_TYPE">R</SimpleData>
		<SimpleData name="ESTVALUEINMILLION">325000000</SimpleData>
		<SimpleData name="ESTDELIVERY">2027</SimpleData>
		<SimpleData name="STATUS">Pipeline</SimpleData>
		<SimpleData name="LATITUDE">38.893692</SimpleData>
		<SimpleData name="LONGITUDE">-76.948405</SimpleData>
		<SimpleData name="REPORT_EDITION_YEAR">2024-2025</SimpleData>
		<SimpleData name="GLOBALID">{2CE4DD81-3D10-4F6F-BC1E-876001AADC9E}</SimpleData>
	</SchemaData></ExtendedData>
  </Placemark>
  <Placemark>
	<ExtendedData><SchemaData schemaUrl="#DCDevelopment">
		<SimpleData name="OBJECTID">110</SimpleData>
		<SimpleData name="PROJECTNAME">Martin's View Redevelopment</SimpleData>
		<SimpleData name="WARD">8</SimpleData>
		<SimpleData name="LOCATION">4337 – 4347 Martin Luther King Jr. Ave. SW; 4353 – 4363 Martin Luther King Jr Ave. SW; 201 – 211 Elmira St. SW; 200 – 210 Elmira St. SW</SimpleData>
		<SimpleData name="DEVELOPER">Kaye Stern Properties / Bensahel Capital</SimpleData>
		<SimpleData name="PROJECTTYPE">Residential</SimpleData>
		<SimpleData name="TYPE_SQFT">554000</SimpleData>
		<SimpleData name="UNITS">821</SimpleData>
		<SimpleData name="UNIT_TYPE">R</SimpleData>
		<SimpleData name="ESTVALUEINMILLION">0</SimpleData>
		<SimpleData name="ESTDELIVERY">2030</SimpleData>
		<SimpleData name="STATUS">Pipeline</SimpleData>
		<SimpleData name="LATITUDE">38.826372</SimpleData>
		<SimpleData name="LONGITUDE">-77.013443</SimpleData>
		<SimpleData name="REPORT_EDITION_YEAR">2024-2025</SimpleData>
		<SimpleData name="GLOBALID">{4B818A99-3D62-4E23-BDBF-0D9ACEBA6468}</SimpleData>
	</SchemaData></ExtendedData>
  </Placemark>
  <Placemark>
	<ExtendedData><SchemaData schemaUrl="#DCDevelopment">
		<SimpleData name="OBJECTID">111</SimpleData>
		<SimpleData name="PROJECTNAME">2 Patterson Street</SimpleData>
		<SimpleData name="WARD">6</SimpleData>
		<SimpleData name="LOCATION">2 Patterson St. NE</SimpleData>
		<SimpleData name="DEVELOPER">Monument Realty / Morningstar Community Development / Community Housing Partners</SimpleData>
		<SimpleData name="PROJECTTYPE">Residential</SimpleData>
		<SimpleData name="TYPE_SQFT">435000</SimpleData>
		<SimpleData name="UNITS">660</SimpleData>
		<SimpleData name="UNIT_TYPE">R</SimpleData>
		<SimpleData name="ESTVALUEINMILLION">0</SimpleData>
		<SimpleData name="ESTDELIVERY">2028</SimpleData>
		<SimpleData name="STATUS">Pipeline</SimpleData>
		<SimpleData name="LATITUDE">38.90682</SimpleData>
		<SimpleData name="LONGITUDE">-77.008519</SimpleData>
		<SimpleData name="REPORT_EDITION_YEAR">2024-2025</SimpleData>
		<SimpleData name="GLOBALID">{D47EBA3A-B36F-41CD-948B-15E1DF354886}</SimpleData>
	</SchemaData></ExtendedData>
  </Placemark>
  <Placemark>
	<ExtendedData><SchemaData schemaUrl="#DCDevelopment">
		<SimpleData name="OBJECTID">112</SimpleData>
		<SimpleData name="PROJECTNAME">The Bridge District (Phase II)</SimpleData>
		<SimpleData name="WARD">8</SimpleData>
		<SimpleData name="LOCATION">633 Howard Rd. SE</SimpleData>
		<SimpleData name="DEVELOPER">Redbrick LMD</SimpleData>
		<SimpleData name="PROJECTTYPE">Residential</SimpleData>
		<SimpleData name="TYPE_SQFT">520000</SimpleData>
		<SimpleData name="UNITS">645</SimpleData>
		<SimpleData name="UNIT_TYPE">R</SimpleData>
		<SimpleData name="ESTVALUEINMILLION">0</SimpleData>
		<SimpleData name="ESTDELIVERY">2028</SimpleData>
		<SimpleData name="STATUS">Pipeline</SimpleData>
		<SimpleData name="LATITUDE">38.864632</SimpleData>
		<SimpleData name="LONGITUDE">-77.000789</SimpleData>
		<SimpleData name="REPORT_EDITION_YEAR">2024-2025</SimpleData>
		<SimpleData name="GLOBALID">{74F001F1-E218-4B03-A51D-0DBAC2F47B85}</SimpleData>
	</SchemaData></ExtendedData>
  </Placemark>
  <Placemark>
	<ExtendedData><SchemaData schemaUrl="#DCDevelopment">
		<SimpleData name="OBJECTID">113</SimpleData>
		<SimpleData name="PROJECTNAME">1001 6th Street</SimpleData>
		<SimpleData name="WARD">6</SimpleData>
		<SimpleData name="LOCATION">1001 6th St. NW / 501 K St. NW</SimpleData>
		<SimpleData name="DEVELOPER">BXP / Steuart Investment Company</SimpleData>
		<SimpleData name="PROJECTTYPE">Residential</SimpleData>
		<SimpleData name="TYPE_SQFT">500000</SimpleData>
		<SimpleData name="UNITS">539</SimpleData>
		<SimpleData name="UNIT_TYPE">R</SimpleData>
		<SimpleData name="ESTVALUEINMILLION">0</SimpleData>
		<SimpleData name="ESTDELIVERY">2028</SimpleData>
		<SimpleData name="STATUS">Pipeline</SimpleData>
		<SimpleData name="LATITUDE">38.902785</SimpleData>
		<SimpleData name="LONGITUDE">-77.019434</SimpleData>
		<SimpleData name="REPORT_EDITION_YEAR">2024-2025</SimpleData>
		<SimpleData name="GLOBALID">{C01F21B4-7134-42C0-88F5-B5A8DFE918AA}</SimpleData>
	</SchemaData></ExtendedData>
  </Placemark>
  <Placemark>
	<ExtendedData><SchemaData schemaUrl="#DCDevelopment">
		<SimpleData name="OBJECTID">114</SimpleData>
		<SimpleData name="PROJECTNAME">The Geneva</SimpleData>
		<SimpleData name="WARD">2</SimpleData>
		<SimpleData name="LOCATION">1825 &amp; 1875 Connecticut Ave. NW</SimpleData>
		<SimpleData name="DEVELOPER">Post Brothers</SimpleData>
		<SimpleData name="PROJECTTYPE">Residential</SimpleData>
		<SimpleData name="TYPE_SQFT">875500</SimpleData>
		<SimpleData name="UNITS">525</SimpleData>
		<SimpleData name="UNIT_TYPE">R</SimpleData>
		<SimpleData name="ESTVALUEINMILLION">700000000</SimpleData>
		<SimpleData name="ESTDELIVERY">2028</SimpleData>
		<SimpleData name="STATUS">Pipeline</SimpleData>
		<SimpleData name="LATITUDE">38.915103</SimpleData>
		<SimpleData name="LONGITUDE">-77.045721</SimpleData>
		<SimpleData name="REPORT_EDITION_YEAR">2024-2025</SimpleData>
		<SimpleData name="GLOBALID">{841F8098-AF03-4D69-889A-707C85D91D29}</SimpleData>
	</SchemaData></ExtendedData>
  </Placemark>
  <Placemark>
	<ExtendedData><SchemaData schemaUrl="#DCDevelopment">
		<SimpleData name="OBJECTID">115</SimpleData>
		<SimpleData name="PROJECTNAME">850 South Capitol Street</SimpleData>
		<SimpleData name="WARD">6</SimpleData>
		<SimpleData name="LOCATION">850 South Capitol St. SE</SimpleData>
		<SimpleData name="DEVELOPER">WC Smith</SimpleData>
		<SimpleData name="PROJECTTYPE">Residential</SimpleData>
		<SimpleData name="TYPE_SQFT">540400</SimpleData>
		<SimpleData name="UNITS">520</SimpleData>
		<SimpleData name="UNIT_TYPE">R</SimpleData>
		<SimpleData name="ESTVALUEINMILLION">260000000</SimpleData>
		<SimpleData name="ESTDELIVERY">2030</SimpleData>
		<SimpleData name="STATUS">Pipeline</SimpleData>
		<SimpleData name="LATITUDE">38.880557</SimpleData>
		<SimpleData name="LONGITUDE">-77.008179</SimpleData>
		<SimpleData name="REPORT_EDITION_YEAR">2024-2025</SimpleData>
		<SimpleData name="GLOBALID">{D6319258-F7F8-454A-A23C-D38694EE4F08}</SimpleData>
	</SchemaData></ExtendedData>
  </Placemark>
  <Placemark>
	<ExtendedData><SchemaData schemaUrl="#DCDevelopment">
		<SimpleData name="OBJECTID">116</SimpleData>
		<SimpleData name="PROJECTNAME">450 5th Street</SimpleData>
		<SimpleData name="WARD">2</SimpleData>
		<SimpleData name="LOCATION">450 5th St. NW</SimpleData>
		<SimpleData name="DEVELOPER">The Georgetown Company</SimpleData>
		<SimpleData name="PROJECTTYPE">Residential</SimpleData>
		<SimpleData name="TYPE_SQFT">385000</SimpleData>
		<SimpleData name="UNITS">500</SimpleData>
		<SimpleData name="UNIT_TYPE">R</SimpleData>
		<SimpleData name="ESTVALUEINMILLION">0</SimpleData>
		<SimpleData name="STATUS">Pipeline</SimpleData>
		<SimpleData name="LATITUDE">38.895608</SimpleData>
		<SimpleData name="LONGITUDE">-77.019298</SimpleData>
		<SimpleData name="REPORT_EDITION_YEAR">2024-2025</SimpleData>
		<SimpleData name="GLOBALID">{0518DC18-3AA6-4198-A899-257650B98C38}</SimpleData>
	</SchemaData></ExtendedData>
  </Placemark>
  <Placemark>
	<ExtendedData><SchemaData schemaUrl="#DCDevelopment">
		<SimpleData name="OBJECTID">117</SimpleData>
		<SimpleData name="PROJECTNAME">Salamander Washington D.C.</SimpleData>
		<SimpleData name="WARD">6</SimpleData>
		<SimpleData name="LOCATION">1330 Maryland Ave. SW</SimpleData>
		<SimpleData name="DEVELOPER">Salamander Resort &amp; Hotel</SimpleData>
		<SimpleData name="PROJECTTYPE">Hospitality</SimpleData>
		<SimpleData name="TYPE_SQFT">424000</SimpleData>
		<SimpleData name="UNITS">373</SimpleData>
		<SimpleData name="UNIT_TYPE">H</SimpleData>
		<SimpleData name="ESTVALUEINMILLION">35000000</SimpleData>
		<SimpleData name="ESTDELIVERY">Q4 24</SimpleData>
		<SimpleData name="STATUS">Completed</SimpleData>
		<SimpleData name="LATITUDE">38.883602</SimpleData>
		<SimpleData name="LONGITUDE">-77.030449</SimpleData>
		<SimpleData name="REPORT_EDITION_YEAR">2024-2025</SimpleData>
		<SimpleData name="GLOBALID">{C63DFCD4-9391-4D2A-9650-4751DA325852}</SimpleData>
	</SchemaData></ExtendedData>
  </Placemark>
  <Placemark>
	<ExtendedData><SchemaData schemaUrl="#DCDevelopment">
		<SimpleData name="OBJECTID">118</SimpleData>
		<SimpleData name="PROJECTNAME">Arlo DC</SimpleData>
		<SimpleData name="WARD">6</SimpleData>
		<SimpleData name="LOCATION">333 G St. &amp; 704 3rd St. NW</SimpleData>
		<SimpleData name="DEVELOPER">Quadrum Global</SimpleData>
		<SimpleData name="PROJECTTYPE">Hospitality</SimpleData>
		<SimpleData name="TYPE_SQFT">235600</SimpleData>
		<SimpleData name="UNITS">445</SimpleData>
		<SimpleData name="UNIT_TYPE">H</SimpleData>
		<SimpleData name="ESTVALUEINMILLION">0</SimpleData>
		<SimpleData name="ESTDELIVERY">Q4 24</SimpleData>
		<SimpleData name="STATUS">Completed</SimpleData>
		<SimpleData name="LATITUDE">38.898462</SimpleData>
		<SimpleData name="LONGITUDE">-77.015552</SimpleData>
		<SimpleData name="REPORT_EDITION_YEAR">2024-2025</SimpleData>
		<SimpleData name="GLOBALID">{9C7F3C6A-FB42-40B1-828B-00BDFE273C2D}</SimpleData>
	</SchemaData></ExtendedData>
  </Placemark>
  <Placemark>
	<ExtendedData><SchemaData schemaUrl="#DCDevelopment">
		<SimpleData name="OBJECTID">119</SimpleData>
		<SimpleData name="PROJECTNAME">Hotel AKA Washington Circle</SimpleData>
		<SimpleData name="WARD">2</SimpleData>
		<SimpleData name="LOCATION">1 Washington Circle NW</SimpleData>
		<SimpleData name="DEVELOPER">Electra America Hospitality Group</SimpleData>
		<SimpleData name="PROJECTTYPE">Hospitality</SimpleData>
		<SimpleData name="TYPE_SQFT">80000</SimpleData>
		<SimpleData name="UNITS">151</SimpleData>
		<SimpleData name="UNIT_TYPE">H</SimpleData>
		<SimpleData name="ESTVALUEINMILLION">30000000</SimpleData>
		<SimpleData name="ESTDELIVERY">Q2 24</SimpleData>
		<SimpleData name="STATUS">Completed</SimpleData>
		<SimpleData name="LATITUDE">38.903398</SimpleData>
		<SimpleData name="LONGITUDE">-77.049772</SimpleData>
		<SimpleData name="REPORT_EDITION_YEAR">2024-2025</SimpleData>
		<SimpleData name="GLOBALID">{FA4A680B-D909-4828-9349-68175D7EC9D3}</SimpleData>
	</SchemaData></ExtendedData>
  </Placemark>
  <Placemark>
	<ExtendedData><SchemaData schemaUrl="#DCDevelopment">
		<SimpleData name="OBJECTID">120</SimpleData>
		<SimpleData name="PROJECTNAME">Folger Shakespeare Library North Hall</SimpleData>
		<SimpleData name="WARD">6</SimpleData>
		<SimpleData name="LOCATION">201 East Capitol St. SE</SimpleData>
		<SimpleData name="DEVELOPER">Folger Shakespeare Library / JFW</SimpleData>
		<SimpleData name="PROJECTTYPE">Hospitality</SimpleData>
		<SimpleData name="TYPE_SQFT">12000</SimpleData>
		<SimpleData name="ESTVALUEINMILLION">80500000</SimpleData>
		<SimpleData name="ESTDELIVERY">Q2 24</SimpleData>
		<SimpleData name="STATUS">Completed</SimpleData>
		<SimpleData name="LATITUDE">38.889433</SimpleData>
		<SimpleData name="LONGITUDE">-77.002768</SimpleData>
		<SimpleData name="REPORT_EDITION_YEAR">2024-2025</SimpleData>
		<SimpleData name="GLOBALID">{B9101169-788F-4DBF-A55C-8E6D6B741790}</SimpleData>
	</SchemaData></ExtendedData>
  </Placemark>
  <Placemark>
	<ExtendedData><SchemaData schemaUrl="#DCDevelopment">
		<SimpleData name="OBJECTID">121</SimpleData>
		<SimpleData name="PROJECTNAME">The Westerly</SimpleData>
		<SimpleData name="WARD">6</SimpleData>
		<SimpleData name="LOCATION">350 Maple Drive SW</SimpleData>
		<SimpleData name="DEVELOPER">Hoffman &amp; Associates / Paramount Development Corp. / Affordable Housing Developers / CityPartners / DMPED</SimpleData>
		<SimpleData name="PROJECTTYPE">Hospitality</SimpleData>
		<SimpleData name="TYPE_SQFT">9283</SimpleData>
		<SimpleData name="ESTVALUEINMILLION">179000000</SimpleData>
		<SimpleData name="ESTDELIVERY">Q1 24</SimpleData>
		<SimpleData name="STATUS">Completed</SimpleData>
		<SimpleData name="LATITUDE">38.878393</SimpleData>
		<SimpleData name="LONGITUDE">-77.017095</SimpleData>
		<SimpleData name="REPORT_EDITION_YEAR">2024-2025</SimpleData>
		<SimpleData name="GLOBALID">{5BE53940-94A3-4916-8A34-9FEA90CEE915}</SimpleData>
	</SchemaData></ExtendedData>
  </Placemark>
  <Placemark>
	<ExtendedData><SchemaData schemaUrl="#DCDevelopment">
		<SimpleData name="OBJECTID">122</SimpleData>
		<SimpleData name="PROJECTNAME">Grand Hyatt Renovation</SimpleData>
		<SimpleData name="WARD">2</SimpleData>
		<SimpleData name="LOCATION">1000 H St. NW</SimpleData>
		<SimpleData name="DEVELOPER">Host Hotels &amp; Resorts</SimpleData>
		<SimpleData name="PROJECTTYPE">Hospitality</SimpleData>
		<SimpleData name="UNITS">902</SimpleData>
		<SimpleData name="UNIT_TYPE">H</SimpleData>
		<SimpleData name="ESTVALUEINMILLION">27000000</SimpleData>
		<SimpleData name="ESTDELIVERY">Q4 24</SimpleData>
		<SimpleData name="STATUS">Completed</SimpleData>
		<SimpleData name="LATITUDE">38.899341</SimpleData>
		<SimpleData name="LONGITUDE">-77.026488</SimpleData>
		<SimpleData name="REPORT_EDITION_YEAR">2024-2025</SimpleData>
		<SimpleData name="GLOBALID">{3DDBEAD2-1A94-4C28-8B68-3029E6F50CB7}</SimpleData>
	</SchemaData></ExtendedData>
  </Placemark>
  <Placemark>
	<ExtendedData><SchemaData schemaUrl="#DCDevelopment">
		<SimpleData name="OBJECTID">123</SimpleData>
		<SimpleData name="PROJECTNAME">Capital Hilton Renovation</SimpleData>
		<SimpleData name="WARD">2</SimpleData>
		<SimpleData name="LOCATION">1001 16th St. NW</SimpleData>
		<SimpleData name="DEVELOPER">Ashford Hospitality Trust</SimpleData>
		<SimpleData name="PROJECTTYPE">Hospitality</SimpleData>
		<SimpleData name="UNITS">559</SimpleData>
		<SimpleData name="UNIT_TYPE">H</SimpleData>
		<SimpleData name="ESTVALUEINMILLION">0</SimpleData>
		<SimpleData name="ESTDELIVERY">Q1 24</SimpleData>
		<SimpleData name="STATUS">Completed</SimpleData>
		<SimpleData name="LATITUDE">38.90317</SimpleData>
		<SimpleData name="LONGITUDE">-77.035928</SimpleData>
		<SimpleData name="REPORT_EDITION_YEAR">2024-2025</SimpleData>
		<SimpleData name="GLOBALID">{64031AC0-1A94-4B69-BEB1-A870395301C5}</SimpleData>
	</SchemaData></ExtendedData>
  </Placemark>
  <Placemark>
	<ExtendedData><SchemaData schemaUrl="#DCDevelopment">
		<SimpleData name="OBJECTID">124</SimpleData>
		<SimpleData name="PROJECTNAME">Le Meridien Madison</SimpleData>
		<SimpleData name="WARD">2</SimpleData>
		<SimpleData name="LOCATION">1177 15th St. NW</SimpleData>
		<SimpleData name="DEVELOPER">Crescent Real Estate</SimpleData>
		<SimpleData name="PROJECTTYPE">Hospitality</SimpleData>
		<SimpleData name="UNITS">356</SimpleData>
		<SimpleData name="UNIT_TYPE">H</SimpleData>
		<SimpleData name="ESTVALUEINMILLION">15000000</SimpleData>
		<SimpleData name="ESTDELIVERY">Q3 24</SimpleData>
		<SimpleData name="STATUS">Completed</SimpleData>
		<SimpleData name="LATITUDE">38.905379</SimpleData>
		<SimpleData name="LONGITUDE">-77.034097</SimpleData>
		<SimpleData name="REPORT_EDITION_YEAR">2024-2025</SimpleData>
		<SimpleData name="GLOBALID">{BD34115A-DE8D-44AF-B111-3F4E3B97661C}</SimpleData>
	</SchemaData></ExtendedData>
  </Placemark>
  <Placemark>
	<ExtendedData><SchemaData schemaUrl="#DCDevelopment">
		<SimpleData name="OBJECTID">125</SimpleData>
		<SimpleData name="PROJECTNAME">Four Seasons Hotel Renovation</SimpleData>
		<SimpleData name="WARD">2</SimpleData>
		<SimpleData name="LOCATION">2800 Pennsylvania Ave. NW</SimpleData>
		<SimpleData name="DEVELOPER">Strategic Hotels &amp; Resorts</SimpleData>
		<SimpleData name="PROJECTTYPE">Hospitality</SimpleData>
		<SimpleData name="UNITS">63</SimpleData>
		<SimpleData name="UNIT_TYPE">H</SimpleData>
		<SimpleData name="ESTVALUEINMILLION">20000000</SimpleData>
		<SimpleData name="ESTDELIVERY">Q4 24</SimpleData>
		<SimpleData name="STATUS">Completed</SimpleData>
		<SimpleData name="LATITUDE">38.90445</SimpleData>
		<SimpleData name="LONGITUDE">-77.057226</SimpleData>
		<SimpleData name="REPORT_EDITION_YEAR">2024-2025</SimpleData>
		<SimpleData name="GLOBALID">{679CC341-403D-4800-8076-8C07B9A32F1F}</SimpleData>
	</SchemaData></ExtendedData>
  </Placemark>
  <Placemark>
	<ExtendedData><SchemaData schemaUrl="#DCDevelopment">
		<SimpleData name="OBJECTID">126</SimpleData>
		<SimpleData name="PROJECTNAME">Capital One Arena Modernization</SimpleData>
		<SimpleData name="WARD">2</SimpleData>
		<SimpleData name="LOCATION">601 F St. NW</SimpleData>
		<SimpleData name="DEVELOPER">Monumental Sports &amp; Entertainment / Government of the District of Columbia</SimpleData>
		<SimpleData name="PROJECTTYPE">Hospitality</SimpleData>
		<SimpleData name="TYPE_SQFT">1200000</SimpleData>
		<SimpleData name="ESTVALUEINMILLION">800000000</SimpleData>
		<SimpleData name="ESTDELIVERY">Q3 27</SimpleData>
		<SimpleData name="STATUS">Under Construction</SimpleData>
		<SimpleData name="LATITUDE">38.89794</SimpleData>
		<SimpleData name="LONGITUDE">-77.020955</SimpleData>
		<SimpleData name="REPORT_EDITION_YEAR">2024-2025</SimpleData>
		<SimpleData name="GLOBALID">{4076AE1D-8B46-467C-B9BE-1F7480758F7C}</SimpleData>
	</SchemaData></ExtendedData>
  </Placemark>
  <Placemark>
	<ExtendedData><SchemaData schemaUrl="#DCDevelopment">
		<SimpleData name="OBJECTID">127</SimpleData>
		<SimpleData name="PROJECTNAME">Smithsonian National Air and Space Museum</SimpleData>
		<SimpleData name="WARD">2</SimpleData>
		<SimpleData name="LOCATION">The National Mall</SimpleData>
		<SimpleData name="DEVELOPER">Smithsonian</SimpleData>
		<SimpleData name="PROJECTTYPE">Hospitality</SimpleData>
		<SimpleData name="TYPE_SQFT">687000</SimpleData>
		<SimpleData name="ESTVALUEINMILLION">900000000</SimpleData>
		<SimpleData name="ESTDELIVERY">Q4 26</SimpleData>
		<SimpleData name="STATUS">Under Construction</SimpleData>
		<SimpleData name="LATITUDE">38.888205</SimpleData>
		<SimpleData name="LONGITUDE">-77.019848</SimpleData>
		<SimpleData name="REPORT_EDITION_YEAR">2024-2025</SimpleData>
		<SimpleData name="GLOBALID">{FE3D49E6-2991-4D9C-A2C8-5EF75C518577}</SimpleData>
	</SchemaData></ExtendedData>
  </Placemark>
  <Placemark>
	<ExtendedData><SchemaData schemaUrl="#DCDevelopment">
		<SimpleData name="OBJECTID">128</SimpleData>
		<SimpleData name="PROJECTNAME">1776 K Street</SimpleData>
		<SimpleData name="WARD">2</SimpleData>
		<SimpleData name="LOCATION">1776 K St. NW</SimpleData>
		<SimpleData name="DEVELOPER">Palmetto Hospitality of Washington DC</SimpleData>
		<SimpleData name="PROJECTTYPE">Hospitality</SimpleData>
		<SimpleData name="TYPE_SQFT">214300</SimpleData>
		<SimpleData name="UNITS">278</SimpleData>
		<SimpleData name="UNIT_TYPE">H</SimpleData>
		<SimpleData name="ESTVALUEINMILLION">0</SimpleData>
		<SimpleData name="ESTDELIVERY">Q1 26</SimpleData>
		<SimpleData name="STATUS">Under Construction</SimpleData>
		<SimpleData name="LATITUDE">38.902181</SimpleData>
		<SimpleData name="LONGITUDE">-77.041236</SimpleData>
		<SimpleData name="REPORT_EDITION_YEAR">2024-2025</SimpleData>
		<SimpleData name="GLOBALID">{71A82D07-AFD9-4103-A8EC-983BF8FF6032}</SimpleData>
	</SchemaData></ExtendedData>
  </Placemark>
  <Placemark>
	<ExtendedData><SchemaData schemaUrl="#DCDevelopment">
		<SimpleData name="OBJECTID">129</SimpleData>
		<SimpleData name="PROJECTNAME">Base Camp</SimpleData>
		<SimpleData name="WARD">2</SimpleData>
		<SimpleData name="LOCATION">1600 M St. NW</SimpleData>
		<SimpleData name="DEVELOPER">National Geographic Society</SimpleData>
		<SimpleData name="PROJECTTYPE">Hospitality</SimpleData>
		<SimpleData name="TYPE_SQFT">110000</SimpleData>
		<SimpleData name="ESTVALUEINMILLION">0</SimpleData>
		<SimpleData name="ESTDELIVERY">Q4 26</SimpleData>
		<SimpleData name="STATUS">Under Construction</SimpleData>
		<SimpleData name="LATITUDE">38.905123</SimpleData>
		<SimpleData name="LONGITUDE">-77.037293</SimpleData>
		<SimpleData name="REPORT_EDITION_YEAR">2024-2025</SimpleData>
		<SimpleData name="GLOBALID">{93CB161A-F6D1-42A1-B2BC-79D5BD93C20C}</SimpleData>
	</SchemaData></ExtendedData>
  </Placemark>
  <Placemark>
	<ExtendedData><SchemaData schemaUrl="#DCDevelopment">
		<SimpleData name="OBJECTID">130</SimpleData>
		<SimpleData name="PROJECTNAME">citizenM - Georgetown</SimpleData>
		<SimpleData name="WARD">2</SimpleData>
		<SimpleData name="LOCATION">3401 K St. NW</SimpleData>
		<SimpleData name="DEVELOPER">citizenM</SimpleData>
		<SimpleData name="PROJECTTYPE">Hospitality</SimpleData>
		<SimpleData name="TYPE_SQFT">80000</SimpleData>
		<SimpleData name="UNITS">230</SimpleData>
		<SimpleData name="UNIT_TYPE">H</SimpleData>
		<SimpleData name="ESTVALUEINMILLION">0</SimpleData>
		<SimpleData name="ESTDELIVERY">Q2 25</SimpleData>
		<SimpleData name="STATUS">Under Construction</SimpleData>
		<SimpleData name="LATITUDE">38.904138</SimpleData>
		<SimpleData name="LONGITUDE">-77.068113</SimpleData>
		<SimpleData name="REPORT_EDITION_YEAR">2024-2025</SimpleData>
		<SimpleData name="GLOBALID">{BD962352-9AEF-4B5E-A42B-EBC74E237170}</SimpleData>
	</SchemaData></ExtendedData>
  </Placemark>
  <Placemark>
	<ExtendedData><SchemaData schemaUrl="#DCDevelopment">
		<SimpleData name="OBJECTID">131</SimpleData>
		<SimpleData name="PROJECTNAME">The Milken Center for Advancing the American Dream</SimpleData>
		<SimpleData name="WARD">2</SimpleData>
		<SimpleData name="LOCATION">1501 - 1505 Pennsylvania Ave. NW &amp; 730 15th St. NW</SimpleData>
		<SimpleData name="DEVELOPER">Akridge / Milken Family Foundation</SimpleData>
		<SimpleData name="PROJECTTYPE">Hospitality</SimpleData>
		<SimpleData name="TYPE_SQFT">70000</SimpleData>
		<SimpleData name="ESTVALUEINMILLION">0</SimpleData>
		<SimpleData name="ESTDELIVERY">Q3 25</SimpleData>
		<SimpleData name="STATUS">Under Construction</SimpleData>
		<SimpleData name="LATITUDE">38.899124</SimpleData>
		<SimpleData name="LONGITUDE">-77.033909</SimpleData>
		<SimpleData name="REPORT_EDITION_YEAR">2024-2025</SimpleData>
		<SimpleData name="GLOBALID">{99B0D1BF-5BD3-499F-9231-F161EB59CCA1}</SimpleData>
	</SchemaData></ExtendedData>
  </Placemark>
  <Placemark>
	<ExtendedData><SchemaData schemaUrl="#DCDevelopment">
		<SimpleData name="OBJECTID">132</SimpleData>
		<SimpleData name="PROJECTNAME">Mint House</SimpleData>
		<SimpleData name="WARD">2</SimpleData>
		<SimpleData name="LOCATION">1010 Vermont Ave. NW</SimpleData>
		<SimpleData name="DEVELOPER">Altus Realty Partners / McLean Partners</SimpleData>
		<SimpleData name="PROJECTTYPE">Hospitality</SimpleData>
		<SimpleData name="TYPE_SQFT">66000</SimpleData>
		<SimpleData name="UNITS">85</SimpleData>
		<SimpleData name="UNIT_TYPE">H</SimpleData>
		<SimpleData name="ESTVALUEINMILLION">50000000</SimpleData>
		<SimpleData name="ESTDELIVERY">Q2 25</SimpleData>
		<SimpleData name="STATUS">Under Construction</SimpleData>
		<SimpleData name="LATITUDE">38.903075</SimpleData>
		<SimpleData name="LONGITUDE">-77.033817</SimpleData>
		<SimpleData name="REPORT_EDITION_YEAR">2024-2025</SimpleData>
		<SimpleData name="GLOBALID">{D2D8E260-2707-41BA-AC65-C59E1EFCBC89}</SimpleData>
	</SchemaData></ExtendedData>
  </Placemark>
  <Placemark>
	<ExtendedData><SchemaData schemaUrl="#DCDevelopment">
		<SimpleData name="OBJECTID">133</SimpleData>
		<SimpleData name="PROJECTNAME">The Sixty D.C.</SimpleData>
		<SimpleData name="WARD">2</SimpleData>
		<SimpleData name="LOCATION">1337 Connecticut Ave. NW</SimpleData>
		<SimpleData name="DEVELOPER">Valor Development</SimpleData>
		<SimpleData name="PROJECTTYPE">Hospitality</SimpleData>
		<SimpleData name="TYPE_SQFT">50000</SimpleData>
		<SimpleData name="UNITS">73</SimpleData>
		<SimpleData name="UNIT_TYPE">H</SimpleData>
		<SimpleData name="ESTVALUEINMILLION">39000000</SimpleData>
		<SimpleData name="ESTDELIVERY">Q2 25</SimpleData>
		<SimpleData name="STATUS">Under Construction</SimpleData>
		<SimpleData name="LATITUDE">38.908286</SimpleData>
		<SimpleData name="LONGITUDE">-77.042228</SimpleData>
		<SimpleData name="REPORT_EDITION_YEAR">2024-2025</SimpleData>
		<SimpleData name="GLOBALID">{1B559465-9E3B-4576-A4DA-C2833F4C9597}</SimpleData>
	</SchemaData></ExtendedData>
  </Placemark>
  <Placemark>
	<ExtendedData><SchemaData schemaUrl="#DCDevelopment">
		<SimpleData name="OBJECTID">134</SimpleData>
		<SimpleData name="PROJECTNAME">Ford's Theatre Expansion</SimpleData>
		<SimpleData name="WARD">2</SimpleData>
		<SimpleData name="LOCATION">512 - 514 10th St. NW</SimpleData>
		<SimpleData name="DEVELOPER">Ford's Theatre Society</SimpleData>
		<SimpleData name="PROJECTTYPE">Hospitality</SimpleData>
		<SimpleData name="TYPE_SQFT">34600</SimpleData>
		<SimpleData name="ESTVALUEINMILLION">40000000</SimpleData>
		<SimpleData name="ESTDELIVERY">Q1 25</SimpleData>
		<SimpleData name="STATUS">Under Construction</SimpleData>
		<SimpleData name="LATITUDE">38.896607</SimpleData>
		<SimpleData name="LONGITUDE">-77.026303</SimpleData>
		<SimpleData name="REPORT_EDITION_YEAR">2024-2025</SimpleData>
		<SimpleData name="GLOBALID">{B33E655E-DD12-4C10-9FD9-8295391736A1}</SimpleData>
	</SchemaData></ExtendedData>
  </Placemark>
  <Placemark>
	<ExtendedData><SchemaData schemaUrl="#DCDevelopment">
		<SimpleData name="OBJECTID">135</SimpleData>
		<SimpleData name="PROJECTNAME">The Canal House of Georgetown</SimpleData>
		<SimpleData name="WARD">2</SimpleData>
		<SimpleData name="LOCATION">1023 31st St. NW</SimpleData>
		<SimpleData name="DEVELOPER">Douglas Development Corporation</SimpleData>
		<SimpleData name="PROJECTTYPE">Hospitality</SimpleData>
		<SimpleData name="TYPE_SQFT">31000</SimpleData>
		<SimpleData name="UNITS">106</SimpleData>
		<SimpleData name="UNIT_TYPE">H</SimpleData>
		<SimpleData name="ESTVALUEINMILLION">38000000</SimpleData>
		<SimpleData name="ESTDELIVERY">Q1 25</SimpleData>
		<SimpleData name="STATUS">Under Construction</SimpleData>
		<SimpleData name="LATITUDE">38.903265</SimpleData>
		<SimpleData name="LONGITUDE">-77.060821</SimpleData>
		<SimpleData name="REPORT_EDITION_YEAR">2024-2025</SimpleData>
		<SimpleData name="GLOBALID">{5B29BDDC-EFFD-472A-A255-8303D66B3F14}</SimpleData>
	</SchemaData></ExtendedData>
  </Placemark>
  <Placemark>
	<ExtendedData><SchemaData schemaUrl="#DCDevelopment">
		<SimpleData name="OBJECTID">136</SimpleData>
		<SimpleData name="PROJECTNAME">National Museum of the U.S. Navy</SimpleData>
		<SimpleData name="WARD">8</SimpleData>
		<SimpleData name="LOCATION">Washington Navy Yard</SimpleData>
		<SimpleData name="DEVELOPER">Navy History and Heritage Command</SimpleData>
		<SimpleData name="PROJECTTYPE">Hospitality</SimpleData>
		<SimpleData name="TYPE_SQFT">240000</SimpleData>
		<SimpleData name="ESTVALUEINMILLION">475000000</SimpleData>
		<SimpleData name="ESTDELIVERY">2027</SimpleData>
		<SimpleData name="STATUS">Pipeline</SimpleData>
		<SimpleData name="LATITUDE">38.875889</SimpleData>
		<SimpleData name="LONGITUDE">-76.998252</SimpleData>
		<SimpleData name="REPORT_EDITION_YEAR">2024-2025</SimpleData>
		<SimpleData name="GLOBALID">{C4B347B1-53D6-4A47-9C4E-9B8AC0C84A2E}</SimpleData>
	</SchemaData></ExtendedData>
  </Placemark>
  <Placemark>
	<ExtendedData><SchemaData schemaUrl="#DCDevelopment">
		<SimpleData name="OBJECTID">137</SimpleData>
		<SimpleData name="PROJECTNAME">DC Archives &amp; Records Center</SimpleData>
		<SimpleData name="WARD">3</SimpleData>
		<SimpleData name="LOCATION">4200 Connecticut Ave. NW</SimpleData>
		<SimpleData name="DEVELOPER">Department of General Services</SimpleData>
		<SimpleData name="PROJECTTYPE">Hospitality</SimpleData>
		<SimpleData name="TYPE_SQFT">185000</SimpleData>
		<SimpleData name="ESTVALUEINMILLION">72000000</SimpleData>
		<SimpleData name="ESTDELIVERY">2016</SimpleData>
		<SimpleData name="STATUS">Pipeline</SimpleData>
		<SimpleData name="LATITUDE">38.943756</SimpleData>
		<SimpleData name="LONGITUDE">-77.066236</SimpleData>
		<SimpleData name="REPORT_EDITION_YEAR">2024-2025</SimpleData>
		<SimpleData name="GLOBALID">{993B5A21-1408-4CE6-868F-3C28FF5B8A8D}</SimpleData>
	</SchemaData></ExtendedData>
  </Placemark>
  <Placemark>
	<ExtendedData><SchemaData schemaUrl="#DCDevelopment">
		<SimpleData name="OBJECTID">138</SimpleData>
		<SimpleData name="PROJECTNAME">Bond Bread and Washington Railway &amp; Electric Company (WRECO)</SimpleData>
		<SimpleData name="WARD">1</SimpleData>
		<SimpleData name="LOCATION">2112 &amp; 2146 Georgia Ave. NW</SimpleData>
		<SimpleData name="DEVELOPER">EDENS / Menkiti Group / Fivesquares Development / Howard University</SimpleData>
		<SimpleData name="PROJECTTYPE">Hospitality</SimpleData>
		<SimpleData name="TYPE_SQFT">124600</SimpleData>
		<SimpleData name="UNITS">180</SimpleData>
		<SimpleData name="UNIT_TYPE">H</SimpleData>
		<SimpleData name="ESTVALUEINMILLION">0</SimpleData>
		<SimpleData name="STATUS">Pipeline</SimpleData>
		<SimpleData name="LATITUDE">38.918814</SimpleData>
		<SimpleData name="LONGITUDE">-77.022445</SimpleData>
		<SimpleData name="REPORT_EDITION_YEAR">2024-2025</SimpleData>
		<SimpleData name="GLOBALID">{7E1B14FA-ABAC-4F4E-A2BA-3CB8722FB7B1}</SimpleData>
	</SchemaData></ExtendedData>
  </Placemark>
  <Placemark>
	<ExtendedData><SchemaData schemaUrl="#DCDevelopment">
		<SimpleData name="OBJECTID">139</SimpleData>
		<SimpleData name="PROJECTNAME">2000 14th Street</SimpleData>
		<SimpleData name="WARD">1</SimpleData>
		<SimpleData name="LOCATION">2000 14th St. NW</SimpleData>
		<SimpleData name="DEVELOPER">Reeves CMC Venture (Capri Investment Group / MRP Realty / CSG Urban Partners) / DMPED</SimpleData>
		<SimpleData name="PROJECTTYPE">Hospitality</SimpleData>
		<SimpleData name="TYPE_SQFT">120800</SimpleData>
		<SimpleData name="UNITS">116</SimpleData>
		<SimpleData name="UNIT_TYPE">H</SimpleData>
		<SimpleData name="ESTVALUEINMILLION">300000000</SimpleData>
		<SimpleData name="ESTDELIVERY">2030</SimpleData>
		<SimpleData name="STATUS">Pipeline</SimpleData>
		<SimpleData name="LATITUDE">38.917444</SimpleData>
		<SimpleData name="LONGITUDE">-77.032404</SimpleData>
		<SimpleData name="REPORT_EDITION_YEAR">2024-2025</SimpleData>
		<SimpleData name="GLOBALID">{DA1D93C5-AC73-42D8-A4FC-D620D8F1AE78}</SimpleData>
	</SchemaData></ExtendedData>
  </Placemark>
  <Placemark>
	<ExtendedData><SchemaData schemaUrl="#DCDevelopment">
		<SimpleData name="OBJECTID">140</SimpleData>
		<SimpleData name="PROJECTNAME">1271 5th Street</SimpleData>
		<SimpleData name="WARD">5</SimpleData>
		<SimpleData name="LOCATION">1271 5th St. NE</SimpleData>
		<SimpleData name="DEVELOPER">EDENS</SimpleData>
		<SimpleData name="PROJECTTYPE">Hospitality</SimpleData>
		<SimpleData name="TYPE_SQFT">73300</SimpleData>
		<SimpleData name="UNITS">125</SimpleData>
		<SimpleData name="UNIT_TYPE">H</SimpleData>
		<SimpleData name="ESTVALUEINMILLION">0</SimpleData>
		<SimpleData name="STATUS">Pipeline</SimpleData>
		<SimpleData name="LATITUDE">38.907759</SimpleData>
		<SimpleData name="LONGITUDE">-76.998153</SimpleData>
		<SimpleData name="REPORT_EDITION_YEAR">2024-2025</SimpleData>
		<SimpleData name="GLOBALID">{B7D815F2-8920-479A-9AE4-84BA5CFF021E}</SimpleData>
	</SchemaData></ExtendedData>
  </Placemark>
  <Placemark>
	<ExtendedData><SchemaData schemaUrl="#DCDevelopment">
		<SimpleData name="OBJECTID">141</SimpleData>
		<SimpleData name="PROJECTNAME">The Bazaar House by José Andrés</SimpleData>
		<SimpleData name="WARD">2</SimpleData>
		<SimpleData name="LOCATION">3000 M St. NW</SimpleData>
		<SimpleData name="DEVELOPER">Thor Equities</SimpleData>
		<SimpleData name="PROJECTTYPE">Hospitality</SimpleData>
		<SimpleData name="TYPE_SQFT">72500</SimpleData>
		<SimpleData name="UNITS">67</SimpleData>
		<SimpleData name="UNIT_TYPE">H</SimpleData>
		<SimpleData name="ESTVALUEINMILLION">0</SimpleData>
		<SimpleData name="ESTDELIVERY">2027</SimpleData>
		<SimpleData name="STATUS">Pipeline</SimpleData>
		<SimpleData name="LATITUDE">38.905001</SimpleData>
		<SimpleData name="LONGITUDE">-77.059359</SimpleData>
		<SimpleData name="REPORT_EDITION_YEAR">2024-2025</SimpleData>
		<SimpleData name="GLOBALID">{F3987E1F-F2BC-4C8A-BDC6-15473C74A265}</SimpleData>
	</SchemaData></ExtendedData>
  </Placemark>
  <Placemark>
	<ExtendedData><SchemaData schemaUrl="#DCDevelopment">
		<SimpleData name="OBJECTID">142</SimpleData>
		<SimpleData name="PROJECTNAME">923 - 927 5th Street</SimpleData>
		<SimpleData name="WARD">6</SimpleData>
		<SimpleData name="LOCATION">923 - 927 5th St. NW</SimpleData>
		<SimpleData name="DEVELOPER">Kline Operations</SimpleData>
		<SimpleData name="PROJECTTYPE">Hospitality</SimpleData>
		<SimpleData name="TYPE_SQFT">70000</SimpleData>
		<SimpleData name="UNITS">152</SimpleData>
		<SimpleData name="UNIT_TYPE">H</SimpleData>
		<SimpleData name="ESTVALUEINMILLION">0</SimpleData>
		<SimpleData name="STATUS">Pipeline</SimpleData>
		<SimpleData name="LATITUDE">38.902086</SimpleData>
		<SimpleData name="LONGITUDE">-77.018663</SimpleData>
		<SimpleData name="REPORT_EDITION_YEAR">2024-2025</SimpleData>
		<SimpleData name="GLOBALID">{66E70545-7EF4-43C0-958A-E8CC734BB854}</SimpleData>
	</SchemaData></ExtendedData>
  </Placemark>
  <Placemark>
	<ExtendedData><SchemaData schemaUrl="#DCDevelopment">
		<SimpleData name="OBJECTID">143</SimpleData>
		<SimpleData name="PROJECTNAME">601 Indiana Avenue</SimpleData>
		<SimpleData name="WARD">2</SimpleData>
		<SimpleData name="LOCATION">601 Indiana Ave. NW</SimpleData>
		<SimpleData name="DEVELOPER">Calco Hospitality</SimpleData>
		<SimpleData name="PROJECTTYPE">Hospitality</SimpleData>
		<SimpleData name="TYPE_SQFT">62000</SimpleData>
		<SimpleData name="UNITS">122</SimpleData>
		<SimpleData name="UNIT_TYPE">H</SimpleData>
		<SimpleData name="ESTVALUEINMILLION">0</SimpleData>
		<SimpleData name="STATUS">Pipeline</SimpleData>
		<SimpleData name="LATITUDE">38.894641</SimpleData>
		<SimpleData name="LONGITUDE">-77.020261</SimpleData>
		<SimpleData name="REPORT_EDITION_YEAR">2024-2025</SimpleData>
		<SimpleData name="GLOBALID">{E76D453C-2E47-4630-8B7E-DA1EB4CCA49A}</SimpleData>
	</SchemaData></ExtendedData>
  </Placemark>
  <Placemark>
	<ExtendedData><SchemaData schemaUrl="#DCDevelopment">
		<SimpleData name="OBJECTID">144</SimpleData>
		<SimpleData name="PROJECTNAME">Bezos Learning Center at the National Air and Space Museum</SimpleData>
		<SimpleData name="WARD">2</SimpleData>
		<SimpleData name="LOCATION">600 Independence Ave. SW</SimpleData>
		<SimpleData name="DEVELOPER">Smithsonian</SimpleData>
		<SimpleData name="PROJECTTYPE">Hospitality</SimpleData>
		<SimpleData name="TYPE_SQFT">50000</SimpleData>
		<SimpleData name="ESTVALUEINMILLION">130000000</SimpleData>
		<SimpleData name="ESTDELIVERY">2027</SimpleData>
		<SimpleData name="STATUS">Pipeline</SimpleData>
		<SimpleData name="LATITUDE">38.88817</SimpleData>
		<SimpleData name="LONGITUDE">-77.018294</SimpleData>
		<SimpleData name="REPORT_EDITION_YEAR">2024-2025</SimpleData>
		<SimpleData name="GLOBALID">{BCF1F8D9-BD7D-4AE8-A407-74EC37ECA640}</SimpleData>
	</SchemaData></ExtendedData>
  </Placemark>
  <Placemark>
	<ExtendedData><SchemaData schemaUrl="#DCDevelopment">
		<SimpleData name="OBJECTID">145</SimpleData>
		<SimpleData name="PROJECTNAME">11th Street Bridge Park</SimpleData>
		<SimpleData name="WARD">8</SimpleData>
		<SimpleData name="LOCATION">11th Street Bridge</SimpleData>
		<SimpleData name="DEVELOPER">Building Bridges Across the River / DC Department of Transportation</SimpleData>
		<SimpleData name="PROJECTTYPE">Hospitality</SimpleData>
		<SimpleData name="ESTVALUEINMILLION">92000000</SimpleData>
		<SimpleData name="ESTDELIVERY">2027</SimpleData>
		<SimpleData name="STATUS">Pipeline</SimpleData>
		<SimpleData name="LATITUDE">38.871298</SimpleData>
		<SimpleData name="LONGITUDE">-76.990471</SimpleData>
		<SimpleData name="REPORT_EDITION_YEAR">2024-2025</SimpleData>
		<SimpleData name="GLOBALID">{D3B9A96C-4676-4F5E-9533-8910FC238765}</SimpleData>
	</SchemaData></ExtendedData>
  </Placemark>
  <Placemark>
	<ExtendedData><SchemaData schemaUrl="#DCDevelopment">
		<SimpleData name="OBJECTID">146</SimpleData>
		<SimpleData name="PROJECTNAME">Center for the American Dream &amp; Milken Foundation Building</SimpleData>
		<SimpleData name="WARD">6</SimpleData>
		<SimpleData name="LOCATION">1505 PENNSYLVANIA AVENUE SE</SimpleData>
		<SimpleData name="DEVELOPER">Akridge / Milken Family Foundation</SimpleData>
		<SimpleData name="PROJECTTYPE">Hospitality</SimpleData>
		<SimpleData name="TYPE_SQFT">69000</SimpleData>
		<SimpleData name="ESTDELIVERY">Q1 21</SimpleData>
		<SimpleData name="STATUS">Under Construction</SimpleData>
		<SimpleData name="REPORT_EDITION_YEAR">2016-2019</SimpleData>
		<SimpleData name="LAST_EDITED_USER">SDE</SimpleData>
		<SimpleData name="LAST_EDITED_DATE">2025/10/16 20:10:22+00</SimpleData>
		<SimpleData name="GLOBALID">{2B9F9B6C-F9B1-4CA5-B189-84ED25010B48}</SimpleData>
	</SchemaData></ExtendedData>
  </Placemark>
  <Placemark>
	<ExtendedData><SchemaData schemaUrl="#DCDevelopment">
		<SimpleData name="OBJECTID">147</SimpleData>
		<SimpleData name="PROJECTNAME">9 1/2 Street Initiative (Grimke School)</SimpleData>
		<SimpleData name="WARD">1</SimpleData>
		<SimpleData name="LOCATION">912 U STREET NW</SimpleData>
		<SimpleData name="DEVELOPER">Community Three</SimpleData>
		<SimpleData name="PROJECTTYPE">Hospitality</SimpleData>
		<SimpleData name="TYPE_SQFT">12000</SimpleData>
		<SimpleData name="ESTVALUEINMILLION">45000000</SimpleData>
		<SimpleData name="ESTDELIVERY">2020-23</SimpleData>
		<SimpleData name="STATUS">Pipeline</SimpleData>
		<SimpleData name="REPORT_EDITION_YEAR">2016-2019</SimpleData>
		<SimpleData name="LAST_EDITED_USER">SDE</SimpleData>
		<SimpleData name="LAST_EDITED_DATE">2025/10/16 20:10:22+00</SimpleData>
		<SimpleData name="GLOBALID">{38BF5249-9A6F-4716-9A13-3CE61606E976}</SimpleData>
	</SchemaData></ExtendedData>
  </Placemark>
  <Placemark>
	<ExtendedData><SchemaData schemaUrl="#DCDevelopment">
		<SimpleData name="OBJECTID">148</SimpleData>
		<SimpleData name="PROJECTNAME">D.C. United Stadium</SimpleData>
		<SimpleData name="WARD">6</SimpleData>
		<SimpleData name="LOCATION">100 POTOMAC AVENUE SW</SimpleData>
		<SimpleData name="DEVELOPER">DC United / DC Government</SimpleData>
		<SimpleData name="PROJECTTYPE">Hospitality</SimpleData>
		<SimpleData name="TYPE_SQFT">421000</SimpleData>
		<SimpleData name="ESTVALUEINMILLION">400000000</SimpleData>
		<SimpleData name="ESTDELIVERY">Q3 18</SimpleData>
		<SimpleData name="STATUS">Completed</SimpleData>
		<SimpleData name="REPORT_EDITION_YEAR">2016-2019</SimpleData>
		<SimpleData name="LAST_EDITED_USER">SDE</SimpleData>
		<SimpleData name="LAST_EDITED_DATE">2025/10/16 20:10:22+00</SimpleData>
		<SimpleData name="GLOBALID">{59CC16C5-DD37-4D30-AC10-60389BEC78A5}</SimpleData>
	</SchemaData></ExtendedData>
  </Placemark>
  <Placemark>
	<ExtendedData><SchemaData schemaUrl="#DCDevelopment">
		<SimpleData name="OBJECTID">149</SimpleData>
		<SimpleData name="PROJECTNAME">CityCenterDC (Conrad Hotel)</SimpleData>
		<SimpleData name="WARD">2</SimpleData>
		<SimpleData name="LOCATION">950 NEW YORK AVENUE NW</SimpleData>
		<SimpleData name="DEVELOPER">Hines / Qatari Diar</SimpleData>
		<SimpleData name="PROJECTTYPE">Hospitality</SimpleData>
		<SimpleData name="TYPE_SQFT">358000</SimpleData>
		<SimpleData name="UNITS">360</SimpleData>
		<SimpleData name="ESTVALUEINMILLION">270000000</SimpleData>
		<SimpleData name="ESTDELIVERY">Q1 19</SimpleData>
		<SimpleData name="STATUS">Completed</SimpleData>
		<SimpleData name="REPORT_EDITION_YEAR">2016-2019</SimpleData>
		<SimpleData name="LAST_EDITED_USER">SDE</SimpleData>
		<SimpleData name="LAST_EDITED_DATE">2025/10/16 20:10:22+00</SimpleData>
		<SimpleData name="GLOBALID">{0A1B7875-4D40-49A3-8DBF-8CF3B487FA6C}</SimpleData>
	</SchemaData></ExtendedData>
  </Placemark>
  <Placemark>
	<ExtendedData><SchemaData schemaUrl="#DCDevelopment">
		<SimpleData name="OBJECTID">150</SimpleData>
		<SimpleData name="PROJECTNAME">W Hotel</SimpleData>
		<SimpleData name="WARD">2</SimpleData>
		<SimpleData name="LOCATION">515 15TH STREET NW</SimpleData>
		<SimpleData name="DEVELOPER">Marriott</SimpleData>
		<SimpleData name="PROJECTTYPE">Hospitality</SimpleData>
		<SimpleData name="TYPE_SQFT">187000</SimpleData>
		<SimpleData name="UNITS">324</SimpleData>
		<SimpleData name="ESTVALUEINMILLION">50000000</SimpleData>
		<SimpleData name="ESTDELIVERY">Q2 19</SimpleData>
		<SimpleData name="STATUS">Completed</SimpleData>
		<SimpleData name="REPORT_EDITION_YEAR">2016-2019</SimpleData>
		<SimpleData name="LAST_EDITED_USER">SDE</SimpleData>
		<SimpleData name="LAST_EDITED_DATE">2025/10/16 20:10:22+00</SimpleData>
		<SimpleData name="GLOBALID">{CA0EC84E-9533-4AE5-B037-9D55FD7C045F}</SimpleData>
	</SchemaData></ExtendedData>
  </Placemark>
  <Placemark>
	<ExtendedData><SchemaData schemaUrl="#DCDevelopment">
		<SimpleData name="OBJECTID">151</SimpleData>
		<SimpleData name="PROJECTNAME">Saint Elizabeths East (New Hospital)</SimpleData>
		<SimpleData name="WARD">8</SimpleData>
		<SimpleData name="LOCATION">Saint Elizabeths East Campus</SimpleData>
		<SimpleData name="DEVELOPER">DC Government</SimpleData>
		<SimpleData name="PROJECTTYPE">Quality of Life</SimpleData>
		<SimpleData name="TYPE_SQFT">322000</SimpleData>
		<SimpleData name="ESTVALUEINMILLION">300000000</SimpleData>
		<SimpleData name="ESTDELIVERY">2022</SimpleData>
		<SimpleData name="STATUS">Pipeline</SimpleData>
		<SimpleData name="REPORT_EDITION_YEAR">2016-2019</SimpleData>
		<SimpleData name="ARCHITECT">Cunningham + Quill Architects, PLLC</SimpleData>
		<SimpleData name="LAST_EDITED_USER">SDE</SimpleData>
		<SimpleData name="LAST_EDITED_DATE">2025/10/16 20:12:15+00</SimpleData>
		<SimpleData name="GLOBALID">{F244007A-1997-4704-92C1-D81FDDBB277D}</SimpleData>
	</SchemaData></ExtendedData>
  </Placemark>
  <Placemark>
	<ExtendedData><SchemaData schemaUrl="#DCDevelopment">
		<SimpleData name="OBJECTID">152</SimpleData>
		<SimpleData name="PROJECTNAME">55 H Street</SimpleData>
		<SimpleData name="WARD">6</SimpleData>
		<SimpleData name="LOCATION">55 H St., NW</SimpleData>
		<SimpleData name="DEVELOPER">Georgetown University</SimpleData>
		<SimpleData name="PROJECTTYPE">Quality of Life</SimpleData>
		<SimpleData name="TYPE_SQFT">220000</SimpleData>
		<SimpleData name="STATUS">Pipeline</SimpleData>
		<SimpleData name="REPORT_EDITION_YEAR">2016-2019</SimpleData>
		<SimpleData name="LAST_EDITED_USER">SDE</SimpleData>
		<SimpleData name="LAST_EDITED_DATE">2025/10/16 20:12:15+00</SimpleData>
		<SimpleData name="GLOBALID">{6279D11D-A16E-4979-B697-2CC18614297C}</SimpleData>
	</SchemaData></ExtendedData>
  </Placemark>
  <Placemark>
	<ExtendedData><SchemaData schemaUrl="#DCDevelopment">
		<SimpleData name="OBJECTID">153</SimpleData>
		<SimpleData name="PROJECTNAME">Banneker Academic High School</SimpleData>
		<SimpleData name="WARD">6</SimpleData>
		<SimpleData name="LOCATION">925 Rhode Island Ave., NW</SimpleData>
		<SimpleData name="DEVELOPER">Department of General Services / DC Public Schools</SimpleData>
		<SimpleData name="PROJECTTYPE">Quality of Life</SimpleData>
		<SimpleData name="TYPE_SQFT">175000</SimpleData>
		<SimpleData name="ESTVALUEINMILLION">152000000</SimpleData>
		<SimpleData name="ESTDELIVERY">2021</SimpleData>
		<SimpleData name="STATUS">Pipeline</SimpleData>
		<SimpleData name="REPORT_EDITION_YEAR">2016-2019</SimpleData>
		<SimpleData name="LAST_EDITED_USER">SDE</SimpleData>
		<SimpleData name="LAST_EDITED_DATE">2025/10/16 20:12:15+00</SimpleData>
		<SimpleData name="GLOBALID">{90CF4CFB-654C-4B1B-A6C2-FFA73BC742B1}</SimpleData>
	</SchemaData></ExtendedData>
  </Placemark>
  <Placemark>
	<ExtendedData><SchemaData schemaUrl="#DCDevelopment">
		<SimpleData name="OBJECTID">154</SimpleData>
		<SimpleData name="PROJECTNAME">Skyland Town Center (Ph II B)</SimpleData>
		<SimpleData name="WARD">7</SimpleData>
		<SimpleData name="LOCATION">Alabama Ave. &amp; Naylor Rd., SE</SimpleData>
		<SimpleData name="DEVELOPER">Rappaport / WC Smith / Washington East</SimpleData>
		<SimpleData name="PROJECTTYPE">Quality of Life</SimpleData>
		<SimpleData name="TYPE_SQFT">120000</SimpleData>
		<SimpleData name="ESTDELIVERY">2022</SimpleData>
		<SimpleData name="STATUS">Pipeline</SimpleData>
		<SimpleData name="REPORT_EDITION_YEAR">2016-2019</SimpleData>
		<SimpleData name="LAST_EDITED_USER">SDE</SimpleData>
		<SimpleData name="LAST_EDITED_DATE">2025/10/16 20:12:15+00</SimpleData>
		<SimpleData name="GLOBALID">{2EDC3BBB-BAF1-41EE-90EA-8D85A22E77CE}</SimpleData>
	</SchemaData></ExtendedData>
  </Placemark>
  <Placemark>
	<ExtendedData><SchemaData schemaUrl="#DCDevelopment">
		<SimpleData name="OBJECTID">155</SimpleData>
		<SimpleData name="PROJECTNAME">West Elementary School</SimpleData>
		<SimpleData name="WARD">4</SimpleData>
		<SimpleData name="LOCATION">1335 Farragut St., NW</SimpleData>
		<SimpleData name="DEVELOPER">Department of General Services / DC Public Schools</SimpleData>
		<SimpleData name="PROJECTTYPE">Quality of Life</SimpleData>
		<SimpleData name="TYPE_SQFT">88600</SimpleData>
		<SimpleData name="ESTVALUEINMILLION">77500000</SimpleData>
		<SimpleData name="ESTDELIVERY">2021</SimpleData>
		<SimpleData name="STATUS">Pipeline</SimpleData>
		<SimpleData name="REPORT_EDITION_YEAR">2016-2019</SimpleData>
		<SimpleData name="LAST_EDITED_USER">SDE</SimpleData>
		<SimpleData name="LAST_EDITED_DATE">2025/10/16 20:12:15+00</SimpleData>
		<SimpleData name="GLOBALID">{1E1A6883-058A-4A38-864C-1AC3AEC5E2E3}</SimpleData>
	</SchemaData></ExtendedData>
  </Placemark>
  <Placemark>
	<ExtendedData><SchemaData schemaUrl="#DCDevelopment">
		<SimpleData name="OBJECTID">156</SimpleData>
		<SimpleData name="PROJECTNAME">Eastern Market Park</SimpleData>
		<SimpleData name="WARD">6</SimpleData>
		<SimpleData name="LOCATION">701 Pennsylvania Ave., SE</SimpleData>
		<SimpleData name="DEVELOPER">Department of General Services / Department of Parks &amp; Recreation</SimpleData>
		<SimpleData name="PROJECTTYPE">Quality of Life</SimpleData>
		<SimpleData name="ESTVALUEINMILLION">14000000</SimpleData>
		<SimpleData name="ESTDELIVERY">2021</SimpleData>
		<SimpleData name="STATUS">Pipeline</SimpleData>
		<SimpleData name="REPORT_EDITION_YEAR">2016-2019</SimpleData>
		<SimpleData name="LAST_EDITED_USER">SDE</SimpleData>
		<SimpleData name="LAST_EDITED_DATE">2025/10/16 20:12:15+00</SimpleData>
		<SimpleData name="GLOBALID">{2D46096F-7C35-4E4B-81BE-BB270961EB74}</SimpleData>
	</SchemaData></ExtendedData>
  </Placemark>
  <Placemark>
	<ExtendedData><SchemaData schemaUrl="#DCDevelopment">
		<SimpleData name="OBJECTID">157</SimpleData>
		<SimpleData name="PROJECTNAME">Franklin Park</SimpleData>
		<SimpleData name="WARD">2</SimpleData>
		<SimpleData name="LOCATION">13th, 14th, I, &amp; K Sts., NW</SimpleData>
		<SimpleData name="DEVELOPER">Department of General Services / National Park Service</SimpleData>
		<SimpleData name="PROJECTTYPE">Quality of Life</SimpleData>
		<SimpleData name="ESTVALUEINMILLION">18000000</SimpleData>
		<SimpleData name="ESTDELIVERY">2020</SimpleData>
		<SimpleData name="STATUS">Pipeline</SimpleData>
		<SimpleData name="REPORT_EDITION_YEAR">2016-2019</SimpleData>
		<SimpleData name="LAST_EDITED_USER">SDE</SimpleData>
		<SimpleData name="LAST_EDITED_DATE">2025/10/16 20:12:15+00</SimpleData>
		<SimpleData name="GLOBALID">{2F191EAD-FF19-4C71-95DA-B7DAD6D15AAF}</SimpleData>
	</SchemaData></ExtendedData>
  </Placemark>
  <Placemark>
	<ExtendedData><SchemaData schemaUrl="#DCDevelopment">
		<SimpleData name="OBJECTID">158</SimpleData>
		<SimpleData name="PROJECTNAME">The Batley</SimpleData>
		<SimpleData name="WARD">5</SimpleData>
		<SimpleData name="LOCATION">1270 4th St., NE</SimpleData>
		<SimpleData name="DEVELOPER">EDENS / Trammell Crow Residential / Level 2 Development</SimpleData>
		<SimpleData name="PROJECTTYPE">Residential</SimpleData>
		<SimpleData name="UNITS">432</SimpleData>
		<SimpleData name="ESTVALUEINMILLION">150000000</SimpleData>
		<SimpleData name="ESTDELIVERY">Q2 19</SimpleData>
		<SimpleData name="STATUS">Completed</SimpleData>
		<SimpleData name="REPORT_EDITION_YEAR">2016-2019</SimpleData>
		<SimpleData name="LAST_EDITED_USER">SDE</SimpleData>
		<SimpleData name="LAST_EDITED_DATE">2025/10/16 20:12:51+00</SimpleData>
		<SimpleData name="GLOBALID">{916EB34D-1B56-4A40-85D2-5E647E1AAD63}</SimpleData>
	</SchemaData></ExtendedData>
  </Placemark>
  <Placemark>
	<ExtendedData><SchemaData schemaUrl="#DCDevelopment">
		<SimpleData name="OBJECTID">159</SimpleData>
		<SimpleData name="PROJECTNAME">Novel South Capitol</SimpleData>
		<SimpleData name="WARD">6</SimpleData>
		<SimpleData name="LOCATION">2 I St., SE</SimpleData>
		<SimpleData name="DEVELOPER">Crescent Development / RCP Development Company</SimpleData>
		<SimpleData name="PROJECTTYPE">Residential</SimpleData>
		<SimpleData name="UNITS">355</SimpleData>
		<SimpleData name="ESTDELIVERY">Q1 19</SimpleData>
		<SimpleData name="STATUS">Completed</SimpleData>
		<SimpleData name="REPORT_EDITION_YEAR">2016-2019</SimpleData>
		<SimpleData name="LAST_EDITED_USER">SDE</SimpleData>
		<SimpleData name="LAST_EDITED_DATE">2025/10/16 20:12:51+00</SimpleData>
		<SimpleData name="GLOBALID">{65441B14-59F2-4036-9767-21C552C683AB}</SimpleData>
	</SchemaData></ExtendedData>
  </Placemark>
  <Placemark>
	<ExtendedData><SchemaData schemaUrl="#DCDevelopment">
		<SimpleData name="OBJECTID">160</SimpleData>
		<SimpleData name="PROJECTNAME">RESA at Tyber Place</SimpleData>
		<SimpleData name="WARD">6</SimpleData>
		<SimpleData name="LOCATION">22 M St., NE</SimpleData>
		<SimpleData name="DEVELOPER">Skanska USA Commercial Development</SimpleData>
		<SimpleData name="PROJECTTYPE">Residential</SimpleData>
		<SimpleData name="UNITS">326</SimpleData>
		<SimpleData name="ESTVALUEINMILLION">112000000</SimpleData>
		<SimpleData name="ESTDELIVERY">Q2 19</SimpleData>
		<SimpleData name="STATUS">Completed</SimpleData>
		<SimpleData name="REPORT_EDITION_YEAR">2016-2019</SimpleData>
		<SimpleData name="LAST_EDITED_USER">SDE</SimpleData>
		<SimpleData name="LAST_EDITED_DATE">2025/10/16 20:12:51+00</SimpleData>
		<SimpleData name="GLOBALID">{0B4480AF-3B98-45DC-BA8A-82A6020A6CA3}</SimpleData>
	</SchemaData></ExtendedData>
  </Placemark>
  <Placemark>
	<ExtendedData><SchemaData schemaUrl="#DCDevelopment">
		<SimpleData name="OBJECTID">161</SimpleData>
		<SimpleData name="PROJECTNAME">Trellis House</SimpleData>
		<SimpleData name="WARD">1</SimpleData>
		<SimpleData name="LOCATION">907 Barry Place, NW</SimpleData>
		<SimpleData name="DEVELOPER">Gateway Investment Partners / RISE / Howard University</SimpleData>
		<SimpleData name="PROJECTTYPE">Residential</SimpleData>
		<SimpleData name="UNITS">319</SimpleData>
		<SimpleData name="ESTVALUEINMILLION">70000000</SimpleData>
		<SimpleData name="ESTDELIVERY">Q3 18</SimpleData>
		<SimpleData name="STATUS">Completed</SimpleData>
		<SimpleData name="REPORT_EDITION_YEAR">2016-2019</SimpleData>
		<SimpleData name="LAST_EDITED_USER">SDE</SimpleData>
		<SimpleData name="LAST_EDITED_DATE">2025/10/16 20:12:51+00</SimpleData>
		<SimpleData name="GLOBALID">{A4CAD6E2-2407-4D15-A3B1-0E2700BD2537}</SimpleData>
	</SchemaData></ExtendedData>
  </Placemark>
  <Placemark>
	<ExtendedData><SchemaData schemaUrl="#DCDevelopment">
		<SimpleData name="OBJECTID">162</SimpleData>
		<SimpleData name="PROJECTNAME">The Highline at Union Market</SimpleData>
		<SimpleData name="WARD">5</SimpleData>
		<SimpleData name="LOCATION">320 Florida Ave., NE</SimpleData>
		<SimpleData name="DEVELOPER">Level 2 Development / Federal Capital Partners / Clark Enterprises / W5 Group</SimpleData>
		<SimpleData name="PROJECTTYPE">Residential</SimpleData>
		<SimpleData name="UNITS">318</SimpleData>
		<SimpleData name="ESTVALUEINMILLION">101300000</SimpleData>
		<SimpleData name="ESTDELIVERY">Q2 19</SimpleData>
		<SimpleData name="STATUS">Completed</SimpleData>
		<SimpleData name="REPORT_EDITION_YEAR">2016-2019</SimpleData>
		<SimpleData name="LAST_EDITED_USER">SDE</SimpleData>
		<SimpleData name="LAST_EDITED_DATE">2025/10/16 20:12:51+00</SimpleData>
		<SimpleData name="GLOBALID">{8DAFB4A6-03FC-4FFC-9871-61A0E6548D84}</SimpleData>
	</SchemaData></ExtendedData>
  </Placemark>
  <Placemark>
	<ExtendedData><SchemaData schemaUrl="#DCDevelopment">
		<SimpleData name="OBJECTID">163</SimpleData>
		<SimpleData name="PROJECTNAME">The Sonnet</SimpleData>
		<SimpleData name="WARD">1</SimpleData>
		<SimpleData name="LOCATION">1441 U St., NW</SimpleData>
		<SimpleData name="DEVELOPER">High Street Residential</SimpleData>
		<SimpleData name="PROJECTTYPE">Residential</SimpleData>
		<SimpleData name="UNITS">288</SimpleData>
		<SimpleData name="ESTVALUEINMILLION">150000000</SimpleData>
		<SimpleData name="ESTDELIVERY">Q3 18</SimpleData>
		<SimpleData name="STATUS">Completed</SimpleData>
		<SimpleData name="REPORT_EDITION_YEAR">2016-2019</SimpleData>
		<SimpleData name="LAST_EDITED_USER">SDE</SimpleData>
		<SimpleData name="LAST_EDITED_DATE">2025/10/16 20:12:51+00</SimpleData>
		<SimpleData name="GLOBALID">{2176D532-C27F-40DB-92B2-226817989803}</SimpleData>
	</SchemaData></ExtendedData>
  </Placemark>
  <Placemark>
	<ExtendedData><SchemaData schemaUrl="#DCDevelopment">
		<SimpleData name="OBJECTID">164</SimpleData>
		<SimpleData name="PROJECTNAME">The Jamison</SimpleData>
		<SimpleData name="WARD">5</SimpleData>
		<SimpleData name="LOCATION">3750 Jamison St., NE</SimpleData>
		<SimpleData name="DEVELOPER">Fort Lincoln New Town Corporation</SimpleData>
		<SimpleData name="PROJECTTYPE">Residential</SimpleData>
		<SimpleData name="UNITS">236</SimpleData>
		<SimpleData name="ESTVALUEINMILLION">70000000</SimpleData>
		<SimpleData name="ESTDELIVERY">Q3 19</SimpleData>
		<SimpleData name="STATUS">Completed</SimpleData>
		<SimpleData name="REPORT_EDITION_YEAR">2016-2019</SimpleData>
		<SimpleData name="LAST_EDITED_USER">SDE</SimpleData>
		<SimpleData name="LAST_EDITED_DATE">2025/10/16 20:12:51+00</SimpleData>
		<SimpleData name="GLOBALID">{996B0B6B-1BE7-4C40-99A9-A681C40D8E90}</SimpleData>
	</SchemaData></ExtendedData>
  </Placemark>
  <Placemark>
	<ExtendedData><SchemaData schemaUrl="#DCDevelopment">
		<SimpleData name="OBJECTID">165</SimpleData>
		<SimpleData name="PROJECTNAME">Arcade Sunshine</SimpleData>
		<SimpleData name="WARD">1</SimpleData>
		<SimpleData name="LOCATION">713 - 735 Lamont St., NW</SimpleData>
		<SimpleData name="DEVELOPER">Holladay Corporation</SimpleData>
		<SimpleData name="PROJECTTYPE">Residential</SimpleData>
		<SimpleData name="UNITS">225</SimpleData>
		<SimpleData name="ESTDELIVERY">Q1 19</SimpleData>
		<SimpleData name="STATUS">Completed</SimpleData>
		<SimpleData name="REPORT_EDITION_YEAR">2016-2019</SimpleData>
		<SimpleData name="LAST_EDITED_USER">SDE</SimpleData>
		<SimpleData name="LAST_EDITED_DATE">2025/10/16 20:12:51+00</SimpleData>
		<SimpleData name="GLOBALID">{8E206464-A071-46E2-A730-AD5BF449019E}</SimpleData>
	</SchemaData></ExtendedData>
  </Placemark>
  <Placemark>
	<ExtendedData><SchemaData schemaUrl="#DCDevelopment">
		<SimpleData name="OBJECTID">166</SimpleData>
		<SimpleData name="PROJECTNAME">City Ridge</SimpleData>
		<SimpleData name="WARD">3</SimpleData>
		<SimpleData name="LOCATION">3900 Wisconsin Ave., NW</SimpleData>
		<SimpleData name="DEVELOPER">Roadside Development / North America Sekisui House</SimpleData>
		<SimpleData name="PROJECTTYPE">Residential</SimpleData>
		<SimpleData name="UNITS">687</SimpleData>
		<SimpleData name="ESTVALUEINMILLION">700000000</SimpleData>
		<SimpleData name="ESTDELIVERY">Q2 22</SimpleData>
		<SimpleData name="STATUS">Under Construction</SimpleData>
		<SimpleData name="REPORT_EDITION_YEAR">2016-2019</SimpleData>
		<SimpleData name="LAST_EDITED_USER">SDE</SimpleData>
		<SimpleData name="LAST_EDITED_DATE">2025/10/16 20:12:51+00</SimpleData>
		<SimpleData name="GLOBALID">{8AEB9651-4DCA-42B9-8576-05D14653BDF6}</SimpleData>
	</SchemaData></ExtendedData>
  </Placemark>
  <Placemark>
	<ExtendedData><SchemaData schemaUrl="#DCDevelopment">
		<SimpleData name="OBJECTID">167</SimpleData>
		<SimpleData name="PROJECTNAME">Eckington Yards</SimpleData>
		<SimpleData name="WARD">5</SimpleData>
		<SimpleData name="LOCATION">1625 Eckington Pl. &amp; 1500 Harry Thomas Way, NE</SimpleData>
		<SimpleData name="DEVELOPER">The JBG Companies</SimpleData>
		<SimpleData name="PROJECTTYPE">Residential</SimpleData>
		<SimpleData name="UNITS">681</SimpleData>
		<SimpleData name="ESTVALUEINMILLION">265000000</SimpleData>
		<SimpleData name="ESTDELIVERY">Q3 21</SimpleData>
		<SimpleData name="STATUS">Under Construction</SimpleData>
		<SimpleData name="REPORT_EDITION_YEAR">2016-2019</SimpleData>
		<SimpleData name="LAST_EDITED_USER">SDE</SimpleData>
		<SimpleData name="LAST_EDITED_DATE">2025/10/16 20:12:51+00</SimpleData>
		<SimpleData name="GLOBALID">{71F03C90-862F-4FDE-AFBD-302AC41D5A2A}</SimpleData>
	</SchemaData></ExtendedData>
  </Placemark>
  <Placemark>
	<ExtendedData><SchemaData schemaUrl="#DCDevelopment">
		<SimpleData name="OBJECTID">168</SimpleData>
		<SimpleData name="PROJECTNAME">The Gantry</SimpleData>
		<SimpleData name="WARD">5</SimpleData>
		<SimpleData name="LOCATION">300 Morse St., NE</SimpleData>
		<SimpleData name="DEVELOPER">Kettler /  Carmel Partners</SimpleData>
		<SimpleData name="PROJECTTYPE">Residential</SimpleData>
		<SimpleData name="UNITS">550</SimpleData>
		<SimpleData name="ESTDELIVERY">Q3 21</SimpleData>
		<SimpleData name="STATUS">Under Construction</SimpleData>
		<SimpleData name="REPORT_EDITION_YEAR">2016-2019</SimpleData>
		<SimpleData name="LAST_EDITED_USER">SDE</SimpleData>
		<SimpleData name="LAST_EDITED_DATE">2025/10/16 20:12:51+00</SimpleData>
		<SimpleData name="GLOBALID">{BBC05D5B-6033-42B9-AA80-AD3AEFCED9F2}</SimpleData>
	</SchemaData></ExtendedData>
  </Placemark>
  <Placemark>
	<ExtendedData><SchemaData schemaUrl="#DCDevelopment">
		<SimpleData name="OBJECTID">169</SimpleData>
		<SimpleData name="PROJECTNAME">Riverpoint</SimpleData>
		<SimpleData name="WARD">6</SimpleData>
		<SimpleData name="LOCATION">2100 2nd St., SW</SimpleData>
		<SimpleData name="DEVELOPER">Akridge / Western Development Corp. / Jefferson Apartment Grp. / Orr Partners</SimpleData>
		<SimpleData name="PROJECTTYPE">Residential</SimpleData>
		<SimpleData name="UNITS">481</SimpleData>
		<SimpleData name="ESTVALUEINMILLION">220000000</SimpleData>
		<SimpleData name="ESTDELIVERY">Q2 20</SimpleData>
		<SimpleData name="STATUS">Under Construction</SimpleData>
		<SimpleData name="REPORT_EDITION_YEAR">2016-2019</SimpleData>
		<SimpleData name="LAST_EDITED_USER">SDE</SimpleData>
		<SimpleData name="LAST_EDITED_DATE">2025/10/16 20:12:51+00</SimpleData>
		<SimpleData name="GLOBALID">{5FA61412-93A5-4F28-9B54-3BE1374033B3}</SimpleData>
	</SchemaData></ExtendedData>
  </Placemark>
  <Placemark>
	<ExtendedData><SchemaData schemaUrl="#DCDevelopment">
		<SimpleData name="OBJECTID">170</SimpleData>
		<SimpleData name="PROJECTNAME">1900 Half Street</SimpleData>
		<SimpleData name="WARD">6</SimpleData>
		<SimpleData name="LOCATION">1900 Half St., SW</SimpleData>
		<SimpleData name="DEVELOPER">Douglas Development Corporation</SimpleData>
		<SimpleData name="PROJECTTYPE">Residential</SimpleData>
		<SimpleData name="UNITS">453</SimpleData>
		<SimpleData name="ESTVALUEINMILLION">190000000</SimpleData>
		<SimpleData name="ESTDELIVERY">Q4 20</SimpleData>
		<SimpleData name="STATUS">Under Construction</SimpleData>
		<SimpleData name="REPORT_EDITION_YEAR">2016-2019</SimpleData>
		<SimpleData name="LAST_EDITED_USER">SDE</SimpleData>
		<SimpleData name="LAST_EDITED_DATE">2025/10/16 20:12:51+00</SimpleData>
		<SimpleData name="GLOBALID">{E3B1387C-BC01-4080-9A7E-195A81FA2867}</SimpleData>
	</SchemaData></ExtendedData>
  </Placemark>
  <Placemark>
	<ExtendedData><SchemaData schemaUrl="#DCDevelopment">
		<SimpleData name="OBJECTID">171</SimpleData>
		<SimpleData name="PROJECTNAME">The Wren</SimpleData>
		<SimpleData name="WARD">1</SimpleData>
		<SimpleData name="LOCATION">965 Florida Ave., NW</SimpleData>
		<SimpleData name="DEVELOPER">MRP Realty / JBG Smith / Ellis Development Group</SimpleData>
		<SimpleData name="PROJECTTYPE">Residential</SimpleData>
		<SimpleData name="UNITS">433</SimpleData>
		<SimpleData name="ESTVALUEINMILLION">152600000</SimpleData>
		<SimpleData name="ESTDELIVERY">Q4 20</SimpleData>
		<SimpleData name="STATUS">Under Construction</SimpleData>
		<SimpleData name="REPORT_EDITION_YEAR">2016-2019</SimpleData>
		<SimpleData name="LAST_EDITED_USER">SDE</SimpleData>
		<SimpleData name="LAST_EDITED_DATE">2025/10/16 20:12:51+00</SimpleData>
		<SimpleData name="GLOBALID">{502E63EB-A137-4AE6-8F11-161DA1A73BDE}</SimpleData>
	</SchemaData></ExtendedData>
  </Placemark>
  <Placemark>
	<ExtendedData><SchemaData schemaUrl="#DCDevelopment">
		<SimpleData name="OBJECTID">172</SimpleData>
		<SimpleData name="PROJECTNAME">AVEC</SimpleData>
		<SimpleData name="WARD">6</SimpleData>
		<SimpleData name="LOCATION">901 H St., NE</SimpleData>
		<SimpleData name="DEVELOPER">Rappaport / WC Smith / Lustine Realty Company</SimpleData>
		<SimpleData name="PROJECTTYPE">Residential</SimpleData>
		<SimpleData name="UNITS">419</SimpleData>
		<SimpleData name="ESTVALUEINMILLION">200000000</SimpleData>
		<SimpleData name="ESTDELIVERY">Q4 19</SimpleData>
		<SimpleData name="STATUS">Under Construction</SimpleData>
		<SimpleData name="REPORT_EDITION_YEAR">2016-2019</SimpleData>
		<SimpleData name="LAST_EDITED_USER">SDE</SimpleData>
		<SimpleData name="LAST_EDITED_DATE">2025/10/16 20:12:51+00</SimpleData>
		<SimpleData name="GLOBALID">{20E9D1C3-938E-4F6B-B7A5-9EC0A266F3B0}</SimpleData>
	</SchemaData></ExtendedData>
  </Placemark>
  <Placemark>
	<ExtendedData><SchemaData schemaUrl="#DCDevelopment">
		<SimpleData name="OBJECTID">173</SimpleData>
		<SimpleData name="PROJECTNAME">Crossing DC</SimpleData>
		<SimpleData name="WARD">6</SimpleData>
		<SimpleData name="LOCATION">949 1st St., SE</SimpleData>
		<SimpleData name="DEVELOPER">Tishman Speyer</SimpleData>
		<SimpleData name="PROJECTTYPE">Residential</SimpleData>
		<SimpleData name="UNITS">418</SimpleData>
		<SimpleData name="ESTDELIVERY">Q1 20</SimpleData>
		<SimpleData name="STATUS">Under Construction</SimpleData>
		<SimpleData name="REPORT_EDITION_YEAR">2016-2019</SimpleData>
		<SimpleData name="LAST_EDITED_USER">SDE</SimpleData>
		<SimpleData name="LAST_EDITED_DATE">2025/10/16 20:12:51+00</SimpleData>
		<SimpleData name="GLOBALID">{034284CF-1438-4E27-8DAF-1F28191EE00A}</SimpleData>
	</SchemaData></ExtendedData>
  </Placemark>
  <Placemark>
	<ExtendedData><SchemaData schemaUrl="#DCDevelopment">
		<SimpleData name="OBJECTID">174</SimpleData>
		<SimpleData name="PROJECTNAME">Upton Place</SimpleData>
		<SimpleData name="WARD">3</SimpleData>
		<SimpleData name="LOCATION">4000 Wisconsin Ave. NW</SimpleData>
		<SimpleData name="DEVELOPER">Donohoe Companies / Holladay Corporation</SimpleData>
		<SimpleData name="PROJECTTYPE">Residential</SimpleData>
		<SimpleData name="UNITS">689</SimpleData>
		<SimpleData name="ESTDELIVERY">2023</SimpleData>
		<SimpleData name="STATUS">Pipeline</SimpleData>
		<SimpleData name="REPORT_EDITION_YEAR">2016-2019</SimpleData>
		<SimpleData name="LAST_EDITED_USER">SDE</SimpleData>
		<SimpleData name="LAST_EDITED_DATE">2025/10/16 20:12:51+00</SimpleData>
		<SimpleData name="GLOBALID">{2BBEA1D1-1170-485D-B1D8-74CD71566FB2}</SimpleData>
	</SchemaData></ExtendedData>
  </Placemark>
  <Placemark>
	<ExtendedData><SchemaData schemaUrl="#DCDevelopment">
		<SimpleData name="OBJECTID">175</SimpleData>
		<SimpleData name="PROJECTNAME">McMillan Sand Filtration Site</SimpleData>
		<SimpleData name="WARD">5</SimpleData>
		<SimpleData name="LOCATION">North Capitol St. &amp; Michigan Ave., NW</SimpleData>
		<SimpleData name="DEVELOPER">Jair Lynch Real Estate Partners / Trammell Crow Company / EYA</SimpleData>
		<SimpleData name="PROJECTTYPE">Residential</SimpleData>
		<SimpleData name="UNITS">660</SimpleData>
		<SimpleData name="ESTVALUEINMILLION">720000000</SimpleData>
		<SimpleData name="ESTDELIVERY">2023</SimpleData>
		<SimpleData name="STATUS">Pipeline</SimpleData>
		<SimpleData name="REPORT_EDITION_YEAR">2016-2019</SimpleData>
		<SimpleData name="LAST_EDITED_USER">SDE</SimpleData>
		<SimpleData name="LAST_EDITED_DATE">2025/10/16 20:12:51+00</SimpleData>
		<SimpleData name="GLOBALID">{E0001909-A33C-4AF4-BA55-4C9E75F88D20}</SimpleData>
	</SchemaData></ExtendedData>
  </Placemark>
  <Placemark>
	<ExtendedData><SchemaData schemaUrl="#DCDevelopment">
		<SimpleData name="OBJECTID">176</SimpleData>
		<SimpleData name="PROJECTNAME">Armature Works</SimpleData>
		<SimpleData name="WARD">6</SimpleData>
		<SimpleData name="LOCATION">1200 3rd St., NE</SimpleData>
		<SimpleData name="DEVELOPER">Trammell Crow Company / High Street Residential / MetLife</SimpleData>
		<SimpleData name="PROJECTTYPE">Residential</SimpleData>
		<SimpleData name="UNITS">635</SimpleData>
		<SimpleData name="ESTVALUEINMILLION">400000000</SimpleData>
		<SimpleData name="ESTDELIVERY">2022</SimpleData>
		<SimpleData name="STATUS">Pipeline</SimpleData>
		<SimpleData name="REPORT_EDITION_YEAR">2016-2019</SimpleData>
		<SimpleData name="LAST_EDITED_USER">SDE</SimpleData>
		<SimpleData name="LAST_EDITED_DATE">2025/10/16 20:12:51+00</SimpleData>
		<SimpleData name="GLOBALID">{E2E87C57-C18B-48D3-8F67-39343ECE64F3}</SimpleData>
	</SchemaData></ExtendedData>
  </Placemark>
  <Placemark>
	<ExtendedData><SchemaData schemaUrl="#DCDevelopment">
		<SimpleData name="OBJECTID">177</SimpleData>
		<SimpleData name="PROJECTNAME">Museum Place</SimpleData>
		<SimpleData name="WARD">6</SimpleData>
		<SimpleData name="LOCATION">65 I St., SW</SimpleData>
		<SimpleData name="DEVELOPER">Lowe</SimpleData>
		<SimpleData name="PROJECTTYPE">Residential</SimpleData>
		<SimpleData name="UNITS">489</SimpleData>
		<SimpleData name="ESTVALUEINMILLION">200000000</SimpleData>
		<SimpleData name="ESTDELIVERY">2022</SimpleData>
		<SimpleData name="STATUS">Pipeline</SimpleData>
		<SimpleData name="REPORT_EDITION_YEAR">2016-2019</SimpleData>
		<SimpleData name="LAST_EDITED_USER">SDE</SimpleData>
		<SimpleData name="LAST_EDITED_DATE">2025/10/16 20:12:51+00</SimpleData>
		<SimpleData name="GLOBALID">{3509BFF1-A79C-4EC8-A8CD-6B767AE570B0}</SimpleData>
	</SchemaData></ExtendedData>
  </Placemark>
  <Placemark>
	<ExtendedData><SchemaData schemaUrl="#DCDevelopment">
		<SimpleData name="OBJECTID">178</SimpleData>
		<SimpleData name="PROJECTNAME">Storey Park</SimpleData>
		<SimpleData name="WARD">6</SimpleData>
		<SimpleData name="LOCATION">1005 1st St., NE</SimpleData>
		<SimpleData name="DEVELOPER">Four Points / Perseus Realty / Buccini Pollin Group</SimpleData>
		<SimpleData name="PROJECTTYPE">Residential</SimpleData>
		<SimpleData name="UNITS">472</SimpleData>
		<SimpleData name="ESTVALUEINMILLION">330000000</SimpleData>
		<SimpleData name="ESTDELIVERY">2022</SimpleData>
		<SimpleData name="STATUS">Pipeline</SimpleData>
		<SimpleData name="REPORT_EDITION_YEAR">2016-2019</SimpleData>
		<SimpleData name="LAST_EDITED_USER">SDE</SimpleData>
		<SimpleData name="LAST_EDITED_DATE">2025/10/16 20:12:51+00</SimpleData>
		<SimpleData name="GLOBALID">{A0A11338-40C6-4E3F-99BE-85BDA9FA3BF8}</SimpleData>
	</SchemaData></ExtendedData>
  </Placemark>
  <Placemark>
	<ExtendedData><SchemaData schemaUrl="#DCDevelopment">
		<SimpleData name="OBJECTID">179</SimpleData>
		<SimpleData name="PROJECTNAME">Waterfront Station II</SimpleData>
		<SimpleData name="WARD">6</SimpleData>
		<SimpleData name="LOCATION">1000 4th St., SW</SimpleData>
		<SimpleData name="DEVELOPER">Hoffman &amp; Associates / Paramount Development / CityPartners / Affordable Housing Developers</SimpleData>
		<SimpleData name="PROJECTTYPE">Residential</SimpleData>
		<SimpleData name="UNITS">456</SimpleData>
		<SimpleData name="ESTVALUEINMILLION">157000000</SimpleData>
		<SimpleData name="ESTDELIVERY">2022</SimpleData>
		<SimpleData name="STATUS">Pipeline</SimpleData>
		<SimpleData name="REPORT_EDITION_YEAR">2016-2019</SimpleData>
		<SimpleData name="LAST_EDITED_USER">SDE</SimpleData>
		<SimpleData name="LAST_EDITED_DATE">2025/10/16 20:12:51+00</SimpleData>
		<SimpleData name="GLOBALID">{9CD3226B-C5EB-4D1B-8769-CD9283BEFFC7}</SimpleData>
	</SchemaData></ExtendedData>
  </Placemark>
  <Placemark>
	<ExtendedData><SchemaData schemaUrl="#DCDevelopment">
		<SimpleData name="OBJECTID">180</SimpleData>
		<SimpleData name="PROJECTNAME">Bond Bread</SimpleData>
		<SimpleData name="WARD">1</SimpleData>
		<SimpleData name="LOCATION">2114 Georgia Ave., NW</SimpleData>
		<SimpleData name="DEVELOPER">Fivesquares Development / EDENS / Menkiti Group / Howard University</SimpleData>
		<SimpleData name="PROJECTTYPE">Residential</SimpleData>
		<SimpleData name="UNITS">450</SimpleData>
		<SimpleData name="ESTVALUEINMILLION">150000000</SimpleData>
		<SimpleData name="STATUS">Pipeline</SimpleData>
		<SimpleData name="REPORT_EDITION_YEAR">2016-2019</SimpleData>
		<SimpleData name="LAST_EDITED_USER">SDE</SimpleData>
		<SimpleData name="LAST_EDITED_DATE">2025/10/16 20:12:51+00</SimpleData>
		<SimpleData name="GLOBALID">{ED7490A2-7392-4E0D-BC59-06A3664F5C12}</SimpleData>
	</SchemaData></ExtendedData>
  </Placemark>
  <Placemark>
	<ExtendedData><SchemaData schemaUrl="#DCDevelopment">
		<SimpleData name="OBJECTID">181</SimpleData>
		<SimpleData name="PROJECTNAME">1200 5th Street</SimpleData>
		<SimpleData name="WARD">6</SimpleData>
		<SimpleData name="LOCATION">1200 5th St., NW</SimpleData>
		<SimpleData name="DEVELOPER">MidCity</SimpleData>
		<SimpleData name="PROJECTTYPE">Residential</SimpleData>
		<SimpleData name="UNITS">363</SimpleData>
		<SimpleData name="ESTDELIVERY">2023</SimpleData>
		<SimpleData name="STATUS">Pipeline</SimpleData>
		<SimpleData name="REPORT_EDITION_YEAR">2016-2019</SimpleData>
		<SimpleData name="LAST_EDITED_USER">SDE</SimpleData>
		<SimpleData name="LAST_EDITED_DATE">2025/10/16 20:12:51+00</SimpleData>
		<SimpleData name="GLOBALID">{6921D0A0-12C7-480A-B573-069161DB4DCB}</SimpleData>
	</SchemaData></ExtendedData>
  </Placemark>
  <Placemark>
	<ExtendedData><SchemaData schemaUrl="#DCDevelopment">
		<SimpleData name="OBJECTID">182</SimpleData>
		<SimpleData name="PROJECTNAME">Eckington Yards</SimpleData>
		<SimpleData name="WARD">5</SimpleData>
		<SimpleData name="LOCATION">1625 Eckington Pl. &amp; 1500 Harry Thomas Way, NE</SimpleData>
		<SimpleData name="DEVELOPER">The JBG Companies</SimpleData>
		<SimpleData name="PROJECTTYPE">Residential</SimpleData>
		<SimpleData name="UNITS">681</SimpleData>
		<SimpleData name="ESTVALUEINMILLION">265000000</SimpleData>
		<SimpleData name="ESTDELIVERY">Q3 21</SimpleData>
		<SimpleData name="STATUS">Under Construction</SimpleData>
		<SimpleData name="REPORT_EDITION_YEAR">2016-2019</SimpleData>
		<SimpleData name="LAST_EDITED_USER">SDE</SimpleData>
		<SimpleData name="LAST_EDITED_DATE">2025/10/16 20:12:51+00</SimpleData>
		<SimpleData name="GLOBALID">{36357E88-776C-4FF8-ABEF-9E93F27C8F77}</SimpleData>
	</SchemaData></ExtendedData>
  </Placemark>
  <Placemark>
	<ExtendedData><SchemaData schemaUrl="#DCDevelopment">
		<SimpleData name="OBJECTID">183</SimpleData>
		<SimpleData name="PROJECTNAME">Shops at Penn Hill (Phase I)</SimpleData>
		<SimpleData name="WARD">7</SimpleData>
		<SimpleData name="LOCATION">3200 Pennsylvania Ave., SE</SimpleData>
		<SimpleData name="DEVELOPER">Jair Lynch Real Estate Partners</SimpleData>
		<SimpleData name="PROJECTTYPE">Retail</SimpleData>
		<SimpleData name="TYPE_SQFT">65000</SimpleData>
		<SimpleData name="ESTVALUEINMILLION">25000000</SimpleData>
		<SimpleData name="ESTDELIVERY">2019</SimpleData>
		<SimpleData name="STATUS">Completed</SimpleData>
		<SimpleData name="REPORT_EDITION_YEAR">2016-2019</SimpleData>
		<SimpleData name="LAST_EDITED_USER">SDE</SimpleData>
		<SimpleData name="LAST_EDITED_DATE">2025/10/16 20:13:28+00</SimpleData>
		<SimpleData name="GLOBALID">{C2C600E3-C7DE-4FB8-A945-92CE609A3066}</SimpleData>
	</SchemaData></ExtendedData>
  </Placemark>
  <Placemark>
	<ExtendedData><SchemaData schemaUrl="#DCDevelopment">
		<SimpleData name="OBJECTID">184</SimpleData>
		<SimpleData name="PROJECTNAME">CityCenterDC (Conrad Hotel)</SimpleData>
		<SimpleData name="WARD">2</SimpleData>
		<SimpleData name="LOCATION">950 New York Ave., NW</SimpleData>
		<SimpleData name="DEVELOPER">Hines / Qatari Diar</SimpleData>
		<SimpleData name="PROJECTTYPE">Retail</SimpleData>
		<SimpleData name="TYPE_SQFT">30000</SimpleData>
		<SimpleData name="ESTVALUEINMILLION">270000000</SimpleData>
		<SimpleData name="ESTDELIVERY">Q1 19</SimpleData>
		<SimpleData name="STATUS">Completed</SimpleData>
		<SimpleData name="REPORT_EDITION_YEAR">2016-2019</SimpleData>
		<SimpleData name="LAST_EDITED_USER">SDE</SimpleData>
		<SimpleData name="LAST_EDITED_DATE">2025/10/16 20:13:28+00</SimpleData>
		<SimpleData name="GLOBALID">{17CC69D8-ADEE-4E8B-B3C5-E16C5441B8A2}</SimpleData>
	</SchemaData></ExtendedData>
  </Placemark>
  <Placemark>
	<ExtendedData><SchemaData schemaUrl="#DCDevelopment">
		<SimpleData name="OBJECTID">185</SimpleData>
		<SimpleData name="PROJECTNAME">The Batley</SimpleData>
		<SimpleData name="WARD">5</SimpleData>
		<SimpleData name="LOCATION">1270 4th St., NE</SimpleData>
		<SimpleData name="DEVELOPER">EDENS / Level 2 Development / Trammell Crow Residential</SimpleData>
		<SimpleData name="PROJECTTYPE">Retail</SimpleData>
		<SimpleData name="TYPE_SQFT">29042</SimpleData>
		<SimpleData name="ESTVALUEINMILLION">150000000</SimpleData>
		<SimpleData name="ESTDELIVERY">Q2 19</SimpleData>
		<SimpleData name="STATUS">Completed</SimpleData>
		<SimpleData name="REPORT_EDITION_YEAR">2016-2019</SimpleData>
		<SimpleData name="LAST_EDITED_USER">SDE</SimpleData>
		<SimpleData name="LAST_EDITED_DATE">2025/10/16 20:13:28+00</SimpleData>
		<SimpleData name="GLOBALID">{7577E574-8673-4948-9DE5-30D6BABBA0C7}</SimpleData>
	</SchemaData></ExtendedData>
  </Placemark>
  <Placemark>
	<ExtendedData><SchemaData schemaUrl="#DCDevelopment">
		<SimpleData name="OBJECTID">186</SimpleData>
		<SimpleData name="PROJECTNAME">Liz</SimpleData>
		<SimpleData name="WARD">2</SimpleData>
		<SimpleData name="LOCATION">1701 14th St., NW</SimpleData>
		<SimpleData name="DEVELOPER">Fivesquares Development / Streetscape Partners / Whitman-Walker Health</SimpleData>
		<SimpleData name="PROJECTTYPE">Retail</SimpleData>
		<SimpleData name="TYPE_SQFT">26000</SimpleData>
		<SimpleData name="ESTDELIVERY">Q3 19</SimpleData>
		<SimpleData name="STATUS">Completed</SimpleData>
		<SimpleData name="REPORT_EDITION_YEAR">2016-2019</SimpleData>
		<SimpleData name="LAST_EDITED_USER">SDE</SimpleData>
		<SimpleData name="LAST_EDITED_DATE">2025/10/16 20:13:28+00</SimpleData>
		<SimpleData name="GLOBALID">{0E064686-4122-4722-AF0A-DC324B77767F}</SimpleData>
	</SchemaData></ExtendedData>
  </Placemark>
  <Placemark>
	<ExtendedData><SchemaData schemaUrl="#DCDevelopment">
		<SimpleData name="OBJECTID">187</SimpleData>
		<SimpleData name="PROJECTNAME">Carnegie Library</SimpleData>
		<SimpleData name="WARD">2</SimpleData>
		<SimpleData name="LOCATION">800 Mount Vernon Pl., NW</SimpleData>
		<SimpleData name="DEVELOPER">Apple / EventsDC</SimpleData>
		<SimpleData name="PROJECTTYPE">Retail</SimpleData>
		<SimpleData name="TYPE_SQFT">18896</SimpleData>
		<SimpleData name="ESTVALUEINMILLION">30000000</SimpleData>
		<SimpleData name="ESTDELIVERY">Q2 19</SimpleData>
		<SimpleData name="STATUS">Completed</SimpleData>
		<SimpleData name="REPORT_EDITION_YEAR">2016-2019</SimpleData>
		<SimpleData name="LAST_EDITED_USER">SDE</SimpleData>
		<SimpleData name="LAST_EDITED_DATE">2025/10/16 20:13:28+00</SimpleData>
		<SimpleData name="GLOBALID">{6DC00BF1-F8E8-4997-A5EA-13DAD5B81D95}</SimpleData>
	</SchemaData></ExtendedData>
  </Placemark>
  <Placemark>
	<ExtendedData><SchemaData schemaUrl="#DCDevelopment">
		<SimpleData name="OBJECTID">188</SimpleData>
		<SimpleData name="PROJECTNAME">Union Place (Phase II)</SimpleData>
		<SimpleData name="WARD">6</SimpleData>
		<SimpleData name="LOCATION">200 K St., NE</SimpleData>
		<SimpleData name="DEVELOPER">Toll Brothers</SimpleData>
		<SimpleData name="PROJECTTYPE">Retail</SimpleData>
		<SimpleData name="TYPE_SQFT">16500</SimpleData>
		<SimpleData name="ESTVALUEINMILLION">170000000</SimpleData>
		<SimpleData name="ESTDELIVERY">Q2 19</SimpleData>
		<SimpleData name="STATUS">Completed</SimpleData>
		<SimpleData name="REPORT_EDITION_YEAR">2016-2019</SimpleData>
		<SimpleData name="LAST_EDITED_USER">SDE</SimpleData>
		<SimpleData name="LAST_EDITED_DATE">2025/10/16 20:13:28+00</SimpleData>
		<SimpleData name="GLOBALID">{4BC57643-6552-4C5A-853D-926D688F22F1}</SimpleData>
	</SchemaData></ExtendedData>
  </Placemark>
  <Placemark>
	<ExtendedData><SchemaData schemaUrl="#DCDevelopment">
		<SimpleData name="OBJECTID">189</SimpleData>
		<SimpleData name="PROJECTNAME">Penn Eleven</SimpleData>
		<SimpleData name="WARD">6</SimpleData>
		<SimpleData name="LOCATION">1101 - 1117 Pennsylvania Ave., SE</SimpleData>
		<SimpleData name="DEVELOPER">Perseus Realty / Westbrook Partners</SimpleData>
		<SimpleData name="PROJECTTYPE">Retail</SimpleData>
		<SimpleData name="TYPE_SQFT">16000</SimpleData>
		<SimpleData name="ESTVALUEINMILLION">25000000</SimpleData>
		<SimpleData name="ESTDELIVERY">Q1 19</SimpleData>
		<SimpleData name="STATUS">Completed</SimpleData>
		<SimpleData name="REPORT_EDITION_YEAR">2016-2019</SimpleData>
		<SimpleData name="LAST_EDITED_USER">SDE</SimpleData>
		<SimpleData name="LAST_EDITED_DATE">2025/10/16 20:13:28+00</SimpleData>
		<SimpleData name="GLOBALID">{F7D1A3E0-6951-4F06-8B7B-D720EAC041F5}</SimpleData>
	</SchemaData></ExtendedData>
  </Placemark>
  <Placemark>
	<ExtendedData><SchemaData schemaUrl="#DCDevelopment">
		<SimpleData name="OBJECTID">190</SimpleData>
		<SimpleData name="PROJECTNAME">The Sonnet</SimpleData>
		<SimpleData name="WARD">1</SimpleData>
		<SimpleData name="LOCATION">1441 U St., NW</SimpleData>
		<SimpleData name="DEVELOPER">High Street Residential</SimpleData>
		<SimpleData name="PROJECTTYPE">Retail</SimpleData>
		<SimpleData name="TYPE_SQFT">15552</SimpleData>
		<SimpleData name="ESTVALUEINMILLION">150000000</SimpleData>
		<SimpleData name="ESTDELIVERY">Q3 18</SimpleData>
		<SimpleData name="STATUS">Completed</SimpleData>
		<SimpleData name="REPORT_EDITION_YEAR">2016-2019</SimpleData>
		<SimpleData name="LAST_EDITED_USER">SDE</SimpleData>
		<SimpleData name="LAST_EDITED_DATE">2025/10/16 20:13:28+00</SimpleData>
		<SimpleData name="GLOBALID">{DEC95AE9-64CE-45D3-A179-91C217373CE5}</SimpleData>
	</SchemaData></ExtendedData>
  </Placemark>
  <Placemark>
	<ExtendedData><SchemaData schemaUrl="#DCDevelopment">
		<SimpleData name="OBJECTID">191</SimpleData>
		<SimpleData name="PROJECTNAME">Maple View Flats</SimpleData>
		<SimpleData name="WARD">8</SimpleData>
		<SimpleData name="LOCATION">2228 - 2252 Martin Luther King Jr. Ave., SE</SimpleData>
		<SimpleData name="DEVELOPER">Chapman Development / DHCD</SimpleData>
		<SimpleData name="PROJECTTYPE">Retail</SimpleData>
		<SimpleData name="TYPE_SQFT">15000</SimpleData>
		<SimpleData name="ESTVALUEINMILLION">50000000</SimpleData>
		<SimpleData name="ESTDELIVERY">Q1 19</SimpleData>
		<SimpleData name="STATUS">Completed</SimpleData>
		<SimpleData name="REPORT_EDITION_YEAR">2016-2019</SimpleData>
		<SimpleData name="LAST_EDITED_USER">SDE</SimpleData>
		<SimpleData name="LAST_EDITED_DATE">2025/10/16 20:13:28+00</SimpleData>
		<SimpleData name="GLOBALID">{606535E1-373F-4DA6-90ED-6161ADD3F398}</SimpleData>
	</SchemaData></ExtendedData>
  </Placemark>
  <Placemark>
	<ExtendedData><SchemaData schemaUrl="#DCDevelopment">
		<SimpleData name="OBJECTID">192</SimpleData>
		<SimpleData name="PROJECTNAME">City Ridge</SimpleData>
		<SimpleData name="WARD">3</SimpleData>
		<SimpleData name="LOCATION">3900 Wisconsin Ave., NW</SimpleData>
		<SimpleData name="DEVELOPER">Roadside Development / North America Sekisui House</SimpleData>
		<SimpleData name="PROJECTTYPE">Retail</SimpleData>
		<SimpleData name="TYPE_SQFT">194000</SimpleData>
		<SimpleData name="ESTVALUEINMILLION">700000000</SimpleData>
		<SimpleData name="ESTDELIVERY">Q2 22</SimpleData>
		<SimpleData name="STATUS">Under Construction</SimpleData>
		<SimpleData name="REPORT_EDITION_YEAR">2016-2019</SimpleData>
		<SimpleData name="LAST_EDITED_USER">SDE</SimpleData>
		<SimpleData name="LAST_EDITED_DATE">2025/10/16 20:13:28+00</SimpleData>
		<SimpleData name="GLOBALID">{855F8EDC-CF2D-4DA5-8400-3F64DDC9EAAA}</SimpleData>
	</SchemaData></ExtendedData>
  </Placemark>
  <Placemark>
	<ExtendedData><SchemaData schemaUrl="#DCDevelopment">
		<SimpleData name="OBJECTID">193</SimpleData>
		<SimpleData name="PROJECTNAME">Skyland Town Center (Phase A)</SimpleData>
		<SimpleData name="WARD">7</SimpleData>
		<SimpleData name="LOCATION">Alabama Ave. &amp; Naylor Rd., SE</SimpleData>
		<SimpleData name="DEVELOPER">Rappaport / WC Smith / Washington East</SimpleData>
		<SimpleData name="PROJECTTYPE">Retail</SimpleData>
		<SimpleData name="TYPE_SQFT">117000</SimpleData>
		<SimpleData name="ESTVALUEINMILLION">175000000</SimpleData>
		<SimpleData name="ESTDELIVERY">Q3 20</SimpleData>
		<SimpleData name="STATUS">Under Construction</SimpleData>
		<SimpleData name="REPORT_EDITION_YEAR">2016-2019</SimpleData>
		<SimpleData name="LAST_EDITED_USER">SDE</SimpleData>
		<SimpleData name="LAST_EDITED_DATE">2025/10/16 20:13:28+00</SimpleData>
		<SimpleData name="GLOBALID">{F0E69AE8-B076-4B74-92B7-20D021487F84}</SimpleData>
	</SchemaData></ExtendedData>
  </Placemark>
  <Placemark>
	<ExtendedData><SchemaData schemaUrl="#DCDevelopment">
		<SimpleData name="OBJECTID">194</SimpleData>
		<SimpleData name="PROJECTNAME">1515 New York Avenue</SimpleData>
		<SimpleData name="WARD">5</SimpleData>
		<SimpleData name="LOCATION">1515 New York Ave., NE</SimpleData>
		<SimpleData name="DEVELOPER">Douglas Development Corporation</SimpleData>
		<SimpleData name="PROJECTTYPE">Retail</SimpleData>
		<SimpleData name="TYPE_SQFT">92828</SimpleData>
		<SimpleData name="ESTVALUEINMILLION">27000000</SimpleData>
		<SimpleData name="ESTDELIVERY">Q4 19</SimpleData>
		<SimpleData name="STATUS">Under Construction</SimpleData>
		<SimpleData name="REPORT_EDITION_YEAR">2016-2019</SimpleData>
		<SimpleData name="LAST_EDITED_USER">SDE</SimpleData>
		<SimpleData name="LAST_EDITED_DATE">2025/10/16 20:13:28+00</SimpleData>
		<SimpleData name="GLOBALID">{CF3EA283-297F-4291-B544-6B7E429BE31B}</SimpleData>
	</SchemaData></ExtendedData>
  </Placemark>
  <Placemark>
	<ExtendedData><SchemaData schemaUrl="#DCDevelopment">
		<SimpleData name="OBJECTID">195</SimpleData>
		<SimpleData name="PROJECTNAME">McMillan Sand Filtration Site</SimpleData>
		<SimpleData name="WARD">5</SimpleData>
		<SimpleData name="LOCATION">North Capitol St. &amp; Michigan Ave., NW</SimpleData>
		<SimpleData name="DEVELOPER">Jair Lynch Real Estate Partners / Trammell Crow Company / EYA / DMPED</SimpleData>
		<SimpleData name="PROJECTTYPE">Residential</SimpleData>
		<SimpleData name="UNITS">660</SimpleData>
		<SimpleData name="UNIT_TYPE">R/O</SimpleData>
		<SimpleData name="ESTVALUEINMILLION">720000000</SimpleData>
		<SimpleData name="STATUS">Pipeline</SimpleData>
		<SimpleData name="REPORT_EDITION_YEAR">2016-2019</SimpleData>
		<SimpleData name="ARCHITECT">Perkins Eastman DC / MV+A Architects / Shalom Baranes Associates</SimpleData>
		<SimpleData name="LAST_EDITED_USER">SDE</SimpleData>
		<SimpleData name="LAST_EDITED_DATE">2025/10/16 20:20:42+00</SimpleData>
		<SimpleData name="GLOBALID">{DDB4202B-9062-4EC1-9E51-1FCDFFB2F3C7}</SimpleData>
	</SchemaData></ExtendedData>
  </Placemark>
  <Placemark>
	<ExtendedData><SchemaData schemaUrl="#DCDevelopment">
		<SimpleData name="OBJECTID">196</SimpleData>
		<SimpleData name="PROJECTNAME">Ballpark East</SimpleData>
		<SimpleData name="WARD">6</SimpleData>
		<SimpleData name="LOCATION">1201 Half St., SE</SimpleData>
		<SimpleData name="DEVELOPER">The JBG Companies</SimpleData>
		<SimpleData name="PROJECTTYPE">Residential</SimpleData>
		<SimpleData name="UNITS">438</SimpleData>
		<SimpleData name="UNIT_TYPE">R/O</SimpleData>
		<SimpleData name="ESTVALUEINMILLION">0</SimpleData>
		<SimpleData name="ESTDELIVERY">2019</SimpleData>
		<SimpleData name="STATUS">Pipeline</SimpleData>
		<SimpleData name="REPORT_EDITION_YEAR">2016-2019</SimpleData>
		<SimpleData name="ARCHITECT">Eric Colbert &amp; Associates, PC / ODA Architecture</SimpleData>
		<SimpleData name="LAST_EDITED_USER">SDE</SimpleData>
		<SimpleData name="LAST_EDITED_DATE">2025/10/16 20:20:42+00</SimpleData>
		<SimpleData name="GLOBALID">{09FEBFA5-1CB1-4DCC-AFDA-1A91D5245426}</SimpleData>
	</SchemaData></ExtendedData>
  </Placemark>
  <Placemark>
	<ExtendedData><SchemaData schemaUrl="#DCDevelopment">
		<SimpleData name="OBJECTID">197</SimpleData>
		<SimpleData name="PROJECTNAME">The Griffith</SimpleData>
		<SimpleData name="WARD">1</SimpleData>
		<SimpleData name="LOCATION">965 Florida Ave., NW</SimpleData>
		<SimpleData name="DEVELOPER">MRP Realty / Ellis Development Group /  Fundrise / JBG</SimpleData>
		<SimpleData name="PROJECTTYPE">Residential</SimpleData>
		<SimpleData name="UNITS">428</SimpleData>
		<SimpleData name="UNIT_TYPE">R</SimpleData>
		<SimpleData name="ESTVALUEINMILLION">120000000</SimpleData>
		<SimpleData name="ESTDELIVERY">2020</SimpleData>
		<SimpleData name="STATUS">Pipeline</SimpleData>
		<SimpleData name="REPORT_EDITION_YEAR">2016-2019</SimpleData>
		<SimpleData name="ARCHITECT">Hord Coplan Macht Inc / PGN Architects PLLC</SimpleData>
		<SimpleData name="LAST_EDITED_USER">SDE</SimpleData>
		<SimpleData name="LAST_EDITED_DATE">2025/10/16 20:12:51+00</SimpleData>
		<SimpleData name="GLOBALID">{7658A82B-64A2-4C78-ACBC-AE04D07365A7}</SimpleData>
	</SchemaData></ExtendedData>
  </Placemark>
  <Placemark>
	<ExtendedData><SchemaData schemaUrl="#DCDevelopment">
		<SimpleData name="OBJECTID">198</SimpleData>
		<SimpleData name="PROJECTNAME">300 M</SimpleData>
		<SimpleData name="WARD">6</SimpleData>
		<SimpleData name="LOCATION">300 M St., NE</SimpleData>
		<SimpleData name="DEVELOPER">The Wilkes Company</SimpleData>
		<SimpleData name="PROJECTTYPE">Residential</SimpleData>
		<SimpleData name="UNITS">425</SimpleData>
		<SimpleData name="UNIT_TYPE">R</SimpleData>
		<SimpleData name="ESTVALUEINMILLION">132000000</SimpleData>
		<SimpleData name="ESTDELIVERY">2018</SimpleData>
		<SimpleData name="STATUS">Pipeline</SimpleData>
		<SimpleData name="REPORT_EDITION_YEAR">2016-2019</SimpleData>
		<SimpleData name="ARCHITECT">WDG Architecture / Hickok Cole Architects</SimpleData>
		<SimpleData name="LAST_EDITED_USER">SDE</SimpleData>
		<SimpleData name="LAST_EDITED_DATE">2025/10/16 20:12:51+00</SimpleData>
		<SimpleData name="GLOBALID">{51190AC2-F271-469D-80D8-32651BDAE727}</SimpleData>
	</SchemaData></ExtendedData>
  </Placemark>
  <Placemark>
	<ExtendedData><SchemaData schemaUrl="#DCDevelopment">
		<SimpleData name="OBJECTID">199</SimpleData>
		<SimpleData name="PROJECTNAME">901 H Street</SimpleData>
		<SimpleData name="WARD">6</SimpleData>
		<SimpleData name="LOCATION">901 H St., NE</SimpleData>
		<SimpleData name="DEVELOPER">Rappaport / WC Smith / Lustine Realty Co.</SimpleData>
		<SimpleData name="PROJECTTYPE">Residential</SimpleData>
		<SimpleData name="UNITS">419</SimpleData>
		<SimpleData name="UNIT_TYPE">R</SimpleData>
		<SimpleData name="ESTVALUEINMILLION">150000000</SimpleData>
		<SimpleData name="ESTDELIVERY">2019</SimpleData>
		<SimpleData name="STATUS">Pipeline</SimpleData>
		<SimpleData name="REPORT_EDITION_YEAR">2016-2019</SimpleData>
		<SimpleData name="ARCHITECT">Torti Gallas and Partners</SimpleData>
		<SimpleData name="LAST_EDITED_USER">SDE</SimpleData>
		<SimpleData name="LAST_EDITED_DATE">2025/10/16 20:12:51+00</SimpleData>
		<SimpleData name="GLOBALID">{3FD61BE9-9664-4FD6-99CE-CCD540FD20DD}</SimpleData>
	</SchemaData></ExtendedData>
  </Placemark>
  <Placemark>
	<ExtendedData><SchemaData schemaUrl="#DCDevelopment">
		<SimpleData name="OBJECTID">200</SimpleData>
		<SimpleData name="PROJECTNAME">The Portals (Ph V)</SimpleData>
		<SimpleData name="WARD">6</SimpleData>
		<SimpleData name="LOCATION">1331 Maryland Ave., SW</SimpleData>
		<SimpleData name="DEVELOPER">Republic Properties Corporation</SimpleData>
		<SimpleData name="PROJECTTYPE">Residential</SimpleData>
		<SimpleData name="UNITS">393</SimpleData>
		<SimpleData name="UNIT_TYPE">R</SimpleData>
		<SimpleData name="ESTVALUEINMILLION">185000000</SimpleData>
		<SimpleData name="ESTDELIVERY">2019</SimpleData>
		<SimpleData name="STATUS">Pipeline</SimpleData>
		<SimpleData name="REPORT_EDITION_YEAR">2016-2019</SimpleData>
		<SimpleData name="ARCHITECT">Robert A M Stern Architects / WDG Architecture</SimpleData>
		<SimpleData name="LAST_EDITED_USER">SDE</SimpleData>
		<SimpleData name="LAST_EDITED_DATE">2025/10/16 20:12:51+00</SimpleData>
		<SimpleData name="GLOBALID">{12A3FDC9-7677-4ACF-BB1B-053F8A644FEA}</SimpleData>
	</SchemaData></ExtendedData>
  </Placemark>
  <Placemark>
	<ExtendedData><SchemaData schemaUrl="#DCDevelopment">
		<SimpleData name="OBJECTID">201</SimpleData>
		<SimpleData name="PROJECTNAME">RESA at Tyber Place</SimpleData>
		<SimpleData name="WARD">6</SimpleData>
		<SimpleData name="LOCATION">22 M St., NE</SimpleData>
		<SimpleData name="DEVELOPER">Skanska</SimpleData>
		<SimpleData name="PROJECTTYPE">Residential</SimpleData>
		<SimpleData name="UNITS">326</SimpleData>
		<SimpleData name="UNIT_TYPE">R</SimpleData>
		<SimpleData name="ESTVALUEINMILLION">75000000</SimpleData>
		<SimpleData name="ESTDELIVERY">2018</SimpleData>
		<SimpleData name="STATUS">Pipeline</SimpleData>
		<SimpleData name="REPORT_EDITION_YEAR">2016-2019</SimpleData>
		<SimpleData name="ARCHITECT">Design Collective, Inc</SimpleData>
		<SimpleData name="LAST_EDITED_USER">SDE</SimpleData>
		<SimpleData name="LAST_EDITED_DATE">2025/10/16 20:12:51+00</SimpleData>
		<SimpleData name="GLOBALID">{CD14BBD3-C1A6-4594-BF5A-A6CA627225AD}</SimpleData>
	</SchemaData></ExtendedData>
  </Placemark>
  <Placemark>
	<ExtendedData><SchemaData schemaUrl="#DCDevelopment">
		<SimpleData name="OBJECTID">202</SimpleData>
		<SimpleData name="PROJECTNAME">Reservation 13 (Ph I)</SimpleData>
		<SimpleData name="WARD">7</SimpleData>
		<SimpleData name="LOCATION">19th &amp; Massachusetts Ave., SE</SimpleData>
		<SimpleData name="DEVELOPER">Donatelli Development / Blue Skye Development &amp; Construction</SimpleData>
		<SimpleData name="PROJECTTYPE">Residential</SimpleData>
		<SimpleData name="UNITS">353</SimpleData>
		<SimpleData name="UNIT_TYPE">R</SimpleData>
		<SimpleData name="ESTVALUEINMILLION">80000000</SimpleData>
		<SimpleData name="ESTDELIVERY">2019</SimpleData>
		<SimpleData name="STATUS">Pipeline</SimpleData>
		<SimpleData name="REPORT_EDITION_YEAR">2016-2019</SimpleData>
		<SimpleData name="ARCHITECT">GTM Architects</SimpleData>
		<SimpleData name="LAST_EDITED_USER">SDE</SimpleData>
		<SimpleData name="LAST_EDITED_DATE">2025/10/16 20:12:51+00</SimpleData>
		<SimpleData name="GLOBALID">{48524C19-289E-483E-A110-5C416B67890A}</SimpleData>
	</SchemaData></ExtendedData>
  </Placemark>
  <Placemark>
	<ExtendedData><SchemaData schemaUrl="#DCDevelopment">
		<SimpleData name="OBJECTID">203</SimpleData>
		<SimpleData name="PROJECTNAME">Washington College of Law</SimpleData>
		<SimpleData name="WARD">3</SimpleData>
		<SimpleData name="LOCATION">Tenley Campus (4300 Nebraska Ave., NW)</SimpleData>
		<SimpleData name="DEVELOPER">American University</SimpleData>
		<SimpleData name="PROJECTTYPE">Education</SimpleData>
		<SimpleData name="TYPE_SQFT">385100</SimpleData>
		<SimpleData name="ESTVALUEINMILLION">129000000</SimpleData>
		<SimpleData name="STATUS">Completed</SimpleData>
		<SimpleData name="REPORT_EDITION_YEAR">2016-2019</SimpleData>
		<SimpleData name="ARCHITECT">SmithGroupJJR</SimpleData>
		<SimpleData name="LAST_EDITED_USER">SDE</SimpleData>
		<SimpleData name="LAST_EDITED_DATE">2025/10/16 20:09:37+00</SimpleData>
		<SimpleData name="GLOBALID">{37C66C19-340C-4168-9D4F-DF2482A24614}</SimpleData>
	</SchemaData></ExtendedData>
  </Placemark>
  <Placemark>
	<ExtendedData><SchemaData schemaUrl="#DCDevelopment">
		<SimpleData name="OBJECTID">204</SimpleData>
		<SimpleData name="PROJECTNAME">Ballou Senior High School</SimpleData>
		<SimpleData name="WARD">8</SimpleData>
		<SimpleData name="LOCATION">3401 4th St., SE</SimpleData>
		<SimpleData name="DEVELOPER">DC Public Schools / Department of General Services</SimpleData>
		<SimpleData name="PROJECTTYPE">Education</SimpleData>
		<SimpleData name="TYPE_SQFT">365000</SimpleData>
		<SimpleData name="ESTVALUEINMILLION">143000000</SimpleData>
		<SimpleData name="STATUS">Completed</SimpleData>
		<SimpleData name="REPORT_EDITION_YEAR">2016-2019</SimpleData>
		<SimpleData name="ARCHITECT">Bowie Gridley Architects / Perkins+Will</SimpleData>
		<SimpleData name="LAST_EDITED_USER">SDE</SimpleData>
		<SimpleData name="LAST_EDITED_DATE">2025/10/16 20:09:37+00</SimpleData>
		<SimpleData name="GLOBALID">{428515B4-2ACC-4BFA-9C2D-BDCBAAB7035D}</SimpleData>
	</SchemaData></ExtendedData>
  </Placemark>
  <Placemark>
	<ExtendedData><SchemaData schemaUrl="#DCDevelopment">
		<SimpleData name="OBJECTID">205</SimpleData>
		<SimpleData name="PROJECTNAME">Theodore Roosevelt High School</SimpleData>
		<SimpleData name="WARD">4</SimpleData>
		<SimpleData name="LOCATION">4301 13th St., NW</SimpleData>
		<SimpleData name="DEVELOPER">DC Public Schools / Department of General Services</SimpleData>
		<SimpleData name="PROJECTTYPE">Education</SimpleData>
		<SimpleData name="TYPE_SQFT">328000</SimpleData>
		<SimpleData name="ESTVALUEINMILLION">136000000</SimpleData>
		<SimpleData name="STATUS">Completed</SimpleData>
		<SimpleData name="REPORT_EDITION_YEAR">2016-2019</SimpleData>
		<SimpleData name="ARCHITECT">Perkins Eastman DC</SimpleData>
		<SimpleData name="LAST_EDITED_USER">SDE</SimpleData>
		<SimpleData name="LAST_EDITED_DATE">2025/10/16 20:09:37+00</SimpleData>
		<SimpleData name="GLOBALID">{F43BAF0D-2CA7-4DDA-8EC6-3217B12BAE94}</SimpleData>
	</SchemaData></ExtendedData>
  </Placemark>
  <Placemark>
	<ExtendedData><SchemaData schemaUrl="#DCDevelopment">
		<SimpleData name="OBJECTID">206</SimpleData>
		<SimpleData name="PROJECTNAME">District House</SimpleData>
		<SimpleData name="WARD">2</SimpleData>
		<SimpleData name="LOCATION">2121 H St., NW</SimpleData>
		<SimpleData name="DEVELOPER">George Washington University</SimpleData>
		<SimpleData name="PROJECTTYPE">Education</SimpleData>
		<SimpleData name="TYPE_SQFT">322500</SimpleData>
		<SimpleData name="ESTVALUEINMILLION">130000000</SimpleData>
		<SimpleData name="STATUS">Completed</SimpleData>
		<SimpleData name="REPORT_EDITION_YEAR">2016-2019</SimpleData>
		<SimpleData name="ARCHITECT">Ayers Saint Gross</SimpleData>
		<SimpleData name="LAST_EDITED_USER">SDE</SimpleData>
		<SimpleData name="LAST_EDITED_DATE">2025/10/16 20:09:37+00</SimpleData>
		<SimpleData name="GLOBALID">{9D03C91C-9997-42DC-AC8A-3732C2B7BC85}</SimpleData>
	</SchemaData></ExtendedData>
  </Placemark>
  <Placemark>
	<ExtendedData><SchemaData schemaUrl="#DCDevelopment">
		<SimpleData name="OBJECTID">207</SimpleData>
		<SimpleData name="PROJECTNAME">John R. Thompson Jr. Intercollegiate Athletic Center</SimpleData>
		<SimpleData name="WARD">2</SimpleData>
		<SimpleData name="LOCATION">Georgetown University</SimpleData>
		<SimpleData name="DEVELOPER">Georgetown University</SimpleData>
		<SimpleData name="PROJECTTYPE">Education</SimpleData>
		<SimpleData name="TYPE_SQFT">144000</SimpleData>
		<SimpleData name="ESTVALUEINMILLION">62000000</SimpleData>
		<SimpleData name="STATUS">Completed</SimpleData>
		<SimpleData name="REPORT_EDITION_YEAR">2016-2019</SimpleData>
		<SimpleData name="ARCHITECT">Populous / Bowie Gridley Architects</SimpleData>
		<SimpleData name="LAST_EDITED_USER">SDE</SimpleData>
		<SimpleData name="LAST_EDITED_DATE">2025/10/16 20:09:37+00</SimpleData>
		<SimpleData name="GLOBALID">{56C68859-9448-4A93-A768-8B7B2FCD0262}</SimpleData>
	</SchemaData></ExtendedData>
  </Placemark>
  <Placemark>
	<ExtendedData><SchemaData schemaUrl="#DCDevelopment">
		<SimpleData name="OBJECTID">208</SimpleData>
		<SimpleData name="PROJECTNAME">KIPP DC</SimpleData>
		<SimpleData name="WARD">5</SimpleData>
		<SimpleData name="LOCATION">1405 Brentwood Parkway, NE</SimpleData>
		<SimpleData name="DEVELOPER">KIPP DC</SimpleData>
		<SimpleData name="PROJECTTYPE">Education</SimpleData>
		<SimpleData name="TYPE_SQFT">125000</SimpleData>
		<SimpleData name="ESTVALUEINMILLION">45000000</SimpleData>
		<SimpleData name="STATUS">Completed</SimpleData>
		<SimpleData name="REPORT_EDITION_YEAR">2016-2019</SimpleData>
		<SimpleData name="ARCHITECT">Studios Architecture</SimpleData>
		<SimpleData name="LAST_EDITED_USER">SDE</SimpleData>
		<SimpleData name="LAST_EDITED_DATE">2025/10/16 20:09:37+00</SimpleData>
		<SimpleData name="GLOBALID">{E2A4A2CF-B7A1-425F-948C-BEE601105519}</SimpleData>
	</SchemaData></ExtendedData>
  </Placemark>
  <Placemark>
	<ExtendedData><SchemaData schemaUrl="#DCDevelopment">
		<SimpleData name="OBJECTID">209</SimpleData>
		<SimpleData name="PROJECTNAME">Lafayette Elementary School</SimpleData>
		<SimpleData name="WARD">4</SimpleData>
		<SimpleData name="LOCATION">5701 BRd. Branch Rd., NW</SimpleData>
		<SimpleData name="DEVELOPER">DC Public Schools / Department of General Services</SimpleData>
		<SimpleData name="PROJECTTYPE">Education</SimpleData>
		<SimpleData name="TYPE_SQFT">120000</SimpleData>
		<SimpleData name="ESTVALUEINMILLION">79000000</SimpleData>
		<SimpleData name="STATUS">Completed</SimpleData>
		<SimpleData name="REPORT_EDITION_YEAR">2016-2019</SimpleData>
		<SimpleData name="ARCHITECT">Hartman-Cox Architects / Grimm + Parker &amp; Associates</SimpleData>
		<SimpleData name="LAST_EDITED_USER">SDE</SimpleData>
		<SimpleData name="LAST_EDITED_DATE">2025/10/16 20:09:37+00</SimpleData>
		<SimpleData name="GLOBALID">{C5FA9ACA-87A2-4BC3-84B8-491939DD3FD2}</SimpleData>
	</SchemaData></ExtendedData>
  </Placemark>
  <Placemark>
	<ExtendedData><SchemaData schemaUrl="#DCDevelopment">
		<SimpleData name="OBJECTID">210</SimpleData>
		<SimpleData name="PROJECTNAME">Stuart-Hobson Middle School</SimpleData>
		<SimpleData name="WARD">6</SimpleData>
		<SimpleData name="LOCATION">410 E St., NE</SimpleData>
		<SimpleData name="DEVELOPER">DC Public Schools / Department of General Services</SimpleData>
		<SimpleData name="PROJECTTYPE">Education</SimpleData>
		<SimpleData name="TYPE_SQFT">116000</SimpleData>
		<SimpleData name="ESTVALUEINMILLION">41000000</SimpleData>
		<SimpleData name="STATUS">Completed</SimpleData>
		<SimpleData name="REPORT_EDITION_YEAR">2016-2019</SimpleData>
		<SimpleData name="ARCHITECT">Hughes Group Architects</SimpleData>
		<SimpleData name="LAST_EDITED_USER">SDE</SimpleData>
		<SimpleData name="LAST_EDITED_DATE">2025/10/16 20:09:37+00</SimpleData>
		<SimpleData name="GLOBALID">{07398282-B64B-4183-A250-36A654B8C8CB}</SimpleData>
	</SchemaData></ExtendedData>
  </Placemark>
  <Placemark>
	<ExtendedData><SchemaData schemaUrl="#DCDevelopment">
		<SimpleData name="OBJECTID">211</SimpleData>
		<SimpleData name="PROJECTNAME">River Terrace Elementary School</SimpleData>
		<SimpleData name="WARD">7</SimpleData>
		<SimpleData name="LOCATION">420 34th St., NE</SimpleData>
		<SimpleData name="DEVELOPER">DC Public Schools / Department of General Services</SimpleData>
		<SimpleData name="PROJECTTYPE">Education</SimpleData>
		<SimpleData name="TYPE_SQFT">110500</SimpleData>
		<SimpleData name="ESTVALUEINMILLION">36000000</SimpleData>
		<SimpleData name="STATUS">Completed</SimpleData>
		<SimpleData name="REPORT_EDITION_YEAR">2016-2019</SimpleData>
		<SimpleData name="ARCHITECT">Fanning Howey / Bryant Mitchell Architects</SimpleData>
		<SimpleData name="LAST_EDITED_USER">SDE</SimpleData>
		<SimpleData name="LAST_EDITED_DATE">2025/10/16 20:09:37+00</SimpleData>
		<SimpleData name="GLOBALID">{F5AF4BB5-979D-43EE-A1DD-FA10AA605FB6}</SimpleData>
	</SchemaData></ExtendedData>
  </Placemark>
  <Placemark>
	<ExtendedData><SchemaData schemaUrl="#DCDevelopment">
		<SimpleData name="OBJECTID">212</SimpleData>
		<SimpleData name="PROJECTNAME">New Sibley</SimpleData>
		<SimpleData name="WARD">3</SimpleData>
		<SimpleData name="LOCATION">5255 Loughboro Rd., NW</SimpleData>
		<SimpleData name="DEVELOPER">Sibley Memorial Hospital</SimpleData>
		<SimpleData name="PROJECTTYPE">Education</SimpleData>
		<SimpleData name="TYPE_SQFT">470000</SimpleData>
		<SimpleData name="ESTVALUEINMILLION">242000000</SimpleData>
		<SimpleData name="STATUS">Under Construction</SimpleData>
		<SimpleData name="REPORT_EDITION_YEAR">2016-2019</SimpleData>
		<SimpleData name="ARCHITECT">Wilmot Sanz Inc</SimpleData>
		<SimpleData name="LAST_EDITED_USER">SDE</SimpleData>
		<SimpleData name="LAST_EDITED_DATE">2025/10/16 20:09:37+00</SimpleData>
		<SimpleData name="GLOBALID">{83DBCDA9-3D3B-48F5-A4F6-7A030E898920}</SimpleData>
	</SchemaData></ExtendedData>
  </Placemark>
  <Placemark>
	<ExtendedData><SchemaData schemaUrl="#DCDevelopment">
		<SimpleData name="OBJECTID">213</SimpleData>
		<SimpleData name="PROJECTNAME">Duke Ellington School of the Arts</SimpleData>
		<SimpleData name="WARD">2</SimpleData>
		<SimpleData name="LOCATION">3500 R St., NW</SimpleData>
		<SimpleData name="DEVELOPER">DC Public Schools / Department of General Services</SimpleData>
		<SimpleData name="PROJECTTYPE">Education</SimpleData>
		<SimpleData name="TYPE_SQFT">258072</SimpleData>
		<SimpleData name="ESTVALUEINMILLION">177000000</SimpleData>
		<SimpleData name="STATUS">Under Construction</SimpleData>
		<SimpleData name="REPORT_EDITION_YEAR">2016-2019</SimpleData>
		<SimpleData name="ARCHITECT">cox graae + spack architects / Lance Bailey &amp; Associates Inc</SimpleData>
		<SimpleData name="LAST_EDITED_USER">SDE</SimpleData>
		<SimpleData name="LAST_EDITED_DATE">2025/10/16 20:09:37+00</SimpleData>
		<SimpleData name="GLOBALID">{8DE68B93-E0E8-41F0-9D81-56FDE2CA99B5}</SimpleData>
	</SchemaData></ExtendedData>
  </Placemark>
  <Placemark>
	<ExtendedData><SchemaData schemaUrl="#DCDevelopment">
		<SimpleData name="OBJECTID">214</SimpleData>
		<SimpleData name="PROJECTNAME">Marie Reed Elementary School</SimpleData>
		<SimpleData name="WARD">1</SimpleData>
		<SimpleData name="LOCATION">2201 18th St., NW</SimpleData>
		<SimpleData name="DEVELOPER">DC Public Schools / Department of General Services</SimpleData>
		<SimpleData name="PROJECTTYPE">Education</SimpleData>
		<SimpleData name="TYPE_SQFT">140000</SimpleData>
		<SimpleData name="ESTVALUEINMILLION">62000000</SimpleData>
		<SimpleData name="STATUS">Under Construction</SimpleData>
		<SimpleData name="REPORT_EDITION_YEAR">2016-2019</SimpleData>
		<SimpleData name="ARCHITECT">Quinn Evans Architects</SimpleData>
		<SimpleData name="LAST_EDITED_USER">SDE</SimpleData>
		<SimpleData name="LAST_EDITED_DATE">2025/10/16 20:09:37+00</SimpleData>
		<SimpleData name="GLOBALID">{DCAF8626-0B61-488E-99F9-E7477207F192}</SimpleData>
	</SchemaData></ExtendedData>
  </Placemark>
  <Placemark>
	<ExtendedData><SchemaData schemaUrl="#DCDevelopment">
		<SimpleData name="OBJECTID">215</SimpleData>
		<SimpleData name="PROJECTNAME">Corcoran Gallery of Art</SimpleData>
		<SimpleData name="WARD">2</SimpleData>
		<SimpleData name="LOCATION">500 17th St., NW</SimpleData>
		<SimpleData name="DEVELOPER">George Washington University</SimpleData>
		<SimpleData name="PROJECTTYPE">Education</SimpleData>
		<SimpleData name="TYPE_SQFT">100000</SimpleData>
		<SimpleData name="ESTVALUEINMILLION">80000000</SimpleData>
		<SimpleData name="ESTDELIVERY">2018</SimpleData>
		<SimpleData name="STATUS">Under Construction</SimpleData>
		<SimpleData name="REPORT_EDITION_YEAR">2016-2019</SimpleData>
		<SimpleData name="ARCHITECT">Leo A Daly</SimpleData>
		<SimpleData name="LAST_EDITED_USER">SDE</SimpleData>
		<SimpleData name="LAST_EDITED_DATE">2025/10/16 20:09:37+00</SimpleData>
		<SimpleData name="GLOBALID">{886ED8E7-0959-46C6-B368-AC3CCF3DF702}</SimpleData>
	</SchemaData></ExtendedData>
  </Placemark>
  <Placemark>
	<ExtendedData><SchemaData schemaUrl="#DCDevelopment">
		<SimpleData name="OBJECTID">216</SimpleData>
		<SimpleData name="PROJECTNAME">Watkins Elementary School</SimpleData>
		<SimpleData name="WARD">6</SimpleData>
		<SimpleData name="LOCATION">420 12th St., SE</SimpleData>
		<SimpleData name="DEVELOPER">DC Public Schools / Department of General Services</SimpleData>
		<SimpleData name="PROJECTTYPE">Education</SimpleData>
		<SimpleData name="TYPE_SQFT">70826</SimpleData>
		<SimpleData name="ESTVALUEINMILLION">39000000</SimpleData>
		<SimpleData name="STATUS">Under Construction</SimpleData>
		<SimpleData name="REPORT_EDITION_YEAR">2016-2019</SimpleData>
		<SimpleData name="ARCHITECT">Perkins Eastman DC</SimpleData>
		<SimpleData name="LAST_EDITED_USER">SDE</SimpleData>
		<SimpleData name="LAST_EDITED_DATE">2025/10/16 20:09:37+00</SimpleData>
		<SimpleData name="GLOBALID">{709FA87E-0C5A-4219-8879-28EC063811D8}</SimpleData>
	</SchemaData></ExtendedData>
  </Placemark>
  <Placemark>
	<ExtendedData><SchemaData schemaUrl="#DCDevelopment">
		<SimpleData name="OBJECTID">217</SimpleData>
		<SimpleData name="PROJECTNAME">MSSD Residence Hall</SimpleData>
		<SimpleData name="WARD">5</SimpleData>
		<SimpleData name="LOCATION">800 Florida Ave., NE</SimpleData>
		<SimpleData name="DEVELOPER">Gallaudet University</SimpleData>
		<SimpleData name="PROJECTTYPE">Education</SimpleData>
		<SimpleData name="TYPE_SQFT">70000</SimpleData>
		<SimpleData name="ESTVALUEINMILLION">28000000</SimpleData>
		<SimpleData name="STATUS">Under Construction</SimpleData>
		<SimpleData name="REPORT_EDITION_YEAR">2016-2019</SimpleData>
		<SimpleData name="ARCHITECT">Gaudreau Architects / Dangermond Keane Architecture</SimpleData>
		<SimpleData name="LAST_EDITED_USER">SDE</SimpleData>
		<SimpleData name="LAST_EDITED_DATE">2025/10/16 20:09:37+00</SimpleData>
		<SimpleData name="GLOBALID">{F420E236-98E6-46C8-82C8-D34A68909955}</SimpleData>
	</SchemaData></ExtendedData>
  </Placemark>
  <Placemark>
	<ExtendedData><SchemaData schemaUrl="#DCDevelopment">
		<SimpleData name="OBJECTID">218</SimpleData>
		<SimpleData name="PROJECTNAME">The Conway Center</SimpleData>
		<SimpleData name="WARD">7</SimpleData>
		<SimpleData name="LOCATION">4430 Benning Rd., NE</SimpleData>
		<SimpleData name="DEVELOPER">SOME</SimpleData>
		<SimpleData name="PROJECTTYPE">Education</SimpleData>
		<SimpleData name="TYPE_SQFT">37659</SimpleData>
		<SimpleData name="ESTVALUEINMILLION">90000000</SimpleData>
		<SimpleData name="STATUS">Under Construction</SimpleData>
		<SimpleData name="REPORT_EDITION_YEAR">2016-2019</SimpleData>
		<SimpleData name="ARCHITECT">Wiencek + Associates</SimpleData>
		<SimpleData name="LAST_EDITED_USER">SDE</SimpleData>
		<SimpleData name="LAST_EDITED_DATE">2025/10/16 20:09:37+00</SimpleData>
		<SimpleData name="GLOBALID">{5D27B130-5FFD-4EBD-8880-059708C280C1}</SimpleData>
	</SchemaData></ExtendedData>
  </Placemark>
  <Placemark>
	<ExtendedData><SchemaData schemaUrl="#DCDevelopment">
		<SimpleData name="OBJECTID">219</SimpleData>
		<SimpleData name="PROJECTNAME">Procter Hall</SimpleData>
		<SimpleData name="WARD">3</SimpleData>
		<SimpleData name="LOCATION">3609 Woodley Rd., NW</SimpleData>
		<SimpleData name="DEVELOPER">National Cathedral School</SimpleData>
		<SimpleData name="PROJECTTYPE">Education</SimpleData>
		<SimpleData name="TYPE_SQFT">28000</SimpleData>
		<SimpleData name="ESTVALUEINMILLION">13000000</SimpleData>
		<SimpleData name="STATUS">Under Construction</SimpleData>
		<SimpleData name="REPORT_EDITION_YEAR">2016-2019</SimpleData>
		<SimpleData name="ARCHITECT">Hartman-Cox Architects</SimpleData>
		<SimpleData name="LAST_EDITED_USER">SDE</SimpleData>
		<SimpleData name="LAST_EDITED_DATE">2025/10/16 20:09:37+00</SimpleData>
		<SimpleData name="GLOBALID">{FCA8102C-03F6-4DE6-8F7D-FC64E6249077}</SimpleData>
	</SchemaData></ExtendedData>
  </Placemark>
  <Placemark>
	<ExtendedData><SchemaData schemaUrl="#DCDevelopment">
		<SimpleData name="OBJECTID">220</SimpleData>
		<SimpleData name="PROJECTNAME">McMillan Sand Filtration Site</SimpleData>
		<SimpleData name="WARD">5</SimpleData>
		<SimpleData name="LOCATION">North Capitol St. &amp; Michigan Ave., NW</SimpleData>
		<SimpleData name="DEVELOPER">Jair Lynch Real Estate Partners / Trammell Crow Company / EYA / DMPED</SimpleData>
		<SimpleData name="PROJECTTYPE">Education</SimpleData>
		<SimpleData name="TYPE_SQFT">1000000</SimpleData>
		<SimpleData name="ESTVALUEINMILLION">720000000</SimpleData>
		<SimpleData name="ESTDELIVERY">2019</SimpleData>
		<SimpleData name="STATUS">Pipeline</SimpleData>
		<SimpleData name="REPORT_EDITION_YEAR">2016-2019</SimpleData>
		<SimpleData name="ARCHITECT">Perkins Eastman DC / MV+A Architects / Shalom Baranes Associates</SimpleData>
		<SimpleData name="LAST_EDITED_USER">SDE</SimpleData>
		<SimpleData name="LAST_EDITED_DATE">2025/10/16 20:09:37+00</SimpleData>
		<SimpleData name="GLOBALID">{372D9F67-4FD6-4D3E-AE90-015B2FAAAA7B}</SimpleData>
	</SchemaData></ExtendedData>
  </Placemark>
  <Placemark>
	<ExtendedData><SchemaData schemaUrl="#DCDevelopment">
		<SimpleData name="OBJECTID">221</SimpleData>
		<SimpleData name="PROJECTNAME">Georgetown University Hospital Pavilion</SimpleData>
		<SimpleData name="WARD">2</SimpleData>
		<SimpleData name="LOCATION">3800 Reservoir Rd., NW</SimpleData>
		<SimpleData name="DEVELOPER">MedStar Georgetown University Hospital / Trammell Crow</SimpleData>
		<SimpleData name="PROJECTTYPE">Education</SimpleData>
		<SimpleData name="TYPE_SQFT">477000</SimpleData>
		<SimpleData name="ESTVALUEINMILLION">567000000</SimpleData>
		<SimpleData name="ESTDELIVERY">2020</SimpleData>
		<SimpleData name="STATUS">Pipeline</SimpleData>
		<SimpleData name="REPORT_EDITION_YEAR">2016-2019</SimpleData>
		<SimpleData name="ARCHITECT">HKS PC / Shalom Baranes Associates</SimpleData>
		<SimpleData name="LAST_EDITED_USER">SDE</SimpleData>
		<SimpleData name="LAST_EDITED_DATE">2025/10/16 20:09:37+00</SimpleData>
		<SimpleData name="GLOBALID">{126C4A4F-C90E-4AD8-A6AD-3AF187BFFD18}</SimpleData>
	</SchemaData></ExtendedData>
  </Placemark>
  <Placemark>
	<ExtendedData><SchemaData schemaUrl="#DCDevelopment">
		<SimpleData name="OBJECTID">222</SimpleData>
		<SimpleData name="PROJECTNAME">Bancroft Elementary School</SimpleData>
		<SimpleData name="WARD">1</SimpleData>
		<SimpleData name="LOCATION">1755 Newton St., NW</SimpleData>
		<SimpleData name="DEVELOPER">DC Public Schools / Department of General Services</SimpleData>
		<SimpleData name="PROJECTTYPE">Education</SimpleData>
		<SimpleData name="TYPE_SQFT">146000</SimpleData>
		<SimpleData name="ESTVALUEINMILLION">55000000</SimpleData>
		<SimpleData name="ESTDELIVERY">2018</SimpleData>
		<SimpleData name="STATUS">Pipeline</SimpleData>
		<SimpleData name="REPORT_EDITION_YEAR">2016-2019</SimpleData>
		<SimpleData name="ARCHITECT">Ayers Saint Gross</SimpleData>
		<SimpleData name="LAST_EDITED_USER">SDE</SimpleData>
		<SimpleData name="LAST_EDITED_DATE">2025/10/16 20:09:37+00</SimpleData>
		<SimpleData name="GLOBALID">{13B52C29-EA3A-472C-8142-768B4A534B02}</SimpleData>
	</SchemaData></ExtendedData>
  </Placemark>
  <Placemark>
	<ExtendedData><SchemaData schemaUrl="#DCDevelopment">
		<SimpleData name="OBJECTID">223</SimpleData>
		<SimpleData name="PROJECTNAME">The Parks at Walter Reed</SimpleData>
		<SimpleData name="WARD">4</SimpleData>
		<SimpleData name="LOCATION">6800 Georgia Ave., NW</SimpleData>
		<SimpleData name="DEVELOPER">Hines / Urban Atlantic / Triden Development Group / DMPED</SimpleData>
		<SimpleData name="PROJECTTYPE">Education</SimpleData>
		<SimpleData name="TYPE_SQFT">145000</SimpleData>
		<SimpleData name="ESTVALUEINMILLION">1000000000</SimpleData>
		<SimpleData name="STATUS">Pipeline</SimpleData>
		<SimpleData name="REPORT_EDITION_YEAR">2016-2019</SimpleData>
		<SimpleData name="ARCHITECT">Torti Gallas and Partners</SimpleData>
		<SimpleData name="LAST_EDITED_USER">SDE</SimpleData>
		<SimpleData name="LAST_EDITED_DATE">2025/10/16 20:09:37+00</SimpleData>
		<SimpleData name="GLOBALID">{3085E13F-9280-44D6-B99B-D101E8896016}</SimpleData>
	</SchemaData></ExtendedData>
  </Placemark>
  <Placemark>
	<ExtendedData><SchemaData schemaUrl="#DCDevelopment">
		<SimpleData name="OBJECTID">224</SimpleData>
		<SimpleData name="PROJECTNAME">Skyland Town Center (Phase I)</SimpleData>
		<SimpleData name="WARD">7</SimpleData>
		<SimpleData name="LOCATION">Alabama Ave. &amp; Naylor Rd., SE</SimpleData>
		<SimpleData name="DEVELOPER">Rappaport / WC Smith / Harrison-Malone / Washington East Foundation / DMPED</SimpleData>
		<SimpleData name="PROJECTTYPE">Retail</SimpleData>
		<SimpleData name="TYPE_SQFT">100419</SimpleData>
		<SimpleData name="ESTVALUEINMILLION">150000000</SimpleData>
		<SimpleData name="ESTDELIVERY">2019</SimpleData>
		<SimpleData name="STATUS">Pipeline</SimpleData>
		<SimpleData name="REPORT_EDITION_YEAR">2016-2019</SimpleData>
		<SimpleData name="ARCHITECT">Torti Gallas and Partners</SimpleData>
		<SimpleData name="LAST_EDITED_USER">SDE</SimpleData>
		<SimpleData name="LAST_EDITED_DATE">2025/10/16 20:13:28+00</SimpleData>
		<SimpleData name="GLOBALID">{EA191975-121A-4F2A-BD5F-87952DB0324B}</SimpleData>
	</SchemaData></ExtendedData>
  </Placemark>
  <Placemark>
	<ExtendedData><SchemaData schemaUrl="#DCDevelopment">
		<SimpleData name="OBJECTID">225</SimpleData>
		<SimpleData name="PROJECTNAME">Anthem Row</SimpleData>
		<SimpleData name="WARD">2</SimpleData>
		<SimpleData name="LOCATION">800 K St., NW</SimpleData>
		<SimpleData name="DEVELOPER">The Meridian Group</SimpleData>
		<SimpleData name="PROJECTTYPE">Retail</SimpleData>
		<SimpleData name="TYPE_SQFT">70000</SimpleData>
		<SimpleData name="ESTDELIVERY">2017</SimpleData>
		<SimpleData name="STATUS">Pipeline</SimpleData>
		<SimpleData name="REPORT_EDITION_YEAR">2016-2019</SimpleData>
		<SimpleData name="ARCHITECT">Hickok Cole Architects</SimpleData>
		<SimpleData name="LAST_EDITED_USER">SDE</SimpleData>
		<SimpleData name="LAST_EDITED_DATE">2025/10/16 20:13:28+00</SimpleData>
		<SimpleData name="GLOBALID">{D536934A-52C9-46CA-B209-78668910475A}</SimpleData>
	</SchemaData></ExtendedData>
  </Placemark>
  <Placemark>
	<ExtendedData><SchemaData schemaUrl="#DCDevelopment">
		<SimpleData name="OBJECTID">226</SimpleData>
		<SimpleData name="PROJECTNAME">The Griffith</SimpleData>
		<SimpleData name="WARD">1</SimpleData>
		<SimpleData name="LOCATION">965 Florida Ave., NW</SimpleData>
		<SimpleData name="DEVELOPER">MRP Realty / Ellis Development Group /  Fundrise / JBG</SimpleData>
		<SimpleData name="PROJECTTYPE">Retail</SimpleData>
		<SimpleData name="TYPE_SQFT">51540</SimpleData>
		<SimpleData name="ESTVALUEINMILLION">120000000</SimpleData>
		<SimpleData name="ESTDELIVERY">2020</SimpleData>
		<SimpleData name="STATUS">Pipeline</SimpleData>
		<SimpleData name="REPORT_EDITION_YEAR">2016-2019</SimpleData>
		<SimpleData name="ARCHITECT">Hord Coplan Macht Inc / PGN Architects PLLC</SimpleData>
		<SimpleData name="LAST_EDITED_USER">SDE</SimpleData>
		<SimpleData name="LAST_EDITED_DATE">2025/10/16 20:13:28+00</SimpleData>
		<SimpleData name="GLOBALID">{5019C160-E72A-44B2-AC63-3E5C3036F8EA}</SimpleData>
	</SchemaData></ExtendedData>
  </Placemark>
  <Placemark>
	<ExtendedData><SchemaData schemaUrl="#DCDevelopment">
		<SimpleData name="OBJECTID">227</SimpleData>
		<SimpleData name="PROJECTNAME">700 Penn</SimpleData>
		<SimpleData name="WARD">6</SimpleData>
		<SimpleData name="LOCATION">700 Pennsylvania Avenue, SE</SimpleData>
		<SimpleData name="DEVELOPER">Stanton Development / Eastbanc / Jarvis Company / Dantes Partners / Clark Enterprises</SimpleData>
		<SimpleData name="PROJECTTYPE">Retail</SimpleData>
		<SimpleData name="TYPE_SQFT">60000</SimpleData>
		<SimpleData name="ESTVALUEINMILLION">226700000</SimpleData>
		<SimpleData name="ESTDELIVERY">Q4 17</SimpleData>
		<SimpleData name="STATUS">Completed</SimpleData>
		<SimpleData name="REPORT_EDITION_YEAR">2016-2019</SimpleData>
		<SimpleData name="ARCHITECT">Esocoff &amp; Associates Architects</SimpleData>
		<SimpleData name="LAST_EDITED_USER">SDE</SimpleData>
		<SimpleData name="LAST_EDITED_DATE">2025/10/16 20:13:28+00</SimpleData>
		<SimpleData name="GLOBALID">{C217C389-EA17-4EC8-9450-EBAAA0C38353}</SimpleData>
	</SchemaData></ExtendedData>
  </Placemark>
  <Placemark>
	<ExtendedData><SchemaData schemaUrl="#DCDevelopment">
		<SimpleData name="OBJECTID">228</SimpleData>
		<SimpleData name="PROJECTNAME">Midtown Center</SimpleData>
		<SimpleData name="WARD">2</SimpleData>
		<SimpleData name="LOCATION">1150 15th Street, NW</SimpleData>
		<SimpleData name="DEVELOPER">Carr Properties</SimpleData>
		<SimpleData name="PROJECTTYPE">Retail</SimpleData>
		<SimpleData name="TYPE_SQFT">44000</SimpleData>
		<SimpleData name="ESTVALUEINMILLION">350000000</SimpleData>
		<SimpleData name="ESTDELIVERY">Q2 18</SimpleData>
		<SimpleData name="STATUS">Completed</SimpleData>
		<SimpleData name="REPORT_EDITION_YEAR">2016-2019</SimpleData>
		<SimpleData name="ARCHITECT">WDG Architecture / SHoP</SimpleData>
		<SimpleData name="LAST_EDITED_USER">SDE</SimpleData>
		<SimpleData name="LAST_EDITED_DATE">2025/10/16 20:13:28+00</SimpleData>
		<SimpleData name="GLOBALID">{BA777AEE-B2E3-473B-AD4B-27F1BDCA1596}</SimpleData>
	</SchemaData></ExtendedData>
  </Placemark>
  <Placemark>
	<ExtendedData><SchemaData schemaUrl="#DCDevelopment">
		<SimpleData name="OBJECTID">229</SimpleData>
		<SimpleData name="PROJECTNAME">Agora</SimpleData>
		<SimpleData name="WARD">6</SimpleData>
		<SimpleData name="LOCATION">800 New Jersey Avenue, SE</SimpleData>
		<SimpleData name="DEVELOPER">WC Smith</SimpleData>
		<SimpleData name="PROJECTTYPE">Retail</SimpleData>
		<SimpleData name="TYPE_SQFT">39000</SimpleData>
		<SimpleData name="ESTVALUEINMILLION">141000000</SimpleData>
		<SimpleData name="ESTDELIVERY">Q1 18</SimpleData>
		<SimpleData name="STATUS">Completed</SimpleData>
		<SimpleData name="REPORT_EDITION_YEAR">2016-2019</SimpleData>
		<SimpleData name="ARCHITECT">SK+I Architectural Design Group</SimpleData>
		<SimpleData name="LAST_EDITED_USER">SDE</SimpleData>
		<SimpleData name="LAST_EDITED_DATE">2025/10/16 20:13:28+00</SimpleData>
		<SimpleData name="GLOBALID">{FC40BD19-33D3-4FB1-BBE3-9DDE06B5F962}</SimpleData>
	</SchemaData></ExtendedData>
  </Placemark>
  <Placemark>
	<ExtendedData><SchemaData schemaUrl="#DCDevelopment">
		<SimpleData name="OBJECTID">230</SimpleData>
		<SimpleData name="PROJECTNAME">Edison</SimpleData>
		<SimpleData name="WARD">5</SimpleData>
		<SimpleData name="LOCATION">1240 4th St., NE</SimpleData>
		<SimpleData name="DEVELOPER">EDENS / LCOR / Sang Oh &amp; Company Inc.</SimpleData>
		<SimpleData name="PROJECTTYPE">Retail</SimpleData>
		<SimpleData name="TYPE_SQFT">27410</SimpleData>
		<SimpleData name="ESTVALUEINMILLION">55000000</SimpleData>
		<SimpleData name="ESTDELIVERY">Q3 17</SimpleData>
		<SimpleData name="STATUS">Completed</SimpleData>
		<SimpleData name="REPORT_EDITION_YEAR">2016-2019</SimpleData>
		<SimpleData name="ARCHITECT">SK+I Architectural Design Group</SimpleData>
		<SimpleData name="LAST_EDITED_USER">SDE</SimpleData>
		<SimpleData name="LAST_EDITED_DATE">2025/10/16 20:13:28+00</SimpleData>
		<SimpleData name="GLOBALID">{50CF95EB-F68F-4CA8-8F0A-CF9D60CD5F05}</SimpleData>
	</SchemaData></ExtendedData>
  </Placemark>
  <Placemark>
	<ExtendedData><SchemaData schemaUrl="#DCDevelopment">
		<SimpleData name="OBJECTID">231</SimpleData>
		<SimpleData name="PROJECTNAME">200 Massachusetts Avenue</SimpleData>
		<SimpleData name="WARD">2</SimpleData>
		<SimpleData name="LOCATION">200 Massachusetts Avenue, NW</SimpleData>
		<SimpleData name="DEVELOPER">Property Group Partners</SimpleData>
		<SimpleData name="PROJECTTYPE">Retail</SimpleData>
		<SimpleData name="TYPE_SQFT">25250</SimpleData>
		<SimpleData name="ESTVALUEINMILLION">200000000</SimpleData>
		<SimpleData name="ESTDELIVERY">Q2 18</SimpleData>
		<SimpleData name="STATUS">Completed</SimpleData>
		<SimpleData name="REPORT_EDITION_YEAR">2016-2019</SimpleData>
		<SimpleData name="ARCHITECT">Kevin Roche John Dinkeloo &amp; Associates LLC</SimpleData>
		<SimpleData name="LAST_EDITED_USER">SDE</SimpleData>
		<SimpleData name="LAST_EDITED_DATE">2025/10/16 20:13:28+00</SimpleData>
		<SimpleData name="GLOBALID">{63E3ED81-64F7-492F-80EE-99FBA089B55A}</SimpleData>
	</SchemaData></ExtendedData>
  </Placemark>
  <Placemark>
	<ExtendedData><SchemaData schemaUrl="#DCDevelopment">
		<SimpleData name="OBJECTID">232</SimpleData>
		<SimpleData name="PROJECTNAME">1221 Van</SimpleData>
		<SimpleData name="WARD">6</SimpleData>
		<SimpleData name="LOCATION">1211 Van Street, SE</SimpleData>
		<SimpleData name="DEVELOPER">JBG Smith</SimpleData>
		<SimpleData name="PROJECTTYPE">Retail</SimpleData>
		<SimpleData name="TYPE_SQFT">23585</SimpleData>
		<SimpleData name="ESTVALUEINMILLION">100000000</SimpleData>
		<SimpleData name="ESTDELIVERY">Q1 18</SimpleData>
		<SimpleData name="STATUS">Completed</SimpleData>
		<SimpleData name="REPORT_EDITION_YEAR">2016-2019</SimpleData>
		<SimpleData name="ARCHITECT">Morris Adjmi Architects / Eric Colbert &amp; Associates, PC</SimpleData>
		<SimpleData name="LAST_EDITED_USER">SDE</SimpleData>
		<SimpleData name="LAST_EDITED_DATE">2025/10/16 20:13:28+00</SimpleData>
		<SimpleData name="GLOBALID">{BE0609B6-DA66-46CE-96D0-98BEF67D738D}</SimpleData>
	</SchemaData></ExtendedData>
  </Placemark>
  <Placemark>
	<ExtendedData><SchemaData schemaUrl="#DCDevelopment">
		<SimpleData name="OBJECTID">233</SimpleData>
		<SimpleData name="PROJECTNAME">The Line DC</SimpleData>
		<SimpleData name="WARD">1</SimpleData>
		<SimpleData name="LOCATION">1770 Euclid Street, NW</SimpleData>
		<SimpleData name="DEVELOPER">Foxhall Partners / Friedman Capital Advisors / Sydell Group</SimpleData>
		<SimpleData name="PROJECTTYPE">Retail</SimpleData>
		<SimpleData name="TYPE_SQFT">20903</SimpleData>
		<SimpleData name="ESTVALUEINMILLION">100000000</SimpleData>
		<SimpleData name="ESTDELIVERY">Q4 17</SimpleData>
		<SimpleData name="STATUS">Completed</SimpleData>
		<SimpleData name="REPORT_EDITION_YEAR">2016-2019</SimpleData>
		<SimpleData name="ARCHITECT">OPX</SimpleData>
		<SimpleData name="LAST_EDITED_USER">SDE</SimpleData>
		<SimpleData name="LAST_EDITED_DATE">2025/10/16 20:13:28+00</SimpleData>
		<SimpleData name="GLOBALID">{9BCD1FF4-A4DB-4E0A-88FC-E703E2DB2C6E}</SimpleData>
	</SchemaData></ExtendedData>
  </Placemark>
  <Placemark>
	<ExtendedData><SchemaData schemaUrl="#DCDevelopment">
		<SimpleData name="OBJECTID">234</SimpleData>
		<SimpleData name="PROJECTNAME">Skyland Town Center (Ph I - Block 2)</SimpleData>
		<SimpleData name="WARD">7</SimpleData>
		<SimpleData name="LOCATION">Alabama Avenue &amp; Naylor Road, SE</SimpleData>
		<SimpleData name="DEVELOPER">Rappaport / WC Smith / Washington East Foundation</SimpleData>
		<SimpleData name="PROJECTTYPE">Retail</SimpleData>
		<SimpleData name="TYPE_SQFT">117000</SimpleData>
		<SimpleData name="ESTVALUEINMILLION">175000000</SimpleData>
		<SimpleData name="ESTDELIVERY">Q3 20</SimpleData>
		<SimpleData name="STATUS">Under Construction</SimpleData>
		<SimpleData name="REPORT_EDITION_YEAR">2016-2019</SimpleData>
		<SimpleData name="ARCHITECT">Torti Gallas and Partners</SimpleData>
		<SimpleData name="LAST_EDITED_USER">SDE</SimpleData>
		<SimpleData name="LAST_EDITED_DATE">2025/10/16 20:13:28+00</SimpleData>
		<SimpleData name="GLOBALID">{D19A1245-75B1-4877-B10A-40C2BB443946}</SimpleData>
	</SchemaData></ExtendedData>
  </Placemark>
  <Placemark>
	<ExtendedData><SchemaData schemaUrl="#DCDevelopment">
		<SimpleData name="OBJECTID">235</SimpleData>
		<SimpleData name="PROJECTNAME">1515 New York Avenue</SimpleData>
		<SimpleData name="WARD">5</SimpleData>
		<SimpleData name="LOCATION">1515 New York Avenue, NE</SimpleData>
		<SimpleData name="DEVELOPER">Douglas Development Corporation</SimpleData>
		<SimpleData name="PROJECTTYPE">Retail</SimpleData>
		<SimpleData name="TYPE_SQFT">92828</SimpleData>
		<SimpleData name="ESTVALUEINMILLION">27000000</SimpleData>
		<SimpleData name="ESTDELIVERY">Q4 19</SimpleData>
		<SimpleData name="STATUS">Under Construction</SimpleData>
		<SimpleData name="REPORT_EDITION_YEAR">2016-2019</SimpleData>
		<SimpleData name="ARCHITECT">Bignell Watkins Hasser Architects</SimpleData>
		<SimpleData name="LAST_EDITED_USER">SDE</SimpleData>
		<SimpleData name="LAST_EDITED_DATE">2025/10/16 20:13:28+00</SimpleData>
		<SimpleData name="GLOBALID">{AB1BFB81-0BAB-4883-9E49-2042508EF3F0}</SimpleData>
	</SchemaData></ExtendedData>
  </Placemark>
  <Placemark>
	<ExtendedData><SchemaData schemaUrl="#DCDevelopment">
		<SimpleData name="OBJECTID">236</SimpleData>
		<SimpleData name="PROJECTNAME">655 New York Avenue</SimpleData>
		<SimpleData name="WARD">6</SimpleData>
		<SimpleData name="LOCATION">655 New York Avenue, NW</SimpleData>
		<SimpleData name="DEVELOPER">Douglas Development Corporation / Brookfield Office Properties</SimpleData>
		<SimpleData name="PROJECTTYPE">Retail</SimpleData>
		<SimpleData name="TYPE_SQFT">80551</SimpleData>
		<SimpleData name="ESTVALUEINMILLION">185000000</SimpleData>
		<SimpleData name="ESTDELIVERY">Q4 18</SimpleData>
		<SimpleData name="STATUS">Under Construction</SimpleData>
		<SimpleData name="REPORT_EDITION_YEAR">2016-2019</SimpleData>
		<SimpleData name="LAST_EDITED_USER">SDE</SimpleData>
		<SimpleData name="LAST_EDITED_DATE">2025/10/16 20:13:28+00</SimpleData>
		<SimpleData name="GLOBALID">{80C8DFCB-41DC-4A8B-894E-361CF49C47F1}</SimpleData>
	</SchemaData></ExtendedData>
  </Placemark>
  <Placemark>
	<ExtendedData><SchemaData schemaUrl="#DCDevelopment">
		<SimpleData name="OBJECTID">237</SimpleData>
		<SimpleData name="PROJECTNAME">Riverpoint</SimpleData>
		<SimpleData name="WARD">6</SimpleData>
		<SimpleData name="LOCATION">2100 2nd Street, SW</SimpleData>
		<SimpleData name="DEVELOPER">Akridge / Western Development / Redbrick LMD / Orr Partners / Jefferson Apartment Group</SimpleData>
		<SimpleData name="PROJECTTYPE">Retail</SimpleData>
		<SimpleData name="TYPE_SQFT">70441</SimpleData>
		<SimpleData name="ESTVALUEINMILLION">220000000</SimpleData>
		<SimpleData name="ESTDELIVERY">Q2 20</SimpleData>
		<SimpleData name="STATUS">Under Construction</SimpleData>
		<SimpleData name="REPORT_EDITION_YEAR">2016-2019</SimpleData>
		<SimpleData name="ARCHITECT">Antunovich Associates</SimpleData>
		<SimpleData name="LAST_EDITED_USER">SDE</SimpleData>
		<SimpleData name="LAST_EDITED_DATE">2025/10/16 20:13:28+00</SimpleData>
		<SimpleData name="GLOBALID">{A530B223-8E7E-4062-AD05-8D83F420C7F8}</SimpleData>
	</SchemaData></ExtendedData>
  </Placemark>
  <Placemark>
	<ExtendedData><SchemaData schemaUrl="#DCDevelopment">
		<SimpleData name="OBJECTID">238</SimpleData>
		<SimpleData name="PROJECTNAME">Anthem Row</SimpleData>
		<SimpleData name="WARD">2</SimpleData>
		<SimpleData name="LOCATION">800 K Street, NW</SimpleData>
		<SimpleData name="DEVELOPER">The Meridian Group</SimpleData>
		<SimpleData name="PROJECTTYPE">Retail</SimpleData>
		<SimpleData name="TYPE_SQFT">70000</SimpleData>
		<SimpleData name="ESTVALUEINMILLION">142000000</SimpleData>
		<SimpleData name="ESTDELIVERY">Q1 19</SimpleData>
		<SimpleData name="STATUS">Under Construction</SimpleData>
		<SimpleData name="REPORT_EDITION_YEAR">2016-2019</SimpleData>
		<SimpleData name="ARCHITECT">Hickok Cole Architects</SimpleData>
		<SimpleData name="LAST_EDITED_USER">SDE</SimpleData>
		<SimpleData name="LAST_EDITED_DATE">2025/10/16 20:13:28+00</SimpleData>
		<SimpleData name="GLOBALID">{E459B819-4AD2-4B76-A9C8-F3307A69603F}</SimpleData>
	</SchemaData></ExtendedData>
  </Placemark>
  <Placemark>
	<ExtendedData><SchemaData schemaUrl="#DCDevelopment">
		<SimpleData name="OBJECTID">239</SimpleData>
		<SimpleData name="PROJECTNAME">Beckert's Park</SimpleData>
		<SimpleData name="WARD">6</SimpleData>
		<SimpleData name="LOCATION">415 14th Street, SE</SimpleData>
		<SimpleData name="DEVELOPER">Foulger-Pratt / Safeway</SimpleData>
		<SimpleData name="PROJECTTYPE">Retail</SimpleData>
		<SimpleData name="TYPE_SQFT">68000</SimpleData>
		<SimpleData name="ESTVALUEINMILLION">138000000</SimpleData>
		<SimpleData name="ESTDELIVERY">Q1 20</SimpleData>
		<SimpleData name="STATUS">Under Construction</SimpleData>
		<SimpleData name="REPORT_EDITION_YEAR">2016-2019</SimpleData>
		<SimpleData name="ARCHITECT">BKV Group</SimpleData>
		<SimpleData name="LAST_EDITED_USER">SDE</SimpleData>
		<SimpleData name="LAST_EDITED_DATE">2025/10/16 20:13:28+00</SimpleData>
		<SimpleData name="GLOBALID">{536F2B96-33AE-4BFF-BED4-CD856D036A20}</SimpleData>
	</SchemaData></ExtendedData>
  </Placemark>
  <Placemark>
	<ExtendedData><SchemaData schemaUrl="#DCDevelopment">
		<SimpleData name="OBJECTID">240</SimpleData>
		<SimpleData name="PROJECTNAME">1250</SimpleData>
		<SimpleData name="WARD">6</SimpleData>
		<SimpleData name="LOCATION">1250 Half Street, SE</SimpleData>
		<SimpleData name="DEVELOPER">Jair Lynch Real Estate Partners</SimpleData>
		<SimpleData name="PROJECTTYPE">Retail</SimpleData>
		<SimpleData name="TYPE_SQFT">60000</SimpleData>
		<SimpleData name="ESTVALUEINMILLION">265000000</SimpleData>
		<SimpleData name="ESTDELIVERY">Q4 19</SimpleData>
		<SimpleData name="STATUS">Under Construction</SimpleData>
		<SimpleData name="REPORT_EDITION_YEAR">2016-2019</SimpleData>
		<SimpleData name="ARCHITECT">Hord Coplan Macht Inc </SimpleData>
		<SimpleData name="LAST_EDITED_USER">SDE</SimpleData>
		<SimpleData name="LAST_EDITED_DATE">2025/10/16 20:13:28+00</SimpleData>
		<SimpleData name="GLOBALID">{C4118629-B926-4BF3-8E7A-7CBD5F04D32C}</SimpleData>
	</SchemaData></ExtendedData>
  </Placemark>
  <Placemark>
	<ExtendedData><SchemaData schemaUrl="#DCDevelopment">
		<SimpleData name="OBJECTID">241</SimpleData>
		<SimpleData name="PROJECTNAME">250 Massachusetts Avenue</SimpleData>
		<SimpleData name="WARD">2</SimpleData>
		<SimpleData name="LOCATION">250 Massachusetts Avenue, NW</SimpleData>
		<SimpleData name="DEVELOPER">Property Group Partners</SimpleData>
		<SimpleData name="PROJECTTYPE">Retail</SimpleData>
		<SimpleData name="TYPE_SQFT">58372</SimpleData>
		<SimpleData name="ESTVALUEINMILLION">275000000</SimpleData>
		<SimpleData name="ESTDELIVERY">Q3 19</SimpleData>
		<SimpleData name="STATUS">Under Construction</SimpleData>
		<SimpleData name="REPORT_EDITION_YEAR">2016-2019</SimpleData>
		<SimpleData name="ARCHITECT">Kevin Roche John Dinkeloo &amp; Associates LLC</SimpleData>
		<SimpleData name="LAST_EDITED_USER">SDE</SimpleData>
		<SimpleData name="LAST_EDITED_DATE">2025/10/16 20:13:28+00</SimpleData>
		<SimpleData name="GLOBALID">{DFB20740-BE74-430B-BE5F-E44FEB4702B1}</SimpleData>
	</SchemaData></ExtendedData>
  </Placemark>
  <Placemark>
	<ExtendedData><SchemaData schemaUrl="#DCDevelopment">
		<SimpleData name="OBJECTID">242</SimpleData>
		<SimpleData name="PROJECTNAME">AVEC</SimpleData>
		<SimpleData name="WARD">6</SimpleData>
		<SimpleData name="LOCATION">901 H Street, NE</SimpleData>
		<SimpleData name="DEVELOPER">Rappaport / WC Smith / Lustine Realty Co.</SimpleData>
		<SimpleData name="PROJECTTYPE">Retail</SimpleData>
		<SimpleData name="TYPE_SQFT">53469</SimpleData>
		<SimpleData name="ESTVALUEINMILLION">200000000</SimpleData>
		<SimpleData name="ESTDELIVERY">Q3 19</SimpleData>
		<SimpleData name="STATUS">Under Construction</SimpleData>
		<SimpleData name="REPORT_EDITION_YEAR">2016-2019</SimpleData>
		<SimpleData name="ARCHITECT">Torti Gallas and Partners</SimpleData>
		<SimpleData name="LAST_EDITED_USER">SDE</SimpleData>
		<SimpleData name="LAST_EDITED_DATE">2025/10/16 20:13:28+00</SimpleData>
		<SimpleData name="GLOBALID">{FB0A61EB-A128-43AE-8C10-2CD2035E0501}</SimpleData>
	</SchemaData></ExtendedData>
  </Placemark>
  <Placemark>
	<ExtendedData><SchemaData schemaUrl="#DCDevelopment">
		<SimpleData name="OBJECTID">243</SimpleData>
		<SimpleData name="PROJECTNAME">The Parks at Walter Reed</SimpleData>
		<SimpleData name="WARD">4</SimpleData>
		<SimpleData name="LOCATION">6800 Georgia Ave., NW</SimpleData>
		<SimpleData name="DEVELOPER">Urban Atlantic / Hines / Triden Development / DMPED</SimpleData>
		<SimpleData name="PROJECTTYPE">Retail</SimpleData>
		<SimpleData name="TYPE_SQFT">170000</SimpleData>
		<SimpleData name="ESTVALUEINMILLION">1000000000</SimpleData>
		<SimpleData name="ESTDELIVERY">2020-2032</SimpleData>
		<SimpleData name="STATUS">Pipeline</SimpleData>
		<SimpleData name="REPORT_EDITION_YEAR">2016-2019</SimpleData>
		<SimpleData name="ARCHITECT">Torti Gallas Urban</SimpleData>
		<SimpleData name="LAST_EDITED_USER">SDE</SimpleData>
		<SimpleData name="LAST_EDITED_DATE">2025/10/16 20:13:28+00</SimpleData>
		<SimpleData name="GLOBALID">{0CBAAF68-1FCC-411D-A53A-59CA4A7D0130}</SimpleData>
	</SchemaData></ExtendedData>
  </Placemark>
  <Placemark>
	<ExtendedData><SchemaData schemaUrl="#DCDevelopment">
		<SimpleData name="OBJECTID">244</SimpleData>
		<SimpleData name="PROJECTNAME">3900 Wisconsin Avenue</SimpleData>
		<SimpleData name="WARD">3</SimpleData>
		<SimpleData name="LOCATION">3900 Wisconsin Avenue, NW</SimpleData>
		<SimpleData name="DEVELOPER">Roadside Development / Sekisui House</SimpleData>
		<SimpleData name="PROJECTTYPE">Retail</SimpleData>
		<SimpleData name="TYPE_SQFT">153000</SimpleData>
		<SimpleData name="ESTDELIVERY">2022</SimpleData>
		<SimpleData name="STATUS">Pipeline</SimpleData>
		<SimpleData name="REPORT_EDITION_YEAR">2016-2019</SimpleData>
		<SimpleData name="ARCHITECT">Shalom Baranes Associates</SimpleData>
		<SimpleData name="LAST_EDITED_USER">SDE</SimpleData>
		<SimpleData name="LAST_EDITED_DATE">2025/10/16 20:13:28+00</SimpleData>
		<SimpleData name="GLOBALID">{D9143117-4704-4574-BC7A-5BC322760F30}</SimpleData>
	</SchemaData></ExtendedData>
  </Placemark>
  <Placemark>
	<ExtendedData><SchemaData schemaUrl="#DCDevelopment">
		<SimpleData name="OBJECTID">245</SimpleData>
		<SimpleData name="PROJECTNAME">The Wharf (Phase II)</SimpleData>
		<SimpleData name="WARD">6</SimpleData>
		<SimpleData name="LOCATION">Southwest Waterfront</SimpleData>
		<SimpleData name="DEVELOPER">Hoffman-Madison Waterfront</SimpleData>
		<SimpleData name="PROJECTTYPE">Retail</SimpleData>
		<SimpleData name="TYPE_SQFT">119559</SimpleData>
		<SimpleData name="ESTVALUEINMILLION">1200000000</SimpleData>
		<SimpleData name="ESTDELIVERY">2022</SimpleData>
		<SimpleData name="STATUS">Pipeline</SimpleData>
		<SimpleData name="REPORT_EDITION_YEAR">2016-2019</SimpleData>
		<SimpleData name="ARCHITECT">ODA Architecture / WDG Architecture / Rafael Vinoly Architects PC / Morris Adjmi Architects / Studios Architecture / Hollwich Kushner / Perkins Eastman DC / SHoP</SimpleData>
		<SimpleData name="LAST_EDITED_USER">SDE</SimpleData>
		<SimpleData name="LAST_EDITED_DATE">2025/10/16 20:13:28+00</SimpleData>
		<SimpleData name="GLOBALID">{A91B6BB1-069A-4458-8FB9-2433AC233D1A}</SimpleData>
	</SchemaData></ExtendedData>
  </Placemark>
  <Placemark>
	<ExtendedData><SchemaData schemaUrl="#DCDevelopment">
		<SimpleData name="OBJECTID">246</SimpleData>
		<SimpleData name="PROJECTNAME">Bryant Street</SimpleData>
		<SimpleData name="WARD">5</SimpleData>
		<SimpleData name="LOCATION">680 Rhode Island Ave., NE</SimpleData>
		<SimpleData name="DEVELOPER">MRP Realty / B&amp;R Associates LP</SimpleData>
		<SimpleData name="PROJECTTYPE">Retail</SimpleData>
		<SimpleData name="TYPE_SQFT">490</SimpleData>
		<SimpleData name="ESTDELIVERY">2020</SimpleData>
		<SimpleData name="STATUS">Pipeline</SimpleData>
		<SimpleData name="REPORT_EDITION_YEAR">2016-2019</SimpleData>
		<SimpleData name="ARCHITECT">SK+I Architectural Design Group</SimpleData>
		<SimpleData name="LAST_EDITED_USER">SDE</SimpleData>
		<SimpleData name="LAST_EDITED_DATE">2025/10/16 20:13:28+00</SimpleData>
		<SimpleData name="GLOBALID">{5B537CE2-CCDC-4AE8-B89F-5F5124F63DB6}</SimpleData>
	</SchemaData></ExtendedData>
  </Placemark>
  <Placemark>
	<ExtendedData><SchemaData schemaUrl="#DCDevelopment">
		<SimpleData name="OBJECTID">247</SimpleData>
		<SimpleData name="PROJECTNAME">The Wharf (Phase I)</SimpleData>
		<SimpleData name="WARD">6</SimpleData>
		<SimpleData name="LOCATION">Southwest Waterfront</SimpleData>
		<SimpleData name="DEVELOPER">Hoffman-Madison Waterfront</SimpleData>
		<SimpleData name="PROJECTTYPE">Residential</SimpleData>
		<SimpleData name="UNITS">870</SimpleData>
		<SimpleData name="UNIT_TYPE">R/O</SimpleData>
		<SimpleData name="ESTVALUEINMILLION">1326000000</SimpleData>
		<SimpleData name="ESTDELIVERY">Q4 17</SimpleData>
		<SimpleData name="STATUS">Completed</SimpleData>
		<SimpleData name="REPORT_EDITION_YEAR">2016-2019</SimpleData>
		<SimpleData name="ARCHITECT">BBGM / Handel Architects / FOX Architects / Kohn Pedersen Fox &amp; Associates / MTFA Architecture / SK+I Architectural Design Group / SmithGroupJJR / WDG Architecture / Perkins Eastman DC</SimpleData>
		<SimpleData name="LAST_EDITED_USER">SDE</SimpleData>
		<SimpleData name="LAST_EDITED_DATE">2025/10/16 20:12:51+00</SimpleData>
		<SimpleData name="GLOBALID">{C9713F0E-EE3C-4B3B-AFBC-17080735B34E}</SimpleData>
	</SchemaData></ExtendedData>
  </Placemark>
  <Placemark>
	<ExtendedData><SchemaData schemaUrl="#DCDevelopment">
		<SimpleData name="OBJECTID">248</SimpleData>
		<SimpleData name="PROJECTNAME">Agora</SimpleData>
		<SimpleData name="WARD">6</SimpleData>
		<SimpleData name="LOCATION">800 New Jersey Avenue, SE</SimpleData>
		<SimpleData name="DEVELOPER">WC Smith</SimpleData>
		<SimpleData name="PROJECTTYPE">Residential</SimpleData>
		<SimpleData name="UNITS">334</SimpleData>
		<SimpleData name="UNIT_TYPE">R</SimpleData>
		<SimpleData name="ESTVALUEINMILLION">141000000</SimpleData>
		<SimpleData name="ESTDELIVERY">Q1 18</SimpleData>
		<SimpleData name="STATUS">Completed</SimpleData>
		<SimpleData name="REPORT_EDITION_YEAR">2016-2019</SimpleData>
		<SimpleData name="ARCHITECT">SK+I Architectural Design Group</SimpleData>
		<SimpleData name="LAST_EDITED_USER">SDE</SimpleData>
		<SimpleData name="LAST_EDITED_DATE">2025/10/16 20:12:51+00</SimpleData>
		<SimpleData name="GLOBALID">{8C8ADF76-D742-4813-BCA4-5DF208C803E3}</SimpleData>
	</SchemaData></ExtendedData>
  </Placemark>
  <Placemark>
	<ExtendedData><SchemaData schemaUrl="#DCDevelopment">
		<SimpleData name="OBJECTID">249</SimpleData>
		<SimpleData name="PROJECTNAME">The Lydian</SimpleData>
		<SimpleData name="WARD">6</SimpleData>
		<SimpleData name="LOCATION">400 K Street, NW</SimpleData>
		<SimpleData name="DEVELOPER">Quadrangle Development / The Wilkes Company</SimpleData>
		<SimpleData name="PROJECTTYPE">Residential</SimpleData>
		<SimpleData name="UNITS">324</SimpleData>
		<SimpleData name="UNIT_TYPE">R</SimpleData>
		<SimpleData name="ESTVALUEINMILLION">138000000</SimpleData>
		<SimpleData name="ESTDELIVERY">Q2 18</SimpleData>
		<SimpleData name="STATUS">Completed</SimpleData>
		<SimpleData name="REPORT_EDITION_YEAR">2016-2019</SimpleData>
		<SimpleData name="ARCHITECT">Davis, Carter, Scott </SimpleData>
		<SimpleData name="LAST_EDITED_USER">SDE</SimpleData>
		<SimpleData name="LAST_EDITED_DATE">2025/10/16 20:12:51+00</SimpleData>
		<SimpleData name="GLOBALID">{60177A59-4D4F-46B2-9083-7E55E10D5E0A}</SimpleData>
	</SchemaData></ExtendedData>
  </Placemark>
  <Placemark>
	<ExtendedData><SchemaData schemaUrl="#DCDevelopment">
		<SimpleData name="OBJECTID">250</SimpleData>
		<SimpleData name="PROJECTNAME">Trellis House</SimpleData>
		<SimpleData name="WARD">1</SimpleData>
		<SimpleData name="LOCATION">907 Barry Place, NW</SimpleData>
		<SimpleData name="DEVELOPER">RISE / Gateway Investment Partners / Howard University</SimpleData>
		<SimpleData name="PROJECTTYPE">Residential</SimpleData>
		<SimpleData name="UNITS">319</SimpleData>
		<SimpleData name="UNIT_TYPE">R</SimpleData>
		<SimpleData name="ESTVALUEINMILLION">70000000</SimpleData>
		<SimpleData name="ESTDELIVERY">Q3 18</SimpleData>
		<SimpleData name="STATUS">Completed</SimpleData>
		<SimpleData name="REPORT_EDITION_YEAR">2016-2019</SimpleData>
		<SimpleData name="ARCHITECT">Niles Bolton Associates</SimpleData>
		<SimpleData name="LAST_EDITED_USER">SDE</SimpleData>
		<SimpleData name="LAST_EDITED_DATE">2025/10/16 20:12:51+00</SimpleData>
		<SimpleData name="GLOBALID">{C5567595-0E34-4264-BDB1-9296CFEA0F7D}</SimpleData>
	</SchemaData></ExtendedData>
  </Placemark>
  <Placemark>
	<ExtendedData><SchemaData schemaUrl="#DCDevelopment">
		<SimpleData name="OBJECTID">251</SimpleData>
		<SimpleData name="PROJECTNAME">Atlantic Apartment Homes</SimpleData>
		<SimpleData name="WARD">8</SimpleData>
		<SimpleData name="LOCATION">4321 3rd Street, SE</SimpleData>
		<SimpleData name="DEVELOPER">WinnDevelopment</SimpleData>
		<SimpleData name="PROJECTTYPE">Residential</SimpleData>
		<SimpleData name="UNITS">303</SimpleData>
		<SimpleData name="UNIT_TYPE">R</SimpleData>
		<SimpleData name="ESTVALUEINMILLION">69000000</SimpleData>
		<SimpleData name="ESTDELIVERY">Q2 18</SimpleData>
		<SimpleData name="STATUS">Completed</SimpleData>
		<SimpleData name="REPORT_EDITION_YEAR">2016-2019</SimpleData>
		<SimpleData name="ARCHITECT">The Architectural Team</SimpleData>
		<SimpleData name="LAST_EDITED_USER">SDE</SimpleData>
		<SimpleData name="LAST_EDITED_DATE">2025/10/16 20:12:51+00</SimpleData>
		<SimpleData name="GLOBALID">{75D5B257-2BAB-4163-B70E-6A59C0BB3A33}</SimpleData>
	</SchemaData></ExtendedData>
  </Placemark>
  <Placemark>
	<ExtendedData><SchemaData schemaUrl="#DCDevelopment">
		<SimpleData name="OBJECTID">252</SimpleData>
		<SimpleData name="PROJECTNAME">Brookland Press</SimpleData>
		<SimpleData name="WARD">5</SimpleData>
		<SimpleData name="LOCATION">806 Channing Place, NE</SimpleData>
		<SimpleData name="DEVELOPER">Douglas Development</SimpleData>
		<SimpleData name="PROJECTTYPE">Residential</SimpleData>
		<SimpleData name="UNITS">295</SimpleData>
		<SimpleData name="UNIT_TYPE">R</SimpleData>
		<SimpleData name="ESTVALUEINMILLION">55726000</SimpleData>
		<SimpleData name="ESTDELIVERY">Q3 17</SimpleData>
		<SimpleData name="STATUS">Completed</SimpleData>
		<SimpleData name="REPORT_EDITION_YEAR">2016-2019</SimpleData>
		<SimpleData name="ARCHITECT">Eric Colbert &amp; Associates, PC / GTM Architects / Parker Rodriguez</SimpleData>
		<SimpleData name="LAST_EDITED_USER">SDE</SimpleData>
		<SimpleData name="LAST_EDITED_DATE">2025/10/16 20:12:51+00</SimpleData>
		<SimpleData name="GLOBALID">{E23CD7F0-828E-4E5C-8726-EAA3F9864564}</SimpleData>
	</SchemaData></ExtendedData>
  </Placemark>
  <Placemark>
	<ExtendedData><SchemaData schemaUrl="#DCDevelopment">
		<SimpleData name="OBJECTID">253</SimpleData>
		<SimpleData name="PROJECTNAME">1221 Van</SimpleData>
		<SimpleData name="WARD">6</SimpleData>
		<SimpleData name="LOCATION">1211 Van Street, SE</SimpleData>
		<SimpleData name="DEVELOPER">JBG Smith</SimpleData>
		<SimpleData name="PROJECTTYPE">Residential</SimpleData>
		<SimpleData name="UNITS">291</SimpleData>
		<SimpleData name="UNIT_TYPE">R</SimpleData>
		<SimpleData name="ESTVALUEINMILLION">100000000</SimpleData>
		<SimpleData name="ESTDELIVERY">Q1 18</SimpleData>
		<SimpleData name="STATUS">Completed</SimpleData>
		<SimpleData name="REPORT_EDITION_YEAR">2016-2019</SimpleData>
		<SimpleData name="ARCHITECT">Morris Adjmi Architects / Eric Colbert &amp; Associates, PC</SimpleData>
		<SimpleData name="LAST_EDITED_USER">SDE</SimpleData>
		<SimpleData name="LAST_EDITED_DATE">2025/10/16 20:12:51+00</SimpleData>
		<SimpleData name="GLOBALID">{5D836787-CD46-407F-A6B4-87B7CAED110D}</SimpleData>
	</SchemaData></ExtendedData>
  </Placemark>
  <Placemark>
	<ExtendedData><SchemaData schemaUrl="#DCDevelopment">
		<SimpleData name="OBJECTID">254</SimpleData>
		<SimpleData name="PROJECTNAME">Riverpoint</SimpleData>
		<SimpleData name="WARD">6</SimpleData>
		<SimpleData name="LOCATION">2100 2nd Street, SW</SimpleData>
		<SimpleData name="DEVELOPER">Akridge / Western Development / Redbrick LMD / Orr Partners / Jefferson Apartment Group</SimpleData>
		<SimpleData name="PROJECTTYPE">Residential</SimpleData>
		<SimpleData name="UNITS">485</SimpleData>
		<SimpleData name="UNIT_TYPE">R</SimpleData>
		<SimpleData name="ESTVALUEINMILLION">220000000</SimpleData>
		<SimpleData name="ESTDELIVERY">Q2 20</SimpleData>
		<SimpleData name="STATUS">Under Construction</SimpleData>
		<SimpleData name="REPORT_EDITION_YEAR">2016-2019</SimpleData>
		<SimpleData name="ARCHITECT">Antunovich Associates</SimpleData>
		<SimpleData name="LAST_EDITED_USER">SDE</SimpleData>
		<SimpleData name="LAST_EDITED_DATE">2025/10/16 20:12:51+00</SimpleData>
		<SimpleData name="GLOBALID">{9002D278-A45C-400B-B346-C1B904CFCC1C}</SimpleData>
	</SchemaData></ExtendedData>
  </Placemark>
  <Placemark>
	<ExtendedData><SchemaData schemaUrl="#DCDevelopment">
		<SimpleData name="OBJECTID">255</SimpleData>
		<SimpleData name="PROJECTNAME">West Half</SimpleData>
		<SimpleData name="WARD">6</SimpleData>
		<SimpleData name="LOCATION">1201 Half Street, SE</SimpleData>
		<SimpleData name="DEVELOPER">JBG Smith</SimpleData>
		<SimpleData name="PROJECTTYPE">Residential</SimpleData>
		<SimpleData name="UNITS">465</SimpleData>
		<SimpleData name="UNIT_TYPE">R</SimpleData>
		<SimpleData name="ESTVALUEINMILLION">200000000</SimpleData>
		<SimpleData name="ESTDELIVERY">Q1 20</SimpleData>
		<SimpleData name="STATUS">Under Construction</SimpleData>
		<SimpleData name="REPORT_EDITION_YEAR">2016-2019</SimpleData>
		<SimpleData name="ARCHITECT">Eric Colbert &amp; Associates, PC / ODA Architecture</SimpleData>
		<SimpleData name="LAST_EDITED_USER">SDE</SimpleData>
		<SimpleData name="LAST_EDITED_DATE">2025/10/16 20:12:51+00</SimpleData>
		<SimpleData name="GLOBALID">{C2B98C53-BD5F-4744-A944-1EAD6ACC25BE}</SimpleData>
	</SchemaData></ExtendedData>
  </Placemark>
  <Placemark>
	<ExtendedData><SchemaData schemaUrl="#DCDevelopment">
		<SimpleData name="OBJECTID">256</SimpleData>
		<SimpleData name="PROJECTNAME">1250</SimpleData>
		<SimpleData name="WARD">6</SimpleData>
		<SimpleData name="LOCATION">1250 Half Street, SE</SimpleData>
		<SimpleData name="DEVELOPER">Jair Lynch Real Estate Partners / MacFarlane Partners</SimpleData>
		<SimpleData name="PROJECTTYPE">Residential</SimpleData>
		<SimpleData name="UNITS">439</SimpleData>
		<SimpleData name="UNIT_TYPE">R</SimpleData>
		<SimpleData name="ESTVALUEINMILLION">265000000</SimpleData>
		<SimpleData name="ESTDELIVERY">Q4 19</SimpleData>
		<SimpleData name="STATUS">Under Construction</SimpleData>
		<SimpleData name="REPORT_EDITION_YEAR">2016-2019</SimpleData>
		<SimpleData name="ARCHITECT">Hord Coplan Macht Inc </SimpleData>
		<SimpleData name="LAST_EDITED_USER">SDE</SimpleData>
		<SimpleData name="LAST_EDITED_DATE">2025/10/16 20:12:51+00</SimpleData>
		<SimpleData name="GLOBALID">{B68DC545-3E6E-4288-B564-854D07D892CA}</SimpleData>
	</SchemaData></ExtendedData>
  </Placemark>
  <Placemark>
	<ExtendedData><SchemaData schemaUrl="#DCDevelopment">
		<SimpleData name="OBJECTID">257</SimpleData>
		<SimpleData name="PROJECTNAME">901 H Street</SimpleData>
		<SimpleData name="WARD">6</SimpleData>
		<SimpleData name="LOCATION">901 H St., NE</SimpleData>
		<SimpleData name="DEVELOPER">Rappaport / WC Smith / Lustine Realty Co.</SimpleData>
		<SimpleData name="PROJECTTYPE">Retail</SimpleData>
		<SimpleData name="TYPE_SQFT">51500</SimpleData>
		<SimpleData name="ESTVALUEINMILLION">150000000</SimpleData>
		<SimpleData name="ESTDELIVERY">2019</SimpleData>
		<SimpleData name="STATUS">Pipeline</SimpleData>
		<SimpleData name="REPORT_EDITION_YEAR">2016-2019</SimpleData>
		<SimpleData name="ARCHITECT">Torti Gallas and Partners</SimpleData>
		<SimpleData name="LAST_EDITED_USER">SDE</SimpleData>
		<SimpleData name="LAST_EDITED_DATE">2025/10/16 20:13:28+00</SimpleData>
		<SimpleData name="GLOBALID">{366AD058-01F0-482C-A99B-FA4DC1F6342A}</SimpleData>
	</SchemaData></ExtendedData>
  </Placemark>
  <Placemark>
	<ExtendedData><SchemaData schemaUrl="#DCDevelopment">
		<SimpleData name="OBJECTID">258</SimpleData>
		<SimpleData name="PROJECTNAME">Lacebark Alley</SimpleData>
		<SimpleData name="WARD">6</SimpleData>
		<SimpleData name="LOCATION">51 N St., 50 Patterson St. &amp; 1250 1st St., NE</SimpleData>
		<SimpleData name="DEVELOPER">The JBG Companies /  Brandywine Realty Trust</SimpleData>
		<SimpleData name="PROJECTTYPE">Retail</SimpleData>
		<SimpleData name="TYPE_SQFT">30000</SimpleData>
		<SimpleData name="ESTVALUEINMILLION">275000000</SimpleData>
		<SimpleData name="ESTDELIVERY">2018</SimpleData>
		<SimpleData name="STATUS">Pipeline</SimpleData>
		<SimpleData name="REPORT_EDITION_YEAR">2016-2019</SimpleData>
		<SimpleData name="ARCHITECT">Shalom Baranes Associates / Cooper Carry</SimpleData>
		<SimpleData name="LAST_EDITED_USER">SDE</SimpleData>
		<SimpleData name="LAST_EDITED_DATE">2025/10/16 20:13:28+00</SimpleData>
		<SimpleData name="GLOBALID">{08FF97DF-5C0D-42EE-87EB-C4EE9E5A28F5}</SimpleData>
	</SchemaData></ExtendedData>
  </Placemark>
  <Placemark>
	<ExtendedData><SchemaData schemaUrl="#DCDevelopment">
		<SimpleData name="OBJECTID">259</SimpleData>
		<SimpleData name="PROJECTNAME">3220 Prospect</SimpleData>
		<SimpleData name="WARD">2</SimpleData>
		<SimpleData name="LOCATION">3220 Prospect St., NW</SimpleData>
		<SimpleData name="DEVELOPER">McCaffery Interests</SimpleData>
		<SimpleData name="PROJECTTYPE">Retail</SimpleData>
		<SimpleData name="TYPE_SQFT">28246</SimpleData>
		<SimpleData name="ESTDELIVERY">2018</SimpleData>
		<SimpleData name="STATUS">Pipeline</SimpleData>
		<SimpleData name="REPORT_EDITION_YEAR">2016-2019</SimpleData>
		<SimpleData name="ARCHITECT">N/A</SimpleData>
		<SimpleData name="LAST_EDITED_USER">SDE</SimpleData>
		<SimpleData name="LAST_EDITED_DATE">2025/10/16 20:13:28+00</SimpleData>
		<SimpleData name="GLOBALID">{79FA2C7C-560C-45DA-9142-1A183D937970}</SimpleData>
	</SchemaData></ExtendedData>
  </Placemark>
  <Placemark>
	<ExtendedData><SchemaData schemaUrl="#DCDevelopment">
		<SimpleData name="OBJECTID">260</SimpleData>
		<SimpleData name="PROJECTNAME">Park Chelsea</SimpleData>
		<SimpleData name="WARD">6</SimpleData>
		<SimpleData name="LOCATION">880 New Jersey Ave., SE</SimpleData>
		<SimpleData name="DEVELOPER">WC Smith</SimpleData>
		<SimpleData name="PROJECTTYPE">Residential</SimpleData>
		<SimpleData name="UNITS">429</SimpleData>
		<SimpleData name="UNIT_TYPE">R</SimpleData>
		<SimpleData name="ESTVALUEINMILLION">150000000</SimpleData>
		<SimpleData name="STATUS">Completed</SimpleData>
		<SimpleData name="REPORT_EDITION_YEAR">2016-2019</SimpleData>
		<SimpleData name="ARCHITECT">Esocoff &amp; Associates Architects</SimpleData>
		<SimpleData name="LAST_EDITED_USER">SDE</SimpleData>
		<SimpleData name="LAST_EDITED_DATE">2025/10/16 20:12:51+00</SimpleData>
		<SimpleData name="GLOBALID">{120515CD-032B-468C-85BE-41CE892F0C97}</SimpleData>
	</SchemaData></ExtendedData>
  </Placemark>
  <Placemark>
	<ExtendedData><SchemaData schemaUrl="#DCDevelopment">
		<SimpleData name="OBJECTID">261</SimpleData>
		<SimpleData name="PROJECTNAME">Hecht Warehouse District</SimpleData>
		<SimpleData name="WARD">5</SimpleData>
		<SimpleData name="LOCATION">1401 New York Ave., NE</SimpleData>
		<SimpleData name="DEVELOPER">Douglas Development Corp.</SimpleData>
		<SimpleData name="PROJECTTYPE">Residential</SimpleData>
		<SimpleData name="UNITS">353</SimpleData>
		<SimpleData name="UNIT_TYPE">R</SimpleData>
		<SimpleData name="ESTVALUEINMILLION">120000000</SimpleData>
		<SimpleData name="STATUS">Completed</SimpleData>
		<SimpleData name="REPORT_EDITION_YEAR">2016-2019</SimpleData>
		<SimpleData name="ARCHITECT">Antunovich Associates</SimpleData>
		<SimpleData name="LAST_EDITED_USER">SDE</SimpleData>
		<SimpleData name="LAST_EDITED_DATE">2025/10/16 20:12:51+00</SimpleData>
		<SimpleData name="GLOBALID">{1A34163D-9835-4D4E-8105-D7C942F77370}</SimpleData>
	</SchemaData></ExtendedData>
  </Placemark>
  <Placemark>
	<ExtendedData><SchemaData schemaUrl="#DCDevelopment">
		<SimpleData name="OBJECTID">262</SimpleData>
		<SimpleData name="PROJECTNAME">Fort Totten Square</SimpleData>
		<SimpleData name="WARD">4</SimpleData>
		<SimpleData name="LOCATION">South Dakota Ave. &amp; Riggs Rd., NE</SimpleData>
		<SimpleData name="DEVELOPER">Lowe Enterprises / The JBG Companies</SimpleData>
		<SimpleData name="PROJECTTYPE">Residential</SimpleData>
		<SimpleData name="UNITS">345</SimpleData>
		<SimpleData name="UNIT_TYPE">R</SimpleData>
		<SimpleData name="ESTVALUEINMILLION">120000000</SimpleData>
		<SimpleData name="STATUS">Completed</SimpleData>
		<SimpleData name="REPORT_EDITION_YEAR">2016-2019</SimpleData>
		<SimpleData name="ARCHITECT">Hickok Cole Architects</SimpleData>
		<SimpleData name="LAST_EDITED_USER">SDE</SimpleData>
		<SimpleData name="LAST_EDITED_DATE">2025/10/16 20:12:51+00</SimpleData>
		<SimpleData name="GLOBALID">{AD29D099-1DAA-41ED-B496-0D812126224A}</SimpleData>
	</SchemaData></ExtendedData>
  </Placemark>
  <Placemark>
	<ExtendedData><SchemaData schemaUrl="#DCDevelopment">
		<SimpleData name="OBJECTID">263</SimpleData>
		<SimpleData name="PROJECTNAME">Arris</SimpleData>
		<SimpleData name="WARD">6</SimpleData>
		<SimpleData name="LOCATION">1331 4th St., SE</SimpleData>
		<SimpleData name="DEVELOPER">Forest City Washington</SimpleData>
		<SimpleData name="PROJECTTYPE">Residential</SimpleData>
		<SimpleData name="UNITS">327</SimpleData>
		<SimpleData name="UNIT_TYPE">R</SimpleData>
		<SimpleData name="ESTVALUEINMILLION">100000000</SimpleData>
		<SimpleData name="STATUS">Completed</SimpleData>
		<SimpleData name="REPORT_EDITION_YEAR">2016-2019</SimpleData>
		<SimpleData name="ARCHITECT">Robert A M Stern Architects / WDG Architecture</SimpleData>
		<SimpleData name="LAST_EDITED_USER">SDE</SimpleData>
		<SimpleData name="LAST_EDITED_DATE">2025/10/16 20:12:51+00</SimpleData>
		<SimpleData name="GLOBALID">{4EC64161-5F7A-4EFD-9449-8EFCFEBEA8D5}</SimpleData>
	</SchemaData></ExtendedData>
  </Placemark>
  <Placemark>
	<ExtendedData><SchemaData schemaUrl="#DCDevelopment">
		<SimpleData name="OBJECTID">264</SimpleData>
		<SimpleData name="PROJECTNAME">Atlantic Plumbing DC</SimpleData>
		<SimpleData name="WARD">1</SimpleData>
		<SimpleData name="LOCATION">2112 8th St., NW</SimpleData>
		<SimpleData name="DEVELOPER">The JBG Companies / Walton Street Capital</SimpleData>
		<SimpleData name="PROJECTTYPE">Residential</SimpleData>
		<SimpleData name="UNITS">310</SimpleData>
		<SimpleData name="UNIT_TYPE">R</SimpleData>
		<SimpleData name="ESTVALUEINMILLION">100000000</SimpleData>
		<SimpleData name="STATUS">Completed</SimpleData>
		<SimpleData name="REPORT_EDITION_YEAR">2016-2019</SimpleData>
		<SimpleData name="ARCHITECT">Morris Adjmi Architects / Eric Colbert &amp; Associates, PC</SimpleData>
		<SimpleData name="LAST_EDITED_USER">SDE</SimpleData>
		<SimpleData name="LAST_EDITED_DATE">2025/10/16 20:12:51+00</SimpleData>
		<SimpleData name="GLOBALID">{E1B5662C-110F-4C43-ADA9-BF2F0F43C748}</SimpleData>
	</SchemaData></ExtendedData>
  </Placemark>
  <Placemark>
	<ExtendedData><SchemaData schemaUrl="#DCDevelopment">
		<SimpleData name="OBJECTID">265</SimpleData>
		<SimpleData name="PROJECTNAME">Anthology</SimpleData>
		<SimpleData name="WARD">6</SimpleData>
		<SimpleData name="LOCATION">625 H St., NE</SimpleData>
		<SimpleData name="DEVELOPER">Jair Lynch Real Estate Partners</SimpleData>
		<SimpleData name="PROJECTTYPE">Residential</SimpleData>
		<SimpleData name="UNITS">307</SimpleData>
		<SimpleData name="UNIT_TYPE">R</SimpleData>
		<SimpleData name="ESTVALUEINMILLION">100000000</SimpleData>
		<SimpleData name="STATUS">Completed</SimpleData>
		<SimpleData name="REPORT_EDITION_YEAR">2016-2019</SimpleData>
		<SimpleData name="ARCHITECT">Hord Coplan Macht Inc</SimpleData>
		<SimpleData name="LAST_EDITED_USER">SDE</SimpleData>
		<SimpleData name="LAST_EDITED_DATE">2025/10/16 20:12:51+00</SimpleData>
		<SimpleData name="GLOBALID">{824FD0E6-28DC-4732-835F-5F4CC36BA55F}</SimpleData>
	</SchemaData></ExtendedData>
  </Placemark>
  <Placemark>
	<ExtendedData><SchemaData schemaUrl="#DCDevelopment">
		<SimpleData name="OBJECTID">266</SimpleData>
		<SimpleData name="PROJECTNAME">Dock 79</SimpleData>
		<SimpleData name="WARD">6</SimpleData>
		<SimpleData name="LOCATION">100 Potomac Ave., SE</SimpleData>
		<SimpleData name="DEVELOPER">MRP Realty / FRP Development Corp.</SimpleData>
		<SimpleData name="PROJECTTYPE">Residential</SimpleData>
		<SimpleData name="UNITS">305</SimpleData>
		<SimpleData name="UNIT_TYPE">R</SimpleData>
		<SimpleData name="ESTVALUEINMILLION">100000000</SimpleData>
		<SimpleData name="STATUS">Completed</SimpleData>
		<SimpleData name="REPORT_EDITION_YEAR">2016-2019</SimpleData>
		<SimpleData name="ARCHITECT">SK+I Architectural Design Group</SimpleData>
		<SimpleData name="LAST_EDITED_USER">SDE</SimpleData>
		<SimpleData name="LAST_EDITED_DATE">2025/10/16 20:12:51+00</SimpleData>
		<SimpleData name="GLOBALID">{C553E943-1448-4862-850F-42234C68927F}</SimpleData>
	</SchemaData></ExtendedData>
  </Placemark>
  <Placemark>
	<ExtendedData><SchemaData schemaUrl="#DCDevelopment">
		<SimpleData name="OBJECTID">267</SimpleData>
		<SimpleData name="PROJECTNAME">5333 Connecticut Avenue</SimpleData>
		<SimpleData name="WARD">3</SimpleData>
		<SimpleData name="LOCATION">5333 Connecticut Ave., NW</SimpleData>
		<SimpleData name="DEVELOPER">Cafritz Interests</SimpleData>
		<SimpleData name="PROJECTTYPE">Residential</SimpleData>
		<SimpleData name="UNITS">262</SimpleData>
		<SimpleData name="UNIT_TYPE">R</SimpleData>
		<SimpleData name="ESTVALUEINMILLION">61000000</SimpleData>
		<SimpleData name="STATUS">Completed</SimpleData>
		<SimpleData name="REPORT_EDITION_YEAR">2016-2019</SimpleData>
		<SimpleData name="ARCHITECT">Eric Colbert &amp; Associates, PC</SimpleData>
		<SimpleData name="LAST_EDITED_USER">SDE</SimpleData>
		<SimpleData name="LAST_EDITED_DATE">2025/10/16 20:12:51+00</SimpleData>
		<SimpleData name="GLOBALID">{00281F8D-B8C2-4042-B07C-DA37522115BD}</SimpleData>
	</SchemaData></ExtendedData>
  </Placemark>
  <Placemark>
	<ExtendedData><SchemaData schemaUrl="#DCDevelopment">
		<SimpleData name="OBJECTID">268</SimpleData>
		<SimpleData name="PROJECTNAME">The Wharf (Phase I)</SimpleData>
		<SimpleData name="WARD">6</SimpleData>
		<SimpleData name="LOCATION">Southwest Waterfront</SimpleData>
		<SimpleData name="DEVELOPER">Hoffman-Madison Waterfront</SimpleData>
		<SimpleData name="PROJECTTYPE">Hospitality</SimpleData>
		<SimpleData name="TYPE_SQFT">630000</SimpleData>
		<SimpleData name="UNITS">690</SimpleData>
		<SimpleData name="ESTVALUEINMILLION">1326000000</SimpleData>
		<SimpleData name="ESTDELIVERY">Q4 17</SimpleData>
		<SimpleData name="STATUS">Completed</SimpleData>
		<SimpleData name="REPORT_EDITION_YEAR">2016-2019</SimpleData>
		<SimpleData name="ARCHITECT">BBGM / Handel Architects / FOX Architects / Kohn Pedersen Fox &amp; Associates / MTFA Architecture / SK+I Architectural Design Group / SmithGroupJJR / WDG Architecture / Perkins Eastman DC</SimpleData>
		<SimpleData name="LAST_EDITED_USER">SDE</SimpleData>
		<SimpleData name="LAST_EDITED_DATE">2025/10/16 20:10:22+00</SimpleData>
		<SimpleData name="GLOBALID">{103146C2-482D-4978-A5F7-572C4FCD0672}</SimpleData>
	</SchemaData></ExtendedData>
  </Placemark>
  <Placemark>
	<ExtendedData><SchemaData schemaUrl="#DCDevelopment">
		<SimpleData name="OBJECTID">269</SimpleData>
		<SimpleData name="PROJECTNAME">D.C. United Stadium</SimpleData>
		<SimpleData name="WARD">6</SimpleData>
		<SimpleData name="LOCATION">100 Potomac Avenue, SW</SimpleData>
		<SimpleData name="DEVELOPER">D.C. United / DC Government</SimpleData>
		<SimpleData name="PROJECTTYPE">Hospitality</SimpleData>
		<SimpleData name="TYPE_SQFT">421000</SimpleData>
		<SimpleData name="ESTVALUEINMILLION">400000000</SimpleData>
		<SimpleData name="ESTDELIVERY">Q3 18</SimpleData>
		<SimpleData name="STATUS">Completed</SimpleData>
		<SimpleData name="REPORT_EDITION_YEAR">2016-2019</SimpleData>
		<SimpleData name="ARCHITECT">Populous / Marshall | Moya Design</SimpleData>
		<SimpleData name="LAST_EDITED_USER">SDE</SimpleData>
		<SimpleData name="LAST_EDITED_DATE">2025/10/16 20:10:22+00</SimpleData>
		<SimpleData name="GLOBALID">{B5D6693C-808E-4171-B36F-FA520E2F9804}</SimpleData>
	</SchemaData></ExtendedData>
  </Placemark>
  <Placemark>
	<ExtendedData><SchemaData schemaUrl="#DCDevelopment">
		<SimpleData name="OBJECTID">270</SimpleData>
		<SimpleData name="PROJECTNAME">Eaton by DC</SimpleData>
		<SimpleData name="WARD">2</SimpleData>
		<SimpleData name="LOCATION">1201 K Street, NW</SimpleData>
		<SimpleData name="DEVELOPER">Pacific Eagle Holdings</SimpleData>
		<SimpleData name="PROJECTTYPE">Hospitality</SimpleData>
		<SimpleData name="TYPE_SQFT">172000</SimpleData>
		<SimpleData name="UNITS">209</SimpleData>
		<SimpleData name="ESTVALUEINMILLION">0</SimpleData>
		<SimpleData name="ESTDELIVERY">Q3 18</SimpleData>
		<SimpleData name="STATUS">Completed</SimpleData>
		<SimpleData name="REPORT_EDITION_YEAR">2016-2019</SimpleData>
		<SimpleData name="ARCHITECT">N/A</SimpleData>
		<SimpleData name="LAST_EDITED_USER">SDE</SimpleData>
		<SimpleData name="LAST_EDITED_DATE">2025/10/16 20:10:22+00</SimpleData>
		<SimpleData name="GLOBALID">{4AF8ACBE-2A1E-4143-BA30-500DF9C61394}</SimpleData>
	</SchemaData></ExtendedData>
  </Placemark>
  <Placemark>
	<ExtendedData><SchemaData schemaUrl="#DCDevelopment">
		<SimpleData name="OBJECTID">271</SimpleData>
		<SimpleData name="PROJECTNAME">The Line DC</SimpleData>
		<SimpleData name="WARD">1</SimpleData>
		<SimpleData name="LOCATION">1770 Euclid Street, NW</SimpleData>
		<SimpleData name="DEVELOPER">Foxhall Partners / Friedman Capital Advidors / Sydell Group</SimpleData>
		<SimpleData name="PROJECTTYPE">Hospitality</SimpleData>
		<SimpleData name="TYPE_SQFT">172041</SimpleData>
		<SimpleData name="UNITS">227</SimpleData>
		<SimpleData name="ESTVALUEINMILLION">100000000</SimpleData>
		<SimpleData name="ESTDELIVERY">Q4 17</SimpleData>
		<SimpleData name="STATUS">Completed</SimpleData>
		<SimpleData name="REPORT_EDITION_YEAR">2016-2019</SimpleData>
		<SimpleData name="ARCHITECT">OPX</SimpleData>
		<SimpleData name="LAST_EDITED_USER">SDE</SimpleData>
		<SimpleData name="LAST_EDITED_DATE">2025/10/16 20:10:22+00</SimpleData>
		<SimpleData name="GLOBALID">{2B655A3E-77B7-40A9-80A6-E595079890C0}</SimpleData>
	</SchemaData></ExtendedData>
  </Placemark>
  <Placemark>
	<ExtendedData><SchemaData schemaUrl="#DCDevelopment">
		<SimpleData name="OBJECTID">272</SimpleData>
		<SimpleData name="PROJECTNAME">The Darcy</SimpleData>
		<SimpleData name="WARD">2</SimpleData>
		<SimpleData name="LOCATION">1515 Rhode Island Avenue, NW</SimpleData>
		<SimpleData name="DEVELOPER">KHP Capital Partners</SimpleData>
		<SimpleData name="PROJECTTYPE">Hospitality</SimpleData>
		<SimpleData name="TYPE_SQFT">87600</SimpleData>
		<SimpleData name="UNITS">226</SimpleData>
		<SimpleData name="ESTVALUEINMILLION">0</SimpleData>
		<SimpleData name="ESTDELIVERY">Q2 17</SimpleData>
		<SimpleData name="STATUS">Completed</SimpleData>
		<SimpleData name="REPORT_EDITION_YEAR">2016-2019</SimpleData>
		<SimpleData name="ARCHITECT">N/A</SimpleData>
		<SimpleData name="LAST_EDITED_USER">SDE</SimpleData>
		<SimpleData name="LAST_EDITED_DATE">2025/10/16 20:10:22+00</SimpleData>
		<SimpleData name="GLOBALID">{5F5DCE48-DD75-4FDA-B6F8-C803F0BF9549}</SimpleData>
	</SchemaData></ExtendedData>
  </Placemark>
  <Placemark>
	<ExtendedData><SchemaData schemaUrl="#DCDevelopment">
		<SimpleData name="OBJECTID">273</SimpleData>
		<SimpleData name="PROJECTNAME">99 M Street</SimpleData>
		<SimpleData name="WARD">6</SimpleData>
		<SimpleData name="LOCATION">1st &amp; M Street, SE</SimpleData>
		<SimpleData name="DEVELOPER">Skanska USA</SimpleData>
		<SimpleData name="PROJECTTYPE">Office</SimpleData>
		<SimpleData name="TYPE_SQFT">220000</SimpleData>
		<SimpleData name="ESTVALUEINMILLION">116000000</SimpleData>
		<SimpleData name="ESTDELIVERY">Q2 18</SimpleData>
		<SimpleData name="STATUS">Completed</SimpleData>
		<SimpleData name="REPORT_EDITION_YEAR">2016-2019</SimpleData>
		<SimpleData name="ARCHITECT">Gensler</SimpleData>
		<SimpleData name="LAST_EDITED_USER">SDE</SimpleData>
		<SimpleData name="LAST_EDITED_DATE">2025/10/16 20:11:02+00</SimpleData>
		<SimpleData name="GLOBALID">{8E19B3FE-1516-421B-B9AB-ECB4DDFC5447}</SimpleData>
	</SchemaData></ExtendedData>
  </Placemark>
  <Placemark>
	<ExtendedData><SchemaData schemaUrl="#DCDevelopment">
		<SimpleData name="OBJECTID">274</SimpleData>
		<SimpleData name="PROJECTNAME">700 Penn</SimpleData>
		<SimpleData name="WARD">6</SimpleData>
		<SimpleData name="LOCATION">700 Pennsylvania Avenue, SE</SimpleData>
		<SimpleData name="DEVELOPER">Stanton Development / Eastbanc / Jarvis Company / Dantes Partners / Clark Enterprises</SimpleData>
		<SimpleData name="PROJECTTYPE">Office</SimpleData>
		<SimpleData name="TYPE_SQFT">150000</SimpleData>
		<SimpleData name="ESTVALUEINMILLION">226700000</SimpleData>
		<SimpleData name="ESTDELIVERY">Q4 17</SimpleData>
		<SimpleData name="STATUS">Completed</SimpleData>
		<SimpleData name="REPORT_EDITION_YEAR">2016-2019</SimpleData>
		<SimpleData name="ARCHITECT">Esocoff &amp; Associates Architects</SimpleData>
		<SimpleData name="LAST_EDITED_USER">SDE</SimpleData>
		<SimpleData name="LAST_EDITED_DATE">2025/10/16 20:11:02+00</SimpleData>
		<SimpleData name="GLOBALID">{A0A34B70-A1F0-46BA-BB7B-D012FAB95C65}</SimpleData>
	</SchemaData></ExtendedData>
  </Placemark>
  <Placemark>
	<ExtendedData><SchemaData schemaUrl="#DCDevelopment">
		<SimpleData name="OBJECTID">275</SimpleData>
		<SimpleData name="PROJECTNAME">U.S. Department of Commerce - Herbert Hoover Building (Ph IV)</SimpleData>
		<SimpleData name="WARD">2</SimpleData>
		<SimpleData name="LOCATION">1401 Constitution Avenue, NW</SimpleData>
		<SimpleData name="DEVELOPER">General Services Administration</SimpleData>
		<SimpleData name="PROJECTTYPE">Office</SimpleData>
		<SimpleData name="TYPE_SQFT">109825</SimpleData>
		<SimpleData name="ESTVALUEINMILLION">83000000</SimpleData>
		<SimpleData name="ESTDELIVERY">Q3 18</SimpleData>
		<SimpleData name="STATUS">Completed</SimpleData>
		<SimpleData name="REPORT_EDITION_YEAR">2016-2019</SimpleData>
		<SimpleData name="ARCHITECT">Gensler</SimpleData>
		<SimpleData name="LAST_EDITED_USER">SDE</SimpleData>
		<SimpleData name="LAST_EDITED_DATE">2025/10/16 20:11:02+00</SimpleData>
		<SimpleData name="GLOBALID">{F25C135B-8EBD-4410-9A39-3122EA377050}</SimpleData>
	</SchemaData></ExtendedData>
  </Placemark>
  <Placemark>
	<ExtendedData><SchemaData schemaUrl="#DCDevelopment">
		<SimpleData name="OBJECTID">276</SimpleData>
		<SimpleData name="PROJECTNAME">901 4th Street</SimpleData>
		<SimpleData name="WARD">6</SimpleData>
		<SimpleData name="LOCATION">901 4th Street, NW</SimpleData>
		<SimpleData name="DEVELOPER">The Bar Association of the District of Columbia</SimpleData>
		<SimpleData name="PROJECTTYPE">Office</SimpleData>
		<SimpleData name="TYPE_SQFT">89700</SimpleData>
		<SimpleData name="ESTVALUEINMILLION">70000000</SimpleData>
		<SimpleData name="ESTDELIVERY">Q1 18</SimpleData>
		<SimpleData name="STATUS">Completed</SimpleData>
		<SimpleData name="REPORT_EDITION_YEAR">2016-2019</SimpleData>
		<SimpleData name="ARCHITECT">Hartman-Cox Architects</SimpleData>
		<SimpleData name="LAST_EDITED_USER">SDE</SimpleData>
		<SimpleData name="LAST_EDITED_DATE">2025/10/16 20:11:02+00</SimpleData>
		<SimpleData name="GLOBALID">{ED11FBBE-7FC8-45A6-9D34-0E20B98649E7}</SimpleData>
	</SchemaData></ExtendedData>
  </Placemark>
  <Placemark>
	<ExtendedData><SchemaData schemaUrl="#DCDevelopment">
		<SimpleData name="OBJECTID">277</SimpleData>
		<SimpleData name="PROJECTNAME">655 New York Avenue</SimpleData>
		<SimpleData name="WARD">6</SimpleData>
		<SimpleData name="LOCATION">655 New York Avenue, NW</SimpleData>
		<SimpleData name="DEVELOPER">Douglas Development Corporation / Brookfield Office Properties</SimpleData>
		<SimpleData name="PROJECTTYPE">Office</SimpleData>
		<SimpleData name="TYPE_SQFT">653474</SimpleData>
		<SimpleData name="ESTVALUEINMILLION">185000000</SimpleData>
		<SimpleData name="ESTDELIVERY">Q4 18</SimpleData>
		<SimpleData name="STATUS">Under Construction</SimpleData>
		<SimpleData name="REPORT_EDITION_YEAR">2016-2019</SimpleData>
		<SimpleData name="ARCHITECT">Shalom Baranes Associates</SimpleData>
		<SimpleData name="LAST_EDITED_USER">SDE</SimpleData>
		<SimpleData name="LAST_EDITED_DATE">2025/10/16 20:11:02+00</SimpleData>
		<SimpleData name="GLOBALID">{1F2A9636-0AB7-4723-8D15-911E4486B8F8}</SimpleData>
	</SchemaData></ExtendedData>
  </Placemark>
  <Placemark>
	<ExtendedData><SchemaData schemaUrl="#DCDevelopment">
		<SimpleData name="OBJECTID">278</SimpleData>
		<SimpleData name="PROJECTNAME">250 Massachusetts Avenue</SimpleData>
		<SimpleData name="WARD">2</SimpleData>
		<SimpleData name="LOCATION">250 Massachusetts Avenue, NW</SimpleData>
		<SimpleData name="DEVELOPER">Property Group Partners</SimpleData>
		<SimpleData name="PROJECTTYPE">Office</SimpleData>
		<SimpleData name="TYPE_SQFT">507764</SimpleData>
		<SimpleData name="ESTVALUEINMILLION">275000000</SimpleData>
		<SimpleData name="ESTDELIVERY">Q3 19</SimpleData>
		<SimpleData name="STATUS">Under Construction</SimpleData>
		<SimpleData name="REPORT_EDITION_YEAR">2016-2019</SimpleData>
		<SimpleData name="ARCHITECT">REX Architecture PC</SimpleData>
		<SimpleData name="LAST_EDITED_USER">SDE</SimpleData>
		<SimpleData name="LAST_EDITED_DATE">2025/10/16 20:11:02+00</SimpleData>
		<SimpleData name="GLOBALID">{16158727-1BA2-439E-A79F-64B2880B9C96}</SimpleData>
	</SchemaData></ExtendedData>
  </Placemark>
  <Placemark>
	<ExtendedData><SchemaData schemaUrl="#DCDevelopment">
		<SimpleData name="OBJECTID">279</SimpleData>
		<SimpleData name="PROJECTNAME">2050 M Street</SimpleData>
		<SimpleData name="WARD">2</SimpleData>
		<SimpleData name="LOCATION">2050 M Street, NW</SimpleData>
		<SimpleData name="DEVELOPER">Tishman Speyer</SimpleData>
		<SimpleData name="PROJECTTYPE">Office</SimpleData>
		<SimpleData name="TYPE_SQFT">353200</SimpleData>
		<SimpleData name="ESTDELIVERY">Q4 19</SimpleData>
		<SimpleData name="STATUS">Under Construction</SimpleData>
		<SimpleData name="REPORT_EDITION_YEAR">2016-2019</SimpleData>
		<SimpleData name="ARCHITECT">Kevin Roche John Dinkeloo &amp; Associates LLC</SimpleData>
		<SimpleData name="LAST_EDITED_USER">SDE</SimpleData>
		<SimpleData name="LAST_EDITED_DATE">2025/10/16 20:11:02+00</SimpleData>
		<SimpleData name="GLOBALID">{179944C9-FBF2-4086-BFF7-2523E14E3855}</SimpleData>
	</SchemaData></ExtendedData>
  </Placemark>
  <Placemark>
	<ExtendedData><SchemaData schemaUrl="#DCDevelopment">
		<SimpleData name="OBJECTID">280</SimpleData>
		<SimpleData name="PROJECTNAME">Harry S. Truman Building Modernization (Ph IC)</SimpleData>
		<SimpleData name="WARD">2</SimpleData>
		<SimpleData name="LOCATION">2201 C St., NW</SimpleData>
		<SimpleData name="PROJECTTYPE">Office</SimpleData>
		<SimpleData name="TYPE_SQFT">290536</SimpleData>
		<SimpleData name="ESTVALUEINMILLION">97000000</SimpleData>
		<SimpleData name="ESTDELIVERY">Q3 18</SimpleData>
		<SimpleData name="STATUS">Under Construction</SimpleData>
		<SimpleData name="REPORT_EDITION_YEAR">2016-2019</SimpleData>
		<SimpleData name="LAST_EDITED_USER">SDE</SimpleData>
		<SimpleData name="LAST_EDITED_DATE">2025/10/16 20:11:02+00</SimpleData>
		<SimpleData name="GLOBALID">{2DAB34F9-605F-47F8-928E-491F8468580F}</SimpleData>
	</SchemaData></ExtendedData>
  </Placemark>
  <Placemark>
	<ExtendedData><SchemaData schemaUrl="#DCDevelopment">
		<SimpleData name="OBJECTID">281</SimpleData>
		<SimpleData name="PROJECTNAME">Center Building (DHS HQ)</SimpleData>
		<SimpleData name="WARD">8</SimpleData>
		<SimpleData name="LOCATION">St. Elizabeths West Campus</SimpleData>
		<SimpleData name="DEVELOPER">General Services Administration</SimpleData>
		<SimpleData name="PROJECTTYPE">Office</SimpleData>
		<SimpleData name="TYPE_SQFT">284000</SimpleData>
		<SimpleData name="ESTVALUEINMILLION">155000000</SimpleData>
		<SimpleData name="ESTDELIVERY">Q2 19</SimpleData>
		<SimpleData name="STATUS">Under Construction</SimpleData>
		<SimpleData name="REPORT_EDITION_YEAR">2016-2019</SimpleData>
		<SimpleData name="ARCHITECT">Shalom Baranes Associates</SimpleData>
		<SimpleData name="LAST_EDITED_USER">SDE</SimpleData>
		<SimpleData name="LAST_EDITED_DATE">2025/10/16 20:11:02+00</SimpleData>
		<SimpleData name="GLOBALID">{0FB7E7D0-5854-4BF4-A23D-BBB4078502D2}</SimpleData>
	</SchemaData></ExtendedData>
  </Placemark>
  <Placemark>
	<ExtendedData><SchemaData schemaUrl="#DCDevelopment">
		<SimpleData name="OBJECTID">282</SimpleData>
		<SimpleData name="PROJECTNAME">One Freedom Plaza</SimpleData>
		<SimpleData name="WARD">2</SimpleData>
		<SimpleData name="LOCATION">1301 Pennsylvania Avenue, NW</SimpleData>
		<SimpleData name="DEVELOPER">Quadrangle Development</SimpleData>
		<SimpleData name="PROJECTTYPE">Office</SimpleData>
		<SimpleData name="TYPE_SQFT">270040</SimpleData>
		<SimpleData name="ESTVALUEINMILLION">0</SimpleData>
		<SimpleData name="ESTDELIVERY">Q2 19</SimpleData>
		<SimpleData name="STATUS">Under Construction</SimpleData>
		<SimpleData name="REPORT_EDITION_YEAR">2016-2019</SimpleData>
		<SimpleData name="ARCHITECT">JAHN</SimpleData>
		<SimpleData name="LAST_EDITED_USER">SDE</SimpleData>
		<SimpleData name="LAST_EDITED_DATE">2025/10/16 20:11:02+00</SimpleData>
		<SimpleData name="GLOBALID">{C05AB071-6FA9-4A7C-99A0-7D5EBE3A975F}</SimpleData>
	</SchemaData></ExtendedData>
  </Placemark>
  <Placemark>
	<ExtendedData><SchemaData schemaUrl="#DCDevelopment">
		<SimpleData name="OBJECTID">283</SimpleData>
		<SimpleData name="PROJECTNAME">1900 N</SimpleData>
		<SimpleData name="WARD">2</SimpleData>
		<SimpleData name="LOCATION">1900 N Street, NW</SimpleData>
		<SimpleData name="DEVELOPER">JBG Smith</SimpleData>
		<SimpleData name="PROJECTTYPE">Office</SimpleData>
		<SimpleData name="TYPE_SQFT">259000</SimpleData>
		<SimpleData name="ESTVALUEINMILLION">225000000</SimpleData>
		<SimpleData name="ESTDELIVERY">Q2 20</SimpleData>
		<SimpleData name="STATUS">Under Construction</SimpleData>
		<SimpleData name="REPORT_EDITION_YEAR">2016-2019</SimpleData>
		<SimpleData name="ARCHITECT">Kohn Pedersen Fox &amp; Associates</SimpleData>
		<SimpleData name="LAST_EDITED_USER">SDE</SimpleData>
		<SimpleData name="LAST_EDITED_DATE">2025/10/16 20:11:02+00</SimpleData>
		<SimpleData name="GLOBALID">{7587ECD1-9D3C-4161-8547-8DE04BB1495D}</SimpleData>
	</SchemaData></ExtendedData>
  </Placemark>
  <Placemark>
	<ExtendedData><SchemaData schemaUrl="#DCDevelopment">
		<SimpleData name="OBJECTID">284</SimpleData>
		<SimpleData name="PROJECTNAME">L'Enfant Plaza Office - Southeast</SimpleData>
		<SimpleData name="WARD">6</SimpleData>
		<SimpleData name="LOCATION">500 L'Enfant Plaza, SW</SimpleData>
		<SimpleData name="DEVELOPER">JBG Smith</SimpleData>
		<SimpleData name="PROJECTTYPE">Office</SimpleData>
		<SimpleData name="TYPE_SQFT">215185</SimpleData>
		<SimpleData name="ESTVALUEINMILLION">75000000</SimpleData>
		<SimpleData name="ESTDELIVERY">Q3 19</SimpleData>
		<SimpleData name="STATUS">Under Construction</SimpleData>
		<SimpleData name="REPORT_EDITION_YEAR">2016-2019</SimpleData>
		<SimpleData name="ARCHITECT">JAHN</SimpleData>
		<SimpleData name="LAST_EDITED_USER">SDE</SimpleData>
		<SimpleData name="LAST_EDITED_DATE">2025/10/16 20:11:02+00</SimpleData>
		<SimpleData name="GLOBALID">{F80C4336-A0B7-4F4F-BDAC-4A21F2885604}</SimpleData>
	</SchemaData></ExtendedData>
  </Placemark>
  <Placemark>
	<ExtendedData><SchemaData schemaUrl="#DCDevelopment">
		<SimpleData name="OBJECTID">285</SimpleData>
		<SimpleData name="PROJECTNAME">2100 Pennsylvania Avenue</SimpleData>
		<SimpleData name="WARD">2</SimpleData>
		<SimpleData name="LOCATION">2100 Pennsylvania Avenue, NW</SimpleData>
		<SimpleData name="DEVELOPER">Boston Properties / George Washington University</SimpleData>
		<SimpleData name="PROJECTTYPE">Office</SimpleData>
		<SimpleData name="TYPE_SQFT">423562</SimpleData>
		<SimpleData name="ESTDELIVERY">2022</SimpleData>
		<SimpleData name="STATUS">Pipeline</SimpleData>
		<SimpleData name="REPORT_EDITION_YEAR">2016-2019</SimpleData>
		<SimpleData name="ARCHITECT">WDG Architecture / Pelli Clarke Pelli Architects</SimpleData>
		<SimpleData name="LAST_EDITED_USER">SDE</SimpleData>
		<SimpleData name="LAST_EDITED_DATE">2025/10/16 20:11:02+00</SimpleData>
		<SimpleData name="GLOBALID">{9BD92AC3-2A8A-46E9-848F-92512840A4C0}</SimpleData>
	</SchemaData></ExtendedData>
  </Placemark>
  <Placemark>
	<ExtendedData><SchemaData schemaUrl="#DCDevelopment">
		<SimpleData name="OBJECTID">286</SimpleData>
		<SimpleData name="PROJECTNAME">Market Terminal</SimpleData>
		<SimpleData name="WARD">5</SimpleData>
		<SimpleData name="LOCATION">300, 325, 350 Morse St., NE</SimpleData>
		<SimpleData name="DEVELOPER">Douglas Development Corporation / Kettler / Carr Enterprises</SimpleData>
		<SimpleData name="PROJECTTYPE">Office</SimpleData>
		<SimpleData name="TYPE_SQFT">339042</SimpleData>
		<SimpleData name="ESTDELIVERY">2020</SimpleData>
		<SimpleData name="STATUS">Pipeline</SimpleData>
		<SimpleData name="REPORT_EDITION_YEAR">2016-2019</SimpleData>
		<SimpleData name="ARCHITECT">Gensler</SimpleData>
		<SimpleData name="LAST_EDITED_USER">SDE</SimpleData>
		<SimpleData name="LAST_EDITED_DATE">2025/10/16 20:11:02+00</SimpleData>
		<SimpleData name="GLOBALID">{F2E0F31E-D6E0-46F4-8AF2-23ADDFC4208B}</SimpleData>
	</SchemaData></ExtendedData>
  </Placemark>
  <Placemark>
	<ExtendedData><SchemaData schemaUrl="#DCDevelopment">
		<SimpleData name="OBJECTID">287</SimpleData>
		<SimpleData name="PROJECTNAME">Penn Quarter Place</SimpleData>
		<SimpleData name="WARD">2</SimpleData>
		<SimpleData name="LOCATION">600 E Street, NW</SimpleData>
		<SimpleData name="DEVELOPER">S.C. Herman &amp; Associates</SimpleData>
		<SimpleData name="PROJECTTYPE">Office</SimpleData>
		<SimpleData name="TYPE_SQFT">325000</SimpleData>
		<SimpleData name="ESTDELIVERY">2020</SimpleData>
		<SimpleData name="STATUS">Pipeline</SimpleData>
		<SimpleData name="REPORT_EDITION_YEAR">2016-2019</SimpleData>
		<SimpleData name="ARCHITECT">Dep Designs</SimpleData>
		<SimpleData name="LAST_EDITED_USER">SDE</SimpleData>
		<SimpleData name="LAST_EDITED_DATE">2025/10/16 20:11:02+00</SimpleData>
		<SimpleData name="GLOBALID">{6A871D7C-F709-437F-933B-07872C0A2B35}</SimpleData>
	</SchemaData></ExtendedData>
  </Placemark>
  <Placemark>
	<ExtendedData><SchemaData schemaUrl="#DCDevelopment">
		<SimpleData name="OBJECTID">288</SimpleData>
		<SimpleData name="PROJECTNAME">Maury Elementary School</SimpleData>
		<SimpleData name="WARD">6</SimpleData>
		<SimpleData name="LOCATION">1250 Constitution Ave., NE</SimpleData>
		<SimpleData name="DEVELOPER">Department of General Services / DC Public Schools</SimpleData>
		<SimpleData name="PROJECTTYPE">Quality of Life</SimpleData>
		<SimpleData name="TYPE_SQFT">52800</SimpleData>
		<SimpleData name="ESTVALUEINMILLION">52000000</SimpleData>
		<SimpleData name="ESTDELIVERY">Q3 19</SimpleData>
		<SimpleData name="STATUS">Completed</SimpleData>
		<SimpleData name="REPORT_EDITION_YEAR">2016-2019</SimpleData>
		<SimpleData name="LAST_EDITED_USER">SDE</SimpleData>
		<SimpleData name="LAST_EDITED_DATE">2025/10/16 20:12:15+00</SimpleData>
		<SimpleData name="GLOBALID">{037A6697-77CD-4AFA-8D19-E6B83D7E216E}</SimpleData>
	</SchemaData></ExtendedData>
  </Placemark>
  <Placemark>
	<ExtendedData><SchemaData schemaUrl="#DCDevelopment">
		<SimpleData name="OBJECTID">289</SimpleData>
		<SimpleData name="PROJECTNAME">Whittle School &amp; Studios</SimpleData>
		<SimpleData name="WARD">3</SimpleData>
		<SimpleData name="LOCATION">4000 Connecticut Ave., NW</SimpleData>
		<SimpleData name="DEVELOPER">The 601 W Companies / Whittle School &amp; Studios</SimpleData>
		<SimpleData name="PROJECTTYPE">Quality of Life</SimpleData>
		<SimpleData name="TYPE_SQFT">620000</SimpleData>
		<SimpleData name="ESTVALUEINMILLION">185000000</SimpleData>
		<SimpleData name="ESTDELIVERY">Q3 19</SimpleData>
		<SimpleData name="STATUS">Under Construction</SimpleData>
		<SimpleData name="REPORT_EDITION_YEAR">2016-2019</SimpleData>
		<SimpleData name="LAST_EDITED_USER">SDE</SimpleData>
		<SimpleData name="LAST_EDITED_DATE">2025/10/16 20:12:15+00</SimpleData>
		<SimpleData name="GLOBALID">{D6366E5C-41EA-4FE4-8DF0-80582ABE1548}</SimpleData>
	</SchemaData></ExtendedData>
  </Placemark>
  <Placemark>
	<ExtendedData><SchemaData schemaUrl="#DCDevelopment">
		<SimpleData name="OBJECTID">290</SimpleData>
		<SimpleData name="PROJECTNAME">Medstar Georgetown University Hospital Pavilion</SimpleData>
		<SimpleData name="WARD">2</SimpleData>
		<SimpleData name="LOCATION">3800 Reservoir Rd., NW</SimpleData>
		<SimpleData name="DEVELOPER">MedStar Georgetown University Hospital / Trammell Crow Company</SimpleData>
		<SimpleData name="PROJECTTYPE">Quality of Life</SimpleData>
		<SimpleData name="TYPE_SQFT">497000</SimpleData>
		<SimpleData name="ESTVALUEINMILLION">560000000</SimpleData>
		<SimpleData name="ESTDELIVERY">Q1 22</SimpleData>
		<SimpleData name="STATUS">Under Construction</SimpleData>
		<SimpleData name="REPORT_EDITION_YEAR">2016-2019</SimpleData>
		<SimpleData name="LAST_EDITED_USER">SDE</SimpleData>
		<SimpleData name="LAST_EDITED_DATE">2025/10/16 20:12:15+00</SimpleData>
		<SimpleData name="GLOBALID">{BF05C1D4-AC6E-470C-8901-D73C9B2F2099}</SimpleData>
	</SchemaData></ExtendedData>
  </Placemark>
  <Placemark>
	<ExtendedData><SchemaData schemaUrl="#DCDevelopment">
		<SimpleData name="OBJECTID">291</SimpleData>
		<SimpleData name="PROJECTNAME">Children's National Research &amp; Innovation Campus</SimpleData>
		<SimpleData name="WARD">4</SimpleData>
		<SimpleData name="LOCATION">7144 13th Pl., NW</SimpleData>
		<SimpleData name="DEVELOPER">Children's National Medical Center</SimpleData>
		<SimpleData name="PROJECTTYPE">Quality of Life</SimpleData>
		<SimpleData name="TYPE_SQFT">400000</SimpleData>
		<SimpleData name="ESTVALUEINMILLION">250000000</SimpleData>
		<SimpleData name="ESTDELIVERY">Q4 20</SimpleData>
		<SimpleData name="STATUS">Under Construction</SimpleData>
		<SimpleData name="REPORT_EDITION_YEAR">2016-2019</SimpleData>
		<SimpleData name="LAST_EDITED_USER">SDE</SimpleData>
		<SimpleData name="LAST_EDITED_DATE">2025/10/16 20:12:15+00</SimpleData>
		<SimpleData name="GLOBALID">{891153C8-AB5A-42CD-84F7-2B855A29B586}</SimpleData>
	</SchemaData></ExtendedData>
  </Placemark>
  <Placemark>
	<ExtendedData><SchemaData schemaUrl="#DCDevelopment">
		<SimpleData name="OBJECTID">292</SimpleData>
		<SimpleData name="PROJECTNAME">Harriet Tubman Quadrangle</SimpleData>
		<SimpleData name="WARD">1</SimpleData>
		<SimpleData name="LOCATION">2455 4th St., NW</SimpleData>
		<SimpleData name="DEVELOPER">Provident Group / Howard University</SimpleData>
		<SimpleData name="PROJECTTYPE">Quality of Life</SimpleData>
		<SimpleData name="TYPE_SQFT">158000</SimpleData>
		<SimpleData name="ESTVALUEINMILLION">45000000</SimpleData>
		<SimpleData name="ESTDELIVERY">Q4 19</SimpleData>
		<SimpleData name="STATUS">Under Construction</SimpleData>
		<SimpleData name="REPORT_EDITION_YEAR">2016-2019</SimpleData>
		<SimpleData name="LAST_EDITED_USER">SDE</SimpleData>
		<SimpleData name="LAST_EDITED_DATE">2025/10/16 20:12:15+00</SimpleData>
		<SimpleData name="GLOBALID">{7D2C9B8C-F43C-4A09-985F-864A9DB7C80B}</SimpleData>
	</SchemaData></ExtendedData>
  </Placemark>
  <Placemark>
	<ExtendedData><SchemaData schemaUrl="#DCDevelopment">
		<SimpleData name="OBJECTID">293</SimpleData>
		<SimpleData name="PROJECTNAME">Jefferson Academy</SimpleData>
		<SimpleData name="WARD">6</SimpleData>
		<SimpleData name="LOCATION">801 7th St., SW</SimpleData>
		<SimpleData name="DEVELOPER">Department of General Services / DC Public Schools</SimpleData>
		<SimpleData name="PROJECTTYPE">Quality of Life</SimpleData>
		<SimpleData name="TYPE_SQFT">109000</SimpleData>
		<SimpleData name="ESTVALUEINMILLION">77900000</SimpleData>
		<SimpleData name="ESTDELIVERY">Q3 20</SimpleData>
		<SimpleData name="STATUS">Under Construction</SimpleData>
		<SimpleData name="REPORT_EDITION_YEAR">2016-2019</SimpleData>
		<SimpleData name="LAST_EDITED_USER">SDE</SimpleData>
		<SimpleData name="LAST_EDITED_DATE">2025/10/16 20:12:15+00</SimpleData>
		<SimpleData name="GLOBALID">{4427EF2A-F614-4B11-AD94-0059C716E09B}</SimpleData>
	</SchemaData></ExtendedData>
  </Placemark>
  <Placemark>
	<ExtendedData><SchemaData schemaUrl="#DCDevelopment">
		<SimpleData name="OBJECTID">294</SimpleData>
		<SimpleData name="PROJECTNAME">Georgetown Day School Tenleytown Campus</SimpleData>
		<SimpleData name="WARD">3</SimpleData>
		<SimpleData name="LOCATION">4203 Davenport St., NW</SimpleData>
		<SimpleData name="DEVELOPER">Georgetown Day School</SimpleData>
		<SimpleData name="PROJECTTYPE">Quality of Life</SimpleData>
		<SimpleData name="TYPE_SQFT">88613</SimpleData>
		<SimpleData name="ESTDELIVERY">Q3 20</SimpleData>
		<SimpleData name="STATUS">Under Construction</SimpleData>
		<SimpleData name="REPORT_EDITION_YEAR">2016-2019</SimpleData>
		<SimpleData name="LAST_EDITED_USER">SDE</SimpleData>
		<SimpleData name="LAST_EDITED_DATE">2025/10/16 20:12:15+00</SimpleData>
		<SimpleData name="GLOBALID">{22A82A25-F2E0-4BD9-A347-335C3F84CF46}</SimpleData>
	</SchemaData></ExtendedData>
  </Placemark>
  <Placemark>
	<ExtendedData><SchemaData schemaUrl="#DCDevelopment">
		<SimpleData name="OBJECTID">295</SimpleData>
		<SimpleData name="PROJECTNAME">Thaddeus Stevens School</SimpleData>
		<SimpleData name="WARD">2</SimpleData>
		<SimpleData name="LOCATION">1050 21st St., NW</SimpleData>
		<SimpleData name="DEVELOPER">Akridge / Argos Group / Department of General Services / DC Public Schools</SimpleData>
		<SimpleData name="PROJECTTYPE">Quality of Life</SimpleData>
		<SimpleData name="TYPE_SQFT">40000</SimpleData>
		<SimpleData name="ESTVALUEINMILLION">20000000</SimpleData>
		<SimpleData name="ESTDELIVERY">Q3 20</SimpleData>
		<SimpleData name="STATUS">Under Construction</SimpleData>
		<SimpleData name="REPORT_EDITION_YEAR">2016-2019</SimpleData>
		<SimpleData name="LAST_EDITED_USER">SDE</SimpleData>
		<SimpleData name="LAST_EDITED_DATE">2025/10/16 20:12:15+00</SimpleData>
		<SimpleData name="GLOBALID">{3DB34BDC-3AB1-4AE9-A566-5CEE10555B34}</SimpleData>
	</SchemaData></ExtendedData>
  </Placemark>
  <Placemark>
	<ExtendedData><SchemaData schemaUrl="#DCDevelopment">
		<SimpleData name="OBJECTID">296</SimpleData>
		<SimpleData name="PROJECTNAME">Bread for the City</SimpleData>
		<SimpleData name="WARD">8</SimpleData>
		<SimpleData name="LOCATION">17th &amp; Good Hope Rd., SE</SimpleData>
		<SimpleData name="DEVELOPER">Bread for the City</SimpleData>
		<SimpleData name="PROJECTTYPE">Quality of Life</SimpleData>
		<SimpleData name="TYPE_SQFT">27650</SimpleData>
		<SimpleData name="ESTVALUEINMILLION">26000000</SimpleData>
		<SimpleData name="ESTDELIVERY">2020/21</SimpleData>
		<SimpleData name="STATUS">Under Construction</SimpleData>
		<SimpleData name="REPORT_EDITION_YEAR">2016-2019</SimpleData>
		<SimpleData name="LAST_EDITED_USER">SDE</SimpleData>
		<SimpleData name="LAST_EDITED_DATE">2025/10/16 20:12:15+00</SimpleData>
		<SimpleData name="GLOBALID">{CDEE83C8-18FC-400E-8194-FCC3FD75C735}</SimpleData>
	</SchemaData></ExtendedData>
  </Placemark>
  <Placemark>
	<ExtendedData><SchemaData schemaUrl="#DCDevelopment">
		<SimpleData name="OBJECTID">297</SimpleData>
		<SimpleData name="PROJECTNAME">Southwest Library</SimpleData>
		<SimpleData name="WARD">6</SimpleData>
		<SimpleData name="LOCATION">900 Wesley Pl., SW</SimpleData>
		<SimpleData name="DEVELOPER">DC Public Library</SimpleData>
		<SimpleData name="PROJECTTYPE">Quality of Life</SimpleData>
		<SimpleData name="TYPE_SQFT">20792</SimpleData>
		<SimpleData name="ESTVALUEINMILLION">18000000</SimpleData>
		<SimpleData name="ESTDELIVERY">Q1 21</SimpleData>
		<SimpleData name="STATUS">Under Construction</SimpleData>
		<SimpleData name="REPORT_EDITION_YEAR">2016-2019</SimpleData>
		<SimpleData name="LAST_EDITED_USER">SDE</SimpleData>
		<SimpleData name="LAST_EDITED_DATE">2025/10/16 20:12:15+00</SimpleData>
		<SimpleData name="GLOBALID">{B1141113-5F42-4293-8D6C-A50A2ED3989C}</SimpleData>
	</SchemaData></ExtendedData>
  </Placemark>
  <Placemark>
	<ExtendedData><SchemaData schemaUrl="#DCDevelopment">
		<SimpleData name="OBJECTID">298</SimpleData>
		<SimpleData name="PROJECTNAME">555 Pennsylvania Avenue</SimpleData>
		<SimpleData name="WARD">2</SimpleData>
		<SimpleData name="LOCATION">555 Pennsylvania Ave., NW</SimpleData>
		<SimpleData name="DEVELOPER">John Hopkins University</SimpleData>
		<SimpleData name="PROJECTTYPE">Quality of Life</SimpleData>
		<SimpleData name="TYPE_SQFT">400000</SimpleData>
		<SimpleData name="ESTVALUEINMILLION">200000000</SimpleData>
		<SimpleData name="ESTDELIVERY">2023</SimpleData>
		<SimpleData name="STATUS">Pipeline</SimpleData>
		<SimpleData name="REPORT_EDITION_YEAR">2016-2019</SimpleData>
		<SimpleData name="LAST_EDITED_USER">SDE</SimpleData>
		<SimpleData name="LAST_EDITED_DATE">2025/10/16 20:12:15+00</SimpleData>
		<SimpleData name="GLOBALID">{81764F48-C2F1-4BA1-945D-9311DC6A504D}</SimpleData>
	</SchemaData></ExtendedData>
  </Placemark>
  <Placemark>
	<ExtendedData><SchemaData schemaUrl="#DCDevelopment">
		<SimpleData name="OBJECTID">299</SimpleData>
		<SimpleData name="PROJECTNAME">The Wren</SimpleData>
		<SimpleData name="WARD">1</SimpleData>
		<SimpleData name="LOCATION">965 Florida Avenue, NW</SimpleData>
		<SimpleData name="DEVELOPER">MRP Realty / Ellis Development Group / JBG Smith</SimpleData>
		<SimpleData name="PROJECTTYPE">Residential</SimpleData>
		<SimpleData name="UNITS">433</SimpleData>
		<SimpleData name="UNIT_TYPE">R</SimpleData>
		<SimpleData name="ESTVALUEINMILLION">120000000</SimpleData>
		<SimpleData name="ESTDELIVERY">Q4 20</SimpleData>
		<SimpleData name="STATUS">Under Construction</SimpleData>
		<SimpleData name="REPORT_EDITION_YEAR">2016-2019</SimpleData>
		<SimpleData name="ARCHITECT">Hord Coplan Macht Inc / PGN Architects PLLC</SimpleData>
		<SimpleData name="LAST_EDITED_USER">SDE</SimpleData>
		<SimpleData name="LAST_EDITED_DATE">2025/10/16 20:12:51+00</SimpleData>
		<SimpleData name="GLOBALID">{DE27E96A-1787-49FF-9986-B138FA36F000}</SimpleData>
	</SchemaData></ExtendedData>
  </Placemark>
  <Placemark>
	<ExtendedData><SchemaData schemaUrl="#DCDevelopment">
		<SimpleData name="OBJECTID">300</SimpleData>
		<SimpleData name="PROJECTNAME">Milton Gottesman Jewish Day School of the Nation's Capital</SimpleData>
		<SimpleData name="WARD">4</SimpleData>
		<SimpleData name="LOCATION">6045 16th St., NW</SimpleData>
		<SimpleData name="DEVELOPER">Jewish Primary Day School</SimpleData>
		<SimpleData name="PROJECTTYPE">Quality of Life</SimpleData>
		<SimpleData name="TYPE_SQFT">60000</SimpleData>
		<SimpleData name="ESTVALUEINMILLION">22000000</SimpleData>
		<SimpleData name="ESTDELIVERY">Q3 18</SimpleData>
		<SimpleData name="STATUS">Completed</SimpleData>
		<SimpleData name="REPORT_EDITION_YEAR">2016-2019</SimpleData>
		<SimpleData name="LAST_EDITED_USER">SDE</SimpleData>
		<SimpleData name="LAST_EDITED_DATE">2025/10/16 20:12:15+00</SimpleData>
		<SimpleData name="GLOBALID">{0AE5102B-1528-4310-B9CD-08652C146C37}</SimpleData>
	</SchemaData></ExtendedData>
  </Placemark>
  <Placemark>
	<ExtendedData><SchemaData schemaUrl="#DCDevelopment">
		<SimpleData name="OBJECTID">301</SimpleData>
		<SimpleData name="PROJECTNAME">Anthem Row</SimpleData>
		<SimpleData name="WARD">2</SimpleData>
		<SimpleData name="LOCATION">800 K St., NW</SimpleData>
		<SimpleData name="DEVELOPER">The Meridian Group</SimpleData>
		<SimpleData name="PROJECTTYPE">Retail</SimpleData>
		<SimpleData name="TYPE_SQFT">70000</SimpleData>
		<SimpleData name="ESTVALUEINMILLION">142000000</SimpleData>
		<SimpleData name="ESTDELIVERY">Q4 19</SimpleData>
		<SimpleData name="STATUS">Under Construction</SimpleData>
		<SimpleData name="REPORT_EDITION_YEAR">2016-2019</SimpleData>
		<SimpleData name="LAST_EDITED_USER">SDE</SimpleData>
		<SimpleData name="LAST_EDITED_DATE">2025/10/16 20:13:28+00</SimpleData>
		<SimpleData name="GLOBALID">{3CB2A669-DFDF-4756-B00F-9B285E488BC6}</SimpleData>
	</SchemaData></ExtendedData>
  </Placemark>
  <Placemark>
	<ExtendedData><SchemaData schemaUrl="#DCDevelopment">
		<SimpleData name="OBJECTID">302</SimpleData>
		<SimpleData name="PROJECTNAME">Beckert's Park</SimpleData>
		<SimpleData name="WARD">6</SimpleData>
		<SimpleData name="LOCATION">415 14th St., SE</SimpleData>
		<SimpleData name="DEVELOPER">Foulger-Pratt / Safeway</SimpleData>
		<SimpleData name="PROJECTTYPE">Retail</SimpleData>
		<SimpleData name="TYPE_SQFT">68000</SimpleData>
		<SimpleData name="ESTVALUEINMILLION">138000000</SimpleData>
		<SimpleData name="ESTDELIVERY">Q1 20</SimpleData>
		<SimpleData name="STATUS">Under Construction</SimpleData>
		<SimpleData name="REPORT_EDITION_YEAR">2016-2019</SimpleData>
		<SimpleData name="LAST_EDITED_USER">SDE</SimpleData>
		<SimpleData name="LAST_EDITED_DATE">2025/10/16 20:13:28+00</SimpleData>
		<SimpleData name="GLOBALID">{96358AC6-2421-47DB-9A79-338E100C159A}</SimpleData>
	</SchemaData></ExtendedData>
  </Placemark>
  <Placemark>
	<ExtendedData><SchemaData schemaUrl="#DCDevelopment">
		<SimpleData name="OBJECTID">303</SimpleData>
		<SimpleData name="PROJECTNAME">Eckington Yards</SimpleData>
		<SimpleData name="WARD">5</SimpleData>
		<SimpleData name="LOCATION">1625 Eckington Pl. &amp; 1500 Harry Thomas Way, NE</SimpleData>
		<SimpleData name="DEVELOPER">The JBG Companies</SimpleData>
		<SimpleData name="PROJECTTYPE">Retail</SimpleData>
		<SimpleData name="TYPE_SQFT">67264</SimpleData>
		<SimpleData name="ESTVALUEINMILLION">265000000</SimpleData>
		<SimpleData name="ESTDELIVERY">Q3 21</SimpleData>
		<SimpleData name="STATUS">Under Construction</SimpleData>
		<SimpleData name="REPORT_EDITION_YEAR">2016-2019</SimpleData>
		<SimpleData name="LAST_EDITED_USER">SDE</SimpleData>
		<SimpleData name="LAST_EDITED_DATE">2025/10/16 20:13:28+00</SimpleData>
		<SimpleData name="GLOBALID">{0CD7E7A5-D77E-419A-8DEC-02B03B2FFE10}</SimpleData>
	</SchemaData></ExtendedData>
  </Placemark>
  <Placemark>
	<ExtendedData><SchemaData schemaUrl="#DCDevelopment">
		<SimpleData name="OBJECTID">304</SimpleData>
		<SimpleData name="PROJECTNAME">250 Massachusetts Avenue</SimpleData>
		<SimpleData name="WARD">2</SimpleData>
		<SimpleData name="LOCATION">250 Massachusetts Ave., NW</SimpleData>
		<SimpleData name="DEVELOPER">Property Group Partners</SimpleData>
		<SimpleData name="PROJECTTYPE">Retail</SimpleData>
		<SimpleData name="TYPE_SQFT">58372</SimpleData>
		<SimpleData name="ESTVALUEINMILLION">275000000</SimpleData>
		<SimpleData name="ESTDELIVERY">Q4 19</SimpleData>
		<SimpleData name="STATUS">Under Construction</SimpleData>
		<SimpleData name="REPORT_EDITION_YEAR">2016-2019</SimpleData>
		<SimpleData name="LAST_EDITED_USER">SDE</SimpleData>
		<SimpleData name="LAST_EDITED_DATE">2025/10/16 20:13:28+00</SimpleData>
		<SimpleData name="GLOBALID">{3E61B7C2-3F4F-47C0-8940-A9AD93BE15F7}</SimpleData>
	</SchemaData></ExtendedData>
  </Placemark>
  <Placemark>
	<ExtendedData><SchemaData schemaUrl="#DCDevelopment">
		<SimpleData name="OBJECTID">305</SimpleData>
		<SimpleData name="PROJECTNAME">East River Park</SimpleData>
		<SimpleData name="WARD">7</SimpleData>
		<SimpleData name="LOCATION">Minnesota Ave. &amp; Benning Rd., NE</SimpleData>
		<SimpleData name="DEVELOPER">Cedar Realty Trust</SimpleData>
		<SimpleData name="PROJECTTYPE">Retail</SimpleData>
		<SimpleData name="TYPE_SQFT">119500</SimpleData>
		<SimpleData name="STATUS">Pipeline</SimpleData>
		<SimpleData name="REPORT_EDITION_YEAR">2016-2019</SimpleData>
		<SimpleData name="LAST_EDITED_USER">SDE</SimpleData>
		<SimpleData name="LAST_EDITED_DATE">2025/10/16 20:13:28+00</SimpleData>
		<SimpleData name="GLOBALID">{86EF3F07-7114-4773-A833-242360D83863}</SimpleData>
	</SchemaData></ExtendedData>
  </Placemark>
  <Placemark>
	<ExtendedData><SchemaData schemaUrl="#DCDevelopment">
		<SimpleData name="OBJECTID">306</SimpleData>
		<SimpleData name="PROJECTNAME">Upton Place</SimpleData>
		<SimpleData name="WARD">3</SimpleData>
		<SimpleData name="LOCATION">4000 Wisconsin Ave. NW</SimpleData>
		<SimpleData name="DEVELOPER">Donohoe Companies / Holladay Corporation</SimpleData>
		<SimpleData name="PROJECTTYPE">Retail</SimpleData>
		<SimpleData name="TYPE_SQFT">100000</SimpleData>
		<SimpleData name="ESTDELIVERY">2023</SimpleData>
		<SimpleData name="STATUS">Pipeline</SimpleData>
		<SimpleData name="REPORT_EDITION_YEAR">2016-2019</SimpleData>
		<SimpleData name="LAST_EDITED_USER">SDE</SimpleData>
		<SimpleData name="LAST_EDITED_DATE">2025/10/16 20:13:28+00</SimpleData>
		<SimpleData name="GLOBALID">{F09A8A06-DD85-4289-AF74-73319D809885}</SimpleData>
	</SchemaData></ExtendedData>
  </Placemark>
  <Placemark>
	<ExtendedData><SchemaData schemaUrl="#DCDevelopment">
		<SimpleData name="OBJECTID">307</SimpleData>
		<SimpleData name="PROJECTNAME">ART Place at Fort Totten (Phase II)</SimpleData>
		<SimpleData name="WARD">5</SimpleData>
		<SimpleData name="LOCATION">Fort Totten Metrorail Station</SimpleData>
		<SimpleData name="DEVELOPER">Morris &amp; Gwendolyn Cafritz Foundation</SimpleData>
		<SimpleData name="PROJECTTYPE">Retail</SimpleData>
		<SimpleData name="TYPE_SQFT">94914</SimpleData>
		<SimpleData name="ESTDELIVERY">2022</SimpleData>
		<SimpleData name="STATUS">Pipeline</SimpleData>
		<SimpleData name="REPORT_EDITION_YEAR">2016-2019</SimpleData>
		<SimpleData name="LAST_EDITED_USER">SDE</SimpleData>
		<SimpleData name="LAST_EDITED_DATE">2025/10/16 20:13:28+00</SimpleData>
		<SimpleData name="GLOBALID">{492791E8-B3BF-40CB-AF1C-22D8E28779C6}</SimpleData>
	</SchemaData></ExtendedData>
  </Placemark>
  <Placemark>
	<ExtendedData><SchemaData schemaUrl="#DCDevelopment">
		<SimpleData name="OBJECTID">308</SimpleData>
		<SimpleData name="PROJECTNAME">McMillan Sand Filtration Site</SimpleData>
		<SimpleData name="WARD">5</SimpleData>
		<SimpleData name="LOCATION">North Capitol St &amp; Michigan Ave., NW</SimpleData>
		<SimpleData name="DEVELOPER">Jair Lynch Real Estate Partners / Trammell Crow Company / EYA</SimpleData>
		<SimpleData name="PROJECTTYPE">Retail</SimpleData>
		<SimpleData name="TYPE_SQFT">80000</SimpleData>
		<SimpleData name="ESTVALUEINMILLION">720000000</SimpleData>
		<SimpleData name="ESTDELIVERY">2023</SimpleData>
		<SimpleData name="STATUS">Pipeline</SimpleData>
		<SimpleData name="REPORT_EDITION_YEAR">2016-2019</SimpleData>
		<SimpleData name="LAST_EDITED_USER">SDE</SimpleData>
		<SimpleData name="LAST_EDITED_DATE">2025/10/16 20:13:28+00</SimpleData>
		<SimpleData name="GLOBALID">{366A60F9-2440-4291-A5D3-08C5AEB9CDB3}</SimpleData>
	</SchemaData></ExtendedData>
  </Placemark>
  <Placemark>
	<ExtendedData><SchemaData schemaUrl="#DCDevelopment">
		<SimpleData name="OBJECTID">309</SimpleData>
		<SimpleData name="PROJECTNAME">Armature Works</SimpleData>
		<SimpleData name="WARD">6</SimpleData>
		<SimpleData name="LOCATION">1200 3rd St., NE</SimpleData>
		<SimpleData name="DEVELOPER">Trammell Crow Company / High Street Residential / MetLife</SimpleData>
		<SimpleData name="PROJECTTYPE">Retail</SimpleData>
		<SimpleData name="TYPE_SQFT">60000</SimpleData>
		<SimpleData name="ESTVALUEINMILLION">400000000</SimpleData>
		<SimpleData name="ESTDELIVERY">2022</SimpleData>
		<SimpleData name="STATUS">Pipeline</SimpleData>
		<SimpleData name="REPORT_EDITION_YEAR">2016-2019</SimpleData>
		<SimpleData name="LAST_EDITED_USER">SDE</SimpleData>
		<SimpleData name="LAST_EDITED_DATE">2025/10/16 20:13:28+00</SimpleData>
		<SimpleData name="GLOBALID">{BD6DED97-06BE-467D-BFF1-780902B709FA}</SimpleData>
	</SchemaData></ExtendedData>
  </Placemark>
  <Placemark>
	<ExtendedData><SchemaData schemaUrl="#DCDevelopment">
		<SimpleData name="OBJECTID">310</SimpleData>
		<SimpleData name="PROJECTNAME">Barry Farm</SimpleData>
		<SimpleData name="WARD">8</SimpleData>
		<SimpleData name="LOCATION">Martin L. King Jr. Ave. &amp; Summer Rd., SE</SimpleData>
		<SimpleData name="DEVELOPER">Preservation of Affordable Housing / A&amp;R Development / DC Housing Authority</SimpleData>
		<SimpleData name="PROJECTTYPE">Retail</SimpleData>
		<SimpleData name="TYPE_SQFT">50000</SimpleData>
		<SimpleData name="ESTVALUEINMILLION">500000000</SimpleData>
		<SimpleData name="ESTDELIVERY">2021</SimpleData>
		<SimpleData name="STATUS">Pipeline</SimpleData>
		<SimpleData name="REPORT_EDITION_YEAR">2016-2019</SimpleData>
		<SimpleData name="LAST_EDITED_USER">SDE</SimpleData>
		<SimpleData name="LAST_EDITED_DATE">2025/10/16 20:13:28+00</SimpleData>
		<SimpleData name="GLOBALID">{1CB1B146-3167-4DD9-B4DB-54C6BB8698EB}</SimpleData>
	</SchemaData></ExtendedData>
  </Placemark>
  <Placemark>
	<ExtendedData><SchemaData schemaUrl="#DCDevelopment">
		<SimpleData name="OBJECTID">311</SimpleData>
		<SimpleData name="PROJECTNAME">Storey Park</SimpleData>
		<SimpleData name="WARD">6</SimpleData>
		<SimpleData name="LOCATION">1005 1st St., NE</SimpleData>
		<SimpleData name="DEVELOPER">Four Points / Perseus Realty / Buccini Pollin Group</SimpleData>
		<SimpleData name="PROJECTTYPE">Retail</SimpleData>
		<SimpleData name="TYPE_SQFT">27313</SimpleData>
		<SimpleData name="ESTVALUEINMILLION">330000000</SimpleData>
		<SimpleData name="ESTDELIVERY">2022</SimpleData>
		<SimpleData name="STATUS">Pipeline</SimpleData>
		<SimpleData name="REPORT_EDITION_YEAR">2016-2019</SimpleData>
		<SimpleData name="LAST_EDITED_USER">SDE</SimpleData>
		<SimpleData name="LAST_EDITED_DATE">2025/10/16 20:13:28+00</SimpleData>
		<SimpleData name="GLOBALID">{096AB953-C474-4A8D-A9F0-775CD059C060}</SimpleData>
	</SchemaData></ExtendedData>
  </Placemark>
  <Placemark>
	<ExtendedData><SchemaData schemaUrl="#DCDevelopment">
		<SimpleData name="OBJECTID">312</SimpleData>
		<SimpleData name="PROJECTNAME">500 Penn Street</SimpleData>
		<SimpleData name="WARD">5</SimpleData>
		<SimpleData name="LOCATION">500 Penn St., NE</SimpleData>
		<SimpleData name="DEVELOPER">EDENS / UDR</SimpleData>
		<SimpleData name="PROJECTTYPE">Retail</SimpleData>
		<SimpleData name="TYPE_SQFT">22714</SimpleData>
		<SimpleData name="ESTVALUEINMILLION">150000000</SimpleData>
		<SimpleData name="ESTDELIVERY">2022</SimpleData>
		<SimpleData name="STATUS">Pipeline</SimpleData>
		<SimpleData name="REPORT_EDITION_YEAR">2016-2019</SimpleData>
		<SimpleData name="LAST_EDITED_USER">SDE</SimpleData>
		<SimpleData name="LAST_EDITED_DATE">2025/10/16 20:13:28+00</SimpleData>
		<SimpleData name="GLOBALID">{DA8C10A0-6333-4F61-8B78-5BE984DC763B}</SimpleData>
	</SchemaData></ExtendedData>
  </Placemark>
  <Placemark>
	<ExtendedData><SchemaData schemaUrl="#DCDevelopment">
		<SimpleData name="OBJECTID">313</SimpleData>
		<SimpleData name="PROJECTNAME">The Lady Bird</SimpleData>
		<SimpleData name="WARD">3</SimpleData>
		<SimpleData name="LOCATION">4330 48th St., NW</SimpleData>
		<SimpleData name="DEVELOPER">Valor Development</SimpleData>
		<SimpleData name="PROJECTTYPE">Retail</SimpleData>
		<SimpleData name="TYPE_SQFT">16500</SimpleData>
		<SimpleData name="ESTVALUEINMILLION">127000000</SimpleData>
		<SimpleData name="ESTDELIVERY">2022</SimpleData>
		<SimpleData name="STATUS">Pipeline</SimpleData>
		<SimpleData name="REPORT_EDITION_YEAR">2016-2019</SimpleData>
		<SimpleData name="LAST_EDITED_USER">SDE</SimpleData>
		<SimpleData name="LAST_EDITED_DATE">2025/10/16 20:13:28+00</SimpleData>
		<SimpleData name="GLOBALID">{8DD2F440-655A-4C70-8F66-E87C6D10DC9A}</SimpleData>
	</SchemaData></ExtendedData>
  </Placemark>
  <Placemark>
	<ExtendedData><SchemaData schemaUrl="#DCDevelopment">
		<SimpleData name="OBJECTID">314</SimpleData>
		<SimpleData name="PROJECTNAME">Eckington Yards</SimpleData>
		<SimpleData name="WARD">5</SimpleData>
		<SimpleData name="LOCATION">1625 Eckington Pl. &amp; 1500 Harry Thomas Way, NE</SimpleData>
		<SimpleData name="DEVELOPER">The JBG Companies</SimpleData>
		<SimpleData name="PROJECTTYPE">Retail</SimpleData>
		<SimpleData name="TYPE_SQFT">67264</SimpleData>
		<SimpleData name="ESTVALUEINMILLION">265000000</SimpleData>
		<SimpleData name="STATUS">Under Construction</SimpleData>
		<SimpleData name="REPORT_EDITION_YEAR">2016-2019</SimpleData>
		<SimpleData name="LAST_EDITED_USER">SDE</SimpleData>
		<SimpleData name="LAST_EDITED_DATE">2025/10/16 20:13:28+00</SimpleData>
		<SimpleData name="GLOBALID">{4A0F286E-C5C3-44D4-B90E-FDD0688B83E9}</SimpleData>
	</SchemaData></ExtendedData>
  </Placemark>
  <Placemark>
	<ExtendedData><SchemaData schemaUrl="#DCDevelopment">
		<SimpleData name="OBJECTID">315</SimpleData>
		<SimpleData name="PROJECTNAME">Hilton Washington D.C. National Mall</SimpleData>
		<SimpleData name="WARD">6</SimpleData>
		<SimpleData name="LOCATION">480 L'ENFANT PLAZA SW</SimpleData>
		<SimpleData name="DEVELOPER">L'Enfant DC Hotel, LLC / Stanford Hotels Group</SimpleData>
		<SimpleData name="PROJECTTYPE">Hospitality</SimpleData>
		<SimpleData name="TYPE_SQFT">0</SimpleData>
		<SimpleData name="UNITS">367</SimpleData>
		<SimpleData name="ESTVALUEINMILLION">49000000</SimpleData>
		<SimpleData name="ESTDELIVERY">Q2 19</SimpleData>
		<SimpleData name="STATUS">Completed</SimpleData>
		<SimpleData name="REPORT_EDITION_YEAR">2016-2019</SimpleData>
		<SimpleData name="LAST_EDITED_USER">SDE</SimpleData>
		<SimpleData name="LAST_EDITED_DATE">2025/10/16 20:10:22+00</SimpleData>
		<SimpleData name="GLOBALID">{6B3C4227-A81B-4FA2-8BCA-B22F683792A4}</SimpleData>
	</SchemaData></ExtendedData>
  </Placemark>
  <Placemark>
	<ExtendedData><SchemaData schemaUrl="#DCDevelopment">
		<SimpleData name="OBJECTID">316</SimpleData>
		<SimpleData name="PROJECTNAME">National Air and Space Museum</SimpleData>
		<SimpleData name="WARD">2</SimpleData>
		<SimpleData name="LOCATION">NATIONAL AIR AND SPACE MUSEUM</SimpleData>
		<SimpleData name="DEVELOPER">Smithsonian</SimpleData>
		<SimpleData name="PROJECTTYPE">Hospitality</SimpleData>
		<SimpleData name="TYPE_SQFT">687000</SimpleData>
		<SimpleData name="ESTVALUEINMILLION">976000000</SimpleData>
		<SimpleData name="ESTDELIVERY">2025</SimpleData>
		<SimpleData name="STATUS">Under Construction</SimpleData>
		<SimpleData name="REPORT_EDITION_YEAR">2016-2019</SimpleData>
		<SimpleData name="LAST_EDITED_USER">SDE</SimpleData>
		<SimpleData name="LAST_EDITED_DATE">2025/10/16 20:10:22+00</SimpleData>
		<SimpleData name="GLOBALID">{2E03DA27-0052-4E38-9615-3B7C7B46CE74}</SimpleData>
	</SchemaData></ExtendedData>
  </Placemark>
  <Placemark>
	<ExtendedData><SchemaData schemaUrl="#DCDevelopment">
		<SimpleData name="OBJECTID">317</SimpleData>
		<SimpleData name="PROJECTNAME">ART Place at Fort Totten (Ph I)</SimpleData>
		<SimpleData name="WARD">5</SimpleData>
		<SimpleData name="LOCATION">5180 South Dakota Ave., NE</SimpleData>
		<SimpleData name="DEVELOPER">Morris &amp; Gwendolyn Cafritz Foundation</SimpleData>
		<SimpleData name="PROJECTTYPE">Residential</SimpleData>
		<SimpleData name="UNITS">520</SimpleData>
		<SimpleData name="UNIT_TYPE">R</SimpleData>
		<SimpleData name="ESTVALUEINMILLION">125000000</SimpleData>
		<SimpleData name="STATUS">Under Construction</SimpleData>
		<SimpleData name="REPORT_EDITION_YEAR">2016-2019</SimpleData>
		<SimpleData name="ARCHITECT">EE&amp;K / MV+A Architects / Shalom Baranes Associates</SimpleData>
		<SimpleData name="LAST_EDITED_USER">SDE</SimpleData>
		<SimpleData name="LAST_EDITED_DATE">2025/10/16 20:12:51+00</SimpleData>
		<SimpleData name="GLOBALID">{170C30A6-D646-4E56-8799-5BB7193677D0}</SimpleData>
	</SchemaData></ExtendedData>
  </Placemark>
  <Placemark>
	<ExtendedData><SchemaData schemaUrl="#DCDevelopment">
		<SimpleData name="OBJECTID">318</SimpleData>
		<SimpleData name="PROJECTNAME">AVA NoMa</SimpleData>
		<SimpleData name="WARD">6</SimpleData>
		<SimpleData name="LOCATION">55 M St., NE</SimpleData>
		<SimpleData name="DEVELOPER">AvalonBay</SimpleData>
		<SimpleData name="PROJECTTYPE">Residential</SimpleData>
		<SimpleData name="UNITS">438</SimpleData>
		<SimpleData name="UNIT_TYPE">R</SimpleData>
		<SimpleData name="ESTVALUEINMILLION">145000000</SimpleData>
		<SimpleData name="STATUS">Under Construction</SimpleData>
		<SimpleData name="REPORT_EDITION_YEAR">2016-2019</SimpleData>
		<SimpleData name="ARCHITECT">KTGY Group, Inc</SimpleData>
		<SimpleData name="LAST_EDITED_USER">SDE</SimpleData>
		<SimpleData name="LAST_EDITED_DATE">2025/10/16 20:12:51+00</SimpleData>
		<SimpleData name="GLOBALID">{4B647689-4705-404D-866A-5C61E726FCFE}</SimpleData>
	</SchemaData></ExtendedData>
  </Placemark>
  <Placemark>
	<ExtendedData><SchemaData schemaUrl="#DCDevelopment">
		<SimpleData name="OBJECTID">319</SimpleData>
		<SimpleData name="PROJECTNAME">Shapiro Residences</SimpleData>
		<SimpleData name="WARD">5</SimpleData>
		<SimpleData name="LOCATION">1270 4th St., NE</SimpleData>
		<SimpleData name="DEVELOPER">Level 2 Development / EDENS</SimpleData>
		<SimpleData name="PROJECTTYPE">Residential</SimpleData>
		<SimpleData name="UNITS">430</SimpleData>
		<SimpleData name="UNIT_TYPE">R</SimpleData>
		<SimpleData name="ESTVALUEINMILLION">150000000</SimpleData>
		<SimpleData name="STATUS">Under Construction</SimpleData>
		<SimpleData name="REPORT_EDITION_YEAR">2016-2019</SimpleData>
		<SimpleData name="ARCHITECT">Shalom Baranes Associates</SimpleData>
		<SimpleData name="LAST_EDITED_USER">SDE</SimpleData>
		<SimpleData name="LAST_EDITED_DATE">2025/10/16 20:12:51+00</SimpleData>
		<SimpleData name="GLOBALID">{63349426-6C11-4804-989F-4C12EF55A9EE}</SimpleData>
	</SchemaData></ExtendedData>
  </Placemark>
  <Placemark>
	<ExtendedData><SchemaData schemaUrl="#DCDevelopment">
		<SimpleData name="OBJECTID">320</SimpleData>
		<SimpleData name="PROJECTNAME">Camden NoMa (Ph II)</SimpleData>
		<SimpleData name="WARD">6</SimpleData>
		<SimpleData name="LOCATION">61 Pierce St., NE</SimpleData>
		<SimpleData name="DEVELOPER">Camden Property Trust</SimpleData>
		<SimpleData name="PROJECTTYPE">Residential</SimpleData>
		<SimpleData name="UNITS">405</SimpleData>
		<SimpleData name="UNIT_TYPE">R</SimpleData>
		<SimpleData name="ESTVALUEINMILLION">130000000</SimpleData>
		<SimpleData name="STATUS">Under Construction</SimpleData>
		<SimpleData name="REPORT_EDITION_YEAR">2016-2019</SimpleData>
		<SimpleData name="ARCHITECT">WDG Architecture</SimpleData>
		<SimpleData name="LAST_EDITED_USER">SDE</SimpleData>
		<SimpleData name="LAST_EDITED_DATE">2025/10/16 20:12:51+00</SimpleData>
		<SimpleData name="GLOBALID">{ACCB99E5-F5C5-4C5B-8134-DEABF5CF0617}</SimpleData>
	</SchemaData></ExtendedData>
  </Placemark>
  <Placemark>
	<ExtendedData><SchemaData schemaUrl="#DCDevelopment">
		<SimpleData name="OBJECTID">321</SimpleData>
		<SimpleData name="PROJECTNAME">909 Half Street</SimpleData>
		<SimpleData name="WARD">6</SimpleData>
		<SimpleData name="LOCATION">20 K St., SE</SimpleData>
		<SimpleData name="DEVELOPER">Ruben Companies / Related Companies</SimpleData>
		<SimpleData name="PROJECTTYPE">Residential</SimpleData>
		<SimpleData name="UNITS">383</SimpleData>
		<SimpleData name="UNIT_TYPE">R</SimpleData>
		<SimpleData name="ESTVALUEINMILLION">100000000</SimpleData>
		<SimpleData name="STATUS">Under Construction</SimpleData>
		<SimpleData name="REPORT_EDITION_YEAR">2016-2019</SimpleData>
		<SimpleData name="ARCHITECT">Davis, Carter, Scott / Morris Adjmi Architects</SimpleData>
		<SimpleData name="LAST_EDITED_USER">SDE</SimpleData>
		<SimpleData name="LAST_EDITED_DATE">2025/10/16 20:12:51+00</SimpleData>
		<SimpleData name="GLOBALID">{AA6F14E5-FC92-46F5-B813-23769D62ABD7}</SimpleData>
	</SchemaData></ExtendedData>
  </Placemark>
  <Placemark>
	<ExtendedData><SchemaData schemaUrl="#DCDevelopment">
		<SimpleData name="OBJECTID">322</SimpleData>
		<SimpleData name="PROJECTNAME">Eliot on 4th</SimpleData>
		<SimpleData name="WARD">6</SimpleData>
		<SimpleData name="LOCATION">1001 4th St., SW</SimpleData>
		<SimpleData name="DEVELOPER">Forest City Washington / Vornado Realty Trust</SimpleData>
		<SimpleData name="PROJECTTYPE">Residential</SimpleData>
		<SimpleData name="UNITS">365</SimpleData>
		<SimpleData name="UNIT_TYPE">R</SimpleData>
		<SimpleData name="ESTVALUEINMILLION">100000000</SimpleData>
		<SimpleData name="STATUS">Under Construction</SimpleData>
		<SimpleData name="REPORT_EDITION_YEAR">2016-2019</SimpleData>
		<SimpleData name="ARCHITECT">Perkins Eastman DC</SimpleData>
		<SimpleData name="LAST_EDITED_USER">SDE</SimpleData>
		<SimpleData name="LAST_EDITED_DATE">2025/10/16 20:12:51+00</SimpleData>
		<SimpleData name="GLOBALID">{56F21E89-8166-4313-A0DD-0B0E0819467F}</SimpleData>
	</SchemaData></ExtendedData>
  </Placemark>
  <Placemark>
	<ExtendedData><SchemaData schemaUrl="#DCDevelopment">
		<SimpleData name="OBJECTID">323</SimpleData>
		<SimpleData name="PROJECTNAME">33 N Street</SimpleData>
		<SimpleData name="WARD">6</SimpleData>
		<SimpleData name="LOCATION">33 N St., NE</SimpleData>
		<SimpleData name="DEVELOPER">Wood Partners</SimpleData>
		<SimpleData name="PROJECTTYPE">Residential</SimpleData>
		<SimpleData name="UNITS">346</SimpleData>
		<SimpleData name="UNIT_TYPE">R</SimpleData>
		<SimpleData name="ESTVALUEINMILLION">150000000</SimpleData>
		<SimpleData name="STATUS">Under Construction</SimpleData>
		<SimpleData name="REPORT_EDITION_YEAR">2016-2019</SimpleData>
		<SimpleData name="ARCHITECT">Hickok Cole Architects</SimpleData>
		<SimpleData name="LAST_EDITED_USER">SDE</SimpleData>
		<SimpleData name="LAST_EDITED_DATE">2025/10/16 20:12:51+00</SimpleData>
		<SimpleData name="GLOBALID">{04DD96F9-5B0B-42DF-B7FB-81668F940A65}</SimpleData>
	</SchemaData></ExtendedData>
  </Placemark>
  <Placemark>
	<ExtendedData><SchemaData schemaUrl="#DCDevelopment">
		<SimpleData name="OBJECTID">324</SimpleData>
		<SimpleData name="PROJECTNAME">Agora</SimpleData>
		<SimpleData name="WARD">6</SimpleData>
		<SimpleData name="LOCATION">800 New Jersey Ave., SE</SimpleData>
		<SimpleData name="DEVELOPER">WC Smith</SimpleData>
		<SimpleData name="PROJECTTYPE">Residential</SimpleData>
		<SimpleData name="UNITS">334</SimpleData>
		<SimpleData name="UNIT_TYPE">R</SimpleData>
		<SimpleData name="ESTVALUEINMILLION">141000000</SimpleData>
		<SimpleData name="STATUS">Under Construction</SimpleData>
		<SimpleData name="REPORT_EDITION_YEAR">2016-2019</SimpleData>
		<SimpleData name="ARCHITECT">SK+I Architectural Design Group</SimpleData>
		<SimpleData name="LAST_EDITED_USER">SDE</SimpleData>
		<SimpleData name="LAST_EDITED_DATE">2025/10/16 20:12:51+00</SimpleData>
		<SimpleData name="GLOBALID">{4367F198-7702-49E1-9533-F24C7B13A64A}</SimpleData>
	</SchemaData></ExtendedData>
  </Placemark>
  <Placemark>
	<ExtendedData><SchemaData schemaUrl="#DCDevelopment">
		<SimpleData name="OBJECTID">325</SimpleData>
		<SimpleData name="PROJECTNAME">F1rst</SimpleData>
		<SimpleData name="WARD">6</SimpleData>
		<SimpleData name="LOCATION">1st &amp; N Streets, SE</SimpleData>
		<SimpleData name="DEVELOPER">McCaffery Interests / Grosvenor Americas / Clark Enterprises Inc.</SimpleData>
		<SimpleData name="PROJECTTYPE">Hospitality</SimpleData>
		<SimpleData name="TYPE_SQFT">127200</SimpleData>
		<SimpleData name="UNITS">170</SimpleData>
		<SimpleData name="ESTVALUEINMILLION">150000000</SimpleData>
		<SimpleData name="ESTDELIVERY">Q2 17</SimpleData>
		<SimpleData name="STATUS">Completed</SimpleData>
		<SimpleData name="REPORT_EDITION_YEAR">2016-2019</SimpleData>
		<SimpleData name="ARCHITECT">Hickok Cole Architects </SimpleData>
		<SimpleData name="LAST_EDITED_USER">SDE</SimpleData>
		<SimpleData name="LAST_EDITED_DATE">2025/10/16 20:10:22+00</SimpleData>
		<SimpleData name="GLOBALID">{F9D85D61-1A21-4855-A179-2F7CCC6FF5DC}</SimpleData>
	</SchemaData></ExtendedData>
  </Placemark>
  <Placemark>
	<ExtendedData><SchemaData schemaUrl="#DCDevelopment">
		<SimpleData name="OBJECTID">326</SimpleData>
		<SimpleData name="PROJECTNAME">Pod Hotel</SimpleData>
		<SimpleData name="WARD">2</SimpleData>
		<SimpleData name="LOCATION">627 - 631 H Street, NW</SimpleData>
		<SimpleData name="DEVELOPER">Modus Hotels / Monument Realty / Cafritz Interests</SimpleData>
		<SimpleData name="PROJECTTYPE">Hospitality</SimpleData>
		<SimpleData name="TYPE_SQFT">61400</SimpleData>
		<SimpleData name="UNITS">245</SimpleData>
		<SimpleData name="ESTVALUEINMILLION">60000000</SimpleData>
		<SimpleData name="ESTDELIVERY">Q1 17</SimpleData>
		<SimpleData name="STATUS">Completed</SimpleData>
		<SimpleData name="REPORT_EDITION_YEAR">2016-2019</SimpleData>
		<SimpleData name="ARCHITECT">Davis, Carter, Scott</SimpleData>
		<SimpleData name="LAST_EDITED_USER">SDE</SimpleData>
		<SimpleData name="LAST_EDITED_DATE">2025/10/16 20:10:22+00</SimpleData>
		<SimpleData name="GLOBALID">{C50B61B6-DBF4-4B61-9292-F9789711BD15}</SimpleData>
	</SchemaData></ExtendedData>
  </Placemark>
  <Placemark>
	<ExtendedData><SchemaData schemaUrl="#DCDevelopment">
		<SimpleData name="OBJECTID">327</SimpleData>
		<SimpleData name="PROJECTNAME">Hotel Hive</SimpleData>
		<SimpleData name="WARD">2</SimpleData>
		<SimpleData name="LOCATION">2224 F St., NW</SimpleData>
		<SimpleData name="DEVELOPER">Abdo Development</SimpleData>
		<SimpleData name="PROJECTTYPE">Hospitality</SimpleData>
		<SimpleData name="TYPE_SQFT">25000</SimpleData>
		<SimpleData name="UNITS">83</SimpleData>
		<SimpleData name="ESTVALUEINMILLION">0</SimpleData>
		<SimpleData name="ESTDELIVERY">Q1 17</SimpleData>
		<SimpleData name="STATUS">Completed</SimpleData>
		<SimpleData name="REPORT_EDITION_YEAR">2016-2019</SimpleData>
		<SimpleData name="ARCHITECT">Abdo Development / Akseizer Design Group</SimpleData>
		<SimpleData name="LAST_EDITED_USER">SDE</SimpleData>
		<SimpleData name="LAST_EDITED_DATE">2025/10/16 20:10:22+00</SimpleData>
		<SimpleData name="GLOBALID">{7744DEC9-29C2-4608-B773-D60AEAF6EAAF}</SimpleData>
	</SchemaData></ExtendedData>
  </Placemark>
  <Placemark>
	<ExtendedData><SchemaData schemaUrl="#DCDevelopment">
		<SimpleData name="OBJECTID">328</SimpleData>
		<SimpleData name="PROJECTNAME">CityCenterDC (Conrad Hotel)</SimpleData>
		<SimpleData name="WARD">2</SimpleData>
		<SimpleData name="LOCATION">950 New York Avenue, NW</SimpleData>
		<SimpleData name="DEVELOPER">Hines / Qatari Diar</SimpleData>
		<SimpleData name="PROJECTTYPE">Hospitality</SimpleData>
		<SimpleData name="TYPE_SQFT">358000</SimpleData>
		<SimpleData name="UNITS">360</SimpleData>
		<SimpleData name="ESTVALUEINMILLION">270000000</SimpleData>
		<SimpleData name="ESTDELIVERY">Q1 19</SimpleData>
		<SimpleData name="STATUS">Under Construction</SimpleData>
		<SimpleData name="REPORT_EDITION_YEAR">2016-2019</SimpleData>
		<SimpleData name="ARCHITECT">Herzog &amp; de Meuron / HKS PC</SimpleData>
		<SimpleData name="LAST_EDITED_USER">SDE</SimpleData>
		<SimpleData name="LAST_EDITED_DATE">2025/10/16 20:10:22+00</SimpleData>
		<SimpleData name="GLOBALID">{A56112C9-2949-4026-998B-540F2C68A148}</SimpleData>
	</SchemaData></ExtendedData>
  </Placemark>
  <Placemark>
	<ExtendedData><SchemaData schemaUrl="#DCDevelopment">
		<SimpleData name="OBJECTID">329</SimpleData>
		<SimpleData name="PROJECTNAME">Columbia Place</SimpleData>
		<SimpleData name="WARD">2</SimpleData>
		<SimpleData name="LOCATION">901 L Street, NW</SimpleData>
		<SimpleData name="DEVELOPER">Quadrangle Dev. / Capstone Dev. / Marriott</SimpleData>
		<SimpleData name="PROJECTTYPE">Hospitality</SimpleData>
		<SimpleData name="TYPE_SQFT">350000</SimpleData>
		<SimpleData name="UNITS">504</SimpleData>
		<SimpleData name="ESTVALUEINMILLION">225000000</SimpleData>
		<SimpleData name="ESTDELIVERY">Q4 18</SimpleData>
		<SimpleData name="STATUS">Under Construction</SimpleData>
		<SimpleData name="REPORT_EDITION_YEAR">2016-2019</SimpleData>
		<SimpleData name="ARCHITECT">Cooper Carry</SimpleData>
		<SimpleData name="LAST_EDITED_USER">SDE</SimpleData>
		<SimpleData name="LAST_EDITED_DATE">2025/10/16 20:10:22+00</SimpleData>
		<SimpleData name="GLOBALID">{0FF983CE-33B5-4209-AD11-84996853DCF3}</SimpleData>
	</SchemaData></ExtendedData>
  </Placemark>
  <Placemark>
	<ExtendedData><SchemaData schemaUrl="#DCDevelopment">
		<SimpleData name="OBJECTID">330</SimpleData>
		<SimpleData name="PROJECTNAME">W Hotel</SimpleData>
		<SimpleData name="WARD">2</SimpleData>
		<SimpleData name="LOCATION">515 15th Street, NW</SimpleData>
		<SimpleData name="DEVELOPER">Marriott</SimpleData>
		<SimpleData name="PROJECTTYPE">Hospitality</SimpleData>
		<SimpleData name="TYPE_SQFT">187000</SimpleData>
		<SimpleData name="UNITS">325</SimpleData>
		<SimpleData name="ESTVALUEINMILLION">50000000</SimpleData>
		<SimpleData name="ESTDELIVERY">Q1 19</SimpleData>
		<SimpleData name="STATUS">Under Construction</SimpleData>
		<SimpleData name="REPORT_EDITION_YEAR">2016-2019</SimpleData>
		<SimpleData name="ARCHITECT">Perkins Eastman DC / Studio GAIA</SimpleData>
		<SimpleData name="LAST_EDITED_USER">SDE</SimpleData>
		<SimpleData name="LAST_EDITED_DATE">2025/10/16 20:10:22+00</SimpleData>
		<SimpleData name="GLOBALID">{4D6489E4-4A02-49E5-AD23-CFAB2CE0A023}</SimpleData>
	</SchemaData></ExtendedData>
  </Placemark>
  <Placemark>
	<ExtendedData><SchemaData schemaUrl="#DCDevelopment">
		<SimpleData name="OBJECTID">331</SimpleData>
		<SimpleData name="PROJECTNAME">International Spy Museum</SimpleData>
		<SimpleData name="WARD">6</SimpleData>
		<SimpleData name="LOCATION">900 L'Enfant Plaza, SW</SimpleData>
		<SimpleData name="DEVELOPER">JBG Smith</SimpleData>
		<SimpleData name="PROJECTTYPE">Hospitality</SimpleData>
		<SimpleData name="TYPE_SQFT">140000</SimpleData>
		<SimpleData name="ESTVALUEINMILLION">162000000</SimpleData>
		<SimpleData name="ESTDELIVERY">Q1 19</SimpleData>
		<SimpleData name="STATUS">Under Construction</SimpleData>
		<SimpleData name="REPORT_EDITION_YEAR">2016-2019</SimpleData>
		<SimpleData name="ARCHITECT">Hickok Cole Architects / Rogers Stirk Harbour + Partners</SimpleData>
		<SimpleData name="LAST_EDITED_USER">SDE</SimpleData>
		<SimpleData name="LAST_EDITED_DATE">2025/10/16 20:10:22+00</SimpleData>
		<SimpleData name="GLOBALID">{60DA38CE-0673-4AA4-A3BA-6BE2C86CAA88}</SimpleData>
	</SchemaData></ExtendedData>
  </Placemark>
  <Placemark>
	<ExtendedData><SchemaData schemaUrl="#DCDevelopment">
		<SimpleData name="OBJECTID">332</SimpleData>
		<SimpleData name="PROJECTNAME">555 E Street</SimpleData>
		<SimpleData name="WARD">6</SimpleData>
		<SimpleData name="LOCATION">555 E Street, SW</SimpleData>
		<SimpleData name="DEVELOPER">CityPartners / Potomac Investment Properties / Adams Investment Group / Paramount Dev. / DC Strategy Group</SimpleData>
		<SimpleData name="PROJECTTYPE">Hospitality</SimpleData>
		<SimpleData name="TYPE_SQFT">130000</SimpleData>
		<SimpleData name="UNITS">252</SimpleData>
		<SimpleData name="ESTVALUEINMILLION">120000000</SimpleData>
		<SimpleData name="ESTDELIVERY">Q2 20</SimpleData>
		<SimpleData name="STATUS">Under Construction</SimpleData>
		<SimpleData name="REPORT_EDITION_YEAR">2016-2019</SimpleData>
		<SimpleData name="ARCHITECT">Fxfowle Architects</SimpleData>
		<SimpleData name="LAST_EDITED_USER">SDE</SimpleData>
		<SimpleData name="LAST_EDITED_DATE">2025/10/16 20:10:22+00</SimpleData>
		<SimpleData name="GLOBALID">{BC51140C-0215-44AF-8086-DC62032E166E}</SimpleData>
	</SchemaData></ExtendedData>
  </Placemark>
  <Placemark>
	<ExtendedData><SchemaData schemaUrl="#DCDevelopment">
		<SimpleData name="OBJECTID">333</SimpleData>
		<SimpleData name="PROJECTNAME">Entertainment and Sports Arena</SimpleData>
		<SimpleData name="WARD">8</SimpleData>
		<SimpleData name="LOCATION">1110 Oak Drive, SE</SimpleData>
		<SimpleData name="DEVELOPER">Events DC / DC Government</SimpleData>
		<SimpleData name="PROJECTTYPE">Hospitality</SimpleData>
		<SimpleData name="TYPE_SQFT">116500</SimpleData>
		<SimpleData name="ESTVALUEINMILLION">68000000</SimpleData>
		<SimpleData name="ESTDELIVERY">Q4 18</SimpleData>
		<SimpleData name="STATUS">Under Construction</SimpleData>
		<SimpleData name="REPORT_EDITION_YEAR">2016-2019</SimpleData>
		<SimpleData name="ARCHITECT">Michael Marshall Design / ROSSETTI</SimpleData>
		<SimpleData name="LAST_EDITED_USER">SDE</SimpleData>
		<SimpleData name="LAST_EDITED_DATE">2025/10/16 20:10:22+00</SimpleData>
		<SimpleData name="GLOBALID">{C44058EB-199A-4CCF-9250-5A380EED9652}</SimpleData>
	</SchemaData></ExtendedData>
  </Placemark>
  <Placemark>
	<ExtendedData><SchemaData schemaUrl="#DCDevelopment">
		<SimpleData name="OBJECTID">334</SimpleData>
		<SimpleData name="PROJECTNAME">Thompson D.C. Hotel</SimpleData>
		<SimpleData name="WARD">6</SimpleData>
		<SimpleData name="LOCATION">227 Tingey Street, SE</SimpleData>
		<SimpleData name="DEVELOPER">Forest City / JW Capital Partners / Geolo Capital</SimpleData>
		<SimpleData name="PROJECTTYPE">Hospitality</SimpleData>
		<SimpleData name="TYPE_SQFT">114800</SimpleData>
		<SimpleData name="UNITS">225</SimpleData>
		<SimpleData name="ESTVALUEINMILLION">0</SimpleData>
		<SimpleData name="ESTDELIVERY">Q4 20</SimpleData>
		<SimpleData name="STATUS">Under Construction</SimpleData>
		<SimpleData name="REPORT_EDITION_YEAR">2016-2019</SimpleData>
		<SimpleData name="ARCHITECT">Studios Architecture</SimpleData>
		<SimpleData name="LAST_EDITED_USER">SDE</SimpleData>
		<SimpleData name="LAST_EDITED_DATE">2025/10/16 20:10:22+00</SimpleData>
		<SimpleData name="GLOBALID">{AAE863E5-512C-40D1-8ABA-3B4EAB44DE84}</SimpleData>
	</SchemaData></ExtendedData>
  </Placemark>
  <Placemark>
	<ExtendedData><SchemaData schemaUrl="#DCDevelopment">
		<SimpleData name="OBJECTID">335</SimpleData>
		<SimpleData name="PROJECTNAME">Moxy Hotel</SimpleData>
		<SimpleData name="WARD">2</SimpleData>
		<SimpleData name="LOCATION">1011 K St., NW</SimpleData>
		<SimpleData name="DEVELOPER">Douglas Development Corporation</SimpleData>
		<SimpleData name="PROJECTTYPE">Hospitality</SimpleData>
		<SimpleData name="TYPE_SQFT">64988</SimpleData>
		<SimpleData name="UNITS">200</SimpleData>
		<SimpleData name="ESTVALUEINMILLION">35000000</SimpleData>
		<SimpleData name="ESTDELIVERY">Q4 18</SimpleData>
		<SimpleData name="STATUS">Under Construction</SimpleData>
		<SimpleData name="REPORT_EDITION_YEAR">2016-2019</SimpleData>
		<SimpleData name="ARCHITECT">FILLAT + Architecture </SimpleData>
		<SimpleData name="LAST_EDITED_USER">SDE</SimpleData>
		<SimpleData name="LAST_EDITED_DATE">2025/10/16 20:10:22+00</SimpleData>
		<SimpleData name="GLOBALID">{43BBA6B9-566E-4675-929E-38A8AA078E10}</SimpleData>
	</SchemaData></ExtendedData>
  </Placemark>
  <Placemark>
	<ExtendedData><SchemaData schemaUrl="#DCDevelopment">
		<SimpleData name="OBJECTID">336</SimpleData>
		<SimpleData name="PROJECTNAME">The Reach</SimpleData>
		<SimpleData name="WARD">2</SimpleData>
		<SimpleData name="LOCATION">2700 F Street, NW</SimpleData>
		<SimpleData name="DEVELOPER">John F. Kennedy Center for the Performing Arts</SimpleData>
		<SimpleData name="PROJECTTYPE">Hospitality</SimpleData>
		<SimpleData name="TYPE_SQFT">72000</SimpleData>
		<SimpleData name="ESTVALUEINMILLION">175000000</SimpleData>
		<SimpleData name="ESTDELIVERY">Q3 19</SimpleData>
		<SimpleData name="STATUS">Under Construction</SimpleData>
		<SimpleData name="REPORT_EDITION_YEAR">2016-2019</SimpleData>
		<SimpleData name="ARCHITECT">Steven Holl Architects</SimpleData>
		<SimpleData name="LAST_EDITED_USER">SDE</SimpleData>
		<SimpleData name="LAST_EDITED_DATE">2025/10/16 20:10:22+00</SimpleData>
		<SimpleData name="GLOBALID">{2601A7D4-990D-4C8E-BBC5-E6F18C2E3899}</SimpleData>
	</SchemaData></ExtendedData>
  </Placemark>
  <Placemark>
	<ExtendedData><SchemaData schemaUrl="#DCDevelopment">
		<SimpleData name="OBJECTID">337</SimpleData>
		<SimpleData name="PROJECTNAME">National Air and Space Museum</SimpleData>
		<SimpleData name="WARD">2</SimpleData>
		<SimpleData name="LOCATION">The National Mall</SimpleData>
		<SimpleData name="DEVELOPER">Smithsonian</SimpleData>
		<SimpleData name="PROJECTTYPE">Hospitality</SimpleData>
		<SimpleData name="TYPE_SQFT">687000</SimpleData>
		<SimpleData name="ESTVALUEINMILLION">976000000</SimpleData>
		<SimpleData name="ESTDELIVERY">2025</SimpleData>
		<SimpleData name="STATUS">Pipeline</SimpleData>
		<SimpleData name="REPORT_EDITION_YEAR">2016-2019</SimpleData>
		<SimpleData name="ARCHITECT">Quinn Evans Architects</SimpleData>
		<SimpleData name="LAST_EDITED_USER">SDE</SimpleData>
		<SimpleData name="LAST_EDITED_DATE">2025/10/16 20:10:22+00</SimpleData>
		<SimpleData name="GLOBALID">{028AF8AA-8BF7-476B-8056-1E9C2F682D60}</SimpleData>
	</SchemaData></ExtendedData>
  </Placemark>
  <Placemark>
	<ExtendedData><SchemaData schemaUrl="#DCDevelopment">
		<SimpleData name="OBJECTID">338</SimpleData>
		<SimpleData name="PROJECTNAME">Storey Park</SimpleData>
		<SimpleData name="WARD">6</SimpleData>
		<SimpleData name="LOCATION">1005 1st Street, NE</SimpleData>
		<SimpleData name="DEVELOPER">Perseus Realty / Four Points / Greencourt Capital</SimpleData>
		<SimpleData name="PROJECTTYPE">Hospitality</SimpleData>
		<SimpleData name="TYPE_SQFT">184436</SimpleData>
		<SimpleData name="UNITS">235</SimpleData>
		<SimpleData name="ESTVALUEINMILLION">330000000</SimpleData>
		<SimpleData name="ESTDELIVERY">2021</SimpleData>
		<SimpleData name="STATUS">Pipeline</SimpleData>
		<SimpleData name="REPORT_EDITION_YEAR">2016-2019</SimpleData>
		<SimpleData name="ARCHITECT">HKS PC</SimpleData>
		<SimpleData name="LAST_EDITED_USER">SDE</SimpleData>
		<SimpleData name="LAST_EDITED_DATE">2025/10/16 20:10:22+00</SimpleData>
		<SimpleData name="GLOBALID">{38C345D5-1D43-47BA-BBC9-EFF6CEB04FF0}</SimpleData>
	</SchemaData></ExtendedData>
  </Placemark>
  <Placemark>
	<ExtendedData><SchemaData schemaUrl="#DCDevelopment">
		<SimpleData name="OBJECTID">339</SimpleData>
		<SimpleData name="PROJECTNAME">411 New York Avenue</SimpleData>
		<SimpleData name="WARD">5</SimpleData>
		<SimpleData name="LOCATION">411 New York Avenue, NE</SimpleData>
		<SimpleData name="DEVELOPER">Brook Rose Development / D.B. Lee Development Inc.</SimpleData>
		<SimpleData name="PROJECTTYPE">Hospitality</SimpleData>
		<SimpleData name="TYPE_SQFT">111440</SimpleData>
		<SimpleData name="UNITS">178</SimpleData>
		<SimpleData name="ESTVALUEINMILLION">0</SimpleData>
		<SimpleData name="ESTDELIVERY">N/A</SimpleData>
		<SimpleData name="STATUS">Pipeline</SimpleData>
		<SimpleData name="REPORT_EDITION_YEAR">2016-2019</SimpleData>
		<SimpleData name="ARCHITECT">BBGM</SimpleData>
		<SimpleData name="LAST_EDITED_USER">SDE</SimpleData>
		<SimpleData name="LAST_EDITED_DATE">2025/10/16 20:10:22+00</SimpleData>
		<SimpleData name="GLOBALID">{3B89BAE8-C666-41D4-A806-2E0C705F2D6C}</SimpleData>
	</SchemaData></ExtendedData>
  </Placemark>
  <Placemark>
	<ExtendedData><SchemaData schemaUrl="#DCDevelopment">
		<SimpleData name="OBJECTID">340</SimpleData>
		<SimpleData name="PROJECTNAME">3900 Wisconsin Avenue</SimpleData>
		<SimpleData name="WARD">3</SimpleData>
		<SimpleData name="LOCATION">3900 Wisconsin Avenue, NW</SimpleData>
		<SimpleData name="DEVELOPER">Roadside Development / Sekisui House</SimpleData>
		<SimpleData name="PROJECTTYPE">Hospitality</SimpleData>
		<SimpleData name="TYPE_SQFT">100000</SimpleData>
		<SimpleData name="UNITS">150</SimpleData>
		<SimpleData name="ESTVALUEINMILLION">0</SimpleData>
		<SimpleData name="ESTDELIVERY">2022</SimpleData>
		<SimpleData name="STATUS">Pipeline</SimpleData>
		<SimpleData name="REPORT_EDITION_YEAR">2016-2019</SimpleData>
		<SimpleData name="ARCHITECT">Shalom Baranes Associates</SimpleData>
		<SimpleData name="LAST_EDITED_USER">SDE</SimpleData>
		<SimpleData name="LAST_EDITED_DATE">2025/10/16 20:10:22+00</SimpleData>
		<SimpleData name="GLOBALID">{B2718EA3-55A0-4459-A047-E7DDDB930380}</SimpleData>
	</SchemaData></ExtendedData>
  </Placemark>
  <Placemark>
	<ExtendedData><SchemaData schemaUrl="#DCDevelopment">
		<SimpleData name="OBJECTID">341</SimpleData>
		<SimpleData name="PROJECTNAME">601 K Street</SimpleData>
		<SimpleData name="WARD">6</SimpleData>
		<SimpleData name="LOCATION">601 K Street, NW</SimpleData>
		<SimpleData name="DEVELOPER">Douglas Development Corporation</SimpleData>
		<SimpleData name="PROJECTTYPE">Hospitality</SimpleData>
		<SimpleData name="TYPE_SQFT">96755</SimpleData>
		<SimpleData name="UNITS">234</SimpleData>
		<SimpleData name="ESTVALUEINMILLION">47000000</SimpleData>
		<SimpleData name="ESTDELIVERY">2020</SimpleData>
		<SimpleData name="STATUS">Pipeline</SimpleData>
		<SimpleData name="REPORT_EDITION_YEAR">2016-2019</SimpleData>
		<SimpleData name="ARCHITECT">FILLAT + Architecture </SimpleData>
		<SimpleData name="LAST_EDITED_USER">SDE</SimpleData>
		<SimpleData name="LAST_EDITED_DATE">2025/10/16 20:10:22+00</SimpleData>
		<SimpleData name="GLOBALID">{32EED08C-63A0-4354-8C67-E61C574B39E1}</SimpleData>
	</SchemaData></ExtendedData>
  </Placemark>
  <Placemark>
	<ExtendedData><SchemaData schemaUrl="#DCDevelopment">
		<SimpleData name="OBJECTID">342</SimpleData>
		<SimpleData name="PROJECTNAME">Cambria Hotel &amp; Suites</SimpleData>
		<SimpleData name="WARD">6</SimpleData>
		<SimpleData name="LOCATION">1535 Half St., SW</SimpleData>
		<SimpleData name="DEVELOPER">Donohoe Companies </SimpleData>
		<SimpleData name="PROJECTTYPE">Hospitality</SimpleData>
		<SimpleData name="TYPE_SQFT">81000</SimpleData>
		<SimpleData name="UNITS">154</SimpleData>
		<SimpleData name="ESTVALUEINMILLION">0</SimpleData>
		<SimpleData name="ESTDELIVERY">2022</SimpleData>
		<SimpleData name="STATUS">Pipeline</SimpleData>
		<SimpleData name="REPORT_EDITION_YEAR">2016-2019</SimpleData>
		<SimpleData name="ARCHITECT">BBGM</SimpleData>
		<SimpleData name="LAST_EDITED_USER">SDE</SimpleData>
		<SimpleData name="LAST_EDITED_DATE">2025/10/16 20:10:22+00</SimpleData>
		<SimpleData name="GLOBALID">{4A5CD5A2-43E3-43E3-A065-16D993E357A0}</SimpleData>
	</SchemaData></ExtendedData>
  </Placemark>
  <Placemark>
	<ExtendedData><SchemaData schemaUrl="#DCDevelopment">
		<SimpleData name="OBJECTID">343</SimpleData>
		<SimpleData name="PROJECTNAME">Press House at Union District</SimpleData>
		<SimpleData name="WARD">6</SimpleData>
		<SimpleData name="LOCATION">301 N Street, NE</SimpleData>
		<SimpleData name="DEVELOPER">Foulger-Pratt</SimpleData>
		<SimpleData name="PROJECTTYPE">Hospitality</SimpleData>
		<SimpleData name="TYPE_SQFT">80366</SimpleData>
		<SimpleData name="UNITS">175</SimpleData>
		<SimpleData name="ESTVALUEINMILLION">180000000</SimpleData>
		<SimpleData name="ESTDELIVERY">2020</SimpleData>
		<SimpleData name="STATUS">Pipeline</SimpleData>
		<SimpleData name="REPORT_EDITION_YEAR">2016-2019</SimpleData>
		<SimpleData name="ARCHITECT">AA Studio / Torti Gallas and Partners</SimpleData>
		<SimpleData name="LAST_EDITED_USER">SDE</SimpleData>
		<SimpleData name="LAST_EDITED_DATE">2025/10/16 20:10:22+00</SimpleData>
		<SimpleData name="GLOBALID">{31EAC015-3046-4C7B-A599-EBB660901550}</SimpleData>
	</SchemaData></ExtendedData>
  </Placemark>
  <Placemark>
	<ExtendedData><SchemaData schemaUrl="#DCDevelopment">
		<SimpleData name="OBJECTID">344</SimpleData>
		<SimpleData name="PROJECTNAME">The Wharf (Phase II)</SimpleData>
		<SimpleData name="WARD">6</SimpleData>
		<SimpleData name="LOCATION">Southwest Waterfront</SimpleData>
		<SimpleData name="DEVELOPER">Hoffman-Madison Waterfront</SimpleData>
		<SimpleData name="PROJECTTYPE">Hospitality</SimpleData>
		<SimpleData name="TYPE_SQFT">80000</SimpleData>
		<SimpleData name="UNITS">116</SimpleData>
		<SimpleData name="ESTVALUEINMILLION">1200000000</SimpleData>
		<SimpleData name="ESTDELIVERY">2022</SimpleData>
		<SimpleData name="STATUS">Pipeline</SimpleData>
		<SimpleData name="REPORT_EDITION_YEAR">2016-2019</SimpleData>
		<SimpleData name="ARCHITECT">ODA Architecture / WDG Architecture / Rafael Vinoly Architects PC / Morris Adjmi Architects / Studios Architecture / Hollwich Kushner / Perkins Eastman DC / SHoP</SimpleData>
		<SimpleData name="LAST_EDITED_USER">SDE</SimpleData>
		<SimpleData name="LAST_EDITED_DATE">2025/10/16 20:10:22+00</SimpleData>
		<SimpleData name="GLOBALID">{8C25C836-A253-45F0-8FF6-998D3799E7E2}</SimpleData>
	</SchemaData></ExtendedData>
  </Placemark>
  <Placemark>
	<ExtendedData><SchemaData schemaUrl="#DCDevelopment">
		<SimpleData name="OBJECTID">345</SimpleData>
		<SimpleData name="PROJECTNAME">Eckington Yards</SimpleData>
		<SimpleData name="WARD">5</SimpleData>
		<SimpleData name="LOCATION">1625 Eckington Place &amp; 1500 Harry Thomas Way, NE</SimpleData>
		<SimpleData name="DEVELOPER">JBG Smith / The Boundary Companies</SimpleData>
		<SimpleData name="PROJECTTYPE">Retail</SimpleData>
		<SimpleData name="TYPE_SQFT">67264</SimpleData>
		<SimpleData name="ESTDELIVERY">2020</SimpleData>
		<SimpleData name="STATUS">Pipeline</SimpleData>
		<SimpleData name="REPORT_EDITION_YEAR">2016-2019</SimpleData>
		<SimpleData name="ARCHITECT">Eric Colbert &amp; Associates, PC</SimpleData>
		<SimpleData name="LAST_EDITED_USER">SDE</SimpleData>
		<SimpleData name="LAST_EDITED_DATE">2025/10/16 20:13:28+00</SimpleData>
		<SimpleData name="GLOBALID">{111E33BA-632A-410C-A8F4-70C4A1F67D82}</SimpleData>
	</SchemaData></ExtendedData>
  </Placemark>
  <Placemark>
	<ExtendedData><SchemaData schemaUrl="#DCDevelopment">
		<SimpleData name="OBJECTID">346</SimpleData>
		<SimpleData name="PROJECTNAME">200 Massachusetts Avenue</SimpleData>
		<SimpleData name="WARD">2</SimpleData>
		<SimpleData name="LOCATION">200 Massachusetts Ave., NW</SimpleData>
		<SimpleData name="DEVELOPER">Property Group Partners / Center Place Holdings</SimpleData>
		<SimpleData name="PROJECTTYPE">Office</SimpleData>
		<SimpleData name="TYPE_SQFT">381746</SimpleData>
		<SimpleData name="ESTVALUEINMILLION">200000000</SimpleData>
		<SimpleData name="STATUS">Under Construction</SimpleData>
		<SimpleData name="REPORT_EDITION_YEAR">2016-2019</SimpleData>
		<SimpleData name="ARCHITECT">Kevin Roche John Dinkeloo &amp; Associates LLC</SimpleData>
		<SimpleData name="LAST_EDITED_USER">SDE</SimpleData>
		<SimpleData name="LAST_EDITED_DATE">2025/10/16 20:11:02+00</SimpleData>
		<SimpleData name="GLOBALID">{EBF43FEA-EBE7-4CDD-9B1B-67451A4F5BC8}</SimpleData>
	</SchemaData></ExtendedData>
  </Placemark>
  <Placemark>
	<ExtendedData><SchemaData schemaUrl="#DCDevelopment">
		<SimpleData name="OBJECTID">347</SimpleData>
		<SimpleData name="PROJECTNAME">600 Massachusetts Avenue</SimpleData>
		<SimpleData name="WARD">2</SimpleData>
		<SimpleData name="LOCATION">600 Massachusetts Ave., NW</SimpleData>
		<SimpleData name="DEVELOPER">Gould Property Company / Oxford Properties Group</SimpleData>
		<SimpleData name="PROJECTTYPE">Office</SimpleData>
		<SimpleData name="TYPE_SQFT">381592</SimpleData>
		<SimpleData name="ESTVALUEINMILLION">206000000</SimpleData>
		<SimpleData name="STATUS">Under Construction</SimpleData>
		<SimpleData name="REPORT_EDITION_YEAR">2016-2019</SimpleData>
		<SimpleData name="ARCHITECT">CORE</SimpleData>
		<SimpleData name="LAST_EDITED_USER">SDE</SimpleData>
		<SimpleData name="LAST_EDITED_DATE">2025/10/16 20:11:02+00</SimpleData>
		<SimpleData name="GLOBALID">{773A89DF-F778-4210-B99E-08559EF02E15}</SimpleData>
	</SchemaData></ExtendedData>
  </Placemark>
  <Placemark>
	<ExtendedData><SchemaData schemaUrl="#DCDevelopment">
		<SimpleData name="OBJECTID">348</SimpleData>
		<SimpleData name="PROJECTNAME">Harry S. Truman Building Modernization (Ph IC)</SimpleData>
		<SimpleData name="WARD">2</SimpleData>
		<SimpleData name="LOCATION">2201 C St., NW</SimpleData>
		<SimpleData name="DEVELOPER">General Services Administration</SimpleData>
		<SimpleData name="PROJECTTYPE">Office</SimpleData>
		<SimpleData name="TYPE_SQFT">290536</SimpleData>
		<SimpleData name="ESTVALUEINMILLION">97000000</SimpleData>
		<SimpleData name="STATUS">Under Construction</SimpleData>
		<SimpleData name="REPORT_EDITION_YEAR">2016-2019</SimpleData>
		<SimpleData name="ARCHITECT">Westlake Reed Leskosky</SimpleData>
		<SimpleData name="LAST_EDITED_USER">SDE</SimpleData>
		<SimpleData name="LAST_EDITED_DATE">2025/10/16 20:11:02+00</SimpleData>
		<SimpleData name="GLOBALID">{D5365C17-C6CF-4A95-ACEB-D1C710DF89E9}</SimpleData>
	</SchemaData></ExtendedData>
  </Placemark>
  <Placemark>
	<ExtendedData><SchemaData schemaUrl="#DCDevelopment">
		<SimpleData name="OBJECTID">349</SimpleData>
		<SimpleData name="PROJECTNAME">The Shay</SimpleData>
		<SimpleData name="WARD">1</SimpleData>
		<SimpleData name="LOCATION">1921 &amp; 1924 8th St., NW</SimpleData>
		<SimpleData name="DEVELOPER">The JBG Companies</SimpleData>
		<SimpleData name="PROJECTTYPE">Residential</SimpleData>
		<SimpleData name="UNITS">242</SimpleData>
		<SimpleData name="UNIT_TYPE">R</SimpleData>
		<SimpleData name="ESTVALUEINMILLION">50000000</SimpleData>
		<SimpleData name="STATUS">Completed</SimpleData>
		<SimpleData name="REPORT_EDITION_YEAR">2016-2019</SimpleData>
		<SimpleData name="ARCHITECT">Miller Hull / BKV Group</SimpleData>
		<SimpleData name="LAST_EDITED_USER">SDE</SimpleData>
		<SimpleData name="LAST_EDITED_DATE">2025/10/16 20:12:51+00</SimpleData>
		<SimpleData name="GLOBALID">{FF137EE7-98DA-4B24-8D28-A0D755218045}</SimpleData>
	</SchemaData></ExtendedData>
  </Placemark>
  <Placemark>
	<ExtendedData><SchemaData schemaUrl="#DCDevelopment">
		<SimpleData name="OBJECTID">350</SimpleData>
		<SimpleData name="PROJECTNAME">Murch Elementary School</SimpleData>
		<SimpleData name="WARD">3</SimpleData>
		<SimpleData name="LOCATION">4810 36th St., NW</SimpleData>
		<SimpleData name="DEVELOPER">DC Public Schools / Department of General Services</SimpleData>
		<SimpleData name="PROJECTTYPE">Education</SimpleData>
		<SimpleData name="TYPE_SQFT">112700</SimpleData>
		<SimpleData name="ESTVALUEINMILLION">83000000</SimpleData>
		<SimpleData name="ESTDELIVERY">2018</SimpleData>
		<SimpleData name="STATUS">Pipeline</SimpleData>
		<SimpleData name="REPORT_EDITION_YEAR">2016-2019</SimpleData>
		<SimpleData name="ARCHITECT">R. McGhee &amp; Associates / Hord Coplan Macht Inc</SimpleData>
		<SimpleData name="LAST_EDITED_USER">SDE</SimpleData>
		<SimpleData name="LAST_EDITED_DATE">2025/10/16 20:09:37+00</SimpleData>
		<SimpleData name="GLOBALID">{3DBC68D5-BAC0-4E0C-8B3C-6A194A449A68}</SimpleData>
	</SchemaData></ExtendedData>
  </Placemark>
  <Placemark>
	<ExtendedData><SchemaData schemaUrl="#DCDevelopment">
		<SimpleData name="OBJECTID">351</SimpleData>
		<SimpleData name="PROJECTNAME">Garrison Elementary School</SimpleData>
		<SimpleData name="WARD">2</SimpleData>
		<SimpleData name="LOCATION">1200 S St., NW</SimpleData>
		<SimpleData name="DEVELOPER">DC Public Schools / Department of General Services</SimpleData>
		<SimpleData name="PROJECTTYPE">Education</SimpleData>
		<SimpleData name="TYPE_SQFT">60200</SimpleData>
		<SimpleData name="ESTVALUEINMILLION">24000000</SimpleData>
		<SimpleData name="ESTDELIVERY">2017</SimpleData>
		<SimpleData name="STATUS">Pipeline</SimpleData>
		<SimpleData name="REPORT_EDITION_YEAR">2016-2019</SimpleData>
		<SimpleData name="ARCHITECT">Newman Architects / BELL Architects</SimpleData>
		<SimpleData name="LAST_EDITED_USER">SDE</SimpleData>
		<SimpleData name="LAST_EDITED_DATE">2025/10/16 20:09:37+00</SimpleData>
		<SimpleData name="GLOBALID">{9B672113-2890-4369-94DA-FEE99F49CA4C}</SimpleData>
	</SchemaData></ExtendedData>
  </Placemark>
  <Placemark>
	<ExtendedData><SchemaData schemaUrl="#DCDevelopment">
		<SimpleData name="OBJECTID">352</SimpleData>
		<SimpleData name="PROJECTNAME">Hyde-Addison Elementary School Addition</SimpleData>
		<SimpleData name="WARD">2</SimpleData>
		<SimpleData name="LOCATION">3246 P St., NW</SimpleData>
		<SimpleData name="DEVELOPER">DC Public Schools / Department of General Services</SimpleData>
		<SimpleData name="PROJECTTYPE">Education</SimpleData>
		<SimpleData name="TYPE_SQFT">30100</SimpleData>
		<SimpleData name="ESTVALUEINMILLION">22000000</SimpleData>
		<SimpleData name="ESTDELIVERY">2018</SimpleData>
		<SimpleData name="STATUS">Pipeline</SimpleData>
		<SimpleData name="REPORT_EDITION_YEAR">2016-2019</SimpleData>
		<SimpleData name="ARCHITECT">BLOC Atlantic / Shinberg Levinas</SimpleData>
		<SimpleData name="LAST_EDITED_USER">SDE</SimpleData>
		<SimpleData name="LAST_EDITED_DATE">2025/10/16 20:09:37+00</SimpleData>
		<SimpleData name="GLOBALID">{B4A244C2-1143-4153-A122-FD1EE28EA77D}</SimpleData>
	</SchemaData></ExtendedData>
  </Placemark>
  <Placemark>
	<ExtendedData><SchemaData schemaUrl="#DCDevelopment">
		<SimpleData name="OBJECTID">353</SimpleData>
		<SimpleData name="PROJECTNAME">Eagle Center (Phase III)</SimpleData>
		<SimpleData name="WARD">8</SimpleData>
		<SimpleData name="LOCATION">3400 Wheeler Rd., SE</SimpleData>
		<SimpleData name="DEVELOPER">Eagle Academy Public Charter School</SimpleData>
		<SimpleData name="PROJECTTYPE">Education</SimpleData>
		<SimpleData name="TYPE_SQFT">20000</SimpleData>
		<SimpleData name="STATUS">Pipeline</SimpleData>
		<SimpleData name="REPORT_EDITION_YEAR">2016-2019</SimpleData>
		<SimpleData name="ARCHITECT">Shinberg Levinas</SimpleData>
		<SimpleData name="LAST_EDITED_USER">SDE</SimpleData>
		<SimpleData name="LAST_EDITED_DATE">2025/10/16 20:09:37+00</SimpleData>
		<SimpleData name="GLOBALID">{888DEF87-DE92-4AAD-9946-76A293B72A5D}</SimpleData>
	</SchemaData></ExtendedData>
  </Placemark>
  <Placemark>
	<ExtendedData><SchemaData schemaUrl="#DCDevelopment">
		<SimpleData name="OBJECTID">354</SimpleData>
		<SimpleData name="PROJECTNAME">The Watergate</SimpleData>
		<SimpleData name="WARD">2</SimpleData>
		<SimpleData name="LOCATION">2650 Virginia Ave., NW</SimpleData>
		<SimpleData name="DEVELOPER">Euro Capital Properties</SimpleData>
		<SimpleData name="PROJECTTYPE">Hospitality</SimpleData>
		<SimpleData name="TYPE_SQFT">277000</SimpleData>
		<SimpleData name="UNITS">336</SimpleData>
		<SimpleData name="ESTVALUEINMILLION">125000000</SimpleData>
		<SimpleData name="STATUS">Completed</SimpleData>
		<SimpleData name="REPORT_EDITION_YEAR">2016-2019</SimpleData>
		<SimpleData name="ARCHITECT">BBGM</SimpleData>
		<SimpleData name="LAST_EDITED_USER">SDE</SimpleData>
		<SimpleData name="LAST_EDITED_DATE">2025/10/16 20:10:22+00</SimpleData>
		<SimpleData name="GLOBALID">{3E003496-9640-4AB1-8E5D-66EED74BE40E}</SimpleData>
	</SchemaData></ExtendedData>
  </Placemark>
  <Placemark>
	<ExtendedData><SchemaData schemaUrl="#DCDevelopment">
		<SimpleData name="OBJECTID">355</SimpleData>
		<SimpleData name="PROJECTNAME">Hyatt Place DC Capitol / National Mall</SimpleData>
		<SimpleData name="WARD">6</SimpleData>
		<SimpleData name="LOCATION">400 E St., SW</SimpleData>
		<SimpleData name="DEVELOPER">DC Strategy Group / Paramount /  CityPartners / Potomac Investment Prop.</SimpleData>
		<SimpleData name="PROJECTTYPE">Hospitality</SimpleData>
		<SimpleData name="TYPE_SQFT">170665</SimpleData>
		<SimpleData name="UNITS">214</SimpleData>
		<SimpleData name="ESTVALUEINMILLION">65000000</SimpleData>
		<SimpleData name="STATUS">Completed</SimpleData>
		<SimpleData name="REPORT_EDITION_YEAR">2016-2019</SimpleData>
		<SimpleData name="ARCHITECT">WDG Arhictecture / Nelson Architects</SimpleData>
		<SimpleData name="LAST_EDITED_USER">SDE</SimpleData>
		<SimpleData name="LAST_EDITED_DATE">2025/10/16 20:10:22+00</SimpleData>
		<SimpleData name="GLOBALID">{7DF22AD4-C4D6-4F71-8366-1A5F6388E6CF}</SimpleData>
	</SchemaData></ExtendedData>
  </Placemark>
  <Placemark>
	<ExtendedData><SchemaData schemaUrl="#DCDevelopment">
		<SimpleData name="OBJECTID">356</SimpleData>
		<SimpleData name="PROJECTNAME">Homewood Suites &amp; Hampton Inn</SimpleData>
		<SimpleData name="WARD">5</SimpleData>
		<SimpleData name="LOCATION">501 New York Ave., NE</SimpleData>
		<SimpleData name="DEVELOPER">Baywood Hotels</SimpleData>
		<SimpleData name="PROJECTTYPE">Hospitality</SimpleData>
		<SimpleData name="TYPE_SQFT">160000</SimpleData>
		<SimpleData name="UNITS">230</SimpleData>
		<SimpleData name="STATUS">Completed</SimpleData>
		<SimpleData name="REPORT_EDITION_YEAR">2016-2019</SimpleData>
		<SimpleData name="ARCHITECT">BBGM</SimpleData>
		<SimpleData name="LAST_EDITED_USER">SDE</SimpleData>
		<SimpleData name="LAST_EDITED_DATE">2025/10/16 20:10:22+00</SimpleData>
		<SimpleData name="GLOBALID">{98703B27-A587-43B0-8A54-9FCBAF3E5288}</SimpleData>
	</SchemaData></ExtendedData>
  </Placemark>
  <Placemark>
	<ExtendedData><SchemaData schemaUrl="#DCDevelopment">
		<SimpleData name="OBJECTID">357</SimpleData>
		<SimpleData name="PROJECTNAME">Hyatt Place Hotel</SimpleData>
		<SimpleData name="WARD">2</SimpleData>
		<SimpleData name="LOCATION">2121 M St., NW</SimpleData>
		<SimpleData name="DEVELOPER">Renaissance Centro</SimpleData>
		<SimpleData name="PROJECTTYPE">Hospitality</SimpleData>
		<SimpleData name="TYPE_SQFT">109000</SimpleData>
		<SimpleData name="UNITS">168</SimpleData>
		<SimpleData name="ESTVALUEINMILLION">37000000</SimpleData>
		<SimpleData name="STATUS">Completed</SimpleData>
		<SimpleData name="REPORT_EDITION_YEAR">2016-2019</SimpleData>
		<SimpleData name="ARCHITECT">Jonathan Nehmer + Associates, Inc. </SimpleData>
		<SimpleData name="LAST_EDITED_USER">SDE</SimpleData>
		<SimpleData name="LAST_EDITED_DATE">2025/10/16 20:10:22+00</SimpleData>
		<SimpleData name="GLOBALID">{4B8D7C77-28E0-424C-BBA7-E0A7C0F1395C}</SimpleData>
	</SchemaData></ExtendedData>
  </Placemark>
  <Placemark>
	<ExtendedData><SchemaData schemaUrl="#DCDevelopment">
		<SimpleData name="OBJECTID">358</SimpleData>
		<SimpleData name="PROJECTNAME">Hampton Inn &amp; Suites Washington, DC Ballpark</SimpleData>
		<SimpleData name="WARD">6</SimpleData>
		<SimpleData name="LOCATION">1265 1st St., SE</SimpleData>
		<SimpleData name="DEVELOPER">Buccini Pollin Group</SimpleData>
		<SimpleData name="PROJECTTYPE">Hospitality</SimpleData>
		<SimpleData name="TYPE_SQFT">98000</SimpleData>
		<SimpleData name="UNITS">168</SimpleData>
		<SimpleData name="STATUS">Completed</SimpleData>
		<SimpleData name="REPORT_EDITION_YEAR">2016-2019</SimpleData>
		<SimpleData name="ARCHITECT">BBGM</SimpleData>
		<SimpleData name="LAST_EDITED_USER">SDE</SimpleData>
		<SimpleData name="LAST_EDITED_DATE">2025/10/16 20:10:22+00</SimpleData>
		<SimpleData name="GLOBALID">{DD2189AC-EB53-4FA4-B630-DE1D6283C9CA}</SimpleData>
	</SchemaData></ExtendedData>
  </Placemark>
  <Placemark>
	<ExtendedData><SchemaData schemaUrl="#DCDevelopment">
		<SimpleData name="OBJECTID">359</SimpleData>
		<SimpleData name="PROJECTNAME">Capitol Quarter Community Building</SimpleData>
		<SimpleData name="WARD">6</SimpleData>
		<SimpleData name="LOCATION">1000 5th St., SE</SimpleData>
		<SimpleData name="DEVELOPER">DC Housing Authority</SimpleData>
		<SimpleData name="PROJECTTYPE">Hospitality</SimpleData>
		<SimpleData name="TYPE_SQFT">21000</SimpleData>
		<SimpleData name="ESTVALUEINMILLION">11000000</SimpleData>
		<SimpleData name="STATUS">Completed</SimpleData>
		<SimpleData name="REPORT_EDITION_YEAR">2016-2019</SimpleData>
		<SimpleData name="ARCHITECT">Torti Gallas and Partners</SimpleData>
		<SimpleData name="LAST_EDITED_USER">SDE</SimpleData>
		<SimpleData name="LAST_EDITED_DATE">2025/10/16 20:10:22+00</SimpleData>
		<SimpleData name="GLOBALID">{4C7E900A-F052-4C78-BCE3-A652EACAEFD0}</SimpleData>
	</SchemaData></ExtendedData>
  </Placemark>
  <Placemark>
	<ExtendedData><SchemaData schemaUrl="#DCDevelopment">
		<SimpleData name="OBJECTID">360</SimpleData>
		<SimpleData name="PROJECTNAME">Ridge Road Recreation Center</SimpleData>
		<SimpleData name="WARD">7</SimpleData>
		<SimpleData name="LOCATION">800 Ridge Rd., SE</SimpleData>
		<SimpleData name="DEVELOPER">Department of Parks and Recreation</SimpleData>
		<SimpleData name="PROJECTTYPE">Hospitality</SimpleData>
		<SimpleData name="TYPE_SQFT">18000</SimpleData>
		<SimpleData name="ESTVALUEINMILLION">16000000</SimpleData>
		<SimpleData name="STATUS">Completed</SimpleData>
		<SimpleData name="REPORT_EDITION_YEAR">2016-2019</SimpleData>
		<SimpleData name="ARCHITECT">cox graae + spack architects</SimpleData>
		<SimpleData name="LAST_EDITED_USER">SDE</SimpleData>
		<SimpleData name="LAST_EDITED_DATE">2025/10/16 20:10:22+00</SimpleData>
		<SimpleData name="GLOBALID">{BAFC6A66-2AAD-4646-ADB3-AD2B0CEDBAE4}</SimpleData>
	</SchemaData></ExtendedData>
  </Placemark>
  <Placemark>
	<ExtendedData><SchemaData schemaUrl="#DCDevelopment">
		<SimpleData name="OBJECTID">361</SimpleData>
		<SimpleData name="PROJECTNAME">900 16th Street</SimpleData>
		<SimpleData name="WARD">2</SimpleData>
		<SimpleData name="LOCATION">900 16th St., NW</SimpleData>
		<SimpleData name="DEVELOPER">The JBG Companies</SimpleData>
		<SimpleData name="PROJECTTYPE">Hospitality</SimpleData>
		<SimpleData name="TYPE_SQFT">11722</SimpleData>
		<SimpleData name="STATUS">Completed</SimpleData>
		<SimpleData name="REPORT_EDITION_YEAR">2016-2019</SimpleData>
		<SimpleData name="ARCHITECT">Cooper Carry</SimpleData>
		<SimpleData name="LAST_EDITED_USER">SDE</SimpleData>
		<SimpleData name="LAST_EDITED_DATE">2025/10/16 20:10:22+00</SimpleData>
		<SimpleData name="GLOBALID">{82D3F70C-0687-4BBD-AD2E-33A94FFF2DB2}</SimpleData>
	</SchemaData></ExtendedData>
  </Placemark>
  <Placemark>
	<ExtendedData><SchemaData schemaUrl="#DCDevelopment">
		<SimpleData name="OBJECTID">362</SimpleData>
		<SimpleData name="PROJECTNAME">The Wharf (Ph I)</SimpleData>
		<SimpleData name="WARD">6</SimpleData>
		<SimpleData name="LOCATION">Southwest Waterfront</SimpleData>
		<SimpleData name="DEVELOPER">Hoffman-Madison Waterfront</SimpleData>
		<SimpleData name="PROJECTTYPE">Hospitality</SimpleData>
		<SimpleData name="TYPE_SQFT">645500</SimpleData>
		<SimpleData name="UNITS">690</SimpleData>
		<SimpleData name="ESTVALUEINMILLION">1200000000</SimpleData>
		<SimpleData name="STATUS">Under Construction</SimpleData>
		<SimpleData name="REPORT_EDITION_YEAR">2016-2019</SimpleData>
		<SimpleData name="ARCHITECT">BBGM / Handel Architects / FOX Architects / Kohn Pedersen Fox &amp; Associates / MTFA Architecture / SK+I Architectural Design Group / SmithGroupJJR / WDG Architecture / Perkins Eastman DC</SimpleData>
		<SimpleData name="LAST_EDITED_USER">SDE</SimpleData>
		<SimpleData name="LAST_EDITED_DATE">2025/10/16 20:10:22+00</SimpleData>
		<SimpleData name="GLOBALID">{DC70312F-69B5-41A3-A0E0-16DBFBE9B7B8}</SimpleData>
	</SchemaData></ExtendedData>
  </Placemark>
  <Placemark>
	<ExtendedData><SchemaData schemaUrl="#DCDevelopment">
		<SimpleData name="OBJECTID">363</SimpleData>
		<SimpleData name="PROJECTNAME">Museum of the Bible</SimpleData>
		<SimpleData name="WARD">6</SimpleData>
		<SimpleData name="LOCATION">300 D St., SW</SimpleData>
		<SimpleData name="DEVELOPER">Museum of the Bible</SimpleData>
		<SimpleData name="PROJECTTYPE">Hospitality</SimpleData>
		<SimpleData name="TYPE_SQFT">430000</SimpleData>
		<SimpleData name="ESTVALUEINMILLION">400000000</SimpleData>
		<SimpleData name="STATUS">Under Construction</SimpleData>
		<SimpleData name="REPORT_EDITION_YEAR">2016-2019</SimpleData>
		<SimpleData name="ARCHITECT">SmithGroupJJR</SimpleData>
		<SimpleData name="LAST_EDITED_USER">SDE</SimpleData>
		<SimpleData name="LAST_EDITED_DATE">2025/10/16 20:10:22+00</SimpleData>
		<SimpleData name="GLOBALID">{8E1B60A4-A12D-4291-863E-53BE4D26BB4D}</SimpleData>
	</SchemaData></ExtendedData>
  </Placemark>
  <Placemark>
	<ExtendedData><SchemaData schemaUrl="#DCDevelopment">
		<SimpleData name="OBJECTID">364</SimpleData>
		<SimpleData name="PROJECTNAME">National Museum of African-American History &amp; Culture</SimpleData>
		<SimpleData name="WARD">2</SimpleData>
		<SimpleData name="LOCATION">1400 Constitution Ave NW</SimpleData>
		<SimpleData name="DEVELOPER">Smithsonian Institution</SimpleData>
		<SimpleData name="PROJECTTYPE">Hospitality</SimpleData>
		<SimpleData name="TYPE_SQFT">400000</SimpleData>
		<SimpleData name="ESTVALUEINMILLION">385000000</SimpleData>
		<SimpleData name="STATUS">Under Construction</SimpleData>
		<SimpleData name="REPORT_EDITION_YEAR">2016-2019</SimpleData>
		<SimpleData name="ARCHITECT">Davis Brody Bond Aedas LLP / Adjaye Associates / SmithGroupJJR / Freelon Group  </SimpleData>
		<SimpleData name="LAST_EDITED_USER">SDE</SimpleData>
		<SimpleData name="LAST_EDITED_DATE">2025/10/16 20:10:22+00</SimpleData>
		<SimpleData name="GLOBALID">{6CC15E55-A1C4-4B3D-A8E0-0C905EAA136E}</SimpleData>
	</SchemaData></ExtendedData>
  </Placemark>
  <Placemark>
	<ExtendedData><SchemaData schemaUrl="#DCDevelopment">
		<SimpleData name="OBJECTID">365</SimpleData>
		<SimpleData name="PROJECTNAME">CityCenterDC (Conrad Hotel)</SimpleData>
		<SimpleData name="WARD">2</SimpleData>
		<SimpleData name="LOCATION">950 New York Ave., NW</SimpleData>
		<SimpleData name="DEVELOPER">Hines / Qatari Diar</SimpleData>
		<SimpleData name="PROJECTTYPE">Hospitality</SimpleData>
		<SimpleData name="TYPE_SQFT">382000</SimpleData>
		<SimpleData name="UNITS">360</SimpleData>
		<SimpleData name="ESTVALUEINMILLION">270000000</SimpleData>
		<SimpleData name="STATUS">Under Construction</SimpleData>
		<SimpleData name="REPORT_EDITION_YEAR">2016-2019</SimpleData>
		<SimpleData name="ARCHITECT">Herzog &amp; de Meuron / HKS PC</SimpleData>
		<SimpleData name="LAST_EDITED_USER">SDE</SimpleData>
		<SimpleData name="LAST_EDITED_DATE">2025/10/16 20:10:22+00</SimpleData>
		<SimpleData name="GLOBALID">{564E1E05-A202-47B9-8B67-4987F2075047}</SimpleData>
	</SchemaData></ExtendedData>
  </Placemark>
  <Placemark>
	<ExtendedData><SchemaData schemaUrl="#DCDevelopment">
		<SimpleData name="OBJECTID">366</SimpleData>
		<SimpleData name="PROJECTNAME">D.C. United Stadium</SimpleData>
		<SimpleData name="WARD">6</SimpleData>
		<SimpleData name="LOCATION">100 Potomac Ave., SW</SimpleData>
		<SimpleData name="DEVELOPER">DC Government / D.C. United</SimpleData>
		<SimpleData name="PROJECTTYPE">Hospitality</SimpleData>
		<SimpleData name="TYPE_SQFT">358126</SimpleData>
		<SimpleData name="ESTVALUEINMILLION">287000000</SimpleData>
		<SimpleData name="STATUS">Under Construction</SimpleData>
		<SimpleData name="REPORT_EDITION_YEAR">2016-2019</SimpleData>
		<SimpleData name="ARCHITECT">Populous / Marshall | Moya Design</SimpleData>
		<SimpleData name="LAST_EDITED_USER">SDE</SimpleData>
		<SimpleData name="LAST_EDITED_DATE">2025/10/16 20:10:22+00</SimpleData>
		<SimpleData name="GLOBALID">{32329664-2E65-45BA-B90B-59EF25F37653}</SimpleData>
	</SchemaData></ExtendedData>
  </Placemark>
  <Placemark>
	<ExtendedData><SchemaData schemaUrl="#DCDevelopment">
		<SimpleData name="OBJECTID">367</SimpleData>
		<SimpleData name="PROJECTNAME">Columbia Place</SimpleData>
		<SimpleData name="WARD">2</SimpleData>
		<SimpleData name="LOCATION">901 L St., NW</SimpleData>
		<SimpleData name="DEVELOPER">Capstone Development / Marriott / Quadrangle Development</SimpleData>
		<SimpleData name="PROJECTTYPE">Hospitality</SimpleData>
		<SimpleData name="TYPE_SQFT">350000</SimpleData>
		<SimpleData name="UNITS">504</SimpleData>
		<SimpleData name="ESTVALUEINMILLION">225000000</SimpleData>
		<SimpleData name="STATUS">Under Construction</SimpleData>
		<SimpleData name="REPORT_EDITION_YEAR">2016-2019</SimpleData>
		<SimpleData name="ARCHITECT">Cooper Carry</SimpleData>
		<SimpleData name="LAST_EDITED_USER">SDE</SimpleData>
		<SimpleData name="LAST_EDITED_DATE">2025/10/16 20:10:22+00</SimpleData>
		<SimpleData name="GLOBALID">{ACA77584-17E5-46DA-8577-10FB16E0D779}</SimpleData>
	</SchemaData></ExtendedData>
  </Placemark>
  <Placemark>
	<ExtendedData><SchemaData schemaUrl="#DCDevelopment">
		<SimpleData name="OBJECTID">368</SimpleData>
		<SimpleData name="PROJECTNAME">The Line DC</SimpleData>
		<SimpleData name="WARD">1</SimpleData>
		<SimpleData name="LOCATION">1780 Columbia Rd., NW</SimpleData>
		<SimpleData name="DEVELOPER">Sydell Group / Foxhall Partners / Friedman Capital Advisors</SimpleData>
		<SimpleData name="PROJECTTYPE">Hospitality</SimpleData>
		<SimpleData name="TYPE_SQFT">176671</SimpleData>
		<SimpleData name="UNITS">227</SimpleData>
		<SimpleData name="ESTVALUEINMILLION">100000000</SimpleData>
		<SimpleData name="STATUS">Under Construction</SimpleData>
		<SimpleData name="REPORT_EDITION_YEAR">2016-2019</SimpleData>
		<SimpleData name="ARCHITECT">OPX</SimpleData>
		<SimpleData name="LAST_EDITED_USER">SDE</SimpleData>
		<SimpleData name="LAST_EDITED_DATE">2025/10/16 20:10:22+00</SimpleData>
		<SimpleData name="GLOBALID">{AF242D8B-7BCB-45EE-A4EE-E9A5D1D17CB9}</SimpleData>
	</SchemaData></ExtendedData>
  </Placemark>
  <Placemark>
	<ExtendedData><SchemaData schemaUrl="#DCDevelopment">
		<SimpleData name="OBJECTID">369</SimpleData>
		<SimpleData name="PROJECTNAME">International Spy Museum</SimpleData>
		<SimpleData name="WARD">6</SimpleData>
		<SimpleData name="LOCATION">900 L'Enfant Plaza, SW</SimpleData>
		<SimpleData name="DEVELOPER">The JBG Companies / International Spy Museum</SimpleData>
		<SimpleData name="PROJECTTYPE">Hospitality</SimpleData>
		<SimpleData name="TYPE_SQFT">140000</SimpleData>
		<SimpleData name="ESTVALUEINMILLION">162000000</SimpleData>
		<SimpleData name="STATUS">Under Construction</SimpleData>
		<SimpleData name="REPORT_EDITION_YEAR">2016-2019</SimpleData>
		<SimpleData name="ARCHITECT">Hickok Cole Architects / Rogers Stirk Harbour + Partners</SimpleData>
		<SimpleData name="LAST_EDITED_USER">SDE</SimpleData>
		<SimpleData name="LAST_EDITED_DATE">2025/10/16 20:10:22+00</SimpleData>
		<SimpleData name="GLOBALID">{085C2EA2-F6FD-46FA-8E80-8B4C24EF0E14}</SimpleData>
	</SchemaData></ExtendedData>
  </Placemark>
  <Placemark>
	<ExtendedData><SchemaData schemaUrl="#DCDevelopment">
		<SimpleData name="OBJECTID">370</SimpleData>
		<SimpleData name="PROJECTNAME">Homewood Suites</SimpleData>
		<SimpleData name="WARD">6</SimpleData>
		<SimpleData name="LOCATION">50 M St., SE</SimpleData>
		<SimpleData name="DEVELOPER">Englewood LLC / C/G Investments</SimpleData>
		<SimpleData name="PROJECTTYPE">Hospitality</SimpleData>
		<SimpleData name="TYPE_SQFT">135200</SimpleData>
		<SimpleData name="UNITS">195</SimpleData>
		<SimpleData name="ESTVALUEINMILLION">60000000</SimpleData>
		<SimpleData name="STATUS">Under Construction</SimpleData>
		<SimpleData name="REPORT_EDITION_YEAR">2016-2019</SimpleData>
		<SimpleData name="ARCHITECT">Cooper Carry</SimpleData>
		<SimpleData name="LAST_EDITED_USER">SDE</SimpleData>
		<SimpleData name="LAST_EDITED_DATE">2025/10/16 20:10:22+00</SimpleData>
		<SimpleData name="GLOBALID">{432A94EB-6B45-4596-8F30-6997D5F7C345}</SimpleData>
	</SchemaData></ExtendedData>
  </Placemark>
  <Placemark>
	<ExtendedData><SchemaData schemaUrl="#DCDevelopment">
		<SimpleData name="OBJECTID">371</SimpleData>
		<SimpleData name="PROJECTNAME">SLS Lux Hotel &amp; Residences</SimpleData>
		<SimpleData name="WARD">6</SimpleData>
		<SimpleData name="LOCATION">901 5th St., NW</SimpleData>
		<SimpleData name="DEVELOPER">Peebles Corporation / MacFarlane Partners</SimpleData>
		<SimpleData name="PROJECTTYPE">Hospitality</SimpleData>
		<SimpleData name="TYPE_SQFT">137950</SimpleData>
		<SimpleData name="UNITS">198</SimpleData>
		<SimpleData name="ESTVALUEINMILLION">135000000</SimpleData>
		<SimpleData name="ESTDELIVERY">2019</SimpleData>
		<SimpleData name="STATUS">Pipeline</SimpleData>
		<SimpleData name="REPORT_EDITION_YEAR">2016-2019</SimpleData>
		<SimpleData name="ARCHITECT">WDG Architecture</SimpleData>
		<SimpleData name="LAST_EDITED_USER">SDE</SimpleData>
		<SimpleData name="LAST_EDITED_DATE">2025/10/16 20:10:22+00</SimpleData>
		<SimpleData name="GLOBALID">{0E848413-558F-444A-8026-6252EB1ADE1E}</SimpleData>
	</SchemaData></ExtendedData>
  </Placemark>
  <Placemark>
	<ExtendedData><SchemaData schemaUrl="#DCDevelopment">
		<SimpleData name="OBJECTID">372</SimpleData>
		<SimpleData name="PROJECTNAME">555 E Street</SimpleData>
		<SimpleData name="WARD">6</SimpleData>
		<SimpleData name="LOCATION">555 E St., SW</SimpleData>
		<SimpleData name="DEVELOPER">CityPartners / Potomac Investment Prop.</SimpleData>
		<SimpleData name="PROJECTTYPE">Hospitality</SimpleData>
		<SimpleData name="TYPE_SQFT">131500</SimpleData>
		<SimpleData name="UNITS">190</SimpleData>
		<SimpleData name="ESTVALUEINMILLION">120000000</SimpleData>
		<SimpleData name="ESTDELIVERY">2019</SimpleData>
		<SimpleData name="STATUS">Pipeline</SimpleData>
		<SimpleData name="REPORT_EDITION_YEAR">2016-2019</SimpleData>
		<SimpleData name="ARCHITECT">Fxfowle Architects</SimpleData>
		<SimpleData name="LAST_EDITED_USER">SDE</SimpleData>
		<SimpleData name="LAST_EDITED_DATE">2025/10/16 20:10:22+00</SimpleData>
		<SimpleData name="GLOBALID">{6A7C9A2E-6F31-49BD-B6FA-D191116E0C18}</SimpleData>
	</SchemaData></ExtendedData>
  </Placemark>
  <Placemark>
	<ExtendedData><SchemaData schemaUrl="#DCDevelopment">
		<SimpleData name="OBJECTID">373</SimpleData>
		<SimpleData name="PROJECTNAME">Latham Hotel</SimpleData>
		<SimpleData name="WARD">2</SimpleData>
		<SimpleData name="LOCATION">3000 M St., NW</SimpleData>
		<SimpleData name="DEVELOPER">Thor Equities</SimpleData>
		<SimpleData name="PROJECTTYPE">Hospitality</SimpleData>
		<SimpleData name="TYPE_SQFT">99555</SimpleData>
		<SimpleData name="UNITS">82</SimpleData>
		<SimpleData name="ESTDELIVERY">2019</SimpleData>
		<SimpleData name="STATUS">Pipeline</SimpleData>
		<SimpleData name="REPORT_EDITION_YEAR">2016-2019</SimpleData>
		<SimpleData name="ARCHITECT">Shalom Baranes Associates</SimpleData>
		<SimpleData name="LAST_EDITED_USER">SDE</SimpleData>
		<SimpleData name="LAST_EDITED_DATE">2025/10/16 20:10:22+00</SimpleData>
		<SimpleData name="GLOBALID">{4AA91CFA-A387-499C-A899-7CB56D88F4FA}</SimpleData>
	</SchemaData></ExtendedData>
  </Placemark>
  <Placemark>
	<ExtendedData><SchemaData schemaUrl="#DCDevelopment">
		<SimpleData name="OBJECTID">374</SimpleData>
		<SimpleData name="PROJECTNAME">Press House at Union District</SimpleData>
		<SimpleData name="WARD">6</SimpleData>
		<SimpleData name="LOCATION">301 N St., NE</SimpleData>
		<SimpleData name="DEVELOPER">Foulger-Pratt</SimpleData>
		<SimpleData name="PROJECTTYPE">Hospitality</SimpleData>
		<SimpleData name="TYPE_SQFT">80366</SimpleData>
		<SimpleData name="UNITS">175</SimpleData>
		<SimpleData name="ESTVALUEINMILLION">150000000</SimpleData>
		<SimpleData name="ESTDELIVERY">2019</SimpleData>
		<SimpleData name="STATUS">Pipeline</SimpleData>
		<SimpleData name="REPORT_EDITION_YEAR">2016-2019</SimpleData>
		<SimpleData name="ARCHITECT">AA Studio / Torti Gallas and Partners</SimpleData>
		<SimpleData name="LAST_EDITED_USER">SDE</SimpleData>
		<SimpleData name="LAST_EDITED_DATE">2025/10/16 20:10:22+00</SimpleData>
		<SimpleData name="GLOBALID">{9729DB85-BB50-4D29-AAA2-C76B4BE33D63}</SimpleData>
	</SchemaData></ExtendedData>
  </Placemark>
  <Placemark>
	<ExtendedData><SchemaData schemaUrl="#DCDevelopment">
		<SimpleData name="OBJECTID">375</SimpleData>
		<SimpleData name="PROJECTNAME">ShowPlace Icon</SimpleData>
		<SimpleData name="WARD">6</SimpleData>
		<SimpleData name="LOCATION">N Pl. &amp; 1 1/2 St., SE</SimpleData>
		<SimpleData name="DEVELOPER">Forest City Washington</SimpleData>
		<SimpleData name="PROJECTTYPE">Hospitality</SimpleData>
		<SimpleData name="TYPE_SQFT">66400</SimpleData>
		<SimpleData name="ESTDELIVERY">2018</SimpleData>
		<SimpleData name="STATUS">Pipeline</SimpleData>
		<SimpleData name="REPORT_EDITION_YEAR">2016-2019</SimpleData>
		<SimpleData name="ARCHITECT">RTKL Associates</SimpleData>
		<SimpleData name="LAST_EDITED_USER">SDE</SimpleData>
		<SimpleData name="LAST_EDITED_DATE">2025/10/16 20:10:22+00</SimpleData>
		<SimpleData name="GLOBALID">{FB564B8B-3B26-4BD8-952F-0DED7F32886D}</SimpleData>
	</SchemaData></ExtendedData>
  </Placemark>
  <Placemark>
	<ExtendedData><SchemaData schemaUrl="#DCDevelopment">
		<SimpleData name="OBJECTID">376</SimpleData>
		<SimpleData name="PROJECTNAME">Beacon Center</SimpleData>
		<SimpleData name="WARD">4</SimpleData>
		<SimpleData name="LOCATION">6100 Georgia Ave., NW</SimpleData>
		<SimpleData name="DEVELOPER">Community Builders / Emory United Methodist Church</SimpleData>
		<SimpleData name="PROJECTTYPE">Hospitality</SimpleData>
		<SimpleData name="TYPE_SQFT">58000</SimpleData>
		<SimpleData name="ESTVALUEINMILLION">36000000</SimpleData>
		<SimpleData name="ESTDELIVERY">2018</SimpleData>
		<SimpleData name="STATUS">Pipeline</SimpleData>
		<SimpleData name="REPORT_EDITION_YEAR">2016-2019</SimpleData>
		<SimpleData name="ARCHITECT">Torti Gallas Urban, Inc.</SimpleData>
		<SimpleData name="LAST_EDITED_USER">SDE</SimpleData>
		<SimpleData name="LAST_EDITED_DATE">2025/10/16 20:10:22+00</SimpleData>
		<SimpleData name="GLOBALID">{EB617BED-197A-4788-AB20-A7D2CC40DCF4}</SimpleData>
	</SchemaData></ExtendedData>
  </Placemark>
  <Placemark>
	<ExtendedData><SchemaData schemaUrl="#DCDevelopment">
		<SimpleData name="OBJECTID">377</SimpleData>
		<SimpleData name="PROJECTNAME">Cleveland Park Library</SimpleData>
		<SimpleData name="WARD">3</SimpleData>
		<SimpleData name="LOCATION">3310 Connecticut Ave., NW</SimpleData>
		<SimpleData name="DEVELOPER">DC Public Library</SimpleData>
		<SimpleData name="PROJECTTYPE">Hospitality</SimpleData>
		<SimpleData name="TYPE_SQFT">26710</SimpleData>
		<SimpleData name="ESTVALUEINMILLION">20000000</SimpleData>
		<SimpleData name="ESTDELIVERY">2018</SimpleData>
		<SimpleData name="STATUS">Pipeline</SimpleData>
		<SimpleData name="REPORT_EDITION_YEAR">2016-2019</SimpleData>
		<SimpleData name="ARCHITECT">Perkins Eastman DC</SimpleData>
		<SimpleData name="LAST_EDITED_USER">SDE</SimpleData>
		<SimpleData name="LAST_EDITED_DATE">2025/10/16 20:10:22+00</SimpleData>
		<SimpleData name="GLOBALID">{43F3A285-B4C2-47D2-8982-55BD1707DBDD}</SimpleData>
	</SchemaData></ExtendedData>
  </Placemark>
  <Placemark>
	<ExtendedData><SchemaData schemaUrl="#DCDevelopment">
		<SimpleData name="OBJECTID">378</SimpleData>
		<SimpleData name="PROJECTNAME">Center Building (DHS HQ)</SimpleData>
		<SimpleData name="WARD">8</SimpleData>
		<SimpleData name="LOCATION">St. Elizabeths West Campus</SimpleData>
		<SimpleData name="DEVELOPER">General Services Administration</SimpleData>
		<SimpleData name="PROJECTTYPE">Office</SimpleData>
		<SimpleData name="TYPE_SQFT">284000</SimpleData>
		<SimpleData name="ESTVALUEINMILLION">155000000</SimpleData>
		<SimpleData name="STATUS">Under Construction</SimpleData>
		<SimpleData name="REPORT_EDITION_YEAR">2016-2019</SimpleData>
		<SimpleData name="ARCHITECT">Shalom Baranes Associates</SimpleData>
		<SimpleData name="LAST_EDITED_USER">SDE</SimpleData>
		<SimpleData name="LAST_EDITED_DATE">2025/10/16 20:11:02+00</SimpleData>
		<SimpleData name="GLOBALID">{77B1993A-2E05-4C83-A486-353228CA6FC4}</SimpleData>
	</SchemaData></ExtendedData>
  </Placemark>
  <Placemark>
	<ExtendedData><SchemaData schemaUrl="#DCDevelopment">
		<SimpleData name="OBJECTID">379</SimpleData>
		<SimpleData name="PROJECTNAME">One Freedom Plaza</SimpleData>
		<SimpleData name="WARD">2</SimpleData>
		<SimpleData name="LOCATION">1301 Pennsylvania Ave., NW</SimpleData>
		<SimpleData name="DEVELOPER">Quadrangle Development</SimpleData>
		<SimpleData name="PROJECTTYPE">Office</SimpleData>
		<SimpleData name="TYPE_SQFT">270040</SimpleData>
		<SimpleData name="STATUS">Under Construction</SimpleData>
		<SimpleData name="REPORT_EDITION_YEAR">2016-2019</SimpleData>
		<SimpleData name="ARCHITECT">JAHN</SimpleData>
		<SimpleData name="LAST_EDITED_USER">SDE</SimpleData>
		<SimpleData name="LAST_EDITED_DATE">2025/10/16 20:11:02+00</SimpleData>
		<SimpleData name="GLOBALID">{76580AE9-DB30-46B3-B8BB-1E995687F1C9}</SimpleData>
	</SchemaData></ExtendedData>
  </Placemark>
  <Placemark>
	<ExtendedData><SchemaData schemaUrl="#DCDevelopment">
		<SimpleData name="OBJECTID">380</SimpleData>
		<SimpleData name="PROJECTNAME">2112 Pennsylvania Avenue</SimpleData>
		<SimpleData name="WARD">2</SimpleData>
		<SimpleData name="LOCATION">2110 Pennsylvania Ave., NW</SimpleData>
		<SimpleData name="DEVELOPER">Skanska / GWU</SimpleData>
		<SimpleData name="PROJECTTYPE">Office</SimpleData>
		<SimpleData name="TYPE_SQFT">243500</SimpleData>
		<SimpleData name="ESTVALUEINMILLION">125000000</SimpleData>
		<SimpleData name="STATUS">Under Construction</SimpleData>
		<SimpleData name="REPORT_EDITION_YEAR">2016-2019</SimpleData>
		<SimpleData name="ARCHITECT">Gensler</SimpleData>
		<SimpleData name="LAST_EDITED_USER">SDE</SimpleData>
		<SimpleData name="LAST_EDITED_DATE">2025/10/16 20:11:02+00</SimpleData>
		<SimpleData name="GLOBALID">{A1F45E14-25F9-4FF2-BF8A-657C94835A95}</SimpleData>
	</SchemaData></ExtendedData>
  </Placemark>
  <Placemark>
	<ExtendedData><SchemaData schemaUrl="#DCDevelopment">
		<SimpleData name="OBJECTID">381</SimpleData>
		<SimpleData name="PROJECTNAME">44 &amp; 88 M Street at Tyber Place</SimpleData>
		<SimpleData name="WARD">6</SimpleData>
		<SimpleData name="LOCATION">44 &amp; 88 M St., NE</SimpleData>
		<SimpleData name="DEVELOPER">Skanska USA</SimpleData>
		<SimpleData name="PROJECTTYPE">Office</SimpleData>
		<SimpleData name="TYPE_SQFT">540100</SimpleData>
		<SimpleData name="ESTVALUEINMILLION">200000000</SimpleData>
		<SimpleData name="STATUS">Pipeline</SimpleData>
		<SimpleData name="REPORT_EDITION_YEAR">2016-2019</SimpleData>
		<SimpleData name="ARCHITECT">Davis, Carter, Scott</SimpleData>
		<SimpleData name="LAST_EDITED_USER">SDE</SimpleData>
		<SimpleData name="LAST_EDITED_DATE">2025/10/16 20:11:02+00</SimpleData>
		<SimpleData name="GLOBALID">{7FC5F8EF-8089-40E3-A77D-9FAC125B5E1B}</SimpleData>
	</SchemaData></ExtendedData>
  </Placemark>
  <Placemark>
	<ExtendedData><SchemaData schemaUrl="#DCDevelopment">
		<SimpleData name="OBJECTID">382</SimpleData>
		<SimpleData name="PROJECTNAME">Lacebark Alley</SimpleData>
		<SimpleData name="WARD">6</SimpleData>
		<SimpleData name="LOCATION">51 N St., 50 Patterson St. &amp; 1250 1st St., NE</SimpleData>
		<SimpleData name="DEVELOPER">The JBG Companies / Brandywine Realty Trust</SimpleData>
		<SimpleData name="PROJECTTYPE">Office</SimpleData>
		<SimpleData name="TYPE_SQFT">366161</SimpleData>
		<SimpleData name="ESTVALUEINMILLION">275000000</SimpleData>
		<SimpleData name="ESTDELIVERY">2018</SimpleData>
		<SimpleData name="STATUS">Pipeline</SimpleData>
		<SimpleData name="REPORT_EDITION_YEAR">2016-2019</SimpleData>
		<SimpleData name="ARCHITECT">Shalom Baranes Associates / Cooper Carry</SimpleData>
		<SimpleData name="LAST_EDITED_USER">SDE</SimpleData>
		<SimpleData name="LAST_EDITED_DATE">2025/10/16 20:11:02+00</SimpleData>
		<SimpleData name="GLOBALID">{30E8576F-307E-4977-8249-85E45477A748}</SimpleData>
	</SchemaData></ExtendedData>
  </Placemark>
  <Placemark>
	<ExtendedData><SchemaData schemaUrl="#DCDevelopment">
		<SimpleData name="OBJECTID">383</SimpleData>
		<SimpleData name="PROJECTNAME">2050 M Street</SimpleData>
		<SimpleData name="WARD">2</SimpleData>
		<SimpleData name="LOCATION">2050 M St., NW</SimpleData>
		<SimpleData name="DEVELOPER">Tishman Speyer</SimpleData>
		<SimpleData name="PROJECTTYPE">Office</SimpleData>
		<SimpleData name="TYPE_SQFT">359040</SimpleData>
		<SimpleData name="ESTDELIVERY">2019</SimpleData>
		<SimpleData name="STATUS">Pipeline</SimpleData>
		<SimpleData name="REPORT_EDITION_YEAR">2016-2019</SimpleData>
		<SimpleData name="ARCHITECT">REX Architecture PC</SimpleData>
		<SimpleData name="LAST_EDITED_USER">SDE</SimpleData>
		<SimpleData name="LAST_EDITED_DATE">2025/10/16 20:11:02+00</SimpleData>
		<SimpleData name="GLOBALID">{CABC67D6-7379-4B61-B595-02805325CCAA}</SimpleData>
	</SchemaData></ExtendedData>
  </Placemark>
  <Placemark>
	<ExtendedData><SchemaData schemaUrl="#DCDevelopment">
		<SimpleData name="OBJECTID">384</SimpleData>
		<SimpleData name="PROJECTNAME">Anthem Row</SimpleData>
		<SimpleData name="WARD">2</SimpleData>
		<SimpleData name="LOCATION">800 K St., NW</SimpleData>
		<SimpleData name="DEVELOPER">The Meridian Group</SimpleData>
		<SimpleData name="PROJECTTYPE">Office</SimpleData>
		<SimpleData name="TYPE_SQFT">200000</SimpleData>
		<SimpleData name="STATUS">Pipeline</SimpleData>
		<SimpleData name="REPORT_EDITION_YEAR">2016-2019</SimpleData>
		<SimpleData name="ARCHITECT">Hickok Cole Architects</SimpleData>
		<SimpleData name="LAST_EDITED_USER">SDE</SimpleData>
		<SimpleData name="LAST_EDITED_DATE">2025/10/16 20:11:02+00</SimpleData>
		<SimpleData name="GLOBALID">{157998CC-09A4-408A-B8F8-362D6A2EE0FE}</SimpleData>
	</SchemaData></ExtendedData>
  </Placemark>
  <Placemark>
	<ExtendedData><SchemaData schemaUrl="#DCDevelopment">
		<SimpleData name="OBJECTID">385</SimpleData>
		<SimpleData name="PROJECTNAME">2100 L Street</SimpleData>
		<SimpleData name="WARD">2</SimpleData>
		<SimpleData name="LOCATION">2100 L St., NW</SimpleData>
		<SimpleData name="DEVELOPER">Akridge / Argos Group</SimpleData>
		<SimpleData name="PROJECTTYPE">Office</SimpleData>
		<SimpleData name="TYPE_SQFT">182000</SimpleData>
		<SimpleData name="ESTVALUEINMILLION">147000000</SimpleData>
		<SimpleData name="ESTDELIVERY">2019</SimpleData>
		<SimpleData name="STATUS">Pipeline</SimpleData>
		<SimpleData name="REPORT_EDITION_YEAR">2016-2019</SimpleData>
		<SimpleData name="ARCHITECT">WDG Architecture / Jan Hendrix / Martinez &amp; Johnson</SimpleData>
		<SimpleData name="LAST_EDITED_USER">SDE</SimpleData>
		<SimpleData name="LAST_EDITED_DATE">2025/10/16 20:11:02+00</SimpleData>
		<SimpleData name="GLOBALID">{06FAC113-5F87-4906-853E-B5B06273D701}</SimpleData>
	</SchemaData></ExtendedData>
  </Placemark>
  <Placemark>
	<ExtendedData><SchemaData schemaUrl="#DCDevelopment">
		<SimpleData name="OBJECTID">386</SimpleData>
		<SimpleData name="PROJECTNAME">DC Water HQ</SimpleData>
		<SimpleData name="WARD">6</SimpleData>
		<SimpleData name="LOCATION">125 O St., SE</SimpleData>
		<SimpleData name="DEVELOPER">DC Water</SimpleData>
		<SimpleData name="PROJECTTYPE">Office</SimpleData>
		<SimpleData name="TYPE_SQFT">151300</SimpleData>
		<SimpleData name="ESTVALUEINMILLION">60000000</SimpleData>
		<SimpleData name="ESTDELIVERY">2017</SimpleData>
		<SimpleData name="STATUS">Pipeline</SimpleData>
		<SimpleData name="REPORT_EDITION_YEAR">2016-2019</SimpleData>
		<SimpleData name="ARCHITECT">SmithGroupJJR</SimpleData>
		<SimpleData name="LAST_EDITED_USER">SDE</SimpleData>
		<SimpleData name="LAST_EDITED_DATE">2025/10/16 20:11:02+00</SimpleData>
		<SimpleData name="GLOBALID">{679C354D-DF99-4F31-88D1-8BFBA605BD77}</SimpleData>
	</SchemaData></ExtendedData>
  </Placemark>
  <Placemark>
	<ExtendedData><SchemaData schemaUrl="#DCDevelopment">
		<SimpleData name="OBJECTID">387</SimpleData>
		<SimpleData name="PROJECTNAME">1101 16th Street</SimpleData>
		<SimpleData name="WARD">2</SimpleData>
		<SimpleData name="LOCATION">1101 16th St., NW</SimpleData>
		<SimpleData name="DEVELOPER">Akridge</SimpleData>
		<SimpleData name="PROJECTTYPE">Office</SimpleData>
		<SimpleData name="TYPE_SQFT">100000</SimpleData>
		<SimpleData name="ESTVALUEINMILLION">95000000</SimpleData>
		<SimpleData name="STATUS">Pipeline</SimpleData>
		<SimpleData name="REPORT_EDITION_YEAR">2016-2019</SimpleData>
		<SimpleData name="ARCHITECT">HOK</SimpleData>
		<SimpleData name="LAST_EDITED_USER">SDE</SimpleData>
		<SimpleData name="LAST_EDITED_DATE">2025/10/16 20:11:02+00</SimpleData>
		<SimpleData name="GLOBALID">{23903054-9AE5-4277-A0B6-BFD0117C988E}</SimpleData>
	</SchemaData></ExtendedData>
  </Placemark>
  <Placemark>
	<ExtendedData><SchemaData schemaUrl="#DCDevelopment">
		<SimpleData name="OBJECTID">388</SimpleData>
		<SimpleData name="PROJECTNAME">1701 Rhode Island Avenue</SimpleData>
		<SimpleData name="WARD">2</SimpleData>
		<SimpleData name="LOCATION">1701 Rhode Island Ave., NW</SimpleData>
		<SimpleData name="DEVELOPER">Akridge</SimpleData>
		<SimpleData name="PROJECTTYPE">Office</SimpleData>
		<SimpleData name="TYPE_SQFT">100000</SimpleData>
		<SimpleData name="ESTVALUEINMILLION">88000000</SimpleData>
		<SimpleData name="ESTDELIVERY">2018</SimpleData>
		<SimpleData name="STATUS">Pipeline</SimpleData>
		<SimpleData name="REPORT_EDITION_YEAR">2016-2019</SimpleData>
		<SimpleData name="ARCHITECT">Hickok Cole Architects</SimpleData>
		<SimpleData name="LAST_EDITED_USER">SDE</SimpleData>
		<SimpleData name="LAST_EDITED_DATE">2025/10/16 20:11:02+00</SimpleData>
		<SimpleData name="GLOBALID">{307F2063-7321-40A5-8116-567E55B928ED}</SimpleData>
	</SchemaData></ExtendedData>
  </Placemark>
  <Placemark>
	<ExtendedData><SchemaData schemaUrl="#DCDevelopment">
		<SimpleData name="OBJECTID">389</SimpleData>
		<SimpleData name="PROJECTNAME">Hecht Warehouse District (Hecht Building)</SimpleData>
		<SimpleData name="WARD">5</SimpleData>
		<SimpleData name="LOCATION">1401 New York Ave., NE</SimpleData>
		<SimpleData name="DEVELOPER">Douglas Development Corp.</SimpleData>
		<SimpleData name="PROJECTTYPE">Retail</SimpleData>
		<SimpleData name="TYPE_SQFT">201934</SimpleData>
		<SimpleData name="ESTVALUEINMILLION">120000000</SimpleData>
		<SimpleData name="STATUS">Completed</SimpleData>
		<SimpleData name="REPORT_EDITION_YEAR">2016-2019</SimpleData>
		<SimpleData name="ARCHITECT">Antunovich Associates</SimpleData>
		<SimpleData name="LAST_EDITED_USER">SDE</SimpleData>
		<SimpleData name="LAST_EDITED_DATE">2025/10/16 20:13:28+00</SimpleData>
		<SimpleData name="GLOBALID">{119D863F-500A-4845-9B5F-8F6E57E05EFE}</SimpleData>
	</SchemaData></ExtendedData>
  </Placemark>
  <Placemark>
	<ExtendedData><SchemaData schemaUrl="#DCDevelopment">
		<SimpleData name="OBJECTID">390</SimpleData>
		<SimpleData name="PROJECTNAME">The Shops at Dakota Crossing  (Lowe's)</SimpleData>
		<SimpleData name="WARD">5</SimpleData>
		<SimpleData name="LOCATION">2425 Market St., NE</SimpleData>
		<SimpleData name="DEVELOPER">Ft. Lincoln New Town Corp. / Trammell Crow / CSG Urban Partners</SimpleData>
		<SimpleData name="PROJECTTYPE">Retail</SimpleData>
		<SimpleData name="TYPE_SQFT">130000</SimpleData>
		<SimpleData name="ESTVALUEINMILLION">20000000</SimpleData>
		<SimpleData name="STATUS">Completed</SimpleData>
		<SimpleData name="REPORT_EDITION_YEAR">2016-2019</SimpleData>
		<SimpleData name="ARCHITECT">Bignell Watkins Hasser Architects</SimpleData>
		<SimpleData name="LAST_EDITED_USER">SDE</SimpleData>
		<SimpleData name="LAST_EDITED_DATE">2025/10/16 20:13:28+00</SimpleData>
		<SimpleData name="GLOBALID">{34C05461-5448-4C02-81E6-35E7D691847D}</SimpleData>
	</SchemaData></ExtendedData>
  </Placemark>
  <Placemark>
	<ExtendedData><SchemaData schemaUrl="#DCDevelopment">
		<SimpleData name="OBJECTID">391</SimpleData>
		<SimpleData name="PROJECTNAME">Manhattan Laundry</SimpleData>
		<SimpleData name="WARD">1</SimpleData>
		<SimpleData name="LOCATION">1328 - 1346 Florida Ave., NW</SimpleData>
		<SimpleData name="DEVELOPER">Douglas Development Corp.</SimpleData>
		<SimpleData name="PROJECTTYPE">Retail</SimpleData>
		<SimpleData name="TYPE_SQFT">30000</SimpleData>
		<SimpleData name="STATUS">Completed</SimpleData>
		<SimpleData name="REPORT_EDITION_YEAR">2016-2019</SimpleData>
		<SimpleData name="ARCHITECT">BLDG Architects</SimpleData>
		<SimpleData name="LAST_EDITED_USER">SDE</SimpleData>
		<SimpleData name="LAST_EDITED_DATE">2025/10/16 20:13:28+00</SimpleData>
		<SimpleData name="GLOBALID">{1726B315-4388-4D9B-B266-BE78D103BADB}</SimpleData>
	</SchemaData></ExtendedData>
  </Placemark>
  <Placemark>
	<ExtendedData><SchemaData schemaUrl="#DCDevelopment">
		<SimpleData name="OBJECTID">392</SimpleData>
		<SimpleData name="PROJECTNAME">The Shay</SimpleData>
		<SimpleData name="WARD">1</SimpleData>
		<SimpleData name="LOCATION">1921 &amp; 1924 8th St., NW</SimpleData>
		<SimpleData name="DEVELOPER">The JBG Companies</SimpleData>
		<SimpleData name="PROJECTTYPE">Retail</SimpleData>
		<SimpleData name="TYPE_SQFT">28000</SimpleData>
		<SimpleData name="ESTVALUEINMILLION">50000000</SimpleData>
		<SimpleData name="STATUS">Completed</SimpleData>
		<SimpleData name="REPORT_EDITION_YEAR">2016-2019</SimpleData>
		<SimpleData name="ARCHITECT">Miller Hull / BKV Group</SimpleData>
		<SimpleData name="LAST_EDITED_USER">SDE</SimpleData>
		<SimpleData name="LAST_EDITED_DATE">2025/10/16 20:13:28+00</SimpleData>
		<SimpleData name="GLOBALID">{F1881388-351F-4FA8-826D-F1B04DBCDD63}</SimpleData>
	</SchemaData></ExtendedData>
  </Placemark>
  <Placemark>
	<ExtendedData><SchemaData schemaUrl="#DCDevelopment">
		<SimpleData name="OBJECTID">393</SimpleData>
		<SimpleData name="PROJECTNAME">Arris</SimpleData>
		<SimpleData name="WARD">6</SimpleData>
		<SimpleData name="LOCATION">1331 4th St., SE</SimpleData>
		<SimpleData name="DEVELOPER">Forest City Washington</SimpleData>
		<SimpleData name="PROJECTTYPE">Retail</SimpleData>
		<SimpleData name="TYPE_SQFT">20000</SimpleData>
		<SimpleData name="ESTVALUEINMILLION">100000000</SimpleData>
		<SimpleData name="STATUS">Completed</SimpleData>
		<SimpleData name="REPORT_EDITION_YEAR">2016-2019</SimpleData>
		<SimpleData name="ARCHITECT">Robert A M Stern Architects / WDG Architecture</SimpleData>
		<SimpleData name="LAST_EDITED_USER">SDE</SimpleData>
		<SimpleData name="LAST_EDITED_DATE">2025/10/16 20:13:28+00</SimpleData>
		<SimpleData name="GLOBALID">{8054AFA7-9E0D-4720-B679-86CC102BCA00}</SimpleData>
	</SchemaData></ExtendedData>
  </Placemark>
  <Placemark>
	<ExtendedData><SchemaData schemaUrl="#DCDevelopment">
		<SimpleData name="OBJECTID">394</SimpleData>
		<SimpleData name="PROJECTNAME">Dock 79</SimpleData>
		<SimpleData name="WARD">6</SimpleData>
		<SimpleData name="LOCATION">100 Potomac Ave., SE</SimpleData>
		<SimpleData name="DEVELOPER">MRP Realty / FRP Development Corp.</SimpleData>
		<SimpleData name="PROJECTTYPE">Retail</SimpleData>
		<SimpleData name="TYPE_SQFT">18650</SimpleData>
		<SimpleData name="ESTVALUEINMILLION">100000000</SimpleData>
		<SimpleData name="STATUS">Completed</SimpleData>
		<SimpleData name="REPORT_EDITION_YEAR">2016-2019</SimpleData>
		<SimpleData name="ARCHITECT">MRP Realty / FRP Development Corp.</SimpleData>
		<SimpleData name="LAST_EDITED_USER">SDE</SimpleData>
		<SimpleData name="LAST_EDITED_DATE">2025/10/16 20:13:28+00</SimpleData>
		<SimpleData name="GLOBALID">{03BE4FEB-8D79-4655-9F80-CFA5240287D7}</SimpleData>
	</SchemaData></ExtendedData>
  </Placemark>
  <Placemark>
	<ExtendedData><SchemaData schemaUrl="#DCDevelopment">
		<SimpleData name="OBJECTID">395</SimpleData>
		<SimpleData name="PROJECTNAME">601 Massachusetts Avenue</SimpleData>
		<SimpleData name="WARD">6</SimpleData>
		<SimpleData name="LOCATION">601 Massachusetts Ave., NW</SimpleData>
		<SimpleData name="DEVELOPER">Boston Properties</SimpleData>
		<SimpleData name="PROJECTTYPE">Retail</SimpleData>
		<SimpleData name="TYPE_SQFT">18300</SimpleData>
		<SimpleData name="ESTVALUEINMILLION">150000000</SimpleData>
		<SimpleData name="STATUS">Completed</SimpleData>
		<SimpleData name="REPORT_EDITION_YEAR">2016-2019</SimpleData>
		<SimpleData name="ARCHITECT">Duda Paine Architects</SimpleData>
		<SimpleData name="LAST_EDITED_USER">SDE</SimpleData>
		<SimpleData name="LAST_EDITED_DATE">2025/10/16 20:13:28+00</SimpleData>
		<SimpleData name="GLOBALID">{50F005E6-A3AD-4BDC-A731-C1B4C88DE310}</SimpleData>
	</SchemaData></ExtendedData>
  </Placemark>
  <Placemark>
	<ExtendedData><SchemaData schemaUrl="#DCDevelopment">
		<SimpleData name="OBJECTID">396</SimpleData>
		<SimpleData name="PROJECTNAME">Tenley View</SimpleData>
		<SimpleData name="WARD">3</SimpleData>
		<SimpleData name="LOCATION">4600 Wisconsin Ave., NW</SimpleData>
		<SimpleData name="DEVELOPER">Douglas Development Corp.</SimpleData>
		<SimpleData name="PROJECTTYPE">Retail</SimpleData>
		<SimpleData name="TYPE_SQFT">17400</SimpleData>
		<SimpleData name="STATUS">Completed</SimpleData>
		<SimpleData name="REPORT_EDITION_YEAR">2016-2019</SimpleData>
		<SimpleData name="ARCHITECT">Shalom Baranes Associates</SimpleData>
		<SimpleData name="LAST_EDITED_USER">SDE</SimpleData>
		<SimpleData name="LAST_EDITED_DATE">2025/10/16 20:13:28+00</SimpleData>
		<SimpleData name="GLOBALID">{59EB731E-1B91-443D-9715-F7A903C596D3}</SimpleData>
	</SchemaData></ExtendedData>
  </Placemark>
  <Placemark>
	<ExtendedData><SchemaData schemaUrl="#DCDevelopment">
		<SimpleData name="OBJECTID">397</SimpleData>
		<SimpleData name="PROJECTNAME">The Wharf (Ph I)</SimpleData>
		<SimpleData name="WARD">6</SimpleData>
		<SimpleData name="LOCATION">Southwest Waterfront</SimpleData>
		<SimpleData name="DEVELOPER">Hoffman-Madison Waterfront</SimpleData>
		<SimpleData name="PROJECTTYPE">Retail</SimpleData>
		<SimpleData name="TYPE_SQFT">190000</SimpleData>
		<SimpleData name="ESTVALUEINMILLION">1200000000</SimpleData>
		<SimpleData name="STATUS">Under Construction</SimpleData>
		<SimpleData name="REPORT_EDITION_YEAR">2016-2019</SimpleData>
		<SimpleData name="ARCHITECT">BBGM / Handel Architects / FOX Architects / Kohn Pedersen Fox &amp; Associates / MTFA Architecture / SK+I Architectural Design Group / SmithGroupJJR / WDG Architecture / Perkins Eastman DC</SimpleData>
		<SimpleData name="LAST_EDITED_USER">SDE</SimpleData>
		<SimpleData name="LAST_EDITED_DATE">2025/10/16 20:13:28+00</SimpleData>
		<SimpleData name="GLOBALID">{544E031F-C302-43AD-ABF5-DE8EA6BFC7E6}</SimpleData>
	</SchemaData></ExtendedData>
  </Placemark>
  <Placemark>
	<ExtendedData><SchemaData schemaUrl="#DCDevelopment">
		<SimpleData name="OBJECTID">398</SimpleData>
		<SimpleData name="PROJECTNAME">The Shops at Dakota Crossing  (Ph III)</SimpleData>
		<SimpleData name="WARD">5</SimpleData>
		<SimpleData name="LOCATION">New York &amp; South Dakota Aves., NE</SimpleData>
		<SimpleData name="DEVELOPER">Ft. Lincoln New Town Corp. / Trammell Crow / CSG Urban Partners</SimpleData>
		<SimpleData name="PROJECTTYPE">Retail</SimpleData>
		<SimpleData name="TYPE_SQFT">135000</SimpleData>
		<SimpleData name="ESTVALUEINMILLION">60000000</SimpleData>
		<SimpleData name="STATUS">Under Construction</SimpleData>
		<SimpleData name="REPORT_EDITION_YEAR">2016-2019</SimpleData>
		<SimpleData name="ARCHITECT">Bignell Watkins Hasser Architects</SimpleData>
		<SimpleData name="LAST_EDITED_USER">SDE</SimpleData>
		<SimpleData name="LAST_EDITED_DATE">2025/10/16 20:13:28+00</SimpleData>
		<SimpleData name="GLOBALID">{7BCD4BBB-32E3-4699-B311-63BF79DA508A}</SimpleData>
	</SchemaData></ExtendedData>
  </Placemark>
  <Placemark>
	<ExtendedData><SchemaData schemaUrl="#DCDevelopment">
		<SimpleData name="OBJECTID">399</SimpleData>
		<SimpleData name="PROJECTNAME">ART Place at Fort Totten (Ph I)</SimpleData>
		<SimpleData name="WARD">5</SimpleData>
		<SimpleData name="LOCATION">5180 South Dakota Ave., NE</SimpleData>
		<SimpleData name="DEVELOPER">Morris &amp; Gwendolyn Cafritz Foundation</SimpleData>
		<SimpleData name="PROJECTTYPE">Retail</SimpleData>
		<SimpleData name="TYPE_SQFT">104701</SimpleData>
		<SimpleData name="ESTVALUEINMILLION">125000000</SimpleData>
		<SimpleData name="STATUS">Under Construction</SimpleData>
		<SimpleData name="REPORT_EDITION_YEAR">2016-2019</SimpleData>
		<SimpleData name="ARCHITECT">EE&amp;K / MV+A Architects / Shalom Baranes Associates</SimpleData>
		<SimpleData name="LAST_EDITED_USER">SDE</SimpleData>
		<SimpleData name="LAST_EDITED_DATE">2025/10/16 20:13:28+00</SimpleData>
		<SimpleData name="GLOBALID">{CE81A1E7-34A1-47AA-9A40-D448A268A50B}</SimpleData>
	</SchemaData></ExtendedData>
  </Placemark>
  <Placemark>
	<ExtendedData><SchemaData schemaUrl="#DCDevelopment">
		<SimpleData name="OBJECTID">400</SimpleData>
		<SimpleData name="PROJECTNAME">Hecht Warehouse District (Pappas Building)</SimpleData>
		<SimpleData name="WARD">5</SimpleData>
		<SimpleData name="LOCATION">1401 Okie St., NE</SimpleData>
		<SimpleData name="DEVELOPER">Douglas Development Corp.</SimpleData>
		<SimpleData name="PROJECTTYPE">Retail</SimpleData>
		<SimpleData name="TYPE_SQFT">95335</SimpleData>
		<SimpleData name="ESTVALUEINMILLION">9000000</SimpleData>
		<SimpleData name="STATUS">Under Construction</SimpleData>
		<SimpleData name="REPORT_EDITION_YEAR">2016-2019</SimpleData>
		<SimpleData name="ARCHITECT">Antunovich Associates</SimpleData>
		<SimpleData name="LAST_EDITED_USER">SDE</SimpleData>
		<SimpleData name="LAST_EDITED_DATE">2025/10/16 20:13:28+00</SimpleData>
		<SimpleData name="GLOBALID">{8661329F-E895-4D5C-BE4C-BD1EF0DF4641}</SimpleData>
	</SchemaData></ExtendedData>
  </Placemark>
  <Placemark>
	<ExtendedData><SchemaData schemaUrl="#DCDevelopment">
		<SimpleData name="OBJECTID">401</SimpleData>
		<SimpleData name="PROJECTNAME">655 New York Avenue</SimpleData>
		<SimpleData name="WARD">6</SimpleData>
		<SimpleData name="LOCATION">655 New York Ave., NW</SimpleData>
		<SimpleData name="DEVELOPER">Douglas Development Corp. / Brookfield</SimpleData>
		<SimpleData name="PROJECTTYPE">Retail</SimpleData>
		<SimpleData name="TYPE_SQFT">80551</SimpleData>
		<SimpleData name="ESTVALUEINMILLION">185000000</SimpleData>
		<SimpleData name="STATUS">Under Construction</SimpleData>
		<SimpleData name="REPORT_EDITION_YEAR">2016-2019</SimpleData>
		<SimpleData name="ARCHITECT">Shalom Baranes Associates</SimpleData>
		<SimpleData name="LAST_EDITED_USER">SDE</SimpleData>
		<SimpleData name="LAST_EDITED_DATE">2025/10/16 20:13:28+00</SimpleData>
		<SimpleData name="GLOBALID">{0BB4D33A-3863-4511-B999-B5970C6C529E}</SimpleData>
	</SchemaData></ExtendedData>
  </Placemark>
  <Placemark>
	<ExtendedData><SchemaData schemaUrl="#DCDevelopment">
		<SimpleData name="OBJECTID">402</SimpleData>
		<SimpleData name="PROJECTNAME">700 Penn</SimpleData>
		<SimpleData name="WARD">6</SimpleData>
		<SimpleData name="LOCATION">700 Pennsylvania Ave., SE</SimpleData>
		<SimpleData name="DEVELOPER">Stanton Development / Eastbanc / Dantes Partners</SimpleData>
		<SimpleData name="PROJECTTYPE">Retail</SimpleData>
		<SimpleData name="TYPE_SQFT">60000</SimpleData>
		<SimpleData name="ESTVALUEINMILLION">227000000</SimpleData>
		<SimpleData name="STATUS">Under Construction</SimpleData>
		<SimpleData name="REPORT_EDITION_YEAR">2016-2019</SimpleData>
		<SimpleData name="ARCHITECT">Esocoff &amp; Associates Architects</SimpleData>
		<SimpleData name="LAST_EDITED_USER">SDE</SimpleData>
		<SimpleData name="LAST_EDITED_DATE">2025/10/16 20:13:28+00</SimpleData>
		<SimpleData name="GLOBALID">{3E76F148-1FC8-4998-B0A6-1D87D0B2F523}</SimpleData>
	</SchemaData></ExtendedData>
  </Placemark>
  <Placemark>
	<ExtendedData><SchemaData schemaUrl="#DCDevelopment">
		<SimpleData name="OBJECTID">403</SimpleData>
		<SimpleData name="PROJECTNAME">Apollo</SimpleData>
		<SimpleData name="WARD">6</SimpleData>
		<SimpleData name="LOCATION">610 H St., NE</SimpleData>
		<SimpleData name="DEVELOPER">Insight Property Group</SimpleData>
		<SimpleData name="PROJECTTYPE">Retail</SimpleData>
		<SimpleData name="TYPE_SQFT">59000</SimpleData>
		<SimpleData name="ESTVALUEINMILLION">195000000</SimpleData>
		<SimpleData name="STATUS">Under Construction</SimpleData>
		<SimpleData name="REPORT_EDITION_YEAR">2016-2019</SimpleData>
		<SimpleData name="ARCHITECT">SK+I Architectural Design Group</SimpleData>
		<SimpleData name="LAST_EDITED_USER">SDE</SimpleData>
		<SimpleData name="LAST_EDITED_DATE">2025/10/16 20:13:28+00</SimpleData>
		<SimpleData name="GLOBALID">{26885192-7DF8-414B-97A2-3E08AA81A594}</SimpleData>
	</SchemaData></ExtendedData>
  </Placemark>
  <Placemark>
	<ExtendedData><SchemaData schemaUrl="#DCDevelopment">
		<SimpleData name="OBJECTID">404</SimpleData>
		<SimpleData name="PROJECTNAME">Midtown Center</SimpleData>
		<SimpleData name="WARD">2</SimpleData>
		<SimpleData name="LOCATION">1150 15th St., NW</SimpleData>
		<SimpleData name="DEVELOPER">Carr Properties</SimpleData>
		<SimpleData name="PROJECTTYPE">Retail</SimpleData>
		<SimpleData name="TYPE_SQFT">40000</SimpleData>
		<SimpleData name="ESTVALUEINMILLION">375000000</SimpleData>
		<SimpleData name="STATUS">Under Construction</SimpleData>
		<SimpleData name="REPORT_EDITION_YEAR">2016-2019</SimpleData>
		<SimpleData name="ARCHITECT">WDG Architecture / SHoP</SimpleData>
		<SimpleData name="LAST_EDITED_USER">SDE</SimpleData>
		<SimpleData name="LAST_EDITED_DATE">2025/10/16 20:13:28+00</SimpleData>
		<SimpleData name="GLOBALID">{EBC5DA63-1371-4C2C-8827-A37BDBAABCD1}</SimpleData>
	</SchemaData></ExtendedData>
  </Placemark>
  <Placemark>
	<ExtendedData><SchemaData schemaUrl="#DCDevelopment">
		<SimpleData name="OBJECTID">405</SimpleData>
		<SimpleData name="PROJECTNAME">Agora</SimpleData>
		<SimpleData name="WARD">6</SimpleData>
		<SimpleData name="LOCATION">800 New Jersey Ave., SE</SimpleData>
		<SimpleData name="DEVELOPER">WC Smith</SimpleData>
		<SimpleData name="PROJECTTYPE">Retail</SimpleData>
		<SimpleData name="TYPE_SQFT">39000</SimpleData>
		<SimpleData name="ESTVALUEINMILLION">141000000</SimpleData>
		<SimpleData name="STATUS">Under Construction</SimpleData>
		<SimpleData name="REPORT_EDITION_YEAR">2016-2019</SimpleData>
		<SimpleData name="ARCHITECT">SK+I Architectural Design Group</SimpleData>
		<SimpleData name="LAST_EDITED_USER">SDE</SimpleData>
		<SimpleData name="LAST_EDITED_DATE">2025/10/16 20:13:28+00</SimpleData>
		<SimpleData name="GLOBALID">{A2D230B7-FC26-48FE-865D-F1131A48E55A}</SimpleData>
	</SchemaData></ExtendedData>
  </Placemark>
  <Placemark>
	<ExtendedData><SchemaData schemaUrl="#DCDevelopment">
		<SimpleData name="OBJECTID">406</SimpleData>
		<SimpleData name="PROJECTNAME">Capitol Gateway Marketplace</SimpleData>
		<SimpleData name="WARD">7</SimpleData>
		<SimpleData name="LOCATION">58th &amp; East Capitol Sts., NE</SimpleData>
		<SimpleData name="DEVELOPER">A&amp;R Development /  DC Housing Authority</SimpleData>
		<SimpleData name="PROJECTTYPE">Retail</SimpleData>
		<SimpleData name="TYPE_SQFT">162200</SimpleData>
		<SimpleData name="ESTVALUEINMILLION">100000000</SimpleData>
		<SimpleData name="STATUS">Pipeline</SimpleData>
		<SimpleData name="REPORT_EDITION_YEAR">2016-2019</SimpleData>
		<SimpleData name="ARCHITECT">Bowman / Lessard Design</SimpleData>
		<SimpleData name="LAST_EDITED_USER">SDE</SimpleData>
		<SimpleData name="LAST_EDITED_DATE">2025/10/16 20:13:28+00</SimpleData>
		<SimpleData name="GLOBALID">{1E53672A-D850-4D69-9480-619C810644D3}</SimpleData>
	</SchemaData></ExtendedData>
  </Placemark>
  <Placemark>
	<ExtendedData><SchemaData schemaUrl="#DCDevelopment">
		<SimpleData name="OBJECTID">407</SimpleData>
		<SimpleData name="PROJECTNAME">McMillan Sand Filtration Site</SimpleData>
		<SimpleData name="WARD">5</SimpleData>
		<SimpleData name="LOCATION">North Capitol St. &amp; Michigan Ave., NW</SimpleData>
		<SimpleData name="DEVELOPER">Jair Lynch Real Estate Partners / Trammell Crow Company / EYA / DMPED</SimpleData>
		<SimpleData name="PROJECTTYPE">Retail</SimpleData>
		<SimpleData name="TYPE_SQFT">125000</SimpleData>
		<SimpleData name="ESTVALUEINMILLION">720000000</SimpleData>
		<SimpleData name="ESTDELIVERY">2019</SimpleData>
		<SimpleData name="STATUS">Pipeline</SimpleData>
		<SimpleData name="REPORT_EDITION_YEAR">2016-2019</SimpleData>
		<SimpleData name="ARCHITECT">Perkins Eastman DC / MV+A Architects / Shalom Baranes Associates</SimpleData>
		<SimpleData name="LAST_EDITED_USER">SDE</SimpleData>
		<SimpleData name="LAST_EDITED_DATE">2025/10/16 20:13:28+00</SimpleData>
		<SimpleData name="GLOBALID">{166FEFE4-5E41-4C03-B79C-ED26857D4B4E}</SimpleData>
	</SchemaData></ExtendedData>
  </Placemark>
  <Placemark>
	<ExtendedData><SchemaData schemaUrl="#DCDevelopment">
		<SimpleData name="OBJECTID">408</SimpleData>
		<SimpleData name="PROJECTNAME">Armature Works</SimpleData>
		<SimpleData name="WARD">6</SimpleData>
		<SimpleData name="LOCATION">1200 3rd Street, NE</SimpleData>
		<SimpleData name="DEVELOPER">Trammell Crow Company / High Street Residential</SimpleData>
		<SimpleData name="PROJECTTYPE">Retail</SimpleData>
		<SimpleData name="TYPE_SQFT">42000</SimpleData>
		<SimpleData name="ESTDELIVERY">2021</SimpleData>
		<SimpleData name="STATUS">Pipeline</SimpleData>
		<SimpleData name="REPORT_EDITION_YEAR">2016-2019</SimpleData>
		<SimpleData name="ARCHITECT">Shalom Baranes / Leo A Daly</SimpleData>
		<SimpleData name="LAST_EDITED_USER">SDE</SimpleData>
		<SimpleData name="LAST_EDITED_DATE">2025/10/16 20:13:28+00</SimpleData>
		<SimpleData name="GLOBALID">{4A5954F1-3900-4432-8696-27E935DEB802}</SimpleData>
	</SchemaData></ExtendedData>
  </Placemark>
  <Placemark>
	<ExtendedData><SchemaData schemaUrl="#DCDevelopment">
		<SimpleData name="OBJECTID">409</SimpleData>
		<SimpleData name="PROJECTNAME">Saint Elizabeths East (Phase I)</SimpleData>
		<SimpleData name="WARD">8</SimpleData>
		<SimpleData name="LOCATION">Saint Elizabeths East Campus</SimpleData>
		<SimpleData name="DEVELOPER">Redbrick / Gragg Cardona Partners / Flaherty &amp; Collins / AEDC / DMPED</SimpleData>
		<SimpleData name="PROJECTTYPE">Retail</SimpleData>
		<SimpleData name="TYPE_SQFT">30000</SimpleData>
		<SimpleData name="ESTVALUEINMILLION">300000000</SimpleData>
		<SimpleData name="ESTDELIVERY">2025</SimpleData>
		<SimpleData name="STATUS">Pipeline</SimpleData>
		<SimpleData name="REPORT_EDITION_YEAR">2016-2019</SimpleData>
		<SimpleData name="ARCHITECT">Cunningham + Quill Architects, PLLC</SimpleData>
		<SimpleData name="LAST_EDITED_USER">SDE</SimpleData>
		<SimpleData name="LAST_EDITED_DATE">2025/10/16 20:13:28+00</SimpleData>
		<SimpleData name="GLOBALID">{0E83240F-4F3D-471C-973F-4279CA0ACE38}</SimpleData>
	</SchemaData></ExtendedData>
  </Placemark>
  <Placemark>
	<ExtendedData><SchemaData schemaUrl="#DCDevelopment">
		<SimpleData name="OBJECTID">410</SimpleData>
		<SimpleData name="PROJECTNAME">Storey Park</SimpleData>
		<SimpleData name="WARD">6</SimpleData>
		<SimpleData name="LOCATION">1005 1st Street, NE</SimpleData>
		<SimpleData name="DEVELOPER">Perseus Realty / Four Points / Greencourt Capital</SimpleData>
		<SimpleData name="PROJECTTYPE">Retail</SimpleData>
		<SimpleData name="TYPE_SQFT">27313</SimpleData>
		<SimpleData name="ESTVALUEINMILLION">330000000</SimpleData>
		<SimpleData name="ESTDELIVERY">2021</SimpleData>
		<SimpleData name="STATUS">Pipeline</SimpleData>
		<SimpleData name="REPORT_EDITION_YEAR">2016-2019</SimpleData>
		<SimpleData name="ARCHITECT">HKS PC</SimpleData>
		<SimpleData name="LAST_EDITED_USER">SDE</SimpleData>
		<SimpleData name="LAST_EDITED_DATE">2025/10/16 20:13:28+00</SimpleData>
		<SimpleData name="GLOBALID">{223C2A28-E114-435F-AD06-5705DBCC7087}</SimpleData>
	</SchemaData></ExtendedData>
  </Placemark>
  <Placemark>
	<ExtendedData><SchemaData schemaUrl="#DCDevelopment">
		<SimpleData name="OBJECTID">411</SimpleData>
		<SimpleData name="PROJECTNAME">Waterfront Station II</SimpleData>
		<SimpleData name="WARD">6</SimpleData>
		<SimpleData name="LOCATION">1000 4th Street, SW</SimpleData>
		<SimpleData name="DEVELOPER">PN Hoffman / Paramount Dev. / ER Bacon Dev. / CityPartners / Affordable Housing Dev. / DMPED</SimpleData>
		<SimpleData name="PROJECTTYPE">Retail</SimpleData>
		<SimpleData name="TYPE_SQFT">20807</SimpleData>
		<SimpleData name="ESTVALUEINMILLION">157000000</SimpleData>
		<SimpleData name="ESTDELIVERY">2022</SimpleData>
		<SimpleData name="STATUS">Pipeline</SimpleData>
		<SimpleData name="REPORT_EDITION_YEAR">2016-2019</SimpleData>
		<SimpleData name="ARCHITECT">Torti Gallas and Partners</SimpleData>
		<SimpleData name="LAST_EDITED_USER">SDE</SimpleData>
		<SimpleData name="LAST_EDITED_DATE">2025/10/16 20:13:28+00</SimpleData>
		<SimpleData name="GLOBALID">{C8F24EA9-0FF3-4FC3-A62A-08962BC5FFAF}</SimpleData>
	</SchemaData></ExtendedData>
  </Placemark>
  <Placemark>
	<ExtendedData><SchemaData schemaUrl="#DCDevelopment">
		<SimpleData name="OBJECTID">412</SimpleData>
		<SimpleData name="PROJECTNAME">Press House at Union District</SimpleData>
		<SimpleData name="WARD">6</SimpleData>
		<SimpleData name="LOCATION">301 N Street, NE</SimpleData>
		<SimpleData name="DEVELOPER">Foulger-Pratt</SimpleData>
		<SimpleData name="PROJECTTYPE">Retail</SimpleData>
		<SimpleData name="TYPE_SQFT">27282</SimpleData>
		<SimpleData name="ESTVALUEINMILLION">180000000</SimpleData>
		<SimpleData name="ESTDELIVERY">2020</SimpleData>
		<SimpleData name="STATUS">Pipeline</SimpleData>
		<SimpleData name="REPORT_EDITION_YEAR">2016-2019</SimpleData>
		<SimpleData name="ARCHITECT">Torti Gallas and Partners / AA Studio</SimpleData>
		<SimpleData name="LAST_EDITED_USER">SDE</SimpleData>
		<SimpleData name="LAST_EDITED_DATE">2025/10/16 20:13:28+00</SimpleData>
		<SimpleData name="GLOBALID">{4F9CFA0B-9837-4939-A49E-9CC58DCCF3D4}</SimpleData>
	</SchemaData></ExtendedData>
  </Placemark>
  <Placemark>
	<ExtendedData><SchemaData schemaUrl="#DCDevelopment">
		<SimpleData name="OBJECTID">413</SimpleData>
		<SimpleData name="PROJECTNAME">The Wharf (Phase I)</SimpleData>
		<SimpleData name="WARD">6</SimpleData>
		<SimpleData name="LOCATION">Southwest Waterfront</SimpleData>
		<SimpleData name="DEVELOPER">Hoffman-Madison Waterfront</SimpleData>
		<SimpleData name="PROJECTTYPE">Retail</SimpleData>
		<SimpleData name="TYPE_SQFT">190000</SimpleData>
		<SimpleData name="ESTVALUEINMILLION">1326000000</SimpleData>
		<SimpleData name="ESTDELIVERY">Q4 17</SimpleData>
		<SimpleData name="STATUS">Completed</SimpleData>
		<SimpleData name="REPORT_EDITION_YEAR">2016-2019</SimpleData>
		<SimpleData name="ARCHITECT">BBGM / Handel Architects / FOX Architects / Kohn Pedersen Fox &amp; Associates / MTFA Architecture / SK+I Architectural Design Group / SmithGroupJJR / WDG Architecture / Perkins Eastman DC</SimpleData>
		<SimpleData name="LAST_EDITED_USER">SDE</SimpleData>
		<SimpleData name="LAST_EDITED_DATE">2025/10/16 20:13:28+00</SimpleData>
		<SimpleData name="GLOBALID">{28A58159-7245-4715-8459-073D50FC25FC}</SimpleData>
	</SchemaData></ExtendedData>
  </Placemark>
  <Placemark>
	<ExtendedData><SchemaData schemaUrl="#DCDevelopment">
		<SimpleData name="OBJECTID">414</SimpleData>
		<SimpleData name="PROJECTNAME">The Modern at Fort Totten</SimpleData>
		<SimpleData name="WARD">5</SimpleData>
		<SimpleData name="LOCATION">5180 South Dakota Avenue, NE</SimpleData>
		<SimpleData name="DEVELOPER">Morris &amp; Gwendolyn Cafritz Foundation</SimpleData>
		<SimpleData name="PROJECTTYPE">Retail</SimpleData>
		<SimpleData name="TYPE_SQFT">104701</SimpleData>
		<SimpleData name="ESTVALUEINMILLION">135000000</SimpleData>
		<SimpleData name="ESTDELIVERY">Q3 17</SimpleData>
		<SimpleData name="STATUS">Completed</SimpleData>
		<SimpleData name="REPORT_EDITION_YEAR">2016-2019</SimpleData>
		<SimpleData name="ARCHITECT">EE&amp;K / MV+A Architects / Shalom Baranes Associates</SimpleData>
		<SimpleData name="LAST_EDITED_USER">SDE</SimpleData>
		<SimpleData name="LAST_EDITED_DATE">2025/10/16 20:13:28+00</SimpleData>
		<SimpleData name="GLOBALID">{8BFE4702-C30B-43A0-9F26-FE1556D5FA51}</SimpleData>
	</SchemaData></ExtendedData>
  </Placemark>
  <Placemark>
	<ExtendedData><SchemaData schemaUrl="#DCDevelopment">
		<SimpleData name="OBJECTID">415</SimpleData>
		<SimpleData name="PROJECTNAME">Eaton by DC</SimpleData>
		<SimpleData name="WARD">2</SimpleData>
		<SimpleData name="LOCATION">1201 K STREET NW</SimpleData>
		<SimpleData name="DEVELOPER">Pacific Eagle Holdings</SimpleData>
		<SimpleData name="PROJECTTYPE">Hospitality</SimpleData>
		<SimpleData name="TYPE_SQFT">172000</SimpleData>
		<SimpleData name="UNITS">209</SimpleData>
		<SimpleData name="ESTDELIVERY">Q3 18</SimpleData>
		<SimpleData name="STATUS">Completed</SimpleData>
		<SimpleData name="REPORT_EDITION_YEAR">2016-2019</SimpleData>
		<SimpleData name="LAST_EDITED_USER">SDE</SimpleData>
		<SimpleData name="LAST_EDITED_DATE">2025/10/16 20:10:22+00</SimpleData>
		<SimpleData name="GLOBALID">{AC64D068-214C-42B4-839C-85050853468B}</SimpleData>
	</SchemaData></ExtendedData>
  </Placemark>
  <Placemark>
	<ExtendedData><SchemaData schemaUrl="#DCDevelopment">
		<SimpleData name="OBJECTID">416</SimpleData>
		<SimpleData name="PROJECTNAME">International Spy Museum</SimpleData>
		<SimpleData name="WARD">6</SimpleData>
		<SimpleData name="LOCATION">700 L'ENFANT PLAZA SW</SimpleData>
		<SimpleData name="DEVELOPER">International Spy Museum / JBG Smith</SimpleData>
		<SimpleData name="PROJECTTYPE">Hospitality</SimpleData>
		<SimpleData name="TYPE_SQFT">140000</SimpleData>
		<SimpleData name="ESTVALUEINMILLION">162000000</SimpleData>
		<SimpleData name="ESTDELIVERY">Q2 19</SimpleData>
		<SimpleData name="STATUS">Completed</SimpleData>
		<SimpleData name="REPORT_EDITION_YEAR">2016-2019</SimpleData>
		<SimpleData name="LAST_EDITED_USER">SDE</SimpleData>
		<SimpleData name="LAST_EDITED_DATE">2025/10/16 20:10:22+00</SimpleData>
		<SimpleData name="GLOBALID">{331112EA-536A-49D2-960D-8667DC7E0C2B}</SimpleData>
	</SchemaData></ExtendedData>
  </Placemark>
  <Placemark>
	<ExtendedData><SchemaData schemaUrl="#DCDevelopment">
		<SimpleData name="OBJECTID">417</SimpleData>
		<SimpleData name="PROJECTNAME">Entertainment and Sports Arena</SimpleData>
		<SimpleData name="WARD">8</SimpleData>
		<SimpleData name="LOCATION">1100 OAK DRIVE SE</SimpleData>
		<SimpleData name="DEVELOPER">Events DC / DC Government</SimpleData>
		<SimpleData name="PROJECTTYPE">Hospitality</SimpleData>
		<SimpleData name="TYPE_SQFT">116500</SimpleData>
		<SimpleData name="ESTVALUEINMILLION">68080000</SimpleData>
		<SimpleData name="ESTDELIVERY">Q3 18</SimpleData>
		<SimpleData name="STATUS">Completed</SimpleData>
		<SimpleData name="REPORT_EDITION_YEAR">2016-2019</SimpleData>
		<SimpleData name="LAST_EDITED_USER">SDE</SimpleData>
		<SimpleData name="LAST_EDITED_DATE">2025/10/16 20:10:22+00</SimpleData>
		<SimpleData name="GLOBALID">{35900E09-8294-4FB6-8560-EF8FABE3141C}</SimpleData>
	</SchemaData></ExtendedData>
  </Placemark>
  <Placemark>
	<ExtendedData><SchemaData schemaUrl="#DCDevelopment">
		<SimpleData name="OBJECTID">418</SimpleData>
		<SimpleData name="PROJECTNAME">Moxy Hotel</SimpleData>
		<SimpleData name="WARD">2</SimpleData>
		<SimpleData name="LOCATION">1011 K STREET NW</SimpleData>
		<SimpleData name="DEVELOPER">Douglas Development Corporation</SimpleData>
		<SimpleData name="PROJECTTYPE">Hospitality</SimpleData>
		<SimpleData name="TYPE_SQFT">64988</SimpleData>
		<SimpleData name="UNITS">200</SimpleData>
		<SimpleData name="ESTVALUEINMILLION">40000000</SimpleData>
		<SimpleData name="ESTDELIVERY">Q4 18</SimpleData>
		<SimpleData name="STATUS">Completed</SimpleData>
		<SimpleData name="REPORT_EDITION_YEAR">2016-2019</SimpleData>
		<SimpleData name="LAST_EDITED_USER">SDE</SimpleData>
		<SimpleData name="LAST_EDITED_DATE">2025/10/16 20:10:22+00</SimpleData>
		<SimpleData name="GLOBALID">{5E636C67-5CF5-4744-B444-F952E9E586CA}</SimpleData>
	</SchemaData></ExtendedData>
  </Placemark>
  <Placemark>
	<ExtendedData><SchemaData schemaUrl="#DCDevelopment">
		<SimpleData name="OBJECTID">419</SimpleData>
		<SimpleData name="PROJECTNAME">601 Massachusetts Avenue</SimpleData>
		<SimpleData name="WARD">6</SimpleData>
		<SimpleData name="LOCATION">601 Massachusetts Ave., NW</SimpleData>
		<SimpleData name="DEVELOPER">Boston Properties</SimpleData>
		<SimpleData name="PROJECTTYPE">Office</SimpleData>
		<SimpleData name="TYPE_SQFT">460500</SimpleData>
		<SimpleData name="ESTVALUEINMILLION">150000000</SimpleData>
		<SimpleData name="STATUS">Completed</SimpleData>
		<SimpleData name="REPORT_EDITION_YEAR">2016-2019</SimpleData>
		<SimpleData name="ARCHITECT">Duda Paine Architects</SimpleData>
		<SimpleData name="LAST_EDITED_USER">SDE</SimpleData>
		<SimpleData name="LAST_EDITED_DATE">2025/10/16 20:11:02+00</SimpleData>
		<SimpleData name="GLOBALID">{C3291FE8-B505-4579-8873-F6DE0348235B}</SimpleData>
	</SchemaData></ExtendedData>
  </Placemark>
  <Placemark>
	<ExtendedData><SchemaData schemaUrl="#DCDevelopment">
		<SimpleData name="OBJECTID">420</SimpleData>
		<SimpleData name="PROJECTNAME">National Square</SimpleData>
		<SimpleData name="WARD">6</SimpleData>
		<SimpleData name="LOCATION">500 D St., SW</SimpleData>
		<SimpleData name="DEVELOPER">Trammell Crow Company</SimpleData>
		<SimpleData name="PROJECTTYPE">Office</SimpleData>
		<SimpleData name="TYPE_SQFT">342000</SimpleData>
		<SimpleData name="ESTVALUEINMILLION">140000000</SimpleData>
		<SimpleData name="STATUS">Completed</SimpleData>
		<SimpleData name="REPORT_EDITION_YEAR">2016-2019</SimpleData>
		<SimpleData name="ARCHITECT">Gensler</SimpleData>
		<SimpleData name="LAST_EDITED_USER">SDE</SimpleData>
		<SimpleData name="LAST_EDITED_DATE">2025/10/16 20:11:02+00</SimpleData>
		<SimpleData name="GLOBALID">{301F55E1-578B-44B4-A8CB-B78093B56827}</SimpleData>
	</SchemaData></ExtendedData>
  </Placemark>
  <Placemark>
	<ExtendedData><SchemaData schemaUrl="#DCDevelopment">
		<SimpleData name="OBJECTID">421</SimpleData>
		<SimpleData name="PROJECTNAME">2001 M Street</SimpleData>
		<SimpleData name="WARD">2</SimpleData>
		<SimpleData name="LOCATION">2001 M St., NW</SimpleData>
		<SimpleData name="DEVELOPER">Brookfield</SimpleData>
		<SimpleData name="PROJECTTYPE">Office</SimpleData>
		<SimpleData name="TYPE_SQFT">270000</SimpleData>
		<SimpleData name="STATUS">Completed</SimpleData>
		<SimpleData name="REPORT_EDITION_YEAR">2016-2019</SimpleData>
		<SimpleData name="ARCHITECT">Lehman-Smith McLeish</SimpleData>
		<SimpleData name="LAST_EDITED_USER">SDE</SimpleData>
		<SimpleData name="LAST_EDITED_DATE">2025/10/16 20:11:02+00</SimpleData>
		<SimpleData name="GLOBALID">{92AE4AF2-3BD2-44F8-97C5-B73FA9AE04EB}</SimpleData>
	</SchemaData></ExtendedData>
  </Placemark>
  <Placemark>
	<ExtendedData><SchemaData schemaUrl="#DCDevelopment">
		<SimpleData name="OBJECTID">422</SimpleData>
		<SimpleData name="PROJECTNAME">Department of the Interior (Phase VI)</SimpleData>
		<SimpleData name="WARD">2</SimpleData>
		<SimpleData name="LOCATION">1849 C St., NW</SimpleData>
		<SimpleData name="DEVELOPER">General Services Administration</SimpleData>
		<SimpleData name="PROJECTTYPE">Office</SimpleData>
		<SimpleData name="TYPE_SQFT">221357</SimpleData>
		<SimpleData name="ESTVALUEINMILLION">60000000</SimpleData>
		<SimpleData name="STATUS">Completed</SimpleData>
		<SimpleData name="REPORT_EDITION_YEAR">2016-2019</SimpleData>
		<SimpleData name="ARCHITECT">Shalom Baranes Associates</SimpleData>
		<SimpleData name="LAST_EDITED_USER">SDE</SimpleData>
		<SimpleData name="LAST_EDITED_DATE">2025/10/16 20:11:02+00</SimpleData>
		<SimpleData name="GLOBALID">{6D35993F-E054-464D-82D6-4CB65373F8B8}</SimpleData>
	</SchemaData></ExtendedData>
  </Placemark>
  <Placemark>
	<ExtendedData><SchemaData schemaUrl="#DCDevelopment">
		<SimpleData name="OBJECTID">423</SimpleData>
		<SimpleData name="PROJECTNAME">Republic Square (Phase II)</SimpleData>
		<SimpleData name="WARD">6</SimpleData>
		<SimpleData name="LOCATION">660 North Capitol St., NW</SimpleData>
		<SimpleData name="DEVELOPER">Republic Properties Corporation</SimpleData>
		<SimpleData name="PROJECTTYPE">Office</SimpleData>
		<SimpleData name="TYPE_SQFT">197000</SimpleData>
		<SimpleData name="ESTVALUEINMILLION">65000000</SimpleData>
		<SimpleData name="STATUS">Completed</SimpleData>
		<SimpleData name="REPORT_EDITION_YEAR">2016-2019</SimpleData>
		<SimpleData name="ARCHITECT">Leo A Daly</SimpleData>
		<SimpleData name="LAST_EDITED_USER">SDE</SimpleData>
		<SimpleData name="LAST_EDITED_DATE">2025/10/16 20:11:02+00</SimpleData>
		<SimpleData name="GLOBALID">{F6907499-BC1E-4E34-BD7D-5249B6E248DF}</SimpleData>
	</SchemaData></ExtendedData>
  </Placemark>
  <Placemark>
	<ExtendedData><SchemaData schemaUrl="#DCDevelopment">
		<SimpleData name="OBJECTID">424</SimpleData>
		<SimpleData name="PROJECTNAME">900 16th Street</SimpleData>
		<SimpleData name="WARD">2</SimpleData>
		<SimpleData name="LOCATION">900 16th St., NW</SimpleData>
		<SimpleData name="DEVELOPER">The JBG Companies</SimpleData>
		<SimpleData name="PROJECTTYPE">Office</SimpleData>
		<SimpleData name="TYPE_SQFT">120000</SimpleData>
		<SimpleData name="STATUS">Completed</SimpleData>
		<SimpleData name="REPORT_EDITION_YEAR">2016-2019</SimpleData>
		<SimpleData name="ARCHITECT">Cooper Carry</SimpleData>
		<SimpleData name="LAST_EDITED_USER">SDE</SimpleData>
		<SimpleData name="LAST_EDITED_DATE">2025/10/16 20:11:02+00</SimpleData>
		<SimpleData name="GLOBALID">{7C7323F1-91F2-487E-B0A3-1273CDB1B46C}</SimpleData>
	</SchemaData></ExtendedData>
  </Placemark>
  <Placemark>
	<ExtendedData><SchemaData schemaUrl="#DCDevelopment">
		<SimpleData name="OBJECTID">425</SimpleData>
		<SimpleData name="PROJECTNAME">1785 Massachusetts Avenue</SimpleData>
		<SimpleData name="WARD">2</SimpleData>
		<SimpleData name="LOCATION">1785 Massachusetts Ave., NW</SimpleData>
		<SimpleData name="DEVELOPER">American Enterprise Institute</SimpleData>
		<SimpleData name="PROJECTTYPE">Office</SimpleData>
		<SimpleData name="TYPE_SQFT">92000</SimpleData>
		<SimpleData name="ESTVALUEINMILLION">46000000</SimpleData>
		<SimpleData name="STATUS">Completed</SimpleData>
		<SimpleData name="REPORT_EDITION_YEAR">2016-2019</SimpleData>
		<SimpleData name="ARCHITECT">Hartman-Cox Architects</SimpleData>
		<SimpleData name="LAST_EDITED_USER">SDE</SimpleData>
		<SimpleData name="LAST_EDITED_DATE">2025/10/16 20:11:02+00</SimpleData>
		<SimpleData name="GLOBALID">{E3692D6B-2E5E-4844-945D-0EBEA3348568}</SimpleData>
	</SchemaData></ExtendedData>
  </Placemark>
  <Placemark>
	<ExtendedData><SchemaData schemaUrl="#DCDevelopment">
		<SimpleData name="OBJECTID">426</SimpleData>
		<SimpleData name="PROJECTNAME">MPD Sixth District Headquarters</SimpleData>
		<SimpleData name="WARD">7</SimpleData>
		<SimpleData name="LOCATION">5002 Hayes St., NE</SimpleData>
		<SimpleData name="DEVELOPER">Department of General Services</SimpleData>
		<SimpleData name="PROJECTTYPE">Office</SimpleData>
		<SimpleData name="TYPE_SQFT">80000</SimpleData>
		<SimpleData name="ESTVALUEINMILLION">25000000</SimpleData>
		<SimpleData name="STATUS">Completed</SimpleData>
		<SimpleData name="REPORT_EDITION_YEAR">2016-2019</SimpleData>
		<SimpleData name="ARCHITECT">Sorg &amp; Associates</SimpleData>
		<SimpleData name="LAST_EDITED_USER">SDE</SimpleData>
		<SimpleData name="LAST_EDITED_DATE">2025/10/16 20:11:02+00</SimpleData>
		<SimpleData name="GLOBALID">{05D50B14-CC77-430F-B194-C564F9302332}</SimpleData>
	</SchemaData></ExtendedData>
  </Placemark>
  <Placemark>
	<ExtendedData><SchemaData schemaUrl="#DCDevelopment">
		<SimpleData name="OBJECTID">427</SimpleData>
		<SimpleData name="PROJECTNAME">LIUNA (addition)</SimpleData>
		<SimpleData name="WARD">2</SimpleData>
		<SimpleData name="LOCATION">905 16th St., NW</SimpleData>
		<SimpleData name="DEVELOPER">Laborers International Union of North America</SimpleData>
		<SimpleData name="PROJECTTYPE">Office</SimpleData>
		<SimpleData name="TYPE_SQFT">55505</SimpleData>
		<SimpleData name="STATUS">Completed</SimpleData>
		<SimpleData name="REPORT_EDITION_YEAR">2016-2019</SimpleData>
		<SimpleData name="ARCHITECT">Gensler</SimpleData>
		<SimpleData name="LAST_EDITED_USER">SDE</SimpleData>
		<SimpleData name="LAST_EDITED_DATE">2025/10/16 20:11:02+00</SimpleData>
		<SimpleData name="GLOBALID">{4149A502-8151-4693-982C-871ED56E2022}</SimpleData>
	</SchemaData></ExtendedData>
  </Placemark>
  <Placemark>
	<ExtendedData><SchemaData schemaUrl="#DCDevelopment">
		<SimpleData name="OBJECTID">428</SimpleData>
		<SimpleData name="PROJECTNAME">Manhattan Laundry</SimpleData>
		<SimpleData name="WARD">1</SimpleData>
		<SimpleData name="LOCATION">1328 - 1346 Florida Ave., NW</SimpleData>
		<SimpleData name="DEVELOPER">Douglas Development Corporation</SimpleData>
		<SimpleData name="PROJECTTYPE">Office</SimpleData>
		<SimpleData name="TYPE_SQFT">55000</SimpleData>
		<SimpleData name="STATUS">Completed</SimpleData>
		<SimpleData name="REPORT_EDITION_YEAR">2016-2019</SimpleData>
		<SimpleData name="ARCHITECT">BLDG Architects</SimpleData>
		<SimpleData name="LAST_EDITED_USER">SDE</SimpleData>
		<SimpleData name="LAST_EDITED_DATE">2025/10/16 20:11:02+00</SimpleData>
		<SimpleData name="GLOBALID">{CB40D3DB-7AA7-415B-BF7E-C88E1735DCCB}</SimpleData>
	</SchemaData></ExtendedData>
  </Placemark>
  <Placemark>
	<ExtendedData><SchemaData schemaUrl="#DCDevelopment">
		<SimpleData name="OBJECTID">429</SimpleData>
		<SimpleData name="PROJECTNAME">Midtown Center</SimpleData>
		<SimpleData name="WARD">2</SimpleData>
		<SimpleData name="LOCATION">1150 15th St., NW</SimpleData>
		<SimpleData name="DEVELOPER">Carr Properties</SimpleData>
		<SimpleData name="PROJECTTYPE">Office</SimpleData>
		<SimpleData name="TYPE_SQFT">820000</SimpleData>
		<SimpleData name="ESTVALUEINMILLION">375000000</SimpleData>
		<SimpleData name="STATUS">Under Construction</SimpleData>
		<SimpleData name="REPORT_EDITION_YEAR">2016-2019</SimpleData>
		<SimpleData name="ARCHITECT">WDG Architecture / SHoP</SimpleData>
		<SimpleData name="LAST_EDITED_USER">SDE</SimpleData>
		<SimpleData name="LAST_EDITED_DATE">2025/10/16 20:11:02+00</SimpleData>
		<SimpleData name="GLOBALID">{94930E47-4720-481A-A311-319D15CAC3CC}</SimpleData>
	</SchemaData></ExtendedData>
  </Placemark>
  <Placemark>
	<ExtendedData><SchemaData schemaUrl="#DCDevelopment">
		<SimpleData name="OBJECTID">430</SimpleData>
		<SimpleData name="PROJECTNAME">655 New York Avenue</SimpleData>
		<SimpleData name="WARD">6</SimpleData>
		<SimpleData name="LOCATION">655 New York Ave., NW</SimpleData>
		<SimpleData name="DEVELOPER">Douglas Development Corp. / Brookfield</SimpleData>
		<SimpleData name="PROJECTTYPE">Office</SimpleData>
		<SimpleData name="TYPE_SQFT">653474</SimpleData>
		<SimpleData name="ESTVALUEINMILLION">185000000</SimpleData>
		<SimpleData name="STATUS">Under Construction</SimpleData>
		<SimpleData name="REPORT_EDITION_YEAR">2016-2019</SimpleData>
		<SimpleData name="ARCHITECT">Shalom Baranes Associates</SimpleData>
		<SimpleData name="LAST_EDITED_USER">SDE</SimpleData>
		<SimpleData name="LAST_EDITED_DATE">2025/10/16 20:11:02+00</SimpleData>
		<SimpleData name="GLOBALID">{F5E40330-DE22-4B5B-AA44-A74F017DC2F6}</SimpleData>
	</SchemaData></ExtendedData>
  </Placemark>
  <Placemark>
	<ExtendedData><SchemaData schemaUrl="#DCDevelopment">
		<SimpleData name="OBJECTID">431</SimpleData>
		<SimpleData name="PROJECTNAME">250 Massachusetts Avenue</SimpleData>
		<SimpleData name="WARD">2</SimpleData>
		<SimpleData name="LOCATION">250 Massachusetts Ave., NW</SimpleData>
		<SimpleData name="DEVELOPER">Property Group Partners / Center Place Holdings</SimpleData>
		<SimpleData name="PROJECTTYPE">Office</SimpleData>
		<SimpleData name="TYPE_SQFT">516665</SimpleData>
		<SimpleData name="ESTVALUEINMILLION">275000000</SimpleData>
		<SimpleData name="STATUS">Under Construction</SimpleData>
		<SimpleData name="REPORT_EDITION_YEAR">2016-2019</SimpleData>
		<SimpleData name="ARCHITECT">Kevin Roche John Dinkeloo &amp; Associates LLC</SimpleData>
		<SimpleData name="LAST_EDITED_USER">SDE</SimpleData>
		<SimpleData name="LAST_EDITED_DATE">2025/10/16 20:11:02+00</SimpleData>
		<SimpleData name="GLOBALID">{9E5229E6-87C6-4409-897D-50C63398643A}</SimpleData>
	</SchemaData></ExtendedData>
  </Placemark>
  <Placemark>
	<ExtendedData><SchemaData schemaUrl="#DCDevelopment">
		<SimpleData name="OBJECTID">432</SimpleData>
		<SimpleData name="PROJECTNAME">1700M</SimpleData>
		<SimpleData name="WARD">2</SimpleData>
		<SimpleData name="LOCATION">1700 M Street, NW</SimpleData>
		<SimpleData name="DEVELOPER">Vornado Realty Trust</SimpleData>
		<SimpleData name="PROJECTTYPE">Office</SimpleData>
		<SimpleData name="TYPE_SQFT">315435</SimpleData>
		<SimpleData name="ESTDELIVERY">2021</SimpleData>
		<SimpleData name="STATUS">Pipeline</SimpleData>
		<SimpleData name="REPORT_EDITION_YEAR">2016-2019</SimpleData>
		<SimpleData name="ARCHITECT">Studios Architecture</SimpleData>
		<SimpleData name="LAST_EDITED_USER">SDE</SimpleData>
		<SimpleData name="LAST_EDITED_DATE">2025/10/16 20:11:02+00</SimpleData>
		<SimpleData name="GLOBALID">{267AE716-BDC0-46AA-8763-2F233393EB5E}</SimpleData>
	</SchemaData></ExtendedData>
  </Placemark>
  <Placemark>
	<ExtendedData><SchemaData schemaUrl="#DCDevelopment">
		<SimpleData name="OBJECTID">433</SimpleData>
		<SimpleData name="PROJECTNAME">Reunion Square (Building 4)</SimpleData>
		<SimpleData name="WARD">8</SimpleData>
		<SimpleData name="LOCATION">Shannon Place &amp; W Street, SE</SimpleData>
		<SimpleData name="DEVELOPER">Four Points / Curtis Development</SimpleData>
		<SimpleData name="PROJECTTYPE">Office</SimpleData>
		<SimpleData name="TYPE_SQFT">281242</SimpleData>
		<SimpleData name="ESTDELIVERY">2021</SimpleData>
		<SimpleData name="STATUS">Pipeline</SimpleData>
		<SimpleData name="REPORT_EDITION_YEAR">2016-2019</SimpleData>
		<SimpleData name="ARCHITECT">Hickok Cole Architects</SimpleData>
		<SimpleData name="LAST_EDITED_USER">SDE</SimpleData>
		<SimpleData name="LAST_EDITED_DATE">2025/10/16 20:11:02+00</SimpleData>
		<SimpleData name="GLOBALID">{806A74F6-E95B-4DB6-ADDA-341F49D6FF68}</SimpleData>
	</SchemaData></ExtendedData>
  </Placemark>
  <Placemark>
	<ExtendedData><SchemaData schemaUrl="#DCDevelopment">
		<SimpleData name="OBJECTID">434</SimpleData>
		<SimpleData name="PROJECTNAME">250 M at Canal Park</SimpleData>
		<SimpleData name="WARD">6</SimpleData>
		<SimpleData name="LOCATION">250 M St., SE</SimpleData>
		<SimpleData name="DEVELOPER">WC Smith</SimpleData>
		<SimpleData name="PROJECTTYPE">Office</SimpleData>
		<SimpleData name="TYPE_SQFT">175000</SimpleData>
		<SimpleData name="ESTVALUEINMILLION">125000000</SimpleData>
		<SimpleData name="ESTDELIVERY">2022</SimpleData>
		<SimpleData name="STATUS">Pipeline</SimpleData>
		<SimpleData name="REPORT_EDITION_YEAR">2016-2019</SimpleData>
		<SimpleData name="ARCHITECT">Hickok Cole Architects</SimpleData>
		<SimpleData name="LAST_EDITED_USER">SDE</SimpleData>
		<SimpleData name="LAST_EDITED_DATE">2025/10/16 20:11:02+00</SimpleData>
		<SimpleData name="GLOBALID">{C8E8983A-A2CD-4819-AB91-5CF0E92AC257}</SimpleData>
	</SchemaData></ExtendedData>
  </Placemark>
  <Placemark>
	<ExtendedData><SchemaData schemaUrl="#DCDevelopment">
		<SimpleData name="OBJECTID">435</SimpleData>
		<SimpleData name="PROJECTNAME">300 7th Street</SimpleData>
		<SimpleData name="WARD">6</SimpleData>
		<SimpleData name="LOCATION">300 7th St., SW</SimpleData>
		<SimpleData name="DEVELOPER">Urban Atlantic</SimpleData>
		<SimpleData name="PROJECTTYPE">Office</SimpleData>
		<SimpleData name="TYPE_SQFT">143414</SimpleData>
		<SimpleData name="STATUS">Pipeline</SimpleData>
		<SimpleData name="REPORT_EDITION_YEAR">2016-2019</SimpleData>
		<SimpleData name="ARCHITECT">N/A</SimpleData>
		<SimpleData name="LAST_EDITED_USER">SDE</SimpleData>
		<SimpleData name="LAST_EDITED_DATE">2025/10/16 20:11:02+00</SimpleData>
		<SimpleData name="GLOBALID">{620C954A-2BFC-4317-B341-D03F5FB67A1A}</SimpleData>
	</SchemaData></ExtendedData>
  </Placemark>
  <Placemark>
	<ExtendedData><SchemaData schemaUrl="#DCDevelopment">
		<SimpleData name="OBJECTID">436</SimpleData>
		<SimpleData name="PROJECTNAME">Columbia Place</SimpleData>
		<SimpleData name="WARD">2</SimpleData>
		<SimpleData name="LOCATION">901 L STREET NW</SimpleData>
		<SimpleData name="DEVELOPER">Quadrangle Development / Capstone Development / Marriott</SimpleData>
		<SimpleData name="PROJECTTYPE">Hospitality</SimpleData>
		<SimpleData name="TYPE_SQFT">350000</SimpleData>
		<SimpleData name="UNITS">504</SimpleData>
		<SimpleData name="ESTVALUEINMILLION">225000000</SimpleData>
		<SimpleData name="ESTDELIVERY">Q4 18</SimpleData>
		<SimpleData name="STATUS">Completed</SimpleData>
		<SimpleData name="REPORT_EDITION_YEAR">2016-2019</SimpleData>
		<SimpleData name="LAST_EDITED_USER">SDE</SimpleData>
		<SimpleData name="LAST_EDITED_DATE">2025/10/16 20:10:22+00</SimpleData>
		<SimpleData name="GLOBALID">{0E5DFE2D-02BE-44E7-A82A-DB3865D1B454}</SimpleData>
	</SchemaData></ExtendedData>
  </Placemark>
  <Placemark>
	<ExtendedData><SchemaData schemaUrl="#DCDevelopment">
		<SimpleData name="OBJECTID">437</SimpleData>
		<SimpleData name="PROJECTNAME">11th Street Bridge Park</SimpleData>
		<SimpleData name="WARD">8</SimpleData>
		<SimpleData name="LOCATION">11th Street Bridge</SimpleData>
		<SimpleData name="DEVELOPER">Building Bridges Across the River / DC Department of Transportation</SimpleData>
		<SimpleData name="PROJECTTYPE">Quality of Life</SimpleData>
		<SimpleData name="ESTVALUEINMILLION">74000000</SimpleData>
		<SimpleData name="ESTDELIVERY">2023</SimpleData>
		<SimpleData name="STATUS">Pipeline</SimpleData>
		<SimpleData name="REPORT_EDITION_YEAR">2016-2019</SimpleData>
		<SimpleData name="LAST_EDITED_USER">SDE</SimpleData>
		<SimpleData name="LAST_EDITED_DATE">2025/10/16 20:12:15+00</SimpleData>
		<SimpleData name="GLOBALID">{B1EF0104-26C2-4811-BF2F-17EC1DEAEE6A}</SimpleData>
	</SchemaData></ExtendedData>
  </Placemark>
  <Placemark>
	<ExtendedData><SchemaData schemaUrl="#DCDevelopment">
		<SimpleData name="OBJECTID">438</SimpleData>
		<SimpleData name="PROJECTNAME">Modern on M</SimpleData>
		<SimpleData name="WARD">6</SimpleData>
		<SimpleData name="LOCATION">6th &amp; M Sts., SW</SimpleData>
		<SimpleData name="DEVELOPER">Mill Creek Residential Trust</SimpleData>
		<SimpleData name="PROJECTTYPE">Residential</SimpleData>
		<SimpleData name="UNITS">276</SimpleData>
		<SimpleData name="ESTVALUEINMILLION">75000000</SimpleData>
		<SimpleData name="ESTDELIVERY">Q4 18</SimpleData>
		<SimpleData name="STATUS">Completed</SimpleData>
		<SimpleData name="REPORT_EDITION_YEAR">2016-2019</SimpleData>
		<SimpleData name="LAST_EDITED_USER">SDE</SimpleData>
		<SimpleData name="LAST_EDITED_DATE">2025/10/16 20:12:51+00</SimpleData>
		<SimpleData name="GLOBALID">{1CD50A9D-CC25-423D-980E-B32A6B61023F}</SimpleData>
	</SchemaData></ExtendedData>
  </Placemark>
  <Placemark>
	<ExtendedData><SchemaData schemaUrl="#DCDevelopment">
		<SimpleData name="OBJECTID">439</SimpleData>
		<SimpleData name="PROJECTNAME">Bryant Street (Phase I)</SimpleData>
		<SimpleData name="WARD">5</SimpleData>
		<SimpleData name="LOCATION">680 Rhode Island Ave., NE</SimpleData>
		<SimpleData name="DEVELOPER">MRP Realty / FRP Development Corp</SimpleData>
		<SimpleData name="PROJECTTYPE">Residential</SimpleData>
		<SimpleData name="UNITS">487</SimpleData>
		<SimpleData name="ESTDELIVERY">Q1 21</SimpleData>
		<SimpleData name="STATUS">Under Construction</SimpleData>
		<SimpleData name="REPORT_EDITION_YEAR">2016-2019</SimpleData>
		<SimpleData name="LAST_EDITED_USER">SDE</SimpleData>
		<SimpleData name="LAST_EDITED_DATE">2025/10/16 20:12:51+00</SimpleData>
		<SimpleData name="GLOBALID">{50BD05C9-8E2D-4197-93EC-BDE19EB10C60}</SimpleData>
	</SchemaData></ExtendedData>
  </Placemark>
  <Placemark>
	<ExtendedData><SchemaData schemaUrl="#DCDevelopment">
		<SimpleData name="OBJECTID">440</SimpleData>
		<SimpleData name="PROJECTNAME">Sursum Corda Redevelopment (Ph I)</SimpleData>
		<SimpleData name="WARD">6</SimpleData>
		<SimpleData name="LOCATION">North Capitol St., M St., 1st St., L St., NW</SimpleData>
		<SimpleData name="DEVELOPER">Toll Brothers</SimpleData>
		<SimpleData name="PROJECTTYPE">Residential</SimpleData>
		<SimpleData name="UNITS">562</SimpleData>
		<SimpleData name="ESTDELIVERY">2021/22</SimpleData>
		<SimpleData name="STATUS">Pipeline</SimpleData>
		<SimpleData name="REPORT_EDITION_YEAR">2016-2019</SimpleData>
		<SimpleData name="LAST_EDITED_USER">SDE</SimpleData>
		<SimpleData name="LAST_EDITED_DATE">2025/10/16 20:12:51+00</SimpleData>
		<SimpleData name="GLOBALID">{8CBBEE20-FEB4-408C-8972-DD39954B4602}</SimpleData>
	</SchemaData></ExtendedData>
  </Placemark>
  <Placemark>
	<ExtendedData><SchemaData schemaUrl="#DCDevelopment">
		<SimpleData name="OBJECTID">441</SimpleData>
		<SimpleData name="PROJECTNAME">655 New York Avenue</SimpleData>
		<SimpleData name="WARD">6</SimpleData>
		<SimpleData name="LOCATION">655 New York Ave., NW</SimpleData>
		<SimpleData name="DEVELOPER">Douglas Development Corporation / Brookfield Properties</SimpleData>
		<SimpleData name="PROJECTTYPE">Retail</SimpleData>
		<SimpleData name="TYPE_SQFT">80551</SimpleData>
		<SimpleData name="ESTVALUEINMILLION">185000000</SimpleData>
		<SimpleData name="ESTDELIVERY">Q3 19</SimpleData>
		<SimpleData name="STATUS">Completed</SimpleData>
		<SimpleData name="REPORT_EDITION_YEAR">2016-2019</SimpleData>
		<SimpleData name="LAST_EDITED_USER">SDE</SimpleData>
		<SimpleData name="LAST_EDITED_DATE">2025/10/16 20:13:28+00</SimpleData>
		<SimpleData name="GLOBALID">{2CBA65E5-D552-4B97-BBC9-8624ECFF9D6B}</SimpleData>
	</SchemaData></ExtendedData>
  </Placemark>
  <Placemark>
	<ExtendedData><SchemaData schemaUrl="#DCDevelopment">
		<SimpleData name="OBJECTID">442</SimpleData>
		<SimpleData name="PROJECTNAME">Press House at Union District</SimpleData>
		<SimpleData name="WARD">6</SimpleData>
		<SimpleData name="LOCATION">301 N St., NE</SimpleData>
		<SimpleData name="DEVELOPER">Foulger-Pratt</SimpleData>
		<SimpleData name="PROJECTTYPE">Residential</SimpleData>
		<SimpleData name="UNITS">372</SimpleData>
		<SimpleData name="UNIT_TYPE">R</SimpleData>
		<SimpleData name="ESTVALUEINMILLION">150000000</SimpleData>
		<SimpleData name="ESTDELIVERY">2019</SimpleData>
		<SimpleData name="STATUS">Pipeline</SimpleData>
		<SimpleData name="REPORT_EDITION_YEAR">2016-2019</SimpleData>
		<SimpleData name="ARCHITECT">AA Studio / Torti Gallas and Partners</SimpleData>
		<SimpleData name="LAST_EDITED_USER">SDE</SimpleData>
		<SimpleData name="LAST_EDITED_DATE">2025/10/16 20:12:51+00</SimpleData>
		<SimpleData name="GLOBALID">{770C0CA8-E623-481D-BA17-8E45068C56B0}</SimpleData>
	</SchemaData></ExtendedData>
  </Placemark>
  <Placemark>
	<ExtendedData><SchemaData schemaUrl="#DCDevelopment">
		<SimpleData name="OBJECTID">443</SimpleData>
		<SimpleData name="PROJECTNAME">Paul Public Charter School</SimpleData>
		<SimpleData name="WARD">4</SimpleData>
		<SimpleData name="LOCATION">5800 8th St., NW</SimpleData>
		<SimpleData name="DEVELOPER">Jair Lynch Real Estate Partners</SimpleData>
		<SimpleData name="PROJECTTYPE">Education</SimpleData>
		<SimpleData name="TYPE_SQFT">166000</SimpleData>
		<SimpleData name="ESTVALUEINMILLION">22000000</SimpleData>
		<SimpleData name="STATUS">Completed</SimpleData>
		<SimpleData name="REPORT_EDITION_YEAR">2016-2019</SimpleData>
		<SimpleData name="ARCHITECT">Shinberg Levinas</SimpleData>
		<SimpleData name="LAST_EDITED_USER">SDE</SimpleData>
		<SimpleData name="LAST_EDITED_DATE">2025/10/16 20:09:37+00</SimpleData>
		<SimpleData name="GLOBALID">{B0091B35-9CB7-4AFB-9C78-9312ED7CF04C}</SimpleData>
	</SchemaData></ExtendedData>
  </Placemark>
  <Placemark>
	<ExtendedData><SchemaData schemaUrl="#DCDevelopment">
		<SimpleData name="OBJECTID">444</SimpleData>
		<SimpleData name="PROJECTNAME">AU East Campus</SimpleData>
		<SimpleData name="WARD">3</SimpleData>
		<SimpleData name="LOCATION">3501 Nebraska Ave., NW</SimpleData>
		<SimpleData name="DEVELOPER">American University</SimpleData>
		<SimpleData name="PROJECTTYPE">Education</SimpleData>
		<SimpleData name="TYPE_SQFT">243000</SimpleData>
		<SimpleData name="ESTVALUEINMILLION">115000000</SimpleData>
		<SimpleData name="STATUS">Under Construction</SimpleData>
		<SimpleData name="REPORT_EDITION_YEAR">2016-2019</SimpleData>
		<SimpleData name="ARCHITECT">Stantec Architecture</SimpleData>
		<SimpleData name="LAST_EDITED_USER">SDE</SimpleData>
		<SimpleData name="LAST_EDITED_DATE">2025/10/16 20:09:37+00</SimpleData>
		<SimpleData name="GLOBALID">{12440B48-36BB-4C49-B8FB-0F0E63789C9D}</SimpleData>
	</SchemaData></ExtendedData>
  </Placemark>
  <Placemark>
	<ExtendedData><SchemaData schemaUrl="#DCDevelopment">
		<SimpleData name="OBJECTID">445</SimpleData>
		<SimpleData name="PROJECTNAME">THE ARC (Ph III)</SimpleData>
		<SimpleData name="WARD">8</SimpleData>
		<SimpleData name="LOCATION">18th St. &amp; Mississippi Ave., SE</SimpleData>
		<SimpleData name="DEVELOPER">WC Smith / Building Bridges Across the River</SimpleData>
		<SimpleData name="PROJECTTYPE">Education</SimpleData>
		<SimpleData name="TYPE_SQFT">13725</SimpleData>
		<SimpleData name="ESTVALUEINMILLION">34000000</SimpleData>
		<SimpleData name="STATUS">Under Construction</SimpleData>
		<SimpleData name="REPORT_EDITION_YEAR">2016-2019</SimpleData>
		<SimpleData name="ARCHITECT">Sanchez Palmer</SimpleData>
		<SimpleData name="LAST_EDITED_USER">SDE</SimpleData>
		<SimpleData name="LAST_EDITED_DATE">2025/10/16 20:09:37+00</SimpleData>
		<SimpleData name="GLOBALID">{9D45925E-D55B-46FA-89DD-3AD8629A9893}</SimpleData>
	</SchemaData></ExtendedData>
  </Placemark>
  <Placemark>
	<ExtendedData><SchemaData schemaUrl="#DCDevelopment">
		<SimpleData name="OBJECTID">446</SimpleData>
		<SimpleData name="PROJECTNAME">Ballpark East</SimpleData>
		<SimpleData name="WARD">6</SimpleData>
		<SimpleData name="LOCATION">1201 Half St., SE</SimpleData>
		<SimpleData name="DEVELOPER">The JBG Companies</SimpleData>
		<SimpleData name="PROJECTTYPE">Retail</SimpleData>
		<SimpleData name="TYPE_SQFT">61000</SimpleData>
		<SimpleData name="STATUS">Pipeline</SimpleData>
		<SimpleData name="REPORT_EDITION_YEAR">2016-2019</SimpleData>
		<SimpleData name="ARCHITECT">Eric Colbert &amp; Associates, PC / ODA Architecture</SimpleData>
		<SimpleData name="LAST_EDITED_USER">SDE</SimpleData>
		<SimpleData name="LAST_EDITED_DATE">2025/10/16 20:13:28+00</SimpleData>
		<SimpleData name="GLOBALID">{89A9DF7F-E842-4AEB-9862-36DF762532A9}</SimpleData>
	</SchemaData></ExtendedData>
  </Placemark>
  <Placemark>
	<ExtendedData><SchemaData schemaUrl="#DCDevelopment">
		<SimpleData name="OBJECTID">447</SimpleData>
		<SimpleData name="PROJECTNAME">Consumer Financial Protection Bureau HQ Modernization</SimpleData>
		<SimpleData name="WARD">2</SimpleData>
		<SimpleData name="LOCATION">1700 G Street, NW</SimpleData>
		<SimpleData name="DEVELOPER">General Services Administration</SimpleData>
		<SimpleData name="PROJECTTYPE">Retail</SimpleData>
		<SimpleData name="TYPE_SQFT">21596</SimpleData>
		<SimpleData name="ESTVALUEINMILLION">139000000</SimpleData>
		<SimpleData name="ESTDELIVERY">Q4 17</SimpleData>
		<SimpleData name="STATUS">Completed</SimpleData>
		<SimpleData name="REPORT_EDITION_YEAR">2016-2019</SimpleData>
		<SimpleData name="ARCHITECT">RTKL Associates / SOM</SimpleData>
		<SimpleData name="LAST_EDITED_USER">SDE</SimpleData>
		<SimpleData name="LAST_EDITED_DATE">2025/10/16 20:13:28+00</SimpleData>
		<SimpleData name="GLOBALID">{1B87E88E-1FFF-4BB7-B4FF-B23D20C57C25}</SimpleData>
	</SchemaData></ExtendedData>
  </Placemark>
  <Placemark>
	<ExtendedData><SchemaData schemaUrl="#DCDevelopment">
		<SimpleData name="OBJECTID">448</SimpleData>
		<SimpleData name="PROJECTNAME">Shops at Penn Hill (Phase I)</SimpleData>
		<SimpleData name="WARD">7</SimpleData>
		<SimpleData name="LOCATION">3200 Pennsylvania Avenue, SE</SimpleData>
		<SimpleData name="DEVELOPER">Jair Lynch Real Estate Partners</SimpleData>
		<SimpleData name="PROJECTTYPE">Retail</SimpleData>
		<SimpleData name="TYPE_SQFT">65000</SimpleData>
		<SimpleData name="ESTVALUEINMILLION">15000000</SimpleData>
		<SimpleData name="ESTDELIVERY">Q1 19</SimpleData>
		<SimpleData name="STATUS">Under Construction</SimpleData>
		<SimpleData name="REPORT_EDITION_YEAR">2016-2019</SimpleData>
		<SimpleData name="ARCHITECT">Mushinksy Voelzke Associates</SimpleData>
		<SimpleData name="LAST_EDITED_USER">SDE</SimpleData>
		<SimpleData name="LAST_EDITED_DATE">2025/10/16 20:13:28+00</SimpleData>
		<SimpleData name="GLOBALID">{D528E01E-3340-4145-9F64-275D7038A0D9}</SimpleData>
	</SchemaData></ExtendedData>
  </Placemark>
  <Placemark>
	<ExtendedData><SchemaData schemaUrl="#DCDevelopment">
		<SimpleData name="OBJECTID">449</SimpleData>
		<SimpleData name="PROJECTNAME">The Belgard</SimpleData>
		<SimpleData name="WARD">6</SimpleData>
		<SimpleData name="LOCATION">33 N Street, NE</SimpleData>
		<SimpleData name="DEVELOPER">Wood Partners / MacFarlane Partners</SimpleData>
		<SimpleData name="PROJECTTYPE">Residential</SimpleData>
		<SimpleData name="UNITS">346</SimpleData>
		<SimpleData name="UNIT_TYPE">R</SimpleData>
		<SimpleData name="ESTVALUEINMILLION">150000000</SimpleData>
		<SimpleData name="ESTDELIVERY">Q2 18</SimpleData>
		<SimpleData name="STATUS">Completed</SimpleData>
		<SimpleData name="REPORT_EDITION_YEAR">2016-2019</SimpleData>
		<SimpleData name="ARCHITECT">Hickok Cole Architects</SimpleData>
		<SimpleData name="LAST_EDITED_USER">SDE</SimpleData>
		<SimpleData name="LAST_EDITED_DATE">2025/10/16 20:12:51+00</SimpleData>
		<SimpleData name="GLOBALID">{9B2433DC-A1EC-441A-8215-6F82533E4F8D}</SimpleData>
	</SchemaData></ExtendedData>
  </Placemark>
  <Placemark>
	<ExtendedData><SchemaData schemaUrl="#DCDevelopment">
		<SimpleData name="OBJECTID">450</SimpleData>
		<SimpleData name="PROJECTNAME">Plaza West</SimpleData>
		<SimpleData name="WARD">6</SimpleData>
		<SimpleData name="LOCATION">1035 4th Street, NW</SimpleData>
		<SimpleData name="DEVELOPER">MissionFirst Development / The Henson Development Company Inc. </SimpleData>
		<SimpleData name="PROJECTTYPE">Residential</SimpleData>
		<SimpleData name="UNITS">233</SimpleData>
		<SimpleData name="UNIT_TYPE">R</SimpleData>
		<SimpleData name="ESTVALUEINMILLION">90100000</SimpleData>
		<SimpleData name="ESTDELIVERY">Q2 18</SimpleData>
		<SimpleData name="STATUS">Completed</SimpleData>
		<SimpleData name="REPORT_EDITION_YEAR">2016-2019</SimpleData>
		<SimpleData name="ARCHITECT">Hickok Cole Architects</SimpleData>
		<SimpleData name="LAST_EDITED_USER">SDE</SimpleData>
		<SimpleData name="LAST_EDITED_DATE">2025/10/16 20:12:51+00</SimpleData>
		<SimpleData name="GLOBALID">{883017BA-7FAB-4121-B957-B40F59DDEE2D}</SimpleData>
	</SchemaData></ExtendedData>
  </Placemark>
  <Placemark>
	<ExtendedData><SchemaData schemaUrl="#DCDevelopment">
		<SimpleData name="OBJECTID">451</SimpleData>
		<SimpleData name="PROJECTNAME">Half Street</SimpleData>
		<SimpleData name="WARD">6</SimpleData>
		<SimpleData name="LOCATION">Half &amp; N Sts., SE</SimpleData>
		<SimpleData name="DEVELOPER">Jair Lynch Real Estate Partners / MacFarlane Partners</SimpleData>
		<SimpleData name="PROJECTTYPE">Retail</SimpleData>
		<SimpleData name="TYPE_SQFT">50000</SimpleData>
		<SimpleData name="ESTVALUEINMILLION">152000000</SimpleData>
		<SimpleData name="ESTDELIVERY">2018</SimpleData>
		<SimpleData name="STATUS">Pipeline</SimpleData>
		<SimpleData name="REPORT_EDITION_YEAR">2016-2019</SimpleData>
		<SimpleData name="ARCHITECT">R.D. Jones &amp; Associates / Hord Coplan Macht Inc</SimpleData>
		<SimpleData name="LAST_EDITED_USER">SDE</SimpleData>
		<SimpleData name="LAST_EDITED_DATE">2025/10/16 20:13:28+00</SimpleData>
		<SimpleData name="GLOBALID">{C1D0A7DA-D342-4483-BFDD-4F08DFEC2943}</SimpleData>
	</SchemaData></ExtendedData>
  </Placemark>
  <Placemark>
	<ExtendedData><SchemaData schemaUrl="#DCDevelopment">
		<SimpleData name="OBJECTID">452</SimpleData>
		<SimpleData name="PROJECTNAME">Park Van Ness</SimpleData>
		<SimpleData name="WARD">3</SimpleData>
		<SimpleData name="LOCATION">4455 Connecticut Ave., NW</SimpleData>
		<SimpleData name="DEVELOPER">Saul Centers, Inc.</SimpleData>
		<SimpleData name="PROJECTTYPE">Residential</SimpleData>
		<SimpleData name="UNITS">271</SimpleData>
		<SimpleData name="UNIT_TYPE">R</SimpleData>
		<SimpleData name="ESTVALUEINMILLION">75000000</SimpleData>
		<SimpleData name="STATUS">Completed</SimpleData>
		<SimpleData name="REPORT_EDITION_YEAR">2016-2019</SimpleData>
		<SimpleData name="ARCHITECT">Torti Gallas and Partners</SimpleData>
		<SimpleData name="LAST_EDITED_USER">SDE</SimpleData>
		<SimpleData name="LAST_EDITED_DATE">2025/10/16 20:12:51+00</SimpleData>
		<SimpleData name="GLOBALID">{4BB6DAFD-FADE-4475-9F96-88B045445DAA}</SimpleData>
	</SchemaData></ExtendedData>
  </Placemark>
  <Placemark>
	<ExtendedData><SchemaData schemaUrl="#DCDevelopment">
		<SimpleData name="OBJECTID">453</SimpleData>
		<SimpleData name="PROJECTNAME">Corcoran Gallery of Art</SimpleData>
		<SimpleData name="WARD">2</SimpleData>
		<SimpleData name="LOCATION">500 17th Street, NW</SimpleData>
		<SimpleData name="DEVELOPER">George Washington University</SimpleData>
		<SimpleData name="PROJECTTYPE">Hospitality</SimpleData>
		<SimpleData name="TYPE_SQFT">35000</SimpleData>
		<SimpleData name="ESTVALUEINMILLION">80000000</SimpleData>
		<SimpleData name="ESTDELIVERY">Q3 18</SimpleData>
		<SimpleData name="STATUS">Completed</SimpleData>
		<SimpleData name="REPORT_EDITION_YEAR">2016-2019</SimpleData>
		<SimpleData name="ARCHITECT">Leo A Daly</SimpleData>
		<SimpleData name="LAST_EDITED_USER">SDE</SimpleData>
		<SimpleData name="LAST_EDITED_DATE">2025/10/16 20:10:22+00</SimpleData>
		<SimpleData name="GLOBALID">{83A5ECCF-1AA3-4F2A-9958-1E2DEABC7A72}</SimpleData>
	</SchemaData></ExtendedData>
  </Placemark>
  <Placemark>
	<ExtendedData><SchemaData schemaUrl="#DCDevelopment">
		<SimpleData name="OBJECTID">454</SimpleData>
		<SimpleData name="PROJECTNAME">Four Constitution Square</SimpleData>
		<SimpleData name="WARD">6</SimpleData>
		<SimpleData name="LOCATION">150 M Street, NE</SimpleData>
		<SimpleData name="DEVELOPER">StonebridgeCarras, LLC</SimpleData>
		<SimpleData name="PROJECTTYPE">Office</SimpleData>
		<SimpleData name="TYPE_SQFT">505000</SimpleData>
		<SimpleData name="ESTVALUEINMILLION">250000000</SimpleData>
		<SimpleData name="ESTDELIVERY">Q2 19</SimpleData>
		<SimpleData name="STATUS">Under Construction</SimpleData>
		<SimpleData name="REPORT_EDITION_YEAR">2016-2019</SimpleData>
		<SimpleData name="ARCHITECT">HOK</SimpleData>
		<SimpleData name="LAST_EDITED_USER">SDE</SimpleData>
		<SimpleData name="LAST_EDITED_DATE">2025/10/16 20:11:02+00</SimpleData>
		<SimpleData name="GLOBALID">{8C34380F-6A43-408C-AC63-EC6AFD976709}</SimpleData>
	</SchemaData></ExtendedData>
  </Placemark>
  <Placemark>
	<ExtendedData><SchemaData schemaUrl="#DCDevelopment">
		<SimpleData name="OBJECTID">455</SimpleData>
		<SimpleData name="PROJECTNAME">The Wharf (Phase II)</SimpleData>
		<SimpleData name="WARD">6</SimpleData>
		<SimpleData name="LOCATION">Southwest Waterfront</SimpleData>
		<SimpleData name="DEVELOPER">Hoffman-Madison Waterfront</SimpleData>
		<SimpleData name="PROJECTTYPE">Office</SimpleData>
		<SimpleData name="TYPE_SQFT">547504</SimpleData>
		<SimpleData name="ESTVALUEINMILLION">1200000000</SimpleData>
		<SimpleData name="ESTDELIVERY">2022</SimpleData>
		<SimpleData name="STATUS">Pipeline</SimpleData>
		<SimpleData name="REPORT_EDITION_YEAR">2016-2019</SimpleData>
		<SimpleData name="ARCHITECT">ODA Architecture / WDG Architecture / Rafael Vinoly Architects PC / Morris Adjmi Architects / Studios Architecture / Hollwich Kushner / Perkins Eastman DC / SHoP</SimpleData>
		<SimpleData name="LAST_EDITED_USER">SDE</SimpleData>
		<SimpleData name="LAST_EDITED_DATE">2025/10/16 20:11:02+00</SimpleData>
		<SimpleData name="GLOBALID">{EF501759-9128-477D-8AE1-25710A2ECAC7}</SimpleData>
	</SchemaData></ExtendedData>
  </Placemark>
  <Placemark>
	<ExtendedData><SchemaData schemaUrl="#DCDevelopment">
		<SimpleData name="OBJECTID">456</SimpleData>
		<SimpleData name="PROJECTNAME">1270 4th Street</SimpleData>
		<SimpleData name="WARD">5</SimpleData>
		<SimpleData name="LOCATION">1270 4th Street, NE</SimpleData>
		<SimpleData name="DEVELOPER">Level 2 Development / EDENS / Trammell Crow Residential</SimpleData>
		<SimpleData name="PROJECTTYPE">Residential</SimpleData>
		<SimpleData name="UNITS">432</SimpleData>
		<SimpleData name="UNIT_TYPE">R</SimpleData>
		<SimpleData name="ESTVALUEINMILLION">150000000</SimpleData>
		<SimpleData name="ESTDELIVERY">Q1 19</SimpleData>
		<SimpleData name="STATUS">Under Construction</SimpleData>
		<SimpleData name="REPORT_EDITION_YEAR">2016-2019</SimpleData>
		<SimpleData name="ARCHITECT">Shalom Baranes Associates</SimpleData>
		<SimpleData name="LAST_EDITED_USER">SDE</SimpleData>
		<SimpleData name="LAST_EDITED_DATE">2025/10/16 20:12:51+00</SimpleData>
		<SimpleData name="GLOBALID">{7D33F012-A8CA-41D8-BB6F-7AA50DA7FA17}</SimpleData>
	</SchemaData></ExtendedData>
  </Placemark>
  <Placemark>
	<ExtendedData><SchemaData schemaUrl="#DCDevelopment">
		<SimpleData name="OBJECTID">457</SimpleData>
		<SimpleData name="PROJECTNAME">AVEC</SimpleData>
		<SimpleData name="WARD">6</SimpleData>
		<SimpleData name="LOCATION">901 H Street, NE</SimpleData>
		<SimpleData name="DEVELOPER">Rappaport / WC Smith / Lustine Realty Co.</SimpleData>
		<SimpleData name="PROJECTTYPE">Residential</SimpleData>
		<SimpleData name="UNITS">419</SimpleData>
		<SimpleData name="UNIT_TYPE">R</SimpleData>
		<SimpleData name="ESTVALUEINMILLION">200000000</SimpleData>
		<SimpleData name="ESTDELIVERY">Q3 19</SimpleData>
		<SimpleData name="STATUS">Under Construction</SimpleData>
		<SimpleData name="REPORT_EDITION_YEAR">2016-2019</SimpleData>
		<SimpleData name="ARCHITECT">Torti Gallas and Partners</SimpleData>
		<SimpleData name="LAST_EDITED_USER">SDE</SimpleData>
		<SimpleData name="LAST_EDITED_DATE">2025/10/16 20:12:51+00</SimpleData>
		<SimpleData name="GLOBALID">{BF7174BA-0476-4CB9-B906-B7843CB51200}</SimpleData>
	</SchemaData></ExtendedData>
  </Placemark>
  <Placemark>
	<ExtendedData><SchemaData schemaUrl="#DCDevelopment">
		<SimpleData name="OBJECTID">458</SimpleData>
		<SimpleData name="PROJECTNAME">The Garrett</SimpleData>
		<SimpleData name="WARD">6</SimpleData>
		<SimpleData name="LOCATION">150 Eye Street, SE</SimpleData>
		<SimpleData name="DEVELOPER">WC Smith</SimpleData>
		<SimpleData name="PROJECTTYPE">Residential</SimpleData>
		<SimpleData name="UNITS">375</SimpleData>
		<SimpleData name="UNIT_TYPE">R</SimpleData>
		<SimpleData name="ESTVALUEINMILLION">170000000</SimpleData>
		<SimpleData name="ESTDELIVERY">Q2 20</SimpleData>
		<SimpleData name="STATUS">Under Construction</SimpleData>
		<SimpleData name="REPORT_EDITION_YEAR">2016-2019</SimpleData>
		<SimpleData name="ARCHITECT">Kohn Pedersen Fox &amp; Associates</SimpleData>
		<SimpleData name="LAST_EDITED_USER">SDE</SimpleData>
		<SimpleData name="LAST_EDITED_DATE">2025/10/16 20:12:51+00</SimpleData>
		<SimpleData name="GLOBALID">{017E61A8-3F72-4220-900B-ACB8AFB7A5EF}</SimpleData>
	</SchemaData></ExtendedData>
  </Placemark>
  <Placemark>
	<ExtendedData><SchemaData schemaUrl="#DCDevelopment">
		<SimpleData name="OBJECTID">459</SimpleData>
		<SimpleData name="PROJECTNAME">1331</SimpleData>
		<SimpleData name="WARD">6</SimpleData>
		<SimpleData name="LOCATION">1331 Maryland Avenue, SW</SimpleData>
		<SimpleData name="DEVELOPER">Republic Properties Corporation</SimpleData>
		<SimpleData name="PROJECTTYPE">Residential</SimpleData>
		<SimpleData name="UNITS">373</SimpleData>
		<SimpleData name="UNIT_TYPE">R</SimpleData>
		<SimpleData name="ESTVALUEINMILLION">220000000</SimpleData>
		<SimpleData name="ESTDELIVERY">Q3 19</SimpleData>
		<SimpleData name="STATUS">Under Construction</SimpleData>
		<SimpleData name="REPORT_EDITION_YEAR">2016-2019</SimpleData>
		<SimpleData name="ARCHITECT">WDG Architecture / Robert A M Stern Architects</SimpleData>
		<SimpleData name="LAST_EDITED_USER">SDE</SimpleData>
		<SimpleData name="LAST_EDITED_DATE">2025/10/16 20:12:51+00</SimpleData>
		<SimpleData name="GLOBALID">{7982B426-E885-4EF2-9929-4F31EF727542}</SimpleData>
	</SchemaData></ExtendedData>
  </Placemark>
  <Placemark>
	<ExtendedData><SchemaData schemaUrl="#DCDevelopment">
		<SimpleData name="OBJECTID">460</SimpleData>
		<SimpleData name="PROJECTNAME">Novel South Capitol</SimpleData>
		<SimpleData name="WARD">6</SimpleData>
		<SimpleData name="LOCATION">2 I Street, SE</SimpleData>
		<SimpleData name="DEVELOPER">Crescent Development / RCP Development Company</SimpleData>
		<SimpleData name="PROJECTTYPE">Residential</SimpleData>
		<SimpleData name="UNITS">355</SimpleData>
		<SimpleData name="UNIT_TYPE">R</SimpleData>
		<SimpleData name="ESTDELIVERY">Q1 19</SimpleData>
		<SimpleData name="STATUS">Under Construction</SimpleData>
		<SimpleData name="REPORT_EDITION_YEAR">2016-2019</SimpleData>
		<SimpleData name="ARCHITECT">SK+I Architectural Design Group</SimpleData>
		<SimpleData name="LAST_EDITED_USER">SDE</SimpleData>
		<SimpleData name="LAST_EDITED_DATE">2025/10/16 20:12:51+00</SimpleData>
		<SimpleData name="GLOBALID">{7CBC95A0-2E0F-49E8-9934-36B02F18FE44}</SimpleData>
	</SchemaData></ExtendedData>
  </Placemark>
  <Placemark>
	<ExtendedData><SchemaData schemaUrl="#DCDevelopment">
		<SimpleData name="OBJECTID">461</SimpleData>
		<SimpleData name="PROJECTNAME">Eckington Yards</SimpleData>
		<SimpleData name="WARD">5</SimpleData>
		<SimpleData name="LOCATION">1625 Eckington Place &amp; 1500 Harry Thomas Way, NE</SimpleData>
		<SimpleData name="DEVELOPER">JBG Smith / The Boundary Companies</SimpleData>
		<SimpleData name="PROJECTTYPE">Residential</SimpleData>
		<SimpleData name="UNITS">695</SimpleData>
		<SimpleData name="UNIT_TYPE">R/O</SimpleData>
		<SimpleData name="ESTDELIVERY">2020</SimpleData>
		<SimpleData name="STATUS">Pipeline</SimpleData>
		<SimpleData name="REPORT_EDITION_YEAR">2016-2019</SimpleData>
		<SimpleData name="ARCHITECT">Eric Colbert &amp; Associates, PC</SimpleData>
		<SimpleData name="LAST_EDITED_USER">SDE</SimpleData>
		<SimpleData name="LAST_EDITED_DATE">2025/10/16 20:12:51+00</SimpleData>
		<SimpleData name="GLOBALID">{C0BC30BE-4BF3-4712-B873-0E7F90084E99}</SimpleData>
	</SchemaData></ExtendedData>
  </Placemark>
  <Placemark>
	<ExtendedData><SchemaData schemaUrl="#DCDevelopment">
		<SimpleData name="OBJECTID">462</SimpleData>
		<SimpleData name="PROJECTNAME">3900 Wisconsin Avenue</SimpleData>
		<SimpleData name="WARD">3</SimpleData>
		<SimpleData name="LOCATION">3900 Wisconsin Avenue, NW</SimpleData>
		<SimpleData name="DEVELOPER">Roadside Development / Sekisui House</SimpleData>
		<SimpleData name="PROJECTTYPE">Residential</SimpleData>
		<SimpleData name="UNITS">652</SimpleData>
		<SimpleData name="UNIT_TYPE">R</SimpleData>
		<SimpleData name="ESTDELIVERY">2022</SimpleData>
		<SimpleData name="STATUS">Pipeline</SimpleData>
		<SimpleData name="REPORT_EDITION_YEAR">2016-2019</SimpleData>
		<SimpleData name="ARCHITECT">Shalom Baranes Associates</SimpleData>
		<SimpleData name="LAST_EDITED_USER">SDE</SimpleData>
		<SimpleData name="LAST_EDITED_DATE">2025/10/16 20:12:51+00</SimpleData>
		<SimpleData name="GLOBALID">{487427B2-8A1B-47F7-8023-AF8FB05BE99A}</SimpleData>
	</SchemaData></ExtendedData>
  </Placemark>
  <Placemark>
	<ExtendedData><SchemaData schemaUrl="#DCDevelopment">
		<SimpleData name="OBJECTID">463</SimpleData>
		<SimpleData name="PROJECTNAME">Bryant Street</SimpleData>
		<SimpleData name="WARD">5</SimpleData>
		<SimpleData name="LOCATION">680 Rhode Island Ave., NE</SimpleData>
		<SimpleData name="DEVELOPER">MRP Realty / B&amp;R Associates LP</SimpleData>
		<SimpleData name="PROJECTTYPE">Residential</SimpleData>
		<SimpleData name="UNITS">490</SimpleData>
		<SimpleData name="UNIT_TYPE">R</SimpleData>
		<SimpleData name="ESTDELIVERY">2020</SimpleData>
		<SimpleData name="STATUS">Pipeline</SimpleData>
		<SimpleData name="REPORT_EDITION_YEAR">2016-2019</SimpleData>
		<SimpleData name="ARCHITECT">SK+I Architectural Design Group</SimpleData>
		<SimpleData name="LAST_EDITED_USER">SDE</SimpleData>
		<SimpleData name="LAST_EDITED_DATE">2025/10/16 20:12:51+00</SimpleData>
		<SimpleData name="GLOBALID">{0D23C1EE-43E0-4DF9-ACA0-55A98E5AFC7E}</SimpleData>
	</SchemaData></ExtendedData>
  </Placemark>
  <Placemark>
	<ExtendedData><SchemaData schemaUrl="#DCDevelopment">
		<SimpleData name="OBJECTID">464</SimpleData>
		<SimpleData name="PROJECTNAME">Waterfront Station II</SimpleData>
		<SimpleData name="WARD">6</SimpleData>
		<SimpleData name="LOCATION">1000 4th Street, SW</SimpleData>
		<SimpleData name="DEVELOPER">PN Hoffman / Paramount Dev. / ER Bacon Dev. / CityPartners / Affordable Housing Dev. / DMPED</SimpleData>
		<SimpleData name="PROJECTTYPE">Residential</SimpleData>
		<SimpleData name="UNITS">456</SimpleData>
		<SimpleData name="UNIT_TYPE">R</SimpleData>
		<SimpleData name="ESTVALUEINMILLION">157000000</SimpleData>
		<SimpleData name="ESTDELIVERY">2022</SimpleData>
		<SimpleData name="STATUS">Pipeline</SimpleData>
		<SimpleData name="REPORT_EDITION_YEAR">2016-2019</SimpleData>
		<SimpleData name="ARCHITECT">Torti Gallas and Partners</SimpleData>
		<SimpleData name="LAST_EDITED_USER">SDE</SimpleData>
		<SimpleData name="LAST_EDITED_DATE">2025/10/16 20:12:51+00</SimpleData>
		<SimpleData name="GLOBALID">{367A36BC-01B7-4711-8578-86E4BD79BDF4}</SimpleData>
	</SchemaData></ExtendedData>
  </Placemark>
  <Placemark>
	<ExtendedData><SchemaData schemaUrl="#DCDevelopment">
		<SimpleData name="OBJECTID">465</SimpleData>
		<SimpleData name="PROJECTNAME">Press House at Union District</SimpleData>
		<SimpleData name="WARD">6</SimpleData>
		<SimpleData name="LOCATION">301 N Street, NE</SimpleData>
		<SimpleData name="DEVELOPER">Foulger-Pratt</SimpleData>
		<SimpleData name="PROJECTTYPE">Residential</SimpleData>
		<SimpleData name="UNITS">356</SimpleData>
		<SimpleData name="UNIT_TYPE">R</SimpleData>
		<SimpleData name="ESTVALUEINMILLION">180000000</SimpleData>
		<SimpleData name="ESTDELIVERY">2020</SimpleData>
		<SimpleData name="STATUS">Pipeline</SimpleData>
		<SimpleData name="REPORT_EDITION_YEAR">2016-2019</SimpleData>
		<SimpleData name="ARCHITECT">Torti Gallas and Partners / AA Studio</SimpleData>
		<SimpleData name="LAST_EDITED_USER">SDE</SimpleData>
		<SimpleData name="LAST_EDITED_DATE">2025/10/16 20:12:51+00</SimpleData>
		<SimpleData name="GLOBALID">{918E595E-0B3A-4BF5-8852-25BEAB168253}</SimpleData>
	</SchemaData></ExtendedData>
  </Placemark>
  <Placemark>
	<ExtendedData><SchemaData schemaUrl="#DCDevelopment">
		<SimpleData name="OBJECTID">466</SimpleData>
		<SimpleData name="PROJECTNAME">The Wharf (Phase II)</SimpleData>
		<SimpleData name="WARD">6</SimpleData>
		<SimpleData name="LOCATION">300 M Street, NE</SimpleData>
		<SimpleData name="DEVELOPER">Hoffman-Madison Waterfront</SimpleData>
		<SimpleData name="PROJECTTYPE">Residential</SimpleData>
		<SimpleData name="UNITS">425</SimpleData>
		<SimpleData name="UNIT_TYPE">R</SimpleData>
		<SimpleData name="ESTVALUEINMILLION">147000000</SimpleData>
		<SimpleData name="ESTDELIVERY">2021</SimpleData>
		<SimpleData name="STATUS">Pipeline</SimpleData>
		<SimpleData name="REPORT_EDITION_YEAR">2016-2019</SimpleData>
		<SimpleData name="ARCHITECT">ODA Architecture / WDG Architecture / Rafael Vinoly Architects PC / Morris Adjmi Architects / Studios Architecture / Hollwich Kushner / Perkins Eastman DC / SHoP</SimpleData>
		<SimpleData name="LAST_EDITED_USER">SDE</SimpleData>
		<SimpleData name="LAST_EDITED_DATE">2025/10/16 20:12:51+00</SimpleData>
		<SimpleData name="GLOBALID">{573951BA-050C-439B-8755-E5938A6D5762}</SimpleData>
	</SchemaData></ExtendedData>
  </Placemark>
  <Placemark>
	<ExtendedData><SchemaData schemaUrl="#DCDevelopment">
		<SimpleData name="OBJECTID">467</SimpleData>
		<SimpleData name="PROJECTNAME">The Alice and Eugene Ford Senior Building</SimpleData>
		<SimpleData name="WARD">6</SimpleData>
		<SimpleData name="LOCATION">1900 Half Street, SW</SimpleData>
		<SimpleData name="DEVELOPER">MidCity</SimpleData>
		<SimpleData name="PROJECTTYPE">Residential</SimpleData>
		<SimpleData name="UNITS">415</SimpleData>
		<SimpleData name="UNIT_TYPE">R</SimpleData>
		<SimpleData name="ESTDELIVERY">2021</SimpleData>
		<SimpleData name="STATUS">Pipeline</SimpleData>
		<SimpleData name="REPORT_EDITION_YEAR">2016-2019</SimpleData>
		<SimpleData name="ARCHITECT">Torti Gallas and Partners</SimpleData>
		<SimpleData name="LAST_EDITED_USER">SDE</SimpleData>
		<SimpleData name="LAST_EDITED_DATE">2025/10/16 20:12:51+00</SimpleData>
		<SimpleData name="GLOBALID">{528C1539-FC88-4520-92B0-A42BC5D8A5FC}</SimpleData>
	</SchemaData></ExtendedData>
  </Placemark>
  <Placemark>
	<ExtendedData><SchemaData schemaUrl="#DCDevelopment">
		<SimpleData name="OBJECTID">468</SimpleData>
		<SimpleData name="PROJECTNAME">Saint Elizabeths East (Phase I)</SimpleData>
		<SimpleData name="WARD">8</SimpleData>
		<SimpleData name="LOCATION">Saint Elizabeths East Campus</SimpleData>
		<SimpleData name="DEVELOPER">Redbrick / Gragg Cardona Partners / Flaherty &amp; Collins / AEDC / DMPED</SimpleData>
		<SimpleData name="PROJECTTYPE">Residential</SimpleData>
		<SimpleData name="UNITS">312</SimpleData>
		<SimpleData name="UNIT_TYPE">R/O</SimpleData>
		<SimpleData name="ESTVALUEINMILLION">300000000</SimpleData>
		<SimpleData name="ESTDELIVERY">2020</SimpleData>
		<SimpleData name="STATUS">Pipeline</SimpleData>
		<SimpleData name="REPORT_EDITION_YEAR">2016-2019</SimpleData>
		<SimpleData name="ARCHITECT">Cunningham + Quill Architects, PLLC</SimpleData>
		<SimpleData name="LAST_EDITED_USER">SDE</SimpleData>
		<SimpleData name="LAST_EDITED_DATE">2025/10/16 20:12:51+00</SimpleData>
		<SimpleData name="GLOBALID">{2E1FD394-D2EE-4555-AD7F-47681E3EC4A8}</SimpleData>
	</SchemaData></ExtendedData>
  </Placemark>
  <Placemark>
	<ExtendedData><SchemaData schemaUrl="#DCDevelopment">
		<SimpleData name="OBJECTID">469</SimpleData>
		<SimpleData name="PROJECTNAME">Midtown Center</SimpleData>
		<SimpleData name="WARD">2</SimpleData>
		<SimpleData name="LOCATION">1150 15th Street, NW</SimpleData>
		<SimpleData name="DEVELOPER">Carr Properties</SimpleData>
		<SimpleData name="PROJECTTYPE">Office</SimpleData>
		<SimpleData name="TYPE_SQFT">821000</SimpleData>
		<SimpleData name="ESTVALUEINMILLION">350000000</SimpleData>
		<SimpleData name="ESTDELIVERY">Q2 18</SimpleData>
		<SimpleData name="STATUS">Completed</SimpleData>
		<SimpleData name="REPORT_EDITION_YEAR">2016-2019</SimpleData>
		<SimpleData name="ARCHITECT">WDG Architecture / SHoP</SimpleData>
		<SimpleData name="LAST_EDITED_USER">SDE</SimpleData>
		<SimpleData name="LAST_EDITED_DATE">2025/10/16 20:11:02+00</SimpleData>
		<SimpleData name="GLOBALID">{0E4ECDAC-C2A9-43DA-9CA0-9EEAFD6ADAF8}</SimpleData>
	</SchemaData></ExtendedData>
  </Placemark>
  <Placemark>
	<ExtendedData><SchemaData schemaUrl="#DCDevelopment">
		<SimpleData name="OBJECTID">470</SimpleData>
		<SimpleData name="PROJECTNAME">Alexander Court</SimpleData>
		<SimpleData name="WARD">2</SimpleData>
		<SimpleData name="LOCATION">2001 K Street, NW</SimpleData>
		<SimpleData name="DEVELOPER">Rockrose Development</SimpleData>
		<SimpleData name="PROJECTTYPE">Office</SimpleData>
		<SimpleData name="TYPE_SQFT">780000</SimpleData>
		<SimpleData name="ESTDELIVERY">Q2 18</SimpleData>
		<SimpleData name="STATUS">Completed</SimpleData>
		<SimpleData name="REPORT_EDITION_YEAR">2016-2019</SimpleData>
		<SimpleData name="ARCHITECT">FOX Architects / Pelli Clark Pelli Architects</SimpleData>
		<SimpleData name="LAST_EDITED_USER">SDE</SimpleData>
		<SimpleData name="LAST_EDITED_DATE">2025/10/16 20:11:02+00</SimpleData>
		<SimpleData name="GLOBALID">{05A7A53C-547C-459A-933C-B0860F3F030A}</SimpleData>
	</SchemaData></ExtendedData>
  </Placemark>
  <Placemark>
	<ExtendedData><SchemaData schemaUrl="#DCDevelopment">
		<SimpleData name="OBJECTID">471</SimpleData>
		<SimpleData name="PROJECTNAME">The Wharf (Phase I)</SimpleData>
		<SimpleData name="WARD">6</SimpleData>
		<SimpleData name="LOCATION">Southwest Waterfront</SimpleData>
		<SimpleData name="DEVELOPER">Hoffman-Madison Waterfront</SimpleData>
		<SimpleData name="PROJECTTYPE">Office</SimpleData>
		<SimpleData name="TYPE_SQFT">500000</SimpleData>
		<SimpleData name="ESTVALUEINMILLION">1326000000</SimpleData>
		<SimpleData name="ESTDELIVERY">Q4 17</SimpleData>
		<SimpleData name="STATUS">Completed</SimpleData>
		<SimpleData name="REPORT_EDITION_YEAR">2016-2019</SimpleData>
		<SimpleData name="ARCHITECT">BBGM / Handel Architects / FOX Architects / Kohn Pedersen Fox &amp; Associates / MTFA Architecture / SK+I Architectural Design Group / SmithGroupJJR / WDG Architecture / Perkins Eastman DC</SimpleData>
		<SimpleData name="LAST_EDITED_USER">SDE</SimpleData>
		<SimpleData name="LAST_EDITED_DATE">2025/10/16 20:11:02+00</SimpleData>
		<SimpleData name="GLOBALID">{F2B49D84-6330-4357-85C3-113FE4EF71F0}</SimpleData>
	</SchemaData></ExtendedData>
  </Placemark>
  <Placemark>
	<ExtendedData><SchemaData schemaUrl="#DCDevelopment">
		<SimpleData name="OBJECTID">472</SimpleData>
		<SimpleData name="PROJECTNAME">200 Massachusetts Avenue</SimpleData>
		<SimpleData name="WARD">2</SimpleData>
		<SimpleData name="LOCATION">200 Massachusetts Avenue, NW</SimpleData>
		<SimpleData name="DEVELOPER">Property Group Partners</SimpleData>
		<SimpleData name="PROJECTTYPE">Office</SimpleData>
		<SimpleData name="TYPE_SQFT">381746</SimpleData>
		<SimpleData name="ESTVALUEINMILLION">200000000</SimpleData>
		<SimpleData name="ESTDELIVERY">Q2 18</SimpleData>
		<SimpleData name="STATUS">Completed</SimpleData>
		<SimpleData name="REPORT_EDITION_YEAR">2016-2019</SimpleData>
		<SimpleData name="ARCHITECT">Kevin Roche John Dinkeloo &amp; Associates LLC</SimpleData>
		<SimpleData name="LAST_EDITED_USER">SDE</SimpleData>
		<SimpleData name="LAST_EDITED_DATE">2025/10/16 20:11:02+00</SimpleData>
		<SimpleData name="GLOBALID">{12F7439D-637C-43DD-89E2-7FF4928DEF09}</SimpleData>
	</SchemaData></ExtendedData>
  </Placemark>
  <Placemark>
	<ExtendedData><SchemaData schemaUrl="#DCDevelopment">
		<SimpleData name="OBJECTID">473</SimpleData>
		<SimpleData name="PROJECTNAME">2112 Pennsylvania Avenue</SimpleData>
		<SimpleData name="WARD">2</SimpleData>
		<SimpleData name="LOCATION">2112 Pennsylvania Avenue, NW</SimpleData>
		<SimpleData name="DEVELOPER">Skanska USA</SimpleData>
		<SimpleData name="PROJECTTYPE">Office</SimpleData>
		<SimpleData name="TYPE_SQFT">230000</SimpleData>
		<SimpleData name="ESTVALUEINMILLION">126000000</SimpleData>
		<SimpleData name="ESTDELIVERY">Q2 18</SimpleData>
		<SimpleData name="STATUS">Completed</SimpleData>
		<SimpleData name="REPORT_EDITION_YEAR">2016-2019</SimpleData>
		<SimpleData name="ARCHITECT">Gensler</SimpleData>
		<SimpleData name="LAST_EDITED_USER">SDE</SimpleData>
		<SimpleData name="LAST_EDITED_DATE">2025/10/16 20:11:02+00</SimpleData>
		<SimpleData name="GLOBALID">{390BF813-16DB-464B-9882-DD2057D04692}</SimpleData>
	</SchemaData></ExtendedData>
  </Placemark>
  <Placemark>
	<ExtendedData><SchemaData schemaUrl="#DCDevelopment">
		<SimpleData name="OBJECTID">474</SimpleData>
		<SimpleData name="PROJECTNAME">555 E Street (CitizenM)</SimpleData>
		<SimpleData name="WARD">6</SimpleData>
		<SimpleData name="LOCATION">555 E St., SW</SimpleData>
		<SimpleData name="DEVELOPER">CityPartners / Paramount Development Corp. / Potomac Investment Properties / Adams Investment Group / DC Strategy Group</SimpleData>
		<SimpleData name="PROJECTTYPE">Hospitality</SimpleData>
		<SimpleData name="TYPE_SQFT">130000</SimpleData>
		<SimpleData name="UNITS">252</SimpleData>
		<SimpleData name="ESTVALUEINMILLION">120000000</SimpleData>
		<SimpleData name="ESTDELIVERY">Q3 20</SimpleData>
		<SimpleData name="STATUS">Completed</SimpleData>
		<SimpleData name="REPORT_EDITION_YEAR">2020-2021</SimpleData>
		<SimpleData name="ARCHITECT"></SimpleData>
		<SimpleData name="LAST_EDITED_USER">SDE</SimpleData>
		<SimpleData name="LAST_EDITED_DATE">2025/10/16 20:10:22+00</SimpleData>
		<SimpleData name="GLOBALID">{5974C595-89A5-47A6-AAAC-32683540BDFD}</SimpleData>
	</SchemaData></ExtendedData>
  </Placemark>
  <Placemark>
	<ExtendedData><SchemaData schemaUrl="#DCDevelopment">
		<SimpleData name="OBJECTID">475</SimpleData>
		<SimpleData name="PROJECTNAME">AC Hotel</SimpleData>
		<SimpleData name="WARD">2</SimpleData>
		<SimpleData name="LOCATION">1112 19th St., NW</SimpleData>
		<SimpleData name="DEVELOPER">OTO Development</SimpleData>
		<SimpleData name="PROJECTTYPE">Hospitality</SimpleData>
		<SimpleData name="TYPE_SQFT">125700</SimpleData>
		<SimpleData name="UNITS">219</SimpleData>
		<SimpleData name="ESTVALUEINMILLION">41000000</SimpleData>
		<SimpleData name="ESTDELIVERY">Q4 19</SimpleData>
		<SimpleData name="STATUS">Completed</SimpleData>
		<SimpleData name="REPORT_EDITION_YEAR">2020-2021</SimpleData>
		<SimpleData name="ARCHITECT"></SimpleData>
		<SimpleData name="LAST_EDITED_USER">SDE</SimpleData>
		<SimpleData name="LAST_EDITED_DATE">2025/10/16 20:10:22+00</SimpleData>
		<SimpleData name="GLOBALID">{BB09E355-D59C-4A7B-A220-AE603967214A}</SimpleData>
	</SchemaData></ExtendedData>
  </Placemark>
  <Placemark>
	<ExtendedData><SchemaData schemaUrl="#DCDevelopment">
		<SimpleData name="OBJECTID">476</SimpleData>
		<SimpleData name="PROJECTNAME">Thompson D.C. Hotel</SimpleData>
		<SimpleData name="WARD">6</SimpleData>
		<SimpleData name="LOCATION">227 Tingey St., SE</SimpleData>
		<SimpleData name="DEVELOPER">Brookfield Properties / JW Capital Partners / Geolo Capital</SimpleData>
		<SimpleData name="PROJECTTYPE">Hospitality</SimpleData>
		<SimpleData name="TYPE_SQFT">114800</SimpleData>
		<SimpleData name="UNITS">225</SimpleData>
		<SimpleData name="ESTVALUEINMILLION">0</SimpleData>
		<SimpleData name="ESTDELIVERY">Q1 20</SimpleData>
		<SimpleData name="STATUS">Completed</SimpleData>
		<SimpleData name="REPORT_EDITION_YEAR">2020-2021</SimpleData>
		<SimpleData name="ARCHITECT"></SimpleData>
		<SimpleData name="LAST_EDITED_USER">SDE</SimpleData>
		<SimpleData name="LAST_EDITED_DATE">2025/10/16 20:10:22+00</SimpleData>
		<SimpleData name="GLOBALID">{06EC2AD7-4ED4-4E71-B0C8-53E9390C6411}</SimpleData>
	</SchemaData></ExtendedData>
  </Placemark>
  <Placemark>
	<ExtendedData><SchemaData schemaUrl="#DCDevelopment">
		<SimpleData name="OBJECTID">477</SimpleData>
		<SimpleData name="PROJECTNAME">Yotel</SimpleData>
		<SimpleData name="WARD">6</SimpleData>
		<SimpleData name="LOCATION">415 New Jersey Ave., NW</SimpleData>
		<SimpleData name="DEVELOPER">BLDG Management / Metrovest Equities</SimpleData>
		<SimpleData name="PROJECTTYPE">Hospitality</SimpleData>
		<SimpleData name="TYPE_SQFT">103000</SimpleData>
		<SimpleData name="UNITS">373</SimpleData>
		<SimpleData name="ESTVALUEINMILLION">45000000</SimpleData>
		<SimpleData name="ESTDELIVERY">Q4 20</SimpleData>
		<SimpleData name="STATUS">Completed</SimpleData>
		<SimpleData name="REPORT_EDITION_YEAR">2020-2021</SimpleData>
		<SimpleData name="ARCHITECT"></SimpleData>
		<SimpleData name="LAST_EDITED_USER">SDE</SimpleData>
		<SimpleData name="LAST_EDITED_DATE">2025/10/16 20:10:22+00</SimpleData>
		<SimpleData name="GLOBALID">{ED9F9EA5-ED13-4EDE-B179-48F025CC298A}</SimpleData>
	</SchemaData></ExtendedData>
  </Placemark>
  <Placemark>
	<ExtendedData><SchemaData schemaUrl="#DCDevelopment">
		<SimpleData name="OBJECTID">478</SimpleData>
		<SimpleData name="PROJECTNAME">AC Hotel Washington D.C. Convention Center</SimpleData>
		<SimpleData name="WARD">6</SimpleData>
		<SimpleData name="LOCATION">601 K St., NW</SimpleData>
		<SimpleData name="DEVELOPER">Douglas Development Corporation</SimpleData>
		<SimpleData name="PROJECTTYPE">Hospitality</SimpleData>
		<SimpleData name="TYPE_SQFT">96800</SimpleData>
		<SimpleData name="UNITS">234</SimpleData>
		<SimpleData name="ESTVALUEINMILLION">47000000</SimpleData>
		<SimpleData name="ESTDELIVERY">Q3 20</SimpleData>
		<SimpleData name="STATUS">Completed</SimpleData>
		<SimpleData name="REPORT_EDITION_YEAR">2020-2021</SimpleData>
		<SimpleData name="ARCHITECT"></SimpleData>
		<SimpleData name="LAST_EDITED_USER">SDE</SimpleData>
		<SimpleData name="LAST_EDITED_DATE">2025/10/16 20:10:22+00</SimpleData>
		<SimpleData name="GLOBALID">{B8E9544B-23F4-4F02-B4C1-9B9864664F29}</SimpleData>
	</SchemaData></ExtendedData>
  </Placemark>
  <Placemark>
	<ExtendedData><SchemaData schemaUrl="#DCDevelopment">
		<SimpleData name="OBJECTID">479</SimpleData>
		<SimpleData name="PROJECTNAME">The Reach</SimpleData>
		<SimpleData name="WARD">2</SimpleData>
		<SimpleData name="LOCATION">2700 F St., NW</SimpleData>
		<SimpleData name="DEVELOPER">The John F. Kennedy Center for the Performing Arts</SimpleData>
		<SimpleData name="PROJECTTYPE">Hospitality</SimpleData>
		<SimpleData name="TYPE_SQFT">72000</SimpleData>
		<SimpleData name="UNITS">0</SimpleData>
		<SimpleData name="ESTVALUEINMILLION">175000000</SimpleData>
		<SimpleData name="ESTDELIVERY">Q3 19</SimpleData>
		<SimpleData name="STATUS">Completed</SimpleData>
		<SimpleData name="REPORT_EDITION_YEAR">2020-2021</SimpleData>
		<SimpleData name="ARCHITECT"></SimpleData>
		<SimpleData name="LAST_EDITED_USER">SDE</SimpleData>
		<SimpleData name="LAST_EDITED_DATE">2025/10/16 20:10:22+00</SimpleData>
		<SimpleData name="GLOBALID">{8F551BB1-1C09-48E4-8788-495A0FD65469}</SimpleData>
	</SchemaData></ExtendedData>
  </Placemark>
  <Placemark>
	<ExtendedData><SchemaData schemaUrl="#DCDevelopment">
		<SimpleData name="OBJECTID">480</SimpleData>
		<SimpleData name="PROJECTNAME">National Children's Museum</SimpleData>
		<SimpleData name="WARD">2</SimpleData>
		<SimpleData name="LOCATION">1300 Pennsylvania Ave., NW</SimpleData>
		<SimpleData name="DEVELOPER">National Children's Museum</SimpleData>
		<SimpleData name="PROJECTTYPE">Hospitality</SimpleData>
		<SimpleData name="TYPE_SQFT">33000</SimpleData>
		<SimpleData name="UNITS">0</SimpleData>
		<SimpleData name="ESTVALUEINMILLION">15000000</SimpleData>
		<SimpleData name="ESTDELIVERY">Q1 20</SimpleData>
		<SimpleData name="STATUS">Completed</SimpleData>
		<SimpleData name="REPORT_EDITION_YEAR">2020-2021</SimpleData>
		<SimpleData name="ARCHITECT"></SimpleData>
		<SimpleData name="LAST_EDITED_USER">SDE</SimpleData>
		<SimpleData name="LAST_EDITED_DATE">2025/10/16 20:10:22+00</SimpleData>
		<SimpleData name="GLOBALID">{0696D267-6133-4327-AC60-4EA2CDD05802}</SimpleData>
	</SchemaData></ExtendedData>
  </Placemark>
  <Placemark>
	<ExtendedData><SchemaData schemaUrl="#DCDevelopment">
		<SimpleData name="OBJECTID">481</SimpleData>
		<SimpleData name="PROJECTNAME">Franklin School (Planet Word)</SimpleData>
		<SimpleData name="WARD">2</SimpleData>
		<SimpleData name="LOCATION">13th &amp; K Sts., NW</SimpleData>
		<SimpleData name="DEVELOPER">Franklin School Development LLC / DMPED</SimpleData>
		<SimpleData name="PROJECTTYPE">Hospitality</SimpleData>
		<SimpleData name="TYPE_SQFT">26300</SimpleData>
		<SimpleData name="UNITS">0</SimpleData>
		<SimpleData name="ESTVALUEINMILLION">35000000</SimpleData>
		<SimpleData name="ESTDELIVERY">Q4 20</SimpleData>
		<SimpleData name="STATUS">Completed</SimpleData>
		<SimpleData name="REPORT_EDITION_YEAR">2020-2021</SimpleData>
		<SimpleData name="ARCHITECT"></SimpleData>
		<SimpleData name="LAST_EDITED_USER">SDE</SimpleData>
		<SimpleData name="LAST_EDITED_DATE">2025/10/16 20:10:22+00</SimpleData>
		<SimpleData name="GLOBALID">{C8948EE2-79EC-4987-AEF6-5DC4D054DD73}</SimpleData>
	</SchemaData></ExtendedData>
  </Placemark>
  <Placemark>
	<ExtendedData><SchemaData schemaUrl="#DCDevelopment">
		<SimpleData name="OBJECTID">482</SimpleData>
		<SimpleData name="PROJECTNAME">ART Place at Fort Totten (Phase II)</SimpleData>
		<SimpleData name="WARD">5</SimpleData>
		<SimpleData name="LOCATION">5300 South Dakota Ave., NE</SimpleData>
		<SimpleData name="DEVELOPER">Morris &amp; Gwendolyn Cafritz Foundation</SimpleData>
		<SimpleData name="PROJECTTYPE">Hospitality</SimpleData>
		<SimpleData name="TYPE_SQFT">201000</SimpleData>
		<SimpleData name="UNITS">0</SimpleData>
		<SimpleData name="ESTVALUEINMILLION">0</SimpleData>
		<SimpleData name="ESTDELIVERY">Q4 22</SimpleData>
		<SimpleData name="STATUS">Under Construction</SimpleData>
		<SimpleData name="REPORT_EDITION_YEAR">2020-2021</SimpleData>
		<SimpleData name="ARCHITECT"></SimpleData>
		<SimpleData name="LAST_EDITED_USER">SDE</SimpleData>
		<SimpleData name="LAST_EDITED_DATE">2025/10/16 20:10:22+00</SimpleData>
		<SimpleData name="GLOBALID">{71E5709F-ADDD-4770-AF85-97869D8EA54C}</SimpleData>
	</SchemaData></ExtendedData>
  </Placemark>
  <Placemark>
	<ExtendedData><SchemaData schemaUrl="#DCDevelopment">
		<SimpleData name="OBJECTID">483</SimpleData>
		<SimpleData name="PROJECTNAME">NoMa CNTR</SimpleData>
		<SimpleData name="WARD">6</SimpleData>
		<SimpleData name="LOCATION">1005 1st St., NE</SimpleData>
		<SimpleData name="DEVELOPER">Perseus TDC / Four Points / Buccini Pollin Group / Sunwater Management</SimpleData>
		<SimpleData name="PROJECTTYPE">Hospitality</SimpleData>
		<SimpleData name="TYPE_SQFT">184400</SimpleData>
		<SimpleData name="UNITS">235</SimpleData>
		<SimpleData name="ESTVALUEINMILLION">330000000</SimpleData>
		<SimpleData name="ESTDELIVERY">Q4 22</SimpleData>
		<SimpleData name="STATUS">Under Construction</SimpleData>
		<SimpleData name="REPORT_EDITION_YEAR">2020-2021</SimpleData>
		<SimpleData name="ARCHITECT"></SimpleData>
		<SimpleData name="LAST_EDITED_USER">SDE</SimpleData>
		<SimpleData name="LAST_EDITED_DATE">2025/10/16 20:10:22+00</SimpleData>
		<SimpleData name="GLOBALID">{63EE97C9-804F-4639-90BB-A9CEEE54971B}</SimpleData>
	</SchemaData></ExtendedData>
  </Placemark>
  <Placemark>
	<ExtendedData><SchemaData schemaUrl="#DCDevelopment">
		<SimpleData name="OBJECTID">484</SimpleData>
		<SimpleData name="PROJECTNAME">H. Carl Moultrie Courthouse</SimpleData>
		<SimpleData name="WARD">2</SimpleData>
		<SimpleData name="LOCATION">500 Indiana Ave., NW</SimpleData>
		<SimpleData name="DEVELOPER">DC Superior Court</SimpleData>
		<SimpleData name="PROJECTTYPE">Office</SimpleData>
		<SimpleData name="TYPE_SQFT">176000</SimpleData>
		<SimpleData name="UNITS">0</SimpleData>
		<SimpleData name="ESTVALUEINMILLION">97000000</SimpleData>
		<SimpleData name="ESTDELIVERY">2021</SimpleData>
		<SimpleData name="STATUS">Under Construction</SimpleData>
		<SimpleData name="REPORT_EDITION_YEAR">2020-2021</SimpleData>
		<SimpleData name="ARCHITECT"></SimpleData>
		<SimpleData name="LAST_EDITED_USER">SDE</SimpleData>
		<SimpleData name="LAST_EDITED_DATE">2025/10/16 20:11:02+00</SimpleData>
		<SimpleData name="GLOBALID">{040A0F15-BD83-4AA8-9C7F-673CD397BBDF}</SimpleData>
	</SchemaData></ExtendedData>
  </Placemark>
  <Placemark>
	<ExtendedData><SchemaData schemaUrl="#DCDevelopment">
		<SimpleData name="OBJECTID">485</SimpleData>
		<SimpleData name="PROJECTNAME">699 14th Street</SimpleData>
		<SimpleData name="WARD">2</SimpleData>
		<SimpleData name="LOCATION">699 14th St., NW</SimpleData>
		<SimpleData name="DEVELOPER">Lincoln Property Company / Cara Real Estate</SimpleData>
		<SimpleData name="PROJECTTYPE">Office</SimpleData>
		<SimpleData name="TYPE_SQFT">149000</SimpleData>
		<SimpleData name="UNITS">0</SimpleData>
		<SimpleData name="ESTVALUEINMILLION">0</SimpleData>
		<SimpleData name="ESTDELIVERY">Q1 21</SimpleData>
		<SimpleData name="STATUS">Under Construction</SimpleData>
		<SimpleData name="REPORT_EDITION_YEAR">2020-2021</SimpleData>
		<SimpleData name="ARCHITECT"></SimpleData>
		<SimpleData name="LAST_EDITED_USER">SDE</SimpleData>
		<SimpleData name="LAST_EDITED_DATE">2025/10/16 20:11:02+00</SimpleData>
		<SimpleData name="GLOBALID">{F90829FC-BBA4-495B-BD08-08585FB20B38}</SimpleData>
	</SchemaData></ExtendedData>
  </Placemark>
  <Placemark>
	<ExtendedData><SchemaData schemaUrl="#DCDevelopment">
		<SimpleData name="OBJECTID">486</SimpleData>
		<SimpleData name="PROJECTNAME">The Milken Center for Advancing the American Dream</SimpleData>
		<SimpleData name="WARD">2</SimpleData>
		<SimpleData name="LOCATION">1501 - 1505 Pennsylvania Ave., NW &amp; 730 15th St., NW</SimpleData>
		<SimpleData name="DEVELOPER">Akridge / Milken Family Foundation</SimpleData>
		<SimpleData name="PROJECTTYPE">Office</SimpleData>
		<SimpleData name="TYPE_SQFT">132000</SimpleData>
		<SimpleData name="UNITS">0</SimpleData>
		<SimpleData name="ESTVALUEINMILLION">0</SimpleData>
		<SimpleData name="ESTDELIVERY">2024</SimpleData>
		<SimpleData name="STATUS">Under Construction</SimpleData>
		<SimpleData name="REPORT_EDITION_YEAR">2020-2021</SimpleData>
		<SimpleData name="ARCHITECT"></SimpleData>
		<SimpleData name="LAST_EDITED_USER">SDE</SimpleData>
		<SimpleData name="LAST_EDITED_DATE">2025/10/16 20:11:02+00</SimpleData>
		<SimpleData name="GLOBALID">{525064AF-F22F-4063-AC59-DE452E0F1155}</SimpleData>
	</SchemaData></ExtendedData>
  </Placemark>
  <Placemark>
	<ExtendedData><SchemaData schemaUrl="#DCDevelopment">
		<SimpleData name="OBJECTID">487</SimpleData>
		<SimpleData name="PROJECTNAME">2100 M Street</SimpleData>
		<SimpleData name="WARD">2</SimpleData>
		<SimpleData name="LOCATION">2100 M St., NW</SimpleData>
		<SimpleData name="DEVELOPER">Meadow Partners / Network Realty Partners</SimpleData>
		<SimpleData name="PROJECTTYPE">Office</SimpleData>
		<SimpleData name="TYPE_SQFT">369100</SimpleData>
		<SimpleData name="UNITS">0</SimpleData>
		<SimpleData name="ESTVALUEINMILLION">0</SimpleData>
		<SimpleData name="ESTDELIVERY">2022</SimpleData>
		<SimpleData name="STATUS">Pipeline</SimpleData>
		<SimpleData name="REPORT_EDITION_YEAR">2020-2021</SimpleData>
		<SimpleData name="ARCHITECT"></SimpleData>
		<SimpleData name="LAST_EDITED_USER">SDE</SimpleData>
		<SimpleData name="LAST_EDITED_DATE">2025/10/16 20:11:02+00</SimpleData>
		<SimpleData name="GLOBALID">{26D4CCA9-211E-4299-994F-41D24A8F255C}</SimpleData>
	</SchemaData></ExtendedData>
  </Placemark>
  <Placemark>
	<ExtendedData><SchemaData schemaUrl="#DCDevelopment">
		<SimpleData name="OBJECTID">488</SimpleData>
		<SimpleData name="PROJECTNAME">600 5th Street</SimpleData>
		<SimpleData name="WARD">2</SimpleData>
		<SimpleData name="LOCATION">600 5th St., NW</SimpleData>
		<SimpleData name="DEVELOPER">Stonebridge Associates / Rockefeller Group</SimpleData>
		<SimpleData name="PROJECTTYPE">Office</SimpleData>
		<SimpleData name="TYPE_SQFT">355000</SimpleData>
		<SimpleData name="UNITS">0</SimpleData>
		<SimpleData name="ESTVALUEINMILLION">300000000</SimpleData>
		<SimpleData name="ESTDELIVERY">2025</SimpleData>
		<SimpleData name="STATUS">Pipeline</SimpleData>
		<SimpleData name="REPORT_EDITION_YEAR">2020-2021</SimpleData>
		<SimpleData name="ARCHITECT"></SimpleData>
		<SimpleData name="LAST_EDITED_USER">SDE</SimpleData>
		<SimpleData name="LAST_EDITED_DATE">2025/10/16 20:11:02+00</SimpleData>
		<SimpleData name="GLOBALID">{714CE0ED-80B8-4163-81A5-CCAE50DF8A86}</SimpleData>
	</SchemaData></ExtendedData>
  </Placemark>
  <Placemark>
	<ExtendedData><SchemaData schemaUrl="#DCDevelopment">
		<SimpleData name="OBJECTID">489</SimpleData>
		<SimpleData name="PROJECTNAME">Saint Elizabeths East (Parcel 17)</SimpleData>
		<SimpleData name="WARD">8</SimpleData>
		<SimpleData name="LOCATION">Saint Elizabeths East Campus</SimpleData>
		<SimpleData name="DEVELOPER">Redbrick LMD / Gragg Cardona Partners</SimpleData>
		<SimpleData name="PROJECTTYPE">Office</SimpleData>
		<SimpleData name="TYPE_SQFT">267000</SimpleData>
		<SimpleData name="UNITS">0</SimpleData>
		<SimpleData name="ESTVALUEINMILLION">170000000</SimpleData>
		<SimpleData name="ESTDELIVERY">2023</SimpleData>
		<SimpleData name="STATUS">Pipeline</SimpleData>
		<SimpleData name="REPORT_EDITION_YEAR">2020-2021</SimpleData>
		<SimpleData name="ARCHITECT"></SimpleData>
		<SimpleData name="LAST_EDITED_USER">SDE</SimpleData>
		<SimpleData name="LAST_EDITED_DATE">2025/10/16 20:11:02+00</SimpleData>
		<SimpleData name="GLOBALID">{36586F39-DAE5-46A8-B285-F252C1D97CAF}</SimpleData>
	</SchemaData></ExtendedData>
  </Placemark>
  <Placemark>
	<ExtendedData><SchemaData schemaUrl="#DCDevelopment">
		<SimpleData name="OBJECTID">490</SimpleData>
		<SimpleData name="PROJECTNAME">Northeast Heights</SimpleData>
		<SimpleData name="WARD">7</SimpleData>
		<SimpleData name="LOCATION">Minnesota Ave. &amp; Benning Rd., NE</SimpleData>
		<SimpleData name="DEVELOPER">Cedar Realty Trust / Trammell Crow Company</SimpleData>
		<SimpleData name="PROJECTTYPE">Office</SimpleData>
		<SimpleData name="TYPE_SQFT">265000</SimpleData>
		<SimpleData name="UNITS">0</SimpleData>
		<SimpleData name="ESTVALUEINMILLION">420000000</SimpleData>
		<SimpleData name="ESTDELIVERY">2022-28</SimpleData>
		<SimpleData name="STATUS">Pipeline</SimpleData>
		<SimpleData name="REPORT_EDITION_YEAR">2020-2021</SimpleData>
		<SimpleData name="ARCHITECT"></SimpleData>
		<SimpleData name="LAST_EDITED_USER">SDE</SimpleData>
		<SimpleData name="LAST_EDITED_DATE">2025/10/16 20:11:02+00</SimpleData>
		<SimpleData name="GLOBALID">{1248308F-D899-44AF-BA00-2948A6502766}</SimpleData>
	</SchemaData></ExtendedData>
  </Placemark>
  <Placemark>
	<ExtendedData><SchemaData schemaUrl="#DCDevelopment">
		<SimpleData name="OBJECTID">491</SimpleData>
		<SimpleData name="PROJECTNAME">Reunion Square (Building 4)</SimpleData>
		<SimpleData name="WARD">8</SimpleData>
		<SimpleData name="LOCATION">Shannon Place &amp; W St., SE</SimpleData>
		<SimpleData name="DEVELOPER">Four Points / Curtis Development</SimpleData>
		<SimpleData name="PROJECTTYPE">Office</SimpleData>
		<SimpleData name="TYPE_SQFT">230000</SimpleData>
		<SimpleData name="UNITS">0</SimpleData>
		<SimpleData name="ESTVALUEINMILLION">0</SimpleData>
		<SimpleData name="ESTDELIVERY">2023</SimpleData>
		<SimpleData name="STATUS">Pipeline</SimpleData>
		<SimpleData name="REPORT_EDITION_YEAR">2020-2021</SimpleData>
		<SimpleData name="ARCHITECT"></SimpleData>
		<SimpleData name="LAST_EDITED_USER">SDE</SimpleData>
		<SimpleData name="LAST_EDITED_DATE">2025/10/16 20:11:02+00</SimpleData>
		<SimpleData name="GLOBALID">{E57FE62B-F204-4B95-BE40-B0A7E9B73714}</SimpleData>
	</SchemaData></ExtendedData>
  </Placemark>
  <Placemark>
	<ExtendedData><SchemaData schemaUrl="#DCDevelopment">
		<SimpleData name="OBJECTID">492</SimpleData>
		<SimpleData name="PROJECTNAME">Cannon House Office Building Renewal (Ph III)</SimpleData>
		<SimpleData name="WARD">6</SimpleData>
		<SimpleData name="LOCATION">27 Independence Ave., SE</SimpleData>
		<SimpleData name="DEVELOPER">Architect of the Capitol</SimpleData>
		<SimpleData name="PROJECTTYPE">Office</SimpleData>
		<SimpleData name="TYPE_SQFT">206500</SimpleData>
		<SimpleData name="UNITS">0</SimpleData>
		<SimpleData name="ESTVALUEINMILLION">188000000</SimpleData>
		<SimpleData name="ESTDELIVERY">2022</SimpleData>
		<SimpleData name="STATUS">Pipeline</SimpleData>
		<SimpleData name="REPORT_EDITION_YEAR">2020-2021</SimpleData>
		<SimpleData name="ARCHITECT"></SimpleData>
		<SimpleData name="LAST_EDITED_USER">SDE</SimpleData>
		<SimpleData name="LAST_EDITED_DATE">2025/10/16 20:11:02+00</SimpleData>
		<SimpleData name="GLOBALID">{64BD030E-782F-4C1B-9985-326E4E47CA42}</SimpleData>
	</SchemaData></ExtendedData>
  </Placemark>
  <Placemark>
	<ExtendedData><SchemaData schemaUrl="#DCDevelopment">
		<SimpleData name="OBJECTID">493</SimpleData>
		<SimpleData name="PROJECTNAME">300 7th Street</SimpleData>
		<SimpleData name="WARD">6</SimpleData>
		<SimpleData name="LOCATION">300 7th St., SW</SimpleData>
		<SimpleData name="DEVELOPER">Jair Lynch Real Estate Partners</SimpleData>
		<SimpleData name="PROJECTTYPE">Office</SimpleData>
		<SimpleData name="TYPE_SQFT">203400</SimpleData>
		<SimpleData name="UNITS">0</SimpleData>
		<SimpleData name="ESTVALUEINMILLION">122000000</SimpleData>
		<SimpleData name="ESTDELIVERY"></SimpleData>
		<SimpleData name="STATUS">Pipeline</SimpleData>
		<SimpleData name="REPORT_EDITION_YEAR">2020-2021</SimpleData>
		<SimpleData name="ARCHITECT"></SimpleData>
		<SimpleData name="LAST_EDITED_USER">SDE</SimpleData>
		<SimpleData name="LAST_EDITED_DATE">2025/10/16 20:11:02+00</SimpleData>
		<SimpleData name="GLOBALID">{C7CD5550-ADA3-4F8A-B054-8C81FBA970B9}</SimpleData>
	</SchemaData></ExtendedData>
  </Placemark>
  <Placemark>
	<ExtendedData><SchemaData schemaUrl="#DCDevelopment">
		<SimpleData name="OBJECTID">494</SimpleData>
		<SimpleData name="PROJECTNAME">615 H Street</SimpleData>
		<SimpleData name="WARD">2</SimpleData>
		<SimpleData name="LOCATION">615 H St., NW</SimpleData>
		<SimpleData name="DEVELOPER">Monument Realty</SimpleData>
		<SimpleData name="PROJECTTYPE">Office</SimpleData>
		<SimpleData name="TYPE_SQFT">69000</SimpleData>
		<SimpleData name="UNITS">0</SimpleData>
		<SimpleData name="ESTVALUEINMILLION">55000000</SimpleData>
		<SimpleData name="ESTDELIVERY"></SimpleData>
		<SimpleData name="STATUS">Pipeline</SimpleData>
		<SimpleData name="REPORT_EDITION_YEAR">2020-2021</SimpleData>
		<SimpleData name="ARCHITECT"></SimpleData>
		<SimpleData name="LAST_EDITED_USER">SDE</SimpleData>
		<SimpleData name="LAST_EDITED_DATE">2025/10/16 20:11:02+00</SimpleData>
		<SimpleData name="GLOBALID">{58090B8B-2548-4723-8B8F-2C3C2ADB0A52}</SimpleData>
	</SchemaData></ExtendedData>
  </Placemark>
  <Placemark>
	<ExtendedData><SchemaData schemaUrl="#DCDevelopment">
		<SimpleData name="OBJECTID">495</SimpleData>
		<SimpleData name="PROJECTNAME">Howard University Hospital (Phase I)</SimpleData>
		<SimpleData name="WARD">1</SimpleData>
		<SimpleData name="LOCATION">501 Bryant St., NW</SimpleData>
		<SimpleData name="DEVELOPER">Howard University</SimpleData>
		<SimpleData name="PROJECTTYPE">Quality of Life</SimpleData>
		<SimpleData name="TYPE_SQFT">478000</SimpleData>
		<SimpleData name="UNITS">0</SimpleData>
		<SimpleData name="ESTVALUEINMILLION">450000000</SimpleData>
		<SimpleData name="ESTDELIVERY">2026</SimpleData>
		<SimpleData name="STATUS">Pipeline</SimpleData>
		<SimpleData name="REPORT_EDITION_YEAR">2020-2021</SimpleData>
		<SimpleData name="ARCHITECT"></SimpleData>
		<SimpleData name="LAST_EDITED_USER">SDE</SimpleData>
		<SimpleData name="LAST_EDITED_DATE">2025/10/16 20:12:15+00</SimpleData>
		<SimpleData name="GLOBALID">{F024F47C-E07B-4C72-8F00-070CB928C618}</SimpleData>
	</SchemaData></ExtendedData>
  </Placemark>
  <Placemark>
	<ExtendedData><SchemaData schemaUrl="#DCDevelopment">
		<SimpleData name="OBJECTID">496</SimpleData>
		<SimpleData name="PROJECTNAME">Saint Elizabeths East (New Hospital)</SimpleData>
		<SimpleData name="WARD">8</SimpleData>
		<SimpleData name="LOCATION">2730 Martin Luther King, Jr. Ave., SE</SimpleData>
		<SimpleData name="DEVELOPER">Government of the District of Columbia</SimpleData>
		<SimpleData name="PROJECTTYPE">Quality of Life</SimpleData>
		<SimpleData name="TYPE_SQFT">322000</SimpleData>
		<SimpleData name="UNITS">0</SimpleData>
		<SimpleData name="ESTVALUEINMILLION">326000000</SimpleData>
		<SimpleData name="ESTDELIVERY">2024</SimpleData>
		<SimpleData name="STATUS">Pipeline</SimpleData>
		<SimpleData name="REPORT_EDITION_YEAR">2020-2021</SimpleData>
		<SimpleData name="ARCHITECT"></SimpleData>
		<SimpleData name="LAST_EDITED_USER">SDE</SimpleData>
		<SimpleData name="LAST_EDITED_DATE">2025/10/16 20:12:15+00</SimpleData>
		<SimpleData name="GLOBALID">{99606789-ABE8-45FE-8358-D3E36B152602}</SimpleData>
	</SchemaData></ExtendedData>
  </Placemark>
  <Placemark>
	<ExtendedData><SchemaData schemaUrl="#DCDevelopment">
		<SimpleData name="OBJECTID">497</SimpleData>
		<SimpleData name="PROJECTNAME">3999 8th Street</SimpleData>
		<SimpleData name="WARD">8</SimpleData>
		<SimpleData name="LOCATION">3999 8th St., SE &amp; 700 Yuma St., SE</SimpleData>
		<SimpleData name="DEVELOPER">KIPP DC</SimpleData>
		<SimpleData name="PROJECTTYPE">Quality of Life</SimpleData>
		<SimpleData name="TYPE_SQFT">158000</SimpleData>
		<SimpleData name="UNITS">0</SimpleData>
		<SimpleData name="ESTVALUEINMILLION">105000000</SimpleData>
		<SimpleData name="ESTDELIVERY">2022</SimpleData>
		<SimpleData name="STATUS">Pipeline</SimpleData>
		<SimpleData name="REPORT_EDITION_YEAR">2020-2021</SimpleData>
		<SimpleData name="ARCHITECT"></SimpleData>
		<SimpleData name="LAST_EDITED_USER">SDE</SimpleData>
		<SimpleData name="LAST_EDITED_DATE">2025/10/16 20:12:15+00</SimpleData>
		<SimpleData name="GLOBALID">{79D76033-1546-47F2-ADE8-6B6D6C2A1949}</SimpleData>
	</SchemaData></ExtendedData>
  </Placemark>
  <Placemark>
	<ExtendedData><SchemaData schemaUrl="#DCDevelopment">
		<SimpleData name="OBJECTID">498</SimpleData>
		<SimpleData name="PROJECTNAME">Skyland Town Center (Block 1)</SimpleData>
		<SimpleData name="WARD">7</SimpleData>
		<SimpleData name="LOCATION">Alabama Ave. &amp; Naylor Rd., SE</SimpleData>
		<SimpleData name="DEVELOPER">Rappaport / WC Smith</SimpleData>
		<SimpleData name="PROJECTTYPE">Quality of Life</SimpleData>
		<SimpleData name="TYPE_SQFT">131300</SimpleData>
		<SimpleData name="UNITS">0</SimpleData>
		<SimpleData name="ESTVALUEINMILLION">72000000</SimpleData>
		<SimpleData name="ESTDELIVERY">2023</SimpleData>
		<SimpleData name="STATUS">Pipeline</SimpleData>
		<SimpleData name="REPORT_EDITION_YEAR">2020-2021</SimpleData>
		<SimpleData name="ARCHITECT"></SimpleData>
		<SimpleData name="LAST_EDITED_USER">SDE</SimpleData>
		<SimpleData name="LAST_EDITED_DATE">2025/10/16 20:12:15+00</SimpleData>
		<SimpleData name="GLOBALID">{634E7E6C-8A1E-4D61-9466-FBB3BB678E0B}</SimpleData>
	</SchemaData></ExtendedData>
  </Placemark>
  <Placemark>
	<ExtendedData><SchemaData schemaUrl="#DCDevelopment">
		<SimpleData name="OBJECTID">499</SimpleData>
		<SimpleData name="PROJECTNAME">New Fort Dupont Ice Arena</SimpleData>
		<SimpleData name="WARD">7</SimpleData>
		<SimpleData name="LOCATION">3779 Ely Place, SE</SimpleData>
		<SimpleData name="DEVELOPER">Department of General Services</SimpleData>
		<SimpleData name="PROJECTTYPE">Quality of Life</SimpleData>
		<SimpleData name="TYPE_SQFT">78000</SimpleData>
		<SimpleData name="UNITS">0</SimpleData>
		<SimpleData name="ESTVALUEINMILLION">25000000</SimpleData>
		<SimpleData name="ESTDELIVERY">2023</SimpleData>
		<SimpleData name="STATUS">Pipeline</SimpleData>
		<SimpleData name="REPORT_EDITION_YEAR">2020-2021</SimpleData>
		<SimpleData name="ARCHITECT"></SimpleData>
		<SimpleData name="LAST_EDITED_USER">SDE</SimpleData>
		<SimpleData name="LAST_EDITED_DATE">2025/10/16 20:12:15+00</SimpleData>
		<SimpleData name="GLOBALID">{E3D5F465-C061-4D83-AD3E-AC7811922CA0}</SimpleData>
	</SchemaData></ExtendedData>
  </Placemark>
  <Placemark>
	<ExtendedData><SchemaData schemaUrl="#DCDevelopment">
		<SimpleData name="OBJECTID">500</SimpleData>
		<SimpleData name="PROJECTNAME">Smothers Elementary School Modernization</SimpleData>
		<SimpleData name="WARD">7</SimpleData>
		<SimpleData name="LOCATION">4400 Brooks St., NE</SimpleData>
		<SimpleData name="DEVELOPER">Department of General Services</SimpleData>
		<SimpleData name="PROJECTTYPE">Quality of Life</SimpleData>
		<SimpleData name="TYPE_SQFT">66100</SimpleData>
		<SimpleData name="UNITS">0</SimpleData>
		<SimpleData name="ESTVALUEINMILLION">55000000</SimpleData>
		<SimpleData name="ESTDELIVERY">2022</SimpleData>
		<SimpleData name="STATUS">Pipeline</SimpleData>
		<SimpleData name="REPORT_EDITION_YEAR">2020-2021</SimpleData>
		<SimpleData name="ARCHITECT"></SimpleData>
		<SimpleData name="LAST_EDITED_USER">SDE</SimpleData>
		<SimpleData name="LAST_EDITED_DATE">2025/10/16 20:12:15+00</SimpleData>
		<SimpleData name="GLOBALID">{982F4AAA-D976-4A9D-A6CA-05CB0955E3AB}</SimpleData>
	</SchemaData></ExtendedData>
  </Placemark>
  <Placemark>
	<ExtendedData><SchemaData schemaUrl="#DCDevelopment">
		<SimpleData name="OBJECTID">501</SimpleData>
		<SimpleData name="PROJECTNAME">400 I Street</SimpleData>
		<SimpleData name="WARD">6</SimpleData>
		<SimpleData name="LOCATION">400 Eye St., SW</SimpleData>
		<SimpleData name="DEVELOPER">Bozzuto / Dantes Partners / Westminster Presbyterian Church</SimpleData>
		<SimpleData name="PROJECTTYPE">Quality of Life</SimpleData>
		<SimpleData name="TYPE_SQFT">18513</SimpleData>
		<SimpleData name="UNITS">0</SimpleData>
		<SimpleData name="ESTVALUEINMILLION">0</SimpleData>
		<SimpleData name="ESTDELIVERY">2024</SimpleData>
		<SimpleData name="STATUS">Pipeline</SimpleData>
		<SimpleData name="REPORT_EDITION_YEAR">2020-2021</SimpleData>
		<SimpleData name="ARCHITECT"></SimpleData>
		<SimpleData name="LAST_EDITED_USER">SDE</SimpleData>
		<SimpleData name="LAST_EDITED_DATE">2025/10/16 20:12:15+00</SimpleData>
		<SimpleData name="GLOBALID">{98779FDB-8A3A-471C-879D-E7C044BC7BF5}</SimpleData>
	</SchemaData></ExtendedData>
  </Placemark>
  <Placemark>
	<ExtendedData><SchemaData schemaUrl="#DCDevelopment">
		<SimpleData name="OBJECTID">502</SimpleData>
		<SimpleData name="PROJECTNAME">11th Street Bridge Park</SimpleData>
		<SimpleData name="WARD">8</SimpleData>
		<SimpleData name="LOCATION">11th St. Bridge</SimpleData>
		<SimpleData name="DEVELOPER">Building Bridges Across the River / DC Department of Transportation</SimpleData>
		<SimpleData name="PROJECTTYPE">Quality of Life</SimpleData>
		<SimpleData name="TYPE_SQFT">0</SimpleData>
		<SimpleData name="UNITS">0</SimpleData>
		<SimpleData name="ESTVALUEINMILLION">74000000</SimpleData>
		<SimpleData name="ESTDELIVERY">2024</SimpleData>
		<SimpleData name="STATUS">Pipeline</SimpleData>
		<SimpleData name="REPORT_EDITION_YEAR">2020-2021</SimpleData>
		<SimpleData name="ARCHITECT"></SimpleData>
		<SimpleData name="LAST_EDITED_USER">SDE</SimpleData>
		<SimpleData name="LAST_EDITED_DATE">2025/10/16 20:12:15+00</SimpleData>
		<SimpleData name="GLOBALID">{6881DF78-E151-4E18-B4BF-BE20316B8C74}</SimpleData>
	</SchemaData></ExtendedData>
  </Placemark>
  <Placemark>
	<ExtendedData><SchemaData schemaUrl="#DCDevelopment">
		<SimpleData name="OBJECTID">503</SimpleData>
		<SimpleData name="PROJECTNAME">Banneker Academic High School</SimpleData>
		<SimpleData name="WARD">6</SimpleData>
		<SimpleData name="LOCATION">10th &amp; R Sts., NW</SimpleData>
		<SimpleData name="DEVELOPER">Department of General Services / DC Public Schools</SimpleData>
		<SimpleData name="PROJECTTYPE">Quality of Life</SimpleData>
		<SimpleData name="TYPE_SQFT">175000</SimpleData>
		<SimpleData name="UNITS">0</SimpleData>
		<SimpleData name="ESTVALUEINMILLION">152000000</SimpleData>
		<SimpleData name="ESTDELIVERY">Q3 21</SimpleData>
		<SimpleData name="STATUS">Under Construction</SimpleData>
		<SimpleData name="REPORT_EDITION_YEAR">2020-2021</SimpleData>
		<SimpleData name="ARCHITECT"></SimpleData>
		<SimpleData name="LAST_EDITED_USER">SDE</SimpleData>
		<SimpleData name="LAST_EDITED_DATE">2025/10/16 20:12:15+00</SimpleData>
		<SimpleData name="GLOBALID">{374DC5EB-6D5D-4D22-B4D8-73E953FDDB01}</SimpleData>
	</SchemaData></ExtendedData>
  </Placemark>
  <Placemark>
	<ExtendedData><SchemaData schemaUrl="#DCDevelopment">
		<SimpleData name="OBJECTID">504</SimpleData>
		<SimpleData name="PROJECTNAME">Capitol Hill Montessori at Logan</SimpleData>
		<SimpleData name="WARD">6</SimpleData>
		<SimpleData name="LOCATION">215 G St., NE</SimpleData>
		<SimpleData name="DEVELOPER">Department of General Services / DC Public Schools</SimpleData>
		<SimpleData name="PROJECTTYPE">Quality of Life</SimpleData>
		<SimpleData name="TYPE_SQFT">100000</SimpleData>
		<SimpleData name="UNITS">0</SimpleData>
		<SimpleData name="ESTVALUEINMILLION">70000000</SimpleData>
		<SimpleData name="ESTDELIVERY">Q3 21</SimpleData>
		<SimpleData name="STATUS">Under Construction</SimpleData>
		<SimpleData name="REPORT_EDITION_YEAR">2020-2021</SimpleData>
		<SimpleData name="ARCHITECT"></SimpleData>
		<SimpleData name="LAST_EDITED_USER">SDE</SimpleData>
		<SimpleData name="LAST_EDITED_DATE">2025/10/16 20:12:15+00</SimpleData>
		<SimpleData name="GLOBALID">{3E818F76-8609-4AB3-B1D3-BAFFA7DDA11C}</SimpleData>
	</SchemaData></ExtendedData>
  </Placemark>
  <Placemark>
	<ExtendedData><SchemaData schemaUrl="#DCDevelopment">
		<SimpleData name="OBJECTID">505</SimpleData>
		<SimpleData name="PROJECTNAME">West Elementary School</SimpleData>
		<SimpleData name="WARD">4</SimpleData>
		<SimpleData name="LOCATION">1335 Farragut St., NW</SimpleData>
		<SimpleData name="DEVELOPER">Department of General Services / DC Public Schools</SimpleData>
		<SimpleData name="PROJECTTYPE">Quality of Life</SimpleData>
		<SimpleData name="TYPE_SQFT">88600</SimpleData>
		<SimpleData name="UNITS">0</SimpleData>
		<SimpleData name="ESTVALUEINMILLION">71000000</SimpleData>
		<SimpleData name="ESTDELIVERY">Q3 21</SimpleData>
		<SimpleData name="STATUS">Under Construction</SimpleData>
		<SimpleData name="REPORT_EDITION_YEAR">2020-2021</SimpleData>
		<SimpleData name="ARCHITECT"></SimpleData>
		<SimpleData name="LAST_EDITED_USER">SDE</SimpleData>
		<SimpleData name="LAST_EDITED_DATE">2025/10/16 20:12:15+00</SimpleData>
		<SimpleData name="GLOBALID">{30F15D5B-52B1-4598-B485-31B6770D7184}</SimpleData>
	</SchemaData></ExtendedData>
  </Placemark>
  <Placemark>
	<ExtendedData><SchemaData schemaUrl="#DCDevelopment">
		<SimpleData name="OBJECTID">506</SimpleData>
		<SimpleData name="PROJECTNAME">KIPP School (Phase III)</SimpleData>
		<SimpleData name="WARD">7</SimpleData>
		<SimpleData name="LOCATION">4801 Benning Rd., SE</SimpleData>
		<SimpleData name="DEVELOPER">KIPP DC</SimpleData>
		<SimpleData name="PROJECTTYPE">Quality of Life</SimpleData>
		<SimpleData name="TYPE_SQFT">84000</SimpleData>
		<SimpleData name="UNITS">0</SimpleData>
		<SimpleData name="ESTVALUEINMILLION">21000000</SimpleData>
		<SimpleData name="ESTDELIVERY">Q2 21</SimpleData>
		<SimpleData name="STATUS">Under Construction</SimpleData>
		<SimpleData name="REPORT_EDITION_YEAR">2020-2021</SimpleData>
		<SimpleData name="ARCHITECT"></SimpleData>
		<SimpleData name="LAST_EDITED_USER">SDE</SimpleData>
		<SimpleData name="LAST_EDITED_DATE">2025/10/16 20:12:15+00</SimpleData>
		<SimpleData name="GLOBALID">{8675A081-227D-4EFF-9284-0B685B7CE372}</SimpleData>
	</SchemaData></ExtendedData>
  </Placemark>
  <Placemark>
	<ExtendedData><SchemaData schemaUrl="#DCDevelopment">
		<SimpleData name="OBJECTID">507</SimpleData>
		<SimpleData name="PROJECTNAME">Eaton Elementary School Modernization</SimpleData>
		<SimpleData name="WARD">3</SimpleData>
		<SimpleData name="LOCATION">3301 Lowell St., NW</SimpleData>
		<SimpleData name="DEVELOPER">Department of General Services / DC Public Schools</SimpleData>
		<SimpleData name="PROJECTTYPE">Quality of Life</SimpleData>
		<SimpleData name="TYPE_SQFT">52600</SimpleData>
		<SimpleData name="UNITS">0</SimpleData>
		<SimpleData name="ESTVALUEINMILLION">67000000</SimpleData>
		<SimpleData name="ESTDELIVERY">Q3 21</SimpleData>
		<SimpleData name="STATUS">Under Construction</SimpleData>
		<SimpleData name="REPORT_EDITION_YEAR">2020-2021</SimpleData>
		<SimpleData name="ARCHITECT"></SimpleData>
		<SimpleData name="LAST_EDITED_USER">SDE</SimpleData>
		<SimpleData name="LAST_EDITED_DATE">2025/10/16 20:12:15+00</SimpleData>
		<SimpleData name="GLOBALID">{22A9EFB8-E43B-442B-B4A6-90B40EEE3436}</SimpleData>
	</SchemaData></ExtendedData>
  </Placemark>
  <Placemark>
	<ExtendedData><SchemaData schemaUrl="#DCDevelopment">
		<SimpleData name="OBJECTID">508</SimpleData>
		<SimpleData name="PROJECTNAME">Southwest Library</SimpleData>
		<SimpleData name="WARD">6</SimpleData>
		<SimpleData name="LOCATION">900 Wesley Place, SW</SimpleData>
		<SimpleData name="DEVELOPER">DC Public Library</SimpleData>
		<SimpleData name="PROJECTTYPE">Quality of Life</SimpleData>
		<SimpleData name="TYPE_SQFT">22000</SimpleData>
		<SimpleData name="UNITS">0</SimpleData>
		<SimpleData name="ESTVALUEINMILLION">18000000</SimpleData>
		<SimpleData name="ESTDELIVERY">Q1 21</SimpleData>
		<SimpleData name="STATUS">Under Construction</SimpleData>
		<SimpleData name="REPORT_EDITION_YEAR">2020-2021</SimpleData>
		<SimpleData name="ARCHITECT"></SimpleData>
		<SimpleData name="LAST_EDITED_USER">SDE</SimpleData>
		<SimpleData name="LAST_EDITED_DATE">2025/10/16 20:12:15+00</SimpleData>
		<SimpleData name="GLOBALID">{76449F18-47D4-4578-9979-DE8865A3A33A}</SimpleData>
	</SchemaData></ExtendedData>
  </Placemark>
  <Placemark>
	<ExtendedData><SchemaData schemaUrl="#DCDevelopment">
		<SimpleData name="OBJECTID">509</SimpleData>
		<SimpleData name="PROJECTNAME">Lafayette Recreation Center</SimpleData>
		<SimpleData name="WARD">4</SimpleData>
		<SimpleData name="LOCATION">5900 33rd St., NW</SimpleData>
		<SimpleData name="DEVELOPER">Department of General Services / Department of Parks &amp; Recreation</SimpleData>
		<SimpleData name="PROJECTTYPE">Quality of Life</SimpleData>
		<SimpleData name="TYPE_SQFT">3300</SimpleData>
		<SimpleData name="UNITS">0</SimpleData>
		<SimpleData name="ESTVALUEINMILLION">6000000</SimpleData>
		<SimpleData name="ESTDELIVERY">Q1 21</SimpleData>
		<SimpleData name="STATUS">Under Construction</SimpleData>
		<SimpleData name="REPORT_EDITION_YEAR">2020-2021</SimpleData>
		<SimpleData name="ARCHITECT"></SimpleData>
		<SimpleData name="LAST_EDITED_USER">SDE</SimpleData>
		<SimpleData name="LAST_EDITED_DATE">2025/10/16 20:12:15+00</SimpleData>
		<SimpleData name="GLOBALID">{0750CDA1-4A32-40D4-919E-BB05B1194807}</SimpleData>
	</SchemaData></ExtendedData>
  </Placemark>
  <Placemark>
	<ExtendedData><SchemaData schemaUrl="#DCDevelopment">
		<SimpleData name="OBJECTID">510</SimpleData>
		<SimpleData name="PROJECTNAME">Franklin Park</SimpleData>
		<SimpleData name="WARD">2</SimpleData>
		<SimpleData name="LOCATION">13th, 14th, I, &amp; K Sts., NW</SimpleData>
		<SimpleData name="DEVELOPER">Department of General Services / National Park Service</SimpleData>
		<SimpleData name="PROJECTTYPE">Quality of Life</SimpleData>
		<SimpleData name="TYPE_SQFT">0</SimpleData>
		<SimpleData name="UNITS">0</SimpleData>
		<SimpleData name="ESTVALUEINMILLION">18000000</SimpleData>
		<SimpleData name="ESTDELIVERY">Q3 21</SimpleData>
		<SimpleData name="STATUS">Under Construction</SimpleData>
		<SimpleData name="REPORT_EDITION_YEAR">2020-2021</SimpleData>
		<SimpleData name="ARCHITECT"></SimpleData>
		<SimpleData name="LAST_EDITED_USER">SDE</SimpleData>
		<SimpleData name="LAST_EDITED_DATE">2025/10/16 20:12:15+00</SimpleData>
		<SimpleData name="GLOBALID">{97810297-A5CB-4F01-91C3-DC25ADE7131F}</SimpleData>
	</SchemaData></ExtendedData>
  </Placemark>
  <Placemark>
	<ExtendedData><SchemaData schemaUrl="#DCDevelopment">
		<SimpleData name="OBJECTID">511</SimpleData>
		<SimpleData name="PROJECTNAME">1145 19th Street</SimpleData>
		<SimpleData name="WARD">2</SimpleData>
		<SimpleData name="LOCATION">1145 19th St., NW</SimpleData>
		<SimpleData name="DEVELOPER">The RMR Group Inc.</SimpleData>
		<SimpleData name="PROJECTTYPE">Quality of Life</SimpleData>
		<SimpleData name="TYPE_SQFT">130000</SimpleData>
		<SimpleData name="UNITS">0</SimpleData>
		<SimpleData name="ESTVALUEINMILLION">26000000</SimpleData>
		<SimpleData name="ESTDELIVERY">Q3 20</SimpleData>
		<SimpleData name="STATUS">Completed</SimpleData>
		<SimpleData name="REPORT_EDITION_YEAR">2020-2021</SimpleData>
		<SimpleData name="ARCHITECT"></SimpleData>
		<SimpleData name="LAST_EDITED_USER">SDE</SimpleData>
		<SimpleData name="LAST_EDITED_DATE">2025/10/16 20:12:15+00</SimpleData>
		<SimpleData name="GLOBALID">{56EA4BF7-A296-4621-BF08-0681C1921885}</SimpleData>
	</SchemaData></ExtendedData>
  </Placemark>
  <Placemark>
	<ExtendedData><SchemaData schemaUrl="#DCDevelopment">
		<SimpleData name="OBJECTID">512</SimpleData>
		<SimpleData name="PROJECTNAME">Eliot-Hine Middle School Modernization</SimpleData>
		<SimpleData name="WARD">6</SimpleData>
		<SimpleData name="LOCATION">1830 Constitution Ave., NE</SimpleData>
		<SimpleData name="DEVELOPER">Department of General Services / DC Public Schools</SimpleData>
		<SimpleData name="PROJECTTYPE">Quality of Life</SimpleData>
		<SimpleData name="TYPE_SQFT">143500</SimpleData>
		<SimpleData name="UNITS">0</SimpleData>
		<SimpleData name="ESTVALUEINMILLION">84000000</SimpleData>
		<SimpleData name="ESTDELIVERY">Q4 20</SimpleData>
		<SimpleData name="STATUS">Completed</SimpleData>
		<SimpleData name="REPORT_EDITION_YEAR">2020-2021</SimpleData>
		<SimpleData name="ARCHITECT"></SimpleData>
		<SimpleData name="LAST_EDITED_USER">SDE</SimpleData>
		<SimpleData name="LAST_EDITED_DATE">2025/10/16 20:12:15+00</SimpleData>
		<SimpleData name="GLOBALID">{D7731D02-D36E-45F5-B229-50EE8BFD74C0}</SimpleData>
	</SchemaData></ExtendedData>
  </Placemark>
  <Placemark>
	<ExtendedData><SchemaData schemaUrl="#DCDevelopment">
		<SimpleData name="OBJECTID">513</SimpleData>
		<SimpleData name="PROJECTNAME">Jefferson Academy</SimpleData>
		<SimpleData name="WARD">6</SimpleData>
		<SimpleData name="LOCATION">801 7th St., SW</SimpleData>
		<SimpleData name="DEVELOPER">Department of General Services / DC Public Schools</SimpleData>
		<SimpleData name="PROJECTTYPE">Quality of Life</SimpleData>
		<SimpleData name="TYPE_SQFT">109000</SimpleData>
		<SimpleData name="UNITS">0</SimpleData>
		<SimpleData name="ESTVALUEINMILLION">78000000</SimpleData>
		<SimpleData name="ESTDELIVERY">Q2 20</SimpleData>
		<SimpleData name="STATUS">Completed</SimpleData>
		<SimpleData name="REPORT_EDITION_YEAR">2020-2021</SimpleData>
		<SimpleData name="ARCHITECT"></SimpleData>
		<SimpleData name="LAST_EDITED_USER">SDE</SimpleData>
		<SimpleData name="LAST_EDITED_DATE">2025/10/16 20:12:15+00</SimpleData>
		<SimpleData name="GLOBALID">{3124875C-96DC-4710-9CF4-A1068D45C5CC}</SimpleData>
	</SchemaData></ExtendedData>
  </Placemark>
  <Placemark>
	<ExtendedData><SchemaData schemaUrl="#DCDevelopment">
		<SimpleData name="OBJECTID">514</SimpleData>
		<SimpleData name="PROJECTNAME">Georgetown Day School Tenleytown Campus</SimpleData>
		<SimpleData name="WARD">3</SimpleData>
		<SimpleData name="LOCATION">4203 Davenport St., NW</SimpleData>
		<SimpleData name="DEVELOPER">Georgetown Day School</SimpleData>
		<SimpleData name="PROJECTTYPE">Quality of Life</SimpleData>
		<SimpleData name="TYPE_SQFT">88600</SimpleData>
		<SimpleData name="UNITS">0</SimpleData>
		<SimpleData name="ESTVALUEINMILLION">0</SimpleData>
		<SimpleData name="ESTDELIVERY">Q4 20</SimpleData>
		<SimpleData name="STATUS">Completed</SimpleData>
		<SimpleData name="REPORT_EDITION_YEAR">2020-2021</SimpleData>
		<SimpleData name="ARCHITECT"></SimpleData>
		<SimpleData name="LAST_EDITED_USER">SDE</SimpleData>
		<SimpleData name="LAST_EDITED_DATE">2025/10/16 20:12:15+00</SimpleData>
		<SimpleData name="GLOBALID">{A7EE0C9E-6BCD-4A6C-9AA0-3EE1397044EC}</SimpleData>
	</SchemaData></ExtendedData>
  </Placemark>
  <Placemark>
	<ExtendedData><SchemaData schemaUrl="#DCDevelopment">
		<SimpleData name="OBJECTID">515</SimpleData>
		<SimpleData name="PROJECTNAME">CW Harris Elementary School</SimpleData>
		<SimpleData name="WARD">7</SimpleData>
		<SimpleData name="LOCATION">301 53rd St., SE</SimpleData>
		<SimpleData name="DEVELOPER">Department of General Services / DC Public Schools</SimpleData>
		<SimpleData name="PROJECTTYPE">Quality of Life</SimpleData>
		<SimpleData name="TYPE_SQFT">84000</SimpleData>
		<SimpleData name="UNITS">0</SimpleData>
		<SimpleData name="ESTVALUEINMILLION">52000000</SimpleData>
		<SimpleData name="ESTDELIVERY">Q3 20</SimpleData>
		<SimpleData name="STATUS">Completed</SimpleData>
		<SimpleData name="REPORT_EDITION_YEAR">2020-2021</SimpleData>
		<SimpleData name="ARCHITECT"></SimpleData>
		<SimpleData name="LAST_EDITED_USER">SDE</SimpleData>
		<SimpleData name="LAST_EDITED_DATE">2025/10/16 20:12:15+00</SimpleData>
		<SimpleData name="GLOBALID">{7436A25F-B831-4D9C-BF67-C7C7D0303F6D}</SimpleData>
	</SchemaData></ExtendedData>
  </Placemark>
  <Placemark>
	<ExtendedData><SchemaData schemaUrl="#DCDevelopment">
		<SimpleData name="OBJECTID">516</SimpleData>
		<SimpleData name="PROJECTNAME">Houston Elementary School Modernization</SimpleData>
		<SimpleData name="WARD">7</SimpleData>
		<SimpleData name="LOCATION">1100 50th Place, NE</SimpleData>
		<SimpleData name="DEVELOPER">Department of General Services / DC Public Schools</SimpleData>
		<SimpleData name="PROJECTTYPE">Quality of Life</SimpleData>
		<SimpleData name="TYPE_SQFT">82500</SimpleData>
		<SimpleData name="UNITS">0</SimpleData>
		<SimpleData name="ESTVALUEINMILLION">55000000</SimpleData>
		<SimpleData name="ESTDELIVERY">Q3 20</SimpleData>
		<SimpleData name="STATUS">Completed</SimpleData>
		<SimpleData name="REPORT_EDITION_YEAR">2020-2021</SimpleData>
		<SimpleData name="ARCHITECT"></SimpleData>
		<SimpleData name="LAST_EDITED_USER">SDE</SimpleData>
		<SimpleData name="LAST_EDITED_DATE">2025/10/16 20:12:15+00</SimpleData>
		<SimpleData name="GLOBALID">{00C1CD5C-5852-4D76-AF3F-DD7D2BF02AD1}</SimpleData>
	</SchemaData></ExtendedData>
  </Placemark>
  <Placemark>
	<ExtendedData><SchemaData schemaUrl="#DCDevelopment">
		<SimpleData name="OBJECTID">517</SimpleData>
		<SimpleData name="PROJECTNAME">Thaddeus Stevens School</SimpleData>
		<SimpleData name="WARD">2</SimpleData>
		<SimpleData name="LOCATION">1050 21st St., NW</SimpleData>
		<SimpleData name="DEVELOPER">Akridge / Argos Group / Department of General Services / DC Public Schools</SimpleData>
		<SimpleData name="PROJECTTYPE">Quality of Life</SimpleData>
		<SimpleData name="TYPE_SQFT">40000</SimpleData>
		<SimpleData name="UNITS">0</SimpleData>
		<SimpleData name="ESTVALUEINMILLION">20000000</SimpleData>
		<SimpleData name="ESTDELIVERY">Q3 20</SimpleData>
		<SimpleData name="STATUS">Completed</SimpleData>
		<SimpleData name="REPORT_EDITION_YEAR">2020-2021</SimpleData>
		<SimpleData name="ARCHITECT"></SimpleData>
		<SimpleData name="LAST_EDITED_USER">SDE</SimpleData>
		<SimpleData name="LAST_EDITED_DATE">2025/10/16 20:12:15+00</SimpleData>
		<SimpleData name="GLOBALID">{FD0CCF9A-9410-4F78-A5DD-5A3B269A1CB8}</SimpleData>
	</SchemaData></ExtendedData>
  </Placemark>
  <Placemark>
	<ExtendedData><SchemaData schemaUrl="#DCDevelopment">
		<SimpleData name="OBJECTID">518</SimpleData>
		<SimpleData name="PROJECTNAME">Shepherd Park Community Center</SimpleData>
		<SimpleData name="WARD">4</SimpleData>
		<SimpleData name="LOCATION">7800 14th St., NW</SimpleData>
		<SimpleData name="DEVELOPER">Department of General Services / Department of Parks and Recreation</SimpleData>
		<SimpleData name="PROJECTTYPE">Quality of Life</SimpleData>
		<SimpleData name="TYPE_SQFT">20000</SimpleData>
		<SimpleData name="UNITS">0</SimpleData>
		<SimpleData name="ESTVALUEINMILLION">13000000</SimpleData>
		<SimpleData name="ESTDELIVERY">Q3 20</SimpleData>
		<SimpleData name="STATUS">Completed</SimpleData>
		<SimpleData name="REPORT_EDITION_YEAR">2020-2021</SimpleData>
		<SimpleData name="ARCHITECT"></SimpleData>
		<SimpleData name="LAST_EDITED_USER">SDE</SimpleData>
		<SimpleData name="LAST_EDITED_DATE">2025/10/16 20:12:15+00</SimpleData>
		<SimpleData name="GLOBALID">{E2906E7D-95E4-437E-B836-5D7B9F57F89A}</SimpleData>
	</SchemaData></ExtendedData>
  </Placemark>
  <Placemark>
	<ExtendedData><SchemaData schemaUrl="#DCDevelopment">
		<SimpleData name="OBJECTID">519</SimpleData>
		<SimpleData name="PROJECTNAME">Northeast Heights</SimpleData>
		<SimpleData name="WARD">7</SimpleData>
		<SimpleData name="LOCATION">3924 - 3968 Minnesota Ave., NE</SimpleData>
		<SimpleData name="DEVELOPER">Cedar Realty Trust / Trammell Crow Company</SimpleData>
		<SimpleData name="PROJECTTYPE">Residential</SimpleData>
		<SimpleData name="TYPE_SQFT">0</SimpleData>
		<SimpleData name="UNITS">1355</SimpleData>
		<SimpleData name="ESTVALUEINMILLION">0</SimpleData>
		<SimpleData name="ESTDELIVERY">2022-28</SimpleData>
		<SimpleData name="STATUS">Pipeline</SimpleData>
		<SimpleData name="REPORT_EDITION_YEAR">2020-2021</SimpleData>
		<SimpleData name="ARCHITECT"></SimpleData>
		<SimpleData name="LAST_EDITED_USER">SDE</SimpleData>
		<SimpleData name="LAST_EDITED_DATE">2025/10/16 20:12:51+00</SimpleData>
		<SimpleData name="GLOBALID">{6560057F-DF06-4D72-B6F4-D1CE003A19AA}</SimpleData>
	</SchemaData></ExtendedData>
  </Placemark>
  <Placemark>
	<ExtendedData><SchemaData schemaUrl="#DCDevelopment">
		<SimpleData name="OBJECTID">520</SimpleData>
		<SimpleData name="PROJECTNAME">100 V Street (Phase I)</SimpleData>
		<SimpleData name="WARD">6</SimpleData>
		<SimpleData name="LOCATION">1st, 2nd, T &amp; V Sts., SW</SimpleData>
		<SimpleData name="DEVELOPER">Akridge</SimpleData>
		<SimpleData name="PROJECTTYPE">Residential</SimpleData>
		<SimpleData name="TYPE_SQFT">0</SimpleData>
		<SimpleData name="UNITS">1100</SimpleData>
		<SimpleData name="ESTVALUEINMILLION">0</SimpleData>
		<SimpleData name="ESTDELIVERY">2023</SimpleData>
		<SimpleData name="STATUS">Pipeline</SimpleData>
		<SimpleData name="REPORT_EDITION_YEAR">2020-2021</SimpleData>
		<SimpleData name="ARCHITECT"></SimpleData>
		<SimpleData name="LAST_EDITED_USER">SDE</SimpleData>
		<SimpleData name="LAST_EDITED_DATE">2025/10/16 20:12:51+00</SimpleData>
		<SimpleData name="GLOBALID">{861CF60F-DE1C-4E90-A968-86E6F1128F00}</SimpleData>
	</SchemaData></ExtendedData>
  </Placemark>
  <Placemark>
	<ExtendedData><SchemaData schemaUrl="#DCDevelopment">
		<SimpleData name="OBJECTID">521</SimpleData>
		<SimpleData name="PROJECTNAME">Columbian Quarter (Phase I)</SimpleData>
		<SimpleData name="WARD">8</SimpleData>
		<SimpleData name="LOCATION">Suitland Parkway &amp; Howard Rd., SE</SimpleData>
		<SimpleData name="DEVELOPER">Redbrick LMD</SimpleData>
		<SimpleData name="PROJECTTYPE">Residential</SimpleData>
		<SimpleData name="TYPE_SQFT">0</SimpleData>
		<SimpleData name="UNITS">725</SimpleData>
		<SimpleData name="ESTVALUEINMILLION">260000000</SimpleData>
		<SimpleData name="ESTDELIVERY">2023</SimpleData>
		<SimpleData name="STATUS">Pipeline</SimpleData>
		<SimpleData name="REPORT_EDITION_YEAR">2020-2021</SimpleData>
		<SimpleData name="ARCHITECT"></SimpleData>
		<SimpleData name="LAST_EDITED_USER">SDE</SimpleData>
		<SimpleData name="LAST_EDITED_DATE">2025/10/16 20:12:51+00</SimpleData>
		<SimpleData name="GLOBALID">{AEF42AFD-CF6A-4577-A2DD-F303A80AD7C5}</SimpleData>
	</SchemaData></ExtendedData>
  </Placemark>
  <Placemark>
	<ExtendedData><SchemaData schemaUrl="#DCDevelopment">
		<SimpleData name="OBJECTID">522</SimpleData>
		<SimpleData name="PROJECTNAME">Upton Place</SimpleData>
		<SimpleData name="WARD">3</SimpleData>
		<SimpleData name="LOCATION">4000 Wisconsin Ave. NW</SimpleData>
		<SimpleData name="DEVELOPER">Donohoe Companies</SimpleData>
		<SimpleData name="PROJECTTYPE">Residential</SimpleData>
		<SimpleData name="TYPE_SQFT">0</SimpleData>
		<SimpleData name="UNITS">689</SimpleData>
		<SimpleData name="ESTVALUEINMILLION">0</SimpleData>
		<SimpleData name="ESTDELIVERY">2024</SimpleData>
		<SimpleData name="STATUS">Pipeline</SimpleData>
		<SimpleData name="REPORT_EDITION_YEAR">2020-2021</SimpleData>
		<SimpleData name="ARCHITECT"></SimpleData>
		<SimpleData name="LAST_EDITED_USER">SDE</SimpleData>
		<SimpleData name="LAST_EDITED_DATE">2025/10/16 20:12:51+00</SimpleData>
		<SimpleData name="GLOBALID">{F49D0DE5-FC70-4F0C-A4CD-36ADD1606916}</SimpleData>
	</SchemaData></ExtendedData>
  </Placemark>
  <Placemark>
	<ExtendedData><SchemaData schemaUrl="#DCDevelopment">
		<SimpleData name="OBJECTID">523</SimpleData>
		<SimpleData name="PROJECTNAME">113 Potomac Avenue</SimpleData>
		<SimpleData name="WARD">6</SimpleData>
		<SimpleData name="LOCATION">113 Potomac Ave., SW</SimpleData>
		<SimpleData name="DEVELOPER">Toll Brothers</SimpleData>
		<SimpleData name="PROJECTTYPE">Residential</SimpleData>
		<SimpleData name="TYPE_SQFT">0</SimpleData>
		<SimpleData name="UNITS">520</SimpleData>
		<SimpleData name="ESTVALUEINMILLION">250000000</SimpleData>
		<SimpleData name="ESTDELIVERY">2023</SimpleData>
		<SimpleData name="STATUS">Pipeline</SimpleData>
		<SimpleData name="REPORT_EDITION_YEAR">2020-2021</SimpleData>
		<SimpleData name="ARCHITECT"></SimpleData>
		<SimpleData name="LAST_EDITED_USER">SDE</SimpleData>
		<SimpleData name="LAST_EDITED_DATE">2025/10/16 20:12:51+00</SimpleData>
		<SimpleData name="GLOBALID">{519B54E6-C8BE-4430-8AFC-66CC770DB15E}</SimpleData>
	</SchemaData></ExtendedData>
  </Placemark>
  <Placemark>
	<ExtendedData><SchemaData schemaUrl="#DCDevelopment">
		<SimpleData name="OBJECTID">524</SimpleData>
		<SimpleData name="PROJECTNAME">Bond Bread</SimpleData>
		<SimpleData name="WARD">1</SimpleData>
		<SimpleData name="LOCATION">2114 Georgia Ave., NW</SimpleData>
		<SimpleData name="DEVELOPER">EDENS / Menkiti Group / Fivesquares Development / Howard University</SimpleData>
		<SimpleData name="PROJECTTYPE">Residential</SimpleData>
		<SimpleData name="TYPE_SQFT">0</SimpleData>
		<SimpleData name="UNITS">450</SimpleData>
		<SimpleData name="ESTVALUEINMILLION">275000000</SimpleData>
		<SimpleData name="ESTDELIVERY">2025</SimpleData>
		<SimpleData name="STATUS">Pipeline</SimpleData>
		<SimpleData name="REPORT_EDITION_YEAR">2020-2021</SimpleData>
		<SimpleData name="ARCHITECT"></SimpleData>
		<SimpleData name="LAST_EDITED_USER">SDE</SimpleData>
		<SimpleData name="LAST_EDITED_DATE">2025/10/16 20:12:51+00</SimpleData>
		<SimpleData name="GLOBALID">{DDF806CF-C55D-40CA-BC7E-DDC1523DBA08}</SimpleData>
	</SchemaData></ExtendedData>
  </Placemark>
  <Placemark>
	<ExtendedData><SchemaData schemaUrl="#DCDevelopment">
		<SimpleData name="OBJECTID">525</SimpleData>
		<SimpleData name="PROJECTNAME">Waterfront Station II</SimpleData>
		<SimpleData name="WARD">6</SimpleData>
		<SimpleData name="LOCATION">1000 4th St., SW</SimpleData>
		<SimpleData name="DEVELOPER">Hoffman &amp; Associates / CityPartners / Affordable Housing Developers / Paramount Development Corp. / DMPED</SimpleData>
		<SimpleData name="PROJECTTYPE">Residential</SimpleData>
		<SimpleData name="TYPE_SQFT">0</SimpleData>
		<SimpleData name="UNITS">449</SimpleData>
		<SimpleData name="ESTVALUEINMILLION">165000000</SimpleData>
		<SimpleData name="ESTDELIVERY">2023</SimpleData>
		<SimpleData name="STATUS">Pipeline</SimpleData>
		<SimpleData name="REPORT_EDITION_YEAR">2020-2021</SimpleData>
		<SimpleData name="ARCHITECT"></SimpleData>
		<SimpleData name="LAST_EDITED_USER">SDE</SimpleData>
		<SimpleData name="LAST_EDITED_DATE">2025/10/16 20:12:51+00</SimpleData>
		<SimpleData name="GLOBALID">{950B2BD4-7F2C-4BC9-B39B-06A273FE6857}</SimpleData>
	</SchemaData></ExtendedData>
  </Placemark>
  <Placemark>
	<ExtendedData><SchemaData schemaUrl="#DCDevelopment">
		<SimpleData name="OBJECTID">526</SimpleData>
		<SimpleData name="PROJECTNAME">The Yards (Parcel I)</SimpleData>
		<SimpleData name="WARD">6</SimpleData>
		<SimpleData name="LOCATION">Canal &amp; N Sts., SE</SimpleData>
		<SimpleData name="DEVELOPER">Brookfield Properties</SimpleData>
		<SimpleData name="PROJECTTYPE">Residential</SimpleData>
		<SimpleData name="TYPE_SQFT">0</SimpleData>
		<SimpleData name="UNITS">379</SimpleData>
		<SimpleData name="ESTVALUEINMILLION">0</SimpleData>
		<SimpleData name="ESTDELIVERY">2023</SimpleData>
		<SimpleData name="STATUS">Pipeline</SimpleData>
		<SimpleData name="REPORT_EDITION_YEAR">2020-2021</SimpleData>
		<SimpleData name="ARCHITECT"></SimpleData>
		<SimpleData name="LAST_EDITED_USER">SDE</SimpleData>
		<SimpleData name="LAST_EDITED_DATE">2025/10/16 20:12:51+00</SimpleData>
		<SimpleData name="GLOBALID">{F4C78CAE-61DB-4F3E-B9C2-64F8B7886DB5}</SimpleData>
	</SchemaData></ExtendedData>
  </Placemark>
  <Placemark>
	<ExtendedData><SchemaData schemaUrl="#DCDevelopment">
		<SimpleData name="OBJECTID">527</SimpleData>
		<SimpleData name="PROJECTNAME">400 I Street</SimpleData>
		<SimpleData name="WARD">6</SimpleData>
		<SimpleData name="LOCATION">400 Eye St., SW</SimpleData>
		<SimpleData name="DEVELOPER">Bozzuto / Dantes Partners / Westminster Presbyterian Church</SimpleData>
		<SimpleData name="PROJECTTYPE">Residential</SimpleData>
		<SimpleData name="TYPE_SQFT">0</SimpleData>
		<SimpleData name="UNITS">222</SimpleData>
		<SimpleData name="ESTVALUEINMILLION">0</SimpleData>
		<SimpleData name="ESTDELIVERY">2024</SimpleData>
		<SimpleData name="STATUS">Pipeline</SimpleData>
		<SimpleData name="REPORT_EDITION_YEAR">2020-2021</SimpleData>
		<SimpleData name="ARCHITECT"></SimpleData>
		<SimpleData name="LAST_EDITED_USER">SDE</SimpleData>
		<SimpleData name="LAST_EDITED_DATE">2025/10/16 20:12:51+00</SimpleData>
		<SimpleData name="GLOBALID">{F8C7CD2F-8878-4DEC-ACFF-24DEF06D00F4}</SimpleData>
	</SchemaData></ExtendedData>
  </Placemark>
  <Placemark>
	<ExtendedData><SchemaData schemaUrl="#DCDevelopment">
		<SimpleData name="OBJECTID">528</SimpleData>
		<SimpleData name="PROJECTNAME">Crossing DC (Phase I)</SimpleData>
		<SimpleData name="WARD">6</SimpleData>
		<SimpleData name="LOCATION">949 1st St., SE</SimpleData>
		<SimpleData name="DEVELOPER">Tishman Speyer</SimpleData>
		<SimpleData name="PROJECTTYPE">Residential</SimpleData>
		<SimpleData name="TYPE_SQFT">0</SimpleData>
		<SimpleData name="UNITS">512</SimpleData>
		<SimpleData name="ESTVALUEINMILLION">0</SimpleData>
		<SimpleData name="ESTDELIVERY">Q4 20</SimpleData>
		<SimpleData name="STATUS">Completed</SimpleData>
		<SimpleData name="REPORT_EDITION_YEAR">2020-2021</SimpleData>
		<SimpleData name="ARCHITECT"></SimpleData>
		<SimpleData name="LAST_EDITED_USER">SDE</SimpleData>
		<SimpleData name="LAST_EDITED_DATE">2025/10/16 20:12:51+00</SimpleData>
		<SimpleData name="GLOBALID">{FB511E4E-F238-4964-BE65-BB532AA6518E}</SimpleData>
	</SchemaData></ExtendedData>
  </Placemark>
  <Placemark>
	<ExtendedData><SchemaData schemaUrl="#DCDevelopment">
		<SimpleData name="OBJECTID">529</SimpleData>
		<SimpleData name="PROJECTNAME">Armature Works</SimpleData>
		<SimpleData name="WARD">6</SimpleData>
		<SimpleData name="LOCATION">1200 3rd St., NE</SimpleData>
		<SimpleData name="DEVELOPER">Trammell Crow Company / High Street Residential / MetLife</SimpleData>
		<SimpleData name="PROJECTTYPE">Hospitality</SimpleData>
		<SimpleData name="TYPE_SQFT">147000</SimpleData>
		<SimpleData name="UNITS">204</SimpleData>
		<SimpleData name="ESTVALUEINMILLION">400000000</SimpleData>
		<SimpleData name="ESTDELIVERY">Q1 22</SimpleData>
		<SimpleData name="STATUS">Under Construction</SimpleData>
		<SimpleData name="REPORT_EDITION_YEAR">2020-2021</SimpleData>
		<SimpleData name="ARCHITECT"></SimpleData>
		<SimpleData name="LAST_EDITED_USER">SDE</SimpleData>
		<SimpleData name="LAST_EDITED_DATE">2025/10/16 20:10:22+00</SimpleData>
		<SimpleData name="GLOBALID">{16BB781A-C43B-4F93-858A-9449014E3321}</SimpleData>
	</SchemaData></ExtendedData>
  </Placemark>
  <Placemark>
	<ExtendedData><SchemaData schemaUrl="#DCDevelopment">
		<SimpleData name="OBJECTID">530</SimpleData>
		<SimpleData name="PROJECTNAME">Holiday Inn Express</SimpleData>
		<SimpleData name="WARD">6</SimpleData>
		<SimpleData name="LOCATION">303 - 317 K St., NW</SimpleData>
		<SimpleData name="DEVELOPER">Habte Sequar</SimpleData>
		<SimpleData name="PROJECTTYPE">Hospitality</SimpleData>
		<SimpleData name="TYPE_SQFT">118000</SimpleData>
		<SimpleData name="UNITS">247</SimpleData>
		<SimpleData name="ESTVALUEINMILLION">93000000</SimpleData>
		<SimpleData name="ESTDELIVERY">Q3 21</SimpleData>
		<SimpleData name="STATUS">Under Construction</SimpleData>
		<SimpleData name="REPORT_EDITION_YEAR">2020-2021</SimpleData>
		<SimpleData name="ARCHITECT"></SimpleData>
		<SimpleData name="LAST_EDITED_USER">SDE</SimpleData>
		<SimpleData name="LAST_EDITED_DATE">2025/10/16 20:10:22+00</SimpleData>
		<SimpleData name="GLOBALID">{DC75753E-A7FB-4DB5-AD98-456D2998F57E}</SimpleData>
	</SchemaData></ExtendedData>
  </Placemark>
  <Placemark>
	<ExtendedData><SchemaData schemaUrl="#DCDevelopment">
		<SimpleData name="OBJECTID">531</SimpleData>
		<SimpleData name="PROJECTNAME">The Milken Center for Advancing the American Dream</SimpleData>
		<SimpleData name="WARD">2</SimpleData>
		<SimpleData name="LOCATION">1501 - 1505 Pennsylvania Ave., NW &amp; 730 15th St., NW</SimpleData>
		<SimpleData name="DEVELOPER">Akridge / Milken Family Foundation</SimpleData>
		<SimpleData name="PROJECTTYPE">Hospitality</SimpleData>
		<SimpleData name="TYPE_SQFT">70000</SimpleData>
		<SimpleData name="UNITS">0</SimpleData>
		<SimpleData name="ESTVALUEINMILLION">0</SimpleData>
		<SimpleData name="ESTDELIVERY">2024</SimpleData>
		<SimpleData name="STATUS">Under Construction</SimpleData>
		<SimpleData name="REPORT_EDITION_YEAR">2020-2021</SimpleData>
		<SimpleData name="ARCHITECT"></SimpleData>
		<SimpleData name="LAST_EDITED_USER">SDE</SimpleData>
		<SimpleData name="LAST_EDITED_DATE">2025/10/16 20:10:22+00</SimpleData>
		<SimpleData name="GLOBALID">{C7EA0D9A-8B07-4995-81BE-36F0746743D5}</SimpleData>
	</SchemaData></ExtendedData>
  </Placemark>
  <Placemark>
	<ExtendedData><SchemaData schemaUrl="#DCDevelopment">
		<SimpleData name="OBJECTID">532</SimpleData>
		<SimpleData name="PROJECTNAME">Banneker Hotel</SimpleData>
		<SimpleData name="WARD">2</SimpleData>
		<SimpleData name="LOCATION">1315 16th Street, NW</SimpleData>
		<SimpleData name="DEVELOPER">Greystar Development / J.P. Morgan Asset Management / Oxford Properties Group</SimpleData>
		<SimpleData name="PROJECTTYPE">Hospitality</SimpleData>
		<SimpleData name="TYPE_SQFT">0</SimpleData>
		<SimpleData name="UNITS">144</SimpleData>
		<SimpleData name="ESTVALUEINMILLION">0</SimpleData>
		<SimpleData name="ESTDELIVERY">Q3 21</SimpleData>
		<SimpleData name="STATUS">Under Construction</SimpleData>
		<SimpleData name="REPORT_EDITION_YEAR">2020-2021</SimpleData>
		<SimpleData name="ARCHITECT"></SimpleData>
		<SimpleData name="LAST_EDITED_USER">SDE</SimpleData>
		<SimpleData name="LAST_EDITED_DATE">2025/10/16 20:10:22+00</SimpleData>
		<SimpleData name="GLOBALID">{841AFFD7-8B37-41B3-8D37-9C40AC8AFE88}</SimpleData>
	</SchemaData></ExtendedData>
  </Placemark>
  <Placemark>
	<ExtendedData><SchemaData schemaUrl="#DCDevelopment">
		<SimpleData name="OBJECTID">533</SimpleData>
		<SimpleData name="PROJECTNAME">World War I Memorial</SimpleData>
		<SimpleData name="WARD">2</SimpleData>
		<SimpleData name="LOCATION">Pershing Park</SimpleData>
		<SimpleData name="DEVELOPER">Doughboy Foundation / U.S. WWI Centennial Commission</SimpleData>
		<SimpleData name="PROJECTTYPE">Hospitality</SimpleData>
		<SimpleData name="TYPE_SQFT">0</SimpleData>
		<SimpleData name="UNITS">0</SimpleData>
		<SimpleData name="ESTVALUEINMILLION">42000000</SimpleData>
		<SimpleData name="ESTDELIVERY">Q4 21</SimpleData>
		<SimpleData name="STATUS">Under Construction</SimpleData>
		<SimpleData name="REPORT_EDITION_YEAR">2020-2021</SimpleData>
		<SimpleData name="ARCHITECT"></SimpleData>
		<SimpleData name="LAST_EDITED_USER">SDE</SimpleData>
		<SimpleData name="LAST_EDITED_DATE">2025/10/16 20:10:22+00</SimpleData>
		<SimpleData name="GLOBALID">{1A75740F-ABA9-45EE-B496-BD2751DFA0F6}</SimpleData>
	</SchemaData></ExtendedData>
  </Placemark>
  <Placemark>
	<ExtendedData><SchemaData schemaUrl="#DCDevelopment">
		<SimpleData name="OBJECTID">534</SimpleData>
		<SimpleData name="PROJECTNAME">Latham Hotel</SimpleData>
		<SimpleData name="WARD">2</SimpleData>
		<SimpleData name="LOCATION">3000 M St., NW</SimpleData>
		<SimpleData name="DEVELOPER">Thor Equities</SimpleData>
		<SimpleData name="PROJECTTYPE">Hospitality</SimpleData>
		<SimpleData name="TYPE_SQFT">140000</SimpleData>
		<SimpleData name="UNITS">256</SimpleData>
		<SimpleData name="ESTVALUEINMILLION">0</SimpleData>
		<SimpleData name="ESTDELIVERY">2024</SimpleData>
		<SimpleData name="STATUS">Pipeline</SimpleData>
		<SimpleData name="REPORT_EDITION_YEAR">2020-2021</SimpleData>
		<SimpleData name="ARCHITECT"></SimpleData>
		<SimpleData name="LAST_EDITED_USER">SDE</SimpleData>
		<SimpleData name="LAST_EDITED_DATE">2025/10/16 20:10:22+00</SimpleData>
		<SimpleData name="GLOBALID">{C57D437F-9AF6-47C1-920B-37F0364D610E}</SimpleData>
	</SchemaData></ExtendedData>
  </Placemark>
  <Placemark>
	<ExtendedData><SchemaData schemaUrl="#DCDevelopment">
		<SimpleData name="OBJECTID">535</SimpleData>
		<SimpleData name="PROJECTNAME">Bond Bread</SimpleData>
		<SimpleData name="WARD">1</SimpleData>
		<SimpleData name="LOCATION">2114 Georgia Ave., NW</SimpleData>
		<SimpleData name="DEVELOPER">EDENS / Menkiti Group / Fivesquares Development / Howard University</SimpleData>
		<SimpleData name="PROJECTTYPE">Hospitality</SimpleData>
		<SimpleData name="TYPE_SQFT">135000</SimpleData>
		<SimpleData name="UNITS">180</SimpleData>
		<SimpleData name="ESTVALUEINMILLION">275000000</SimpleData>
		<SimpleData name="ESTDELIVERY">2025</SimpleData>
		<SimpleData name="STATUS">Pipeline</SimpleData>
		<SimpleData name="REPORT_EDITION_YEAR">2020-2021</SimpleData>
		<SimpleData name="ARCHITECT"></SimpleData>
		<SimpleData name="LAST_EDITED_USER">SDE</SimpleData>
		<SimpleData name="LAST_EDITED_DATE">2025/10/16 20:10:22+00</SimpleData>
		<SimpleData name="GLOBALID">{FA6D2489-5356-4825-9777-B9652E214AB7}</SimpleData>
	</SchemaData></ExtendedData>
  </Placemark>
  <Placemark>
	<ExtendedData><SchemaData schemaUrl="#DCDevelopment">
		<SimpleData name="OBJECTID">536</SimpleData>
		<SimpleData name="PROJECTNAME">100 V Street (Phase I)</SimpleData>
		<SimpleData name="WARD">6</SimpleData>
		<SimpleData name="LOCATION">1st, 2nd, T &amp; V Sts., SW</SimpleData>
		<SimpleData name="DEVELOPER">Akridge</SimpleData>
		<SimpleData name="PROJECTTYPE">Hospitality</SimpleData>
		<SimpleData name="TYPE_SQFT">66100</SimpleData>
		<SimpleData name="UNITS">180</SimpleData>
		<SimpleData name="ESTVALUEINMILLION">0</SimpleData>
		<SimpleData name="ESTDELIVERY">2023</SimpleData>
		<SimpleData name="STATUS">Pipeline</SimpleData>
		<SimpleData name="REPORT_EDITION_YEAR">2020-2021</SimpleData>
		<SimpleData name="ARCHITECT"></SimpleData>
		<SimpleData name="LAST_EDITED_USER">SDE</SimpleData>
		<SimpleData name="LAST_EDITED_DATE">2025/10/16 20:10:22+00</SimpleData>
		<SimpleData name="GLOBALID">{56FE26A9-BD8F-42A5-AB43-330AD6A06C2C}</SimpleData>
	</SchemaData></ExtendedData>
  </Placemark>
  <Placemark>
	<ExtendedData><SchemaData schemaUrl="#DCDevelopment">
		<SimpleData name="OBJECTID">537</SimpleData>
		<SimpleData name="PROJECTNAME">45 Q Street</SimpleData>
		<SimpleData name="WARD">6</SimpleData>
		<SimpleData name="LOCATION">45 Q St., SW</SimpleData>
		<SimpleData name="DEVELOPER">D.B. Lee Development &amp; Construction</SimpleData>
		<SimpleData name="PROJECTTYPE">Hospitality</SimpleData>
		<SimpleData name="TYPE_SQFT">62000</SimpleData>
		<SimpleData name="UNITS">190</SimpleData>
		<SimpleData name="ESTVALUEINMILLION">0</SimpleData>
		<SimpleData name="ESTDELIVERY"></SimpleData>
		<SimpleData name="STATUS">Pipeline</SimpleData>
		<SimpleData name="REPORT_EDITION_YEAR">2020-2021</SimpleData>
		<SimpleData name="ARCHITECT"></SimpleData>
		<SimpleData name="LAST_EDITED_USER">SDE</SimpleData>
		<SimpleData name="LAST_EDITED_DATE">2025/10/16 20:10:22+00</SimpleData>
		<SimpleData name="GLOBALID">{044B2CF9-BD67-4309-AEDE-621E679D3E13}</SimpleData>
	</SchemaData></ExtendedData>
  </Placemark>
  <Placemark>
	<ExtendedData><SchemaData schemaUrl="#DCDevelopment">
		<SimpleData name="OBJECTID">538</SimpleData>
		<SimpleData name="PROJECTNAME">Waterfront Station II</SimpleData>
		<SimpleData name="WARD">6</SimpleData>
		<SimpleData name="LOCATION">1000 4th St., SW</SimpleData>
		<SimpleData name="DEVELOPER">Hoffman &amp; Associates / CityPartners / Affordable Housing Developers / Paramount Development Corp. / DMPED</SimpleData>
		<SimpleData name="PROJECTTYPE">Hospitality</SimpleData>
		<SimpleData name="TYPE_SQFT">9300</SimpleData>
		<SimpleData name="UNITS">0</SimpleData>
		<SimpleData name="ESTVALUEINMILLION">165000000</SimpleData>
		<SimpleData name="ESTDELIVERY">2023</SimpleData>
		<SimpleData name="STATUS">Pipeline</SimpleData>
		<SimpleData name="REPORT_EDITION_YEAR">2020-2021</SimpleData>
		<SimpleData name="ARCHITECT"></SimpleData>
		<SimpleData name="LAST_EDITED_USER">SDE</SimpleData>
		<SimpleData name="LAST_EDITED_DATE">2025/10/16 20:10:22+00</SimpleData>
		<SimpleData name="GLOBALID">{272A78B8-D8E6-4AA8-827B-88E8BB73775C}</SimpleData>
	</SchemaData></ExtendedData>
  </Placemark>
  <Placemark>
	<ExtendedData><SchemaData schemaUrl="#DCDevelopment">
		<SimpleData name="OBJECTID">539</SimpleData>
		<SimpleData name="PROJECTNAME">Arlo DC</SimpleData>
		<SimpleData name="WARD">2</SimpleData>
		<SimpleData name="LOCATION">333 G St. &amp; 704 3rd St., NW</SimpleData>
		<SimpleData name="DEVELOPER">Quadrum Global</SimpleData>
		<SimpleData name="PROJECTTYPE">Hospitality</SimpleData>
		<SimpleData name="TYPE_SQFT">0</SimpleData>
		<SimpleData name="UNITS">421</SimpleData>
		<SimpleData name="ESTVALUEINMILLION">0</SimpleData>
		<SimpleData name="ESTDELIVERY"></SimpleData>
		<SimpleData name="STATUS">Pipeline</SimpleData>
		<SimpleData name="REPORT_EDITION_YEAR">2020-2021</SimpleData>
		<SimpleData name="ARCHITECT"></SimpleData>
		<SimpleData name="LAST_EDITED_USER">SDE</SimpleData>
		<SimpleData name="LAST_EDITED_DATE">2025/10/16 20:10:22+00</SimpleData>
		<SimpleData name="GLOBALID">{09B33E0F-B083-4495-A21A-BA8C78D4E217}</SimpleData>
	</SchemaData></ExtendedData>
  </Placemark>
  <Placemark>
	<ExtendedData><SchemaData schemaUrl="#DCDevelopment">
		<SimpleData name="OBJECTID">540</SimpleData>
		<SimpleData name="PROJECTNAME">citizenM Hotel</SimpleData>
		<SimpleData name="WARD">6</SimpleData>
		<SimpleData name="LOCATION">1222 1st St., NE</SimpleData>
		<SimpleData name="DEVELOPER">Altus Realty Partners</SimpleData>
		<SimpleData name="PROJECTTYPE">Hospitality</SimpleData>
		<SimpleData name="TYPE_SQFT">0</SimpleData>
		<SimpleData name="UNITS">290</SimpleData>
		<SimpleData name="ESTVALUEINMILLION">0</SimpleData>
		<SimpleData name="ESTDELIVERY">2022</SimpleData>
		<SimpleData name="STATUS">Pipeline</SimpleData>
		<SimpleData name="REPORT_EDITION_YEAR">2020-2021</SimpleData>
		<SimpleData name="ARCHITECT"></SimpleData>
		<SimpleData name="LAST_EDITED_USER">SDE</SimpleData>
		<SimpleData name="LAST_EDITED_DATE">2025/10/16 20:10:22+00</SimpleData>
		<SimpleData name="GLOBALID">{E19BB835-D087-4C50-91DA-18D7E9AD3E47}</SimpleData>
	</SchemaData></ExtendedData>
  </Placemark>
  <Placemark>
	<ExtendedData><SchemaData schemaUrl="#DCDevelopment">
		<SimpleData name="OBJECTID">541</SimpleData>
		<SimpleData name="PROJECTNAME">National Museum of the U.S. Navy</SimpleData>
		<SimpleData name="WARD">6</SimpleData>
		<SimpleData name="LOCATION">Washington Navy Yard</SimpleData>
		<SimpleData name="DEVELOPER">Navy History and Heritage Command</SimpleData>
		<SimpleData name="PROJECTTYPE">Hospitality</SimpleData>
		<SimpleData name="TYPE_SQFT">0</SimpleData>
		<SimpleData name="UNITS">0</SimpleData>
		<SimpleData name="ESTVALUEINMILLION">450000000</SimpleData>
		<SimpleData name="ESTDELIVERY">2025</SimpleData>
		<SimpleData name="STATUS">Pipeline</SimpleData>
		<SimpleData name="REPORT_EDITION_YEAR">2020-2021</SimpleData>
		<SimpleData name="ARCHITECT"></SimpleData>
		<SimpleData name="LAST_EDITED_USER">SDE</SimpleData>
		<SimpleData name="LAST_EDITED_DATE">2025/10/16 20:10:22+00</SimpleData>
		<SimpleData name="GLOBALID">{1259B6BC-979F-4383-97A4-61758905BB7C}</SimpleData>
	</SchemaData></ExtendedData>
  </Placemark>
  <Placemark>
	<ExtendedData><SchemaData schemaUrl="#DCDevelopment">
		<SimpleData name="OBJECTID">542</SimpleData>
		<SimpleData name="PROJECTNAME">Sentinel Square III</SimpleData>
		<SimpleData name="WARD">6</SimpleData>
		<SimpleData name="LOCATION">45 L St., NE</SimpleData>
		<SimpleData name="DEVELOPER">Trammell Crow Company</SimpleData>
		<SimpleData name="PROJECTTYPE">Office</SimpleData>
		<SimpleData name="TYPE_SQFT">545000</SimpleData>
		<SimpleData name="UNITS">0</SimpleData>
		<SimpleData name="ESTVALUEINMILLION">250000000</SimpleData>
		<SimpleData name="ESTDELIVERY">Q2 20</SimpleData>
		<SimpleData name="STATUS">Completed</SimpleData>
		<SimpleData name="REPORT_EDITION_YEAR">2020-2021</SimpleData>
		<SimpleData name="ARCHITECT"></SimpleData>
		<SimpleData name="LAST_EDITED_USER">SDE</SimpleData>
		<SimpleData name="LAST_EDITED_DATE">2025/10/16 20:11:02+00</SimpleData>
		<SimpleData name="GLOBALID">{92B6C34C-0A42-489B-8BEB-A1E86883AE37}</SimpleData>
	</SchemaData></ExtendedData>
  </Placemark>
  <Placemark>
	<ExtendedData><SchemaData schemaUrl="#DCDevelopment">
		<SimpleData name="OBJECTID">543</SimpleData>
		<SimpleData name="PROJECTNAME">250 Massachusetts Avenue</SimpleData>
		<SimpleData name="WARD">2</SimpleData>
		<SimpleData name="LOCATION">250 Massachusetts Ave., NW</SimpleData>
		<SimpleData name="DEVELOPER">Property Group Partners</SimpleData>
		<SimpleData name="PROJECTTYPE">Office</SimpleData>
		<SimpleData name="TYPE_SQFT">508000</SimpleData>
		<SimpleData name="UNITS">0</SimpleData>
		<SimpleData name="ESTVALUEINMILLION">275000000</SimpleData>
		<SimpleData name="ESTDELIVERY">Q4 19</SimpleData>
		<SimpleData name="STATUS">Completed</SimpleData>
		<SimpleData name="REPORT_EDITION_YEAR">2020-2021</SimpleData>
		<SimpleData name="ARCHITECT"></SimpleData>
		<SimpleData name="LAST_EDITED_USER">SDE</SimpleData>
		<SimpleData name="LAST_EDITED_DATE">2025/10/16 20:11:02+00</SimpleData>
		<SimpleData name="GLOBALID">{D54ECC93-BE53-4DE2-BC42-CD3CE4074B47}</SimpleData>
	</SchemaData></ExtendedData>
  </Placemark>
  <Placemark>
	<ExtendedData><SchemaData schemaUrl="#DCDevelopment">
		<SimpleData name="OBJECTID">544</SimpleData>
		<SimpleData name="PROJECTNAME">2050 M Street</SimpleData>
		<SimpleData name="WARD">2</SimpleData>
		<SimpleData name="LOCATION">2050 M St., NW</SimpleData>
		<SimpleData name="DEVELOPER">Tishman Speyer</SimpleData>
		<SimpleData name="PROJECTTYPE">Office</SimpleData>
		<SimpleData name="TYPE_SQFT">353200</SimpleData>
		<SimpleData name="UNITS">0</SimpleData>
		<SimpleData name="ESTVALUEINMILLION">0</SimpleData>
		<SimpleData name="ESTDELIVERY">Q1 20</SimpleData>
		<SimpleData name="STATUS">Completed</SimpleData>
		<SimpleData name="REPORT_EDITION_YEAR">2020-2021</SimpleData>
		<SimpleData name="ARCHITECT"></SimpleData>
		<SimpleData name="LAST_EDITED_USER">SDE</SimpleData>
		<SimpleData name="LAST_EDITED_DATE">2025/10/16 20:11:02+00</SimpleData>
		<SimpleData name="GLOBALID">{1106B897-5041-43C7-A869-77C6A0894F89}</SimpleData>
	</SchemaData></ExtendedData>
  </Placemark>
  <Placemark>
	<ExtendedData><SchemaData schemaUrl="#DCDevelopment">
		<SimpleData name="OBJECTID">545</SimpleData>
		<SimpleData name="PROJECTNAME">1901 L Street</SimpleData>
		<SimpleData name="WARD">2</SimpleData>
		<SimpleData name="LOCATION">1901 L St., NW</SimpleData>
		<SimpleData name="DEVELOPER">The Meridian Group</SimpleData>
		<SimpleData name="PROJECTTYPE">Office</SimpleData>
		<SimpleData name="TYPE_SQFT">202000</SimpleData>
		<SimpleData name="UNITS">0</SimpleData>
		<SimpleData name="ESTVALUEINMILLION">0</SimpleData>
		<SimpleData name="ESTDELIVERY">Q1 20</SimpleData>
		<SimpleData name="STATUS">Completed</SimpleData>
		<SimpleData name="REPORT_EDITION_YEAR">2020-2021</SimpleData>
		<SimpleData name="ARCHITECT"></SimpleData>
		<SimpleData name="LAST_EDITED_USER">SDE</SimpleData>
		<SimpleData name="LAST_EDITED_DATE">2025/10/16 20:11:02+00</SimpleData>
		<SimpleData name="GLOBALID">{2A27ECDF-D0DD-40E9-A3E2-26EECCBDE131}</SimpleData>
	</SchemaData></ExtendedData>
  </Placemark>
  <Placemark>
	<ExtendedData><SchemaData schemaUrl="#DCDevelopment">
		<SimpleData name="OBJECTID">546</SimpleData>
		<SimpleData name="PROJECTNAME">2100 L Street</SimpleData>
		<SimpleData name="WARD">2</SimpleData>
		<SimpleData name="LOCATION">2100 L St., NW</SimpleData>
		<SimpleData name="DEVELOPER">Akridge / Argos Group</SimpleData>
		<SimpleData name="PROJECTTYPE">Office</SimpleData>
		<SimpleData name="TYPE_SQFT">182000</SimpleData>
		<SimpleData name="UNITS">0</SimpleData>
		<SimpleData name="ESTVALUEINMILLION">47000000</SimpleData>
		<SimpleData name="ESTDELIVERY">Q3 20</SimpleData>
		<SimpleData name="STATUS">Completed</SimpleData>
		<SimpleData name="REPORT_EDITION_YEAR">2020-2021</SimpleData>
		<SimpleData name="ARCHITECT"></SimpleData>
		<SimpleData name="LAST_EDITED_USER">SDE</SimpleData>
		<SimpleData name="LAST_EDITED_DATE">2025/10/16 20:11:02+00</SimpleData>
		<SimpleData name="GLOBALID">{D5DBAEDC-6A06-4529-B8D4-224BD26CD955}</SimpleData>
	</SchemaData></ExtendedData>
  </Placemark>
  <Placemark>
	<ExtendedData><SchemaData schemaUrl="#DCDevelopment">
		<SimpleData name="OBJECTID">547</SimpleData>
		<SimpleData name="PROJECTNAME">888 16th Street</SimpleData>
		<SimpleData name="WARD">2</SimpleData>
		<SimpleData name="LOCATION">888 16th St., NW</SimpleData>
		<SimpleData name="DEVELOPER">Trammell Crow Company / Meadow Partners</SimpleData>
		<SimpleData name="PROJECTTYPE">Office</SimpleData>
		<SimpleData name="TYPE_SQFT">150000</SimpleData>
		<SimpleData name="UNITS">0</SimpleData>
		<SimpleData name="ESTVALUEINMILLION">0</SimpleData>
		<SimpleData name="ESTDELIVERY">Q4 19</SimpleData>
		<SimpleData name="STATUS">Completed</SimpleData>
		<SimpleData name="REPORT_EDITION_YEAR">2020-2021</SimpleData>
		<SimpleData name="ARCHITECT"></SimpleData>
		<SimpleData name="LAST_EDITED_USER">SDE</SimpleData>
		<SimpleData name="LAST_EDITED_DATE">2025/10/16 20:11:02+00</SimpleData>
		<SimpleData name="GLOBALID">{A65B0F74-F3E7-4A0F-A6A9-F435DF88B7B6}</SimpleData>
	</SchemaData></ExtendedData>
  </Placemark>
  <Placemark>
	<ExtendedData><SchemaData schemaUrl="#DCDevelopment">
		<SimpleData name="OBJECTID">548</SimpleData>
		<SimpleData name="PROJECTNAME">Shops at Penn Branch (Phase I)</SimpleData>
		<SimpleData name="WARD">7</SimpleData>
		<SimpleData name="LOCATION">3200 Pennsylvania Ave., SE</SimpleData>
		<SimpleData name="DEVELOPER">Jair Lynch Real Estate Partners</SimpleData>
		<SimpleData name="PROJECTTYPE">Office</SimpleData>
		<SimpleData name="TYPE_SQFT">17000</SimpleData>
		<SimpleData name="UNITS">0</SimpleData>
		<SimpleData name="ESTVALUEINMILLION">25000000</SimpleData>
		<SimpleData name="ESTDELIVERY">Q4 19</SimpleData>
		<SimpleData name="STATUS">Completed</SimpleData>
		<SimpleData name="REPORT_EDITION_YEAR">2020-2021</SimpleData>
		<SimpleData name="ARCHITECT"></SimpleData>
		<SimpleData name="LAST_EDITED_USER">SDE</SimpleData>
		<SimpleData name="LAST_EDITED_DATE">2025/10/16 20:11:02+00</SimpleData>
		<SimpleData name="GLOBALID">{ED14A4F2-9B41-4EC4-B6DF-AE776BFC9CD2}</SimpleData>
	</SchemaData></ExtendedData>
  </Placemark>
  <Placemark>
	<ExtendedData><SchemaData schemaUrl="#DCDevelopment">
		<SimpleData name="OBJECTID">549</SimpleData>
		<SimpleData name="PROJECTNAME">2100 Pennsylvania Avenue</SimpleData>
		<SimpleData name="WARD">2</SimpleData>
		<SimpleData name="LOCATION">2100 Pennsylvania Ave., NW</SimpleData>
		<SimpleData name="DEVELOPER">Boston Properties / George Washington University</SimpleData>
		<SimpleData name="PROJECTTYPE">Office</SimpleData>
		<SimpleData name="TYPE_SQFT">423600</SimpleData>
		<SimpleData name="UNITS">0</SimpleData>
		<SimpleData name="ESTVALUEINMILLION">360000000</SimpleData>
		<SimpleData name="ESTDELIVERY">Q2 22</SimpleData>
		<SimpleData name="STATUS">Under Construction</SimpleData>
		<SimpleData name="REPORT_EDITION_YEAR">2020-2021</SimpleData>
		<SimpleData name="ARCHITECT"></SimpleData>
		<SimpleData name="LAST_EDITED_USER">SDE</SimpleData>
		<SimpleData name="LAST_EDITED_DATE">2025/10/16 20:11:02+00</SimpleData>
		<SimpleData name="GLOBALID">{4C6FD6EE-EE34-43DA-ACBF-005B2F78E01D}</SimpleData>
	</SchemaData></ExtendedData>
  </Placemark>
  <Placemark>
	<ExtendedData><SchemaData schemaUrl="#DCDevelopment">
		<SimpleData name="OBJECTID">550</SimpleData>
		<SimpleData name="PROJECTNAME">Signal House</SimpleData>
		<SimpleData name="WARD">5</SimpleData>
		<SimpleData name="LOCATION">1255 Union St., NE</SimpleData>
		<SimpleData name="DEVELOPER">Carr Properties</SimpleData>
		<SimpleData name="PROJECTTYPE">Office</SimpleData>
		<SimpleData name="TYPE_SQFT">214000</SimpleData>
		<SimpleData name="UNITS">0</SimpleData>
		<SimpleData name="ESTVALUEINMILLION">135000000</SimpleData>
		<SimpleData name="ESTDELIVERY">Q1 21</SimpleData>
		<SimpleData name="STATUS">Under Construction</SimpleData>
		<SimpleData name="REPORT_EDITION_YEAR">2020-2021</SimpleData>
		<SimpleData name="ARCHITECT"></SimpleData>
		<SimpleData name="LAST_EDITED_USER">SDE</SimpleData>
		<SimpleData name="LAST_EDITED_DATE">2025/10/16 20:11:02+00</SimpleData>
		<SimpleData name="GLOBALID">{024FAF27-1D82-42F9-A38B-2DE2EFD031EE}</SimpleData>
	</SchemaData></ExtendedData>
  </Placemark>
  <Placemark>
	<ExtendedData><SchemaData schemaUrl="#DCDevelopment">
		<SimpleData name="OBJECTID">551</SimpleData>
		<SimpleData name="PROJECTNAME">250 M at Canal Park</SimpleData>
		<SimpleData name="WARD">6</SimpleData>
		<SimpleData name="LOCATION">250 M St., SE</SimpleData>
		<SimpleData name="DEVELOPER">WC Smith</SimpleData>
		<SimpleData name="PROJECTTYPE">Office</SimpleData>
		<SimpleData name="TYPE_SQFT">180600</SimpleData>
		<SimpleData name="UNITS">0</SimpleData>
		<SimpleData name="ESTVALUEINMILLION">132000000</SimpleData>
		<SimpleData name="ESTDELIVERY">Q1 21</SimpleData>
		<SimpleData name="STATUS">Under Construction</SimpleData>
		<SimpleData name="REPORT_EDITION_YEAR">2020-2021</SimpleData>
		<SimpleData name="ARCHITECT"></SimpleData>
		<SimpleData name="LAST_EDITED_USER">SDE</SimpleData>
		<SimpleData name="LAST_EDITED_DATE">2025/10/16 20:11:02+00</SimpleData>
		<SimpleData name="GLOBALID">{B114AF96-0186-4A38-B540-9A88EEE06DC2}</SimpleData>
	</SchemaData></ExtendedData>
  </Placemark>
  <Placemark>
	<ExtendedData><SchemaData schemaUrl="#DCDevelopment">
		<SimpleData name="OBJECTID">552</SimpleData>
		<SimpleData name="PROJECTNAME">AC Hotel</SimpleData>
		<SimpleData name="WARD">2</SimpleData>
		<SimpleData name="LOCATION">1112 19TH STREET NW</SimpleData>
		<SimpleData name="DEVELOPER">OTO Development</SimpleData>
		<SimpleData name="PROJECTTYPE">Hospitality</SimpleData>
		<SimpleData name="TYPE_SQFT">125650</SimpleData>
		<SimpleData name="UNITS">219</SimpleData>
		<SimpleData name="ESTVALUEINMILLION">41000000</SimpleData>
		<SimpleData name="ESTDELIVERY">Q4 19</SimpleData>
		<SimpleData name="STATUS">Under Construction</SimpleData>
		<SimpleData name="REPORT_EDITION_YEAR">2016-2019</SimpleData>
		<SimpleData name="LAST_EDITED_USER">SDE</SimpleData>
		<SimpleData name="LAST_EDITED_DATE">2025/10/16 20:10:22+00</SimpleData>
		<SimpleData name="GLOBALID">{308E8E9F-738B-4893-B4DB-9A17605E9F90}</SimpleData>
	</SchemaData></ExtendedData>
  </Placemark>
  <Placemark>
	<ExtendedData><SchemaData schemaUrl="#DCDevelopment">
		<SimpleData name="OBJECTID">553</SimpleData>
		<SimpleData name="PROJECTNAME">Holiday Inn Express</SimpleData>
		<SimpleData name="WARD">6</SimpleData>
		<SimpleData name="LOCATION">317 K STREET NW</SimpleData>
		<SimpleData name="DEVELOPER">Habte Sequar</SimpleData>
		<SimpleData name="PROJECTTYPE">Hospitality</SimpleData>
		<SimpleData name="TYPE_SQFT">118000</SimpleData>
		<SimpleData name="UNITS">247</SimpleData>
		<SimpleData name="ESTVALUEINMILLION">93000000</SimpleData>
		<SimpleData name="ESTDELIVERY">Q4 20</SimpleData>
		<SimpleData name="STATUS">Under Construction</SimpleData>
		<SimpleData name="REPORT_EDITION_YEAR">2016-2019</SimpleData>
		<SimpleData name="LAST_EDITED_USER">SDE</SimpleData>
		<SimpleData name="LAST_EDITED_DATE">2025/10/16 20:10:22+00</SimpleData>
		<SimpleData name="GLOBALID">{51D556BB-D5FC-44A3-AD3B-821C346B9C17}</SimpleData>
	</SchemaData></ExtendedData>
  </Placemark>
  <Placemark>
	<ExtendedData><SchemaData schemaUrl="#DCDevelopment">
		<SimpleData name="OBJECTID">554</SimpleData>
		<SimpleData name="PROJECTNAME">Thompson D.C. Hotel</SimpleData>
		<SimpleData name="WARD">6</SimpleData>
		<SimpleData name="LOCATION">227 TINGEY STREET SE</SimpleData>
		<SimpleData name="DEVELOPER">Brookfield Properties / JW Capital Partners / Geolo Capital</SimpleData>
		<SimpleData name="PROJECTTYPE">Hospitality</SimpleData>
		<SimpleData name="TYPE_SQFT">114800</SimpleData>
		<SimpleData name="UNITS">225</SimpleData>
		<SimpleData name="ESTDELIVERY">Q1 20</SimpleData>
		<SimpleData name="STATUS">Under Construction</SimpleData>
		<SimpleData name="REPORT_EDITION_YEAR">2016-2019</SimpleData>
		<SimpleData name="LAST_EDITED_USER">SDE</SimpleData>
		<SimpleData name="LAST_EDITED_DATE">2025/10/16 20:10:22+00</SimpleData>
		<SimpleData name="GLOBALID">{8987F67C-DFA0-4BE3-B1CF-EAD65ED7862A}</SimpleData>
	</SchemaData></ExtendedData>
  </Placemark>
  <Placemark>
	<ExtendedData><SchemaData schemaUrl="#DCDevelopment">
		<SimpleData name="OBJECTID">555</SimpleData>
		<SimpleData name="PROJECTNAME">AC Hotel</SimpleData>
		<SimpleData name="WARD">6</SimpleData>
		<SimpleData name="LOCATION">601 K STREET NW</SimpleData>
		<SimpleData name="DEVELOPER">Douglas Development Corporation</SimpleData>
		<SimpleData name="PROJECTTYPE">Hospitality</SimpleData>
		<SimpleData name="TYPE_SQFT">96755</SimpleData>
		<SimpleData name="UNITS">234</SimpleData>
		<SimpleData name="ESTVALUEINMILLION">47000000</SimpleData>
		<SimpleData name="ESTDELIVERY">Q4 20</SimpleData>
		<SimpleData name="STATUS">Under Construction</SimpleData>
		<SimpleData name="REPORT_EDITION_YEAR">2016-2019</SimpleData>
		<SimpleData name="LAST_EDITED_USER">SDE</SimpleData>
		<SimpleData name="LAST_EDITED_DATE">2025/10/16 20:10:22+00</SimpleData>
		<SimpleData name="GLOBALID">{0EE1F41A-20B9-4BCA-9659-FE6EE7E8FD45}</SimpleData>
	</SchemaData></ExtendedData>
  </Placemark>
  <Placemark>
	<ExtendedData><SchemaData schemaUrl="#DCDevelopment">
		<SimpleData name="OBJECTID">556</SimpleData>
		<SimpleData name="PROJECTNAME">Pendry Hotel</SimpleData>
		<SimpleData name="WARD">6</SimpleData>
		<SimpleData name="LOCATION">660 WATER STREET SW</SimpleData>
		<SimpleData name="DEVELOPER">Hoffman &amp; Associates / Madison Marquette</SimpleData>
		<SimpleData name="PROJECTTYPE">Hospitality</SimpleData>
		<SimpleData name="TYPE_SQFT">80000</SimpleData>
		<SimpleData name="UNITS">116</SimpleData>
		<SimpleData name="ESTVALUEINMILLION">1200000000</SimpleData>
		<SimpleData name="ESTDELIVERY">Q3 22</SimpleData>
		<SimpleData name="STATUS">Under Construction</SimpleData>
		<SimpleData name="REPORT_EDITION_YEAR">2016-2019</SimpleData>
		<SimpleData name="LAST_EDITED_USER">SDE</SimpleData>
		<SimpleData name="LAST_EDITED_DATE">2025/10/16 20:10:22+00</SimpleData>
		<SimpleData name="GLOBALID">{6F048264-653F-44C3-ACFC-5F02F989CFA3}</SimpleData>
	</SchemaData></ExtendedData>
  </Placemark>
  <Placemark>
	<ExtendedData><SchemaData schemaUrl="#DCDevelopment">
		<SimpleData name="OBJECTID">557</SimpleData>
		<SimpleData name="PROJECTNAME">The Reach</SimpleData>
		<SimpleData name="WARD">2</SimpleData>
		<SimpleData name="LOCATION">2700 F STREET NW</SimpleData>
		<SimpleData name="DEVELOPER">The John F. Kennedy Center for the Performing Arts</SimpleData>
		<SimpleData name="PROJECTTYPE">Hospitality</SimpleData>
		<SimpleData name="TYPE_SQFT">72000</SimpleData>
		<SimpleData name="ESTVALUEINMILLION">175000000</SimpleData>
		<SimpleData name="ESTDELIVERY">Q3 19</SimpleData>
		<SimpleData name="STATUS">Under Construction</SimpleData>
		<SimpleData name="REPORT_EDITION_YEAR">2016-2019</SimpleData>
		<SimpleData name="LAST_EDITED_USER">SDE</SimpleData>
		<SimpleData name="LAST_EDITED_DATE">2025/10/16 20:10:22+00</SimpleData>
		<SimpleData name="GLOBALID">{EA28FD9F-05CC-4231-8DA7-F2F1D6E61DDF}</SimpleData>
	</SchemaData></ExtendedData>
  </Placemark>
  <Placemark>
	<ExtendedData><SchemaData schemaUrl="#DCDevelopment">
		<SimpleData name="OBJECTID">558</SimpleData>
		<SimpleData name="PROJECTNAME">Center for the American Dream &amp; Milken Foundation Building</SimpleData>
		<SimpleData name="WARD">2</SimpleData>
		<SimpleData name="LOCATION">730 15TH STREET NW</SimpleData>
		<SimpleData name="DEVELOPER">Akridge / Milken Family Foundation</SimpleData>
		<SimpleData name="PROJECTTYPE">Hospitality</SimpleData>
		<SimpleData name="TYPE_SQFT">69000</SimpleData>
		<SimpleData name="ESTDELIVERY">Q1 21</SimpleData>
		<SimpleData name="STATUS">Under Construction</SimpleData>
		<SimpleData name="REPORT_EDITION_YEAR">2016-2019</SimpleData>
		<SimpleData name="LAST_EDITED_USER">SDE</SimpleData>
		<SimpleData name="LAST_EDITED_DATE">2025/10/16 20:10:22+00</SimpleData>
		<SimpleData name="GLOBALID">{0A0B1F4A-8E10-4410-A55B-8F5E72D07B4D}</SimpleData>
	</SchemaData></ExtendedData>
  </Placemark>
  <Placemark>
	<ExtendedData><SchemaData schemaUrl="#DCDevelopment">
		<SimpleData name="OBJECTID">559</SimpleData>
		<SimpleData name="PROJECTNAME">ART Place at Fort Totten (Phase II)</SimpleData>
		<SimpleData name="WARD">5</SimpleData>
		<SimpleData name="LOCATION">FORT TOTTEN METRO STATION ENTRANCE - SOUTH SIDE OF GALLOWAY STREET NE</SimpleData>
		<SimpleData name="DEVELOPER">Morris &amp; Gwendolyn Cafritz Foundation</SimpleData>
		<SimpleData name="PROJECTTYPE">Hospitality</SimpleData>
		<SimpleData name="TYPE_SQFT">201064</SimpleData>
		<SimpleData name="ESTDELIVERY">2022</SimpleData>
		<SimpleData name="STATUS">Pipeline</SimpleData>
		<SimpleData name="REPORT_EDITION_YEAR">2016-2019</SimpleData>
		<SimpleData name="LAST_EDITED_USER">SDE</SimpleData>
		<SimpleData name="LAST_EDITED_DATE">2025/10/16 20:10:22+00</SimpleData>
		<SimpleData name="GLOBALID">{F7F30A8C-41DB-4320-9AFD-11E50758ED85}</SimpleData>
	</SchemaData></ExtendedData>
  </Placemark>
  <Placemark>
	<ExtendedData><SchemaData schemaUrl="#DCDevelopment">
		<SimpleData name="OBJECTID">560</SimpleData>
		<SimpleData name="PROJECTNAME">Storey Park</SimpleData>
		<SimpleData name="WARD">6</SimpleData>
		<SimpleData name="LOCATION">1005 1ST STREET NE</SimpleData>
		<SimpleData name="DEVELOPER">Four Points / Perseus Realty / Buccini Pollin Group</SimpleData>
		<SimpleData name="PROJECTTYPE">Hospitality</SimpleData>
		<SimpleData name="TYPE_SQFT">184436</SimpleData>
		<SimpleData name="UNITS">235</SimpleData>
		<SimpleData name="ESTVALUEINMILLION">330000000</SimpleData>
		<SimpleData name="ESTDELIVERY">2022</SimpleData>
		<SimpleData name="STATUS">Pipeline</SimpleData>
		<SimpleData name="REPORT_EDITION_YEAR">2016-2019</SimpleData>
		<SimpleData name="LAST_EDITED_USER">SDE</SimpleData>
		<SimpleData name="LAST_EDITED_DATE">2025/10/16 20:10:22+00</SimpleData>
		<SimpleData name="GLOBALID">{AB703EF2-26B1-4F16-9863-A3E11CA03A0B}</SimpleData>
	</SchemaData></ExtendedData>
  </Placemark>
  <Placemark>
	<ExtendedData><SchemaData schemaUrl="#DCDevelopment">
		<SimpleData name="OBJECTID">561</SimpleData>
		<SimpleData name="PROJECTNAME">Armature Works</SimpleData>
		<SimpleData name="WARD">6</SimpleData>
		<SimpleData name="LOCATION">1200 3RD STREET NE</SimpleData>
		<SimpleData name="DEVELOPER">Trammell Crow Company / High Street Residential / MetLife</SimpleData>
		<SimpleData name="PROJECTTYPE">Hospitality</SimpleData>
		<SimpleData name="TYPE_SQFT">147000</SimpleData>
		<SimpleData name="UNITS">204</SimpleData>
		<SimpleData name="ESTVALUEINMILLION">400000000</SimpleData>
		<SimpleData name="ESTDELIVERY">2022</SimpleData>
		<SimpleData name="STATUS">Pipeline</SimpleData>
		<SimpleData name="REPORT_EDITION_YEAR">2016-2019</SimpleData>
		<SimpleData name="LAST_EDITED_USER">SDE</SimpleData>
		<SimpleData name="LAST_EDITED_DATE">2025/10/16 20:10:22+00</SimpleData>
		<SimpleData name="GLOBALID">{0ABD4D32-EAFA-4CC3-A091-0FD8FE90E753}</SimpleData>
	</SchemaData></ExtendedData>
  </Placemark>
  <Placemark>
	<ExtendedData><SchemaData schemaUrl="#DCDevelopment">
		<SimpleData name="OBJECTID">562</SimpleData>
		<SimpleData name="PROJECTNAME">Cambria Hotel</SimpleData>
		<SimpleData name="WARD">6</SimpleData>
		<SimpleData name="LOCATION">69 Q STREET SW</SimpleData>
		<SimpleData name="DEVELOPER">Donohoe Companies</SimpleData>
		<SimpleData name="PROJECTTYPE">Hospitality</SimpleData>
		<SimpleData name="TYPE_SQFT">77500</SimpleData>
		<SimpleData name="UNITS">154</SimpleData>
		<SimpleData name="ESTVALUEINMILLION">58000000</SimpleData>
		<SimpleData name="ESTDELIVERY">2021</SimpleData>
		<SimpleData name="STATUS">Pipeline</SimpleData>
		<SimpleData name="REPORT_EDITION_YEAR">2016-2019</SimpleData>
		<SimpleData name="LAST_EDITED_USER">SDE</SimpleData>
		<SimpleData name="LAST_EDITED_DATE">2025/10/16 20:10:22+00</SimpleData>
		<SimpleData name="GLOBALID">{C739BAED-A57F-4776-A00F-8ADF9A14A400}</SimpleData>
	</SchemaData></ExtendedData>
  </Placemark>
  <Placemark>
	<ExtendedData><SchemaData schemaUrl="#DCDevelopment">
		<SimpleData name="OBJECTID">563</SimpleData>
		<SimpleData name="PROJECTNAME">Meininger Hotel</SimpleData>
		<SimpleData name="WARD">6</SimpleData>
		<SimpleData name="LOCATION">35 NEW YORK AVENUE NE</SimpleData>
		<SimpleData name="DEVELOPER">Altus Realty Partners</SimpleData>
		<SimpleData name="PROJECTTYPE">Hospitality</SimpleData>
		<SimpleData name="TYPE_SQFT">75000</SimpleData>
		<SimpleData name="UNITS">154</SimpleData>
		<SimpleData name="ESTDELIVERY">2021</SimpleData>
		<SimpleData name="STATUS">Pipeline</SimpleData>
		<SimpleData name="REPORT_EDITION_YEAR">2016-2019</SimpleData>
		<SimpleData name="LAST_EDITED_USER">SDE</SimpleData>
		<SimpleData name="LAST_EDITED_DATE">2025/10/16 20:10:22+00</SimpleData>
		<SimpleData name="GLOBALID">{A4782D13-0615-4EC1-B263-67D054D6D668}</SimpleData>
	</SchemaData></ExtendedData>
  </Placemark>
  <Placemark>
	<ExtendedData><SchemaData schemaUrl="#DCDevelopment">
		<SimpleData name="OBJECTID">564</SimpleData>
		<SimpleData name="PROJECTNAME">Nationals Park Entertainment Venue</SimpleData>
		<SimpleData name="WARD">6</SimpleData>
		<SimpleData name="LOCATION">NATIONALS PARK BASEBALL STADIUM</SimpleData>
		<SimpleData name="DEVELOPER">Washington Nationals</SimpleData>
		<SimpleData name="PROJECTTYPE">Hospitality</SimpleData>
		<SimpleData name="TYPE_SQFT">35000</SimpleData>
		<SimpleData name="STATUS">Pipeline</SimpleData>
		<SimpleData name="REPORT_EDITION_YEAR">2016-2019</SimpleData>
		<SimpleData name="LAST_EDITED_USER">SDE</SimpleData>
		<SimpleData name="LAST_EDITED_DATE">2025/10/16 20:10:22+00</SimpleData>
		<SimpleData name="GLOBALID">{A8BEE598-11D1-48BB-AEA4-F2D6F00E03D9}</SimpleData>
	</SchemaData></ExtendedData>
  </Placemark>
  <Placemark>
	<ExtendedData><SchemaData schemaUrl="#DCDevelopment">
		<SimpleData name="OBJECTID">565</SimpleData>
		<SimpleData name="PROJECTNAME">9 1/2 Street Initiative (Grimke School)</SimpleData>
		<SimpleData name="WARD">1</SimpleData>
		<SimpleData name="LOCATION">1925 VERMONT AVENUE NW</SimpleData>
		<SimpleData name="DEVELOPER">Community Three</SimpleData>
		<SimpleData name="PROJECTTYPE">Hospitality</SimpleData>
		<SimpleData name="TYPE_SQFT">12000</SimpleData>
		<SimpleData name="ESTVALUEINMILLION">45000000</SimpleData>
		<SimpleData name="ESTDELIVERY">2020-23</SimpleData>
		<SimpleData name="STATUS">Pipeline</SimpleData>
		<SimpleData name="REPORT_EDITION_YEAR">2016-2019</SimpleData>
		<SimpleData name="LAST_EDITED_USER">SDE</SimpleData>
		<SimpleData name="LAST_EDITED_DATE">2025/10/16 20:10:22+00</SimpleData>
		<SimpleData name="GLOBALID">{FD3E076C-01E4-44C8-9705-BD0ABB6CB551}</SimpleData>
	</SchemaData></ExtendedData>
  </Placemark>
  <Placemark>
	<ExtendedData><SchemaData schemaUrl="#DCDevelopment">
		<SimpleData name="OBJECTID">566</SimpleData>
		<SimpleData name="PROJECTNAME">World War I Memorial</SimpleData>
		<SimpleData name="WARD">2</SimpleData>
		<SimpleData name="DEVELOPER">U.S. WWI Centennial Commission</SimpleData>
		<SimpleData name="PROJECTTYPE">Hospitality</SimpleData>
		<SimpleData name="TYPE_SQFT">0</SimpleData>
		<SimpleData name="ESTVALUEINMILLION">42000000</SimpleData>
		<SimpleData name="ESTDELIVERY">2021</SimpleData>
		<SimpleData name="STATUS">Pipeline</SimpleData>
		<SimpleData name="REPORT_EDITION_YEAR">2016-2019</SimpleData>
		<SimpleData name="LAST_EDITED_USER">SDE</SimpleData>
		<SimpleData name="LAST_EDITED_DATE">2025/10/16 20:10:22+00</SimpleData>
		<SimpleData name="GLOBALID">{A8CA5D24-FD12-41BF-BDAA-783D55509AFB}</SimpleData>
	</SchemaData></ExtendedData>
  </Placemark>
  <Placemark>
	<ExtendedData><SchemaData schemaUrl="#DCDevelopment">
		<SimpleData name="OBJECTID">567</SimpleData>
		<SimpleData name="PROJECTNAME">Four Constitution Square</SimpleData>
		<SimpleData name="WARD">6</SimpleData>
		<SimpleData name="LOCATION">150 M St., NE</SimpleData>
		<SimpleData name="DEVELOPER">Stonebridge Associates / Walton Street Capital</SimpleData>
		<SimpleData name="PROJECTTYPE">Office</SimpleData>
		<SimpleData name="TYPE_SQFT">505000</SimpleData>
		<SimpleData name="ESTVALUEINMILLION">250000000</SimpleData>
		<SimpleData name="ESTDELIVERY">Q2 19</SimpleData>
		<SimpleData name="STATUS">Completed</SimpleData>
		<SimpleData name="REPORT_EDITION_YEAR">2016-2019</SimpleData>
		<SimpleData name="LAST_EDITED_USER">SDE</SimpleData>
		<SimpleData name="LAST_EDITED_DATE">2025/10/16 20:11:02+00</SimpleData>
		<SimpleData name="GLOBALID">{0C6BD507-D7A8-4D4E-850C-991F5EE106EB}</SimpleData>
	</SchemaData></ExtendedData>
  </Placemark>
  <Placemark>
	<ExtendedData><SchemaData schemaUrl="#DCDevelopment">
		<SimpleData name="OBJECTID">568</SimpleData>
		<SimpleData name="PROJECTNAME">Center Building (DHS HQ)</SimpleData>
		<SimpleData name="WARD">8</SimpleData>
		<SimpleData name="LOCATION">St. Elizabeths West Campus</SimpleData>
		<SimpleData name="DEVELOPER">General Services Administration</SimpleData>
		<SimpleData name="PROJECTTYPE">Office</SimpleData>
		<SimpleData name="TYPE_SQFT">276000</SimpleData>
		<SimpleData name="ESTVALUEINMILLION">267800000</SimpleData>
		<SimpleData name="ESTDELIVERY">Q2 19</SimpleData>
		<SimpleData name="STATUS">Completed</SimpleData>
		<SimpleData name="REPORT_EDITION_YEAR">2016-2019</SimpleData>
		<SimpleData name="LAST_EDITED_USER">SDE</SimpleData>
		<SimpleData name="LAST_EDITED_DATE">2025/10/16 20:11:02+00</SimpleData>
		<SimpleData name="GLOBALID">{4A88A491-A1CF-466E-9598-1E5744EC35F0}</SimpleData>
	</SchemaData></ExtendedData>
  </Placemark>
  <Placemark>
	<ExtendedData><SchemaData schemaUrl="#DCDevelopment">
		<SimpleData name="OBJECTID">569</SimpleData>
		<SimpleData name="PROJECTNAME">One Freedom Plaza</SimpleData>
		<SimpleData name="WARD">2</SimpleData>
		<SimpleData name="LOCATION">1301 Pennsylvania Ave., NW</SimpleData>
		<SimpleData name="DEVELOPER">Quadrangle Development</SimpleData>
		<SimpleData name="PROJECTTYPE">Office</SimpleData>
		<SimpleData name="TYPE_SQFT">270040</SimpleData>
		<SimpleData name="ESTDELIVERY">Q1 19</SimpleData>
		<SimpleData name="STATUS">Completed</SimpleData>
		<SimpleData name="REPORT_EDITION_YEAR">2016-2019</SimpleData>
		<SimpleData name="LAST_EDITED_USER">SDE</SimpleData>
		<SimpleData name="LAST_EDITED_DATE">2025/10/16 20:11:02+00</SimpleData>
		<SimpleData name="GLOBALID">{C9A7361A-D159-4EAA-A1E5-D81828FD028D}</SimpleData>
	</SchemaData></ExtendedData>
  </Placemark>
  <Placemark>
	<ExtendedData><SchemaData schemaUrl="#DCDevelopment">
		<SimpleData name="OBJECTID">570</SimpleData>
		<SimpleData name="PROJECTNAME">500 L'Enfant Plaza</SimpleData>
		<SimpleData name="WARD">6</SimpleData>
		<SimpleData name="LOCATION">500 L'Enfant Plaza, SW</SimpleData>
		<SimpleData name="DEVELOPER">JBG Smith</SimpleData>
		<SimpleData name="PROJECTTYPE">Office</SimpleData>
		<SimpleData name="TYPE_SQFT">215200</SimpleData>
		<SimpleData name="ESTVALUEINMILLION">75000000</SimpleData>
		<SimpleData name="ESTDELIVERY">Q4 18</SimpleData>
		<SimpleData name="STATUS">Completed</SimpleData>
		<SimpleData name="REPORT_EDITION_YEAR">2016-2019</SimpleData>
		<SimpleData name="LAST_EDITED_USER">SDE</SimpleData>
		<SimpleData name="LAST_EDITED_DATE">2025/10/16 20:11:02+00</SimpleData>
		<SimpleData name="GLOBALID">{F817411A-71E5-415C-B95B-1C2BDCAB023C}</SimpleData>
	</SchemaData></ExtendedData>
  </Placemark>
  <Placemark>
	<ExtendedData><SchemaData schemaUrl="#DCDevelopment">
		<SimpleData name="OBJECTID">571</SimpleData>
		<SimpleData name="PROJECTNAME">1441 L Street</SimpleData>
		<SimpleData name="WARD">2</SimpleData>
		<SimpleData name="LOCATION">1441 L St., NW</SimpleData>
		<SimpleData name="DEVELOPER">S.C. Herman &amp; Associates</SimpleData>
		<SimpleData name="PROJECTTYPE">Office</SimpleData>
		<SimpleData name="TYPE_SQFT">207000</SimpleData>
		<SimpleData name="ESTVALUEINMILLION">36000000</SimpleData>
		<SimpleData name="ESTDELIVERY">Q1 19</SimpleData>
		<SimpleData name="STATUS">Completed</SimpleData>
		<SimpleData name="REPORT_EDITION_YEAR">2016-2019</SimpleData>
		<SimpleData name="LAST_EDITED_USER">SDE</SimpleData>
		<SimpleData name="LAST_EDITED_DATE">2025/10/16 20:11:02+00</SimpleData>
		<SimpleData name="GLOBALID">{17DD0188-3E72-4FDF-BA16-1A2D01D3B777}</SimpleData>
	</SchemaData></ExtendedData>
  </Placemark>
  <Placemark>
	<ExtendedData><SchemaData schemaUrl="#DCDevelopment">
		<SimpleData name="OBJECTID">572</SimpleData>
		<SimpleData name="PROJECTNAME">DC Water HQ</SimpleData>
		<SimpleData name="WARD">6</SimpleData>
		<SimpleData name="LOCATION">125 O St., SE</SimpleData>
		<SimpleData name="DEVELOPER">DC Water</SimpleData>
		<SimpleData name="PROJECTTYPE">Office</SimpleData>
		<SimpleData name="TYPE_SQFT">151300</SimpleData>
		<SimpleData name="ESTVALUEINMILLION">60000000</SimpleData>
		<SimpleData name="ESTDELIVERY">Q4 18</SimpleData>
		<SimpleData name="STATUS">Completed</SimpleData>
		<SimpleData name="REPORT_EDITION_YEAR">2016-2019</SimpleData>
		<SimpleData name="LAST_EDITED_USER">SDE</SimpleData>
		<SimpleData name="LAST_EDITED_DATE">2025/10/16 20:11:02+00</SimpleData>
		<SimpleData name="GLOBALID">{5AEC1BE4-12AC-4747-B419-947468F479FC}</SimpleData>
	</SchemaData></ExtendedData>
  </Placemark>
  <Placemark>
	<ExtendedData><SchemaData schemaUrl="#DCDevelopment">
		<SimpleData name="OBJECTID">573</SimpleData>
		<SimpleData name="PROJECTNAME">2100 K Street</SimpleData>
		<SimpleData name="WARD">2</SimpleData>
		<SimpleData name="LOCATION">2100 K St., NW</SimpleData>
		<SimpleData name="DEVELOPER">Blake Real Estate</SimpleData>
		<SimpleData name="PROJECTTYPE">Office</SimpleData>
		<SimpleData name="TYPE_SQFT">150000</SimpleData>
		<SimpleData name="ESTDELIVERY">Q1 19</SimpleData>
		<SimpleData name="STATUS">Completed</SimpleData>
		<SimpleData name="REPORT_EDITION_YEAR">2016-2019</SimpleData>
		<SimpleData name="LAST_EDITED_USER">SDE</SimpleData>
		<SimpleData name="LAST_EDITED_DATE">2025/10/16 20:11:02+00</SimpleData>
		<SimpleData name="GLOBALID">{D5BC026B-DCA4-410D-B42D-9EE1F7B4BB1D}</SimpleData>
	</SchemaData></ExtendedData>
  </Placemark>
  <Placemark>
	<ExtendedData><SchemaData schemaUrl="#DCDevelopment">
		<SimpleData name="OBJECTID">574</SimpleData>
		<SimpleData name="PROJECTNAME">U.S. Department of Commerce - Herbert Hoover Building (Ph IV)</SimpleData>
		<SimpleData name="WARD">2</SimpleData>
		<SimpleData name="LOCATION">1401 Constitution Ave., NW</SimpleData>
		<SimpleData name="DEVELOPER">General Services Administration</SimpleData>
		<SimpleData name="PROJECTTYPE">Office</SimpleData>
		<SimpleData name="TYPE_SQFT">109800</SimpleData>
		<SimpleData name="ESTVALUEINMILLION">83000000</SimpleData>
		<SimpleData name="ESTDELIVERY">Q3 18</SimpleData>
		<SimpleData name="STATUS">Completed</SimpleData>
		<SimpleData name="REPORT_EDITION_YEAR">2016-2019</SimpleData>
		<SimpleData name="LAST_EDITED_USER">SDE</SimpleData>
		<SimpleData name="LAST_EDITED_DATE">2025/10/16 20:11:02+00</SimpleData>
		<SimpleData name="GLOBALID">{1918BE9C-2270-4886-A7EC-3DE4243C5252}</SimpleData>
	</SchemaData></ExtendedData>
  </Placemark>
  <Placemark>
	<ExtendedData><SchemaData schemaUrl="#DCDevelopment">
		<SimpleData name="OBJECTID">575</SimpleData>
		<SimpleData name="PROJECTNAME">1701 Rhode Island Avenue</SimpleData>
		<SimpleData name="WARD">2</SimpleData>
		<SimpleData name="LOCATION">1701 Rhode Island Ave., NW</SimpleData>
		<SimpleData name="DEVELOPER">Akridge</SimpleData>
		<SimpleData name="PROJECTTYPE">Office</SimpleData>
		<SimpleData name="TYPE_SQFT">100000</SimpleData>
		<SimpleData name="ESTVALUEINMILLION">90000000</SimpleData>
		<SimpleData name="ESTDELIVERY">Q1 19</SimpleData>
		<SimpleData name="STATUS">Completed</SimpleData>
		<SimpleData name="REPORT_EDITION_YEAR">2016-2019</SimpleData>
		<SimpleData name="LAST_EDITED_USER">SDE</SimpleData>
		<SimpleData name="LAST_EDITED_DATE">2025/10/16 20:11:02+00</SimpleData>
		<SimpleData name="GLOBALID">{CB04B7C9-A4E2-4F39-AE9D-21CD8CD67E27}</SimpleData>
	</SchemaData></ExtendedData>
  </Placemark>
  <Placemark>
	<ExtendedData><SchemaData schemaUrl="#DCDevelopment">
		<SimpleData name="OBJECTID">576</SimpleData>
		<SimpleData name="PROJECTNAME">1101 16th Street</SimpleData>
		<SimpleData name="WARD">2</SimpleData>
		<SimpleData name="LOCATION">1101 16th St., NW</SimpleData>
		<SimpleData name="DEVELOPER">Akridge</SimpleData>
		<SimpleData name="PROJECTTYPE">Office</SimpleData>
		<SimpleData name="TYPE_SQFT">100000</SimpleData>
		<SimpleData name="ESTVALUEINMILLION">95000000</SimpleData>
		<SimpleData name="ESTDELIVERY">Q1 19</SimpleData>
		<SimpleData name="STATUS">Completed</SimpleData>
		<SimpleData name="REPORT_EDITION_YEAR">2016-2019</SimpleData>
		<SimpleData name="LAST_EDITED_USER">SDE</SimpleData>
		<SimpleData name="LAST_EDITED_DATE">2025/10/16 20:11:02+00</SimpleData>
		<SimpleData name="GLOBALID">{8B08C260-F78D-47EB-BDD5-D6BDD2EBE15A}</SimpleData>
	</SchemaData></ExtendedData>
  </Placemark>
  <Placemark>
	<ExtendedData><SchemaData schemaUrl="#DCDevelopment">
		<SimpleData name="OBJECTID">577</SimpleData>
		<SimpleData name="PROJECTNAME">The Wharf (Phase II)</SimpleData>
		<SimpleData name="WARD">6</SimpleData>
		<SimpleData name="LOCATION">Southwest Waterfront</SimpleData>
		<SimpleData name="DEVELOPER">Hoffman &amp; Associates / Madison Marquette</SimpleData>
		<SimpleData name="PROJECTTYPE">Office</SimpleData>
		<SimpleData name="TYPE_SQFT">547504</SimpleData>
		<SimpleData name="ESTVALUEINMILLION">1200000000</SimpleData>
		<SimpleData name="ESTDELIVERY">Q3 22</SimpleData>
		<SimpleData name="STATUS">Under Construction</SimpleData>
		<SimpleData name="REPORT_EDITION_YEAR">2016-2019</SimpleData>
		<SimpleData name="LAST_EDITED_USER">SDE</SimpleData>
		<SimpleData name="LAST_EDITED_DATE">2025/10/16 20:11:02+00</SimpleData>
		<SimpleData name="GLOBALID">{9D513184-91A6-403E-81A5-7349BD41E499}</SimpleData>
	</SchemaData></ExtendedData>
  </Placemark>
  <Placemark>
	<ExtendedData><SchemaData schemaUrl="#DCDevelopment">
		<SimpleData name="OBJECTID">578</SimpleData>
		<SimpleData name="PROJECTNAME">Sentinel Square III</SimpleData>
		<SimpleData name="WARD">6</SimpleData>
		<SimpleData name="LOCATION">45 L St., NE</SimpleData>
		<SimpleData name="DEVELOPER">Trammell Crow Company</SimpleData>
		<SimpleData name="PROJECTTYPE">Office</SimpleData>
		<SimpleData name="TYPE_SQFT">545000</SimpleData>
		<SimpleData name="ESTVALUEINMILLION">250000000</SimpleData>
		<SimpleData name="ESTDELIVERY">Q2 20</SimpleData>
		<SimpleData name="STATUS">Under Construction</SimpleData>
		<SimpleData name="REPORT_EDITION_YEAR">2016-2019</SimpleData>
		<SimpleData name="LAST_EDITED_USER">SDE</SimpleData>
		<SimpleData name="LAST_EDITED_DATE">2025/10/16 20:11:02+00</SimpleData>
		<SimpleData name="GLOBALID">{A38797C3-817C-4821-91F8-4F2371EFAA05}</SimpleData>
	</SchemaData></ExtendedData>
  </Placemark>
  <Placemark>
	<ExtendedData><SchemaData schemaUrl="#DCDevelopment">
		<SimpleData name="OBJECTID">579</SimpleData>
		<SimpleData name="PROJECTNAME">2100 Pennsylvania Avenue</SimpleData>
		<SimpleData name="WARD">2</SimpleData>
		<SimpleData name="LOCATION">2100 Pennsylvania Ave., NW</SimpleData>
		<SimpleData name="DEVELOPER">Boston Properties / George Washington University</SimpleData>
		<SimpleData name="PROJECTTYPE">Office</SimpleData>
		<SimpleData name="TYPE_SQFT">423562</SimpleData>
		<SimpleData name="ESTVALUEINMILLION">360000000</SimpleData>
		<SimpleData name="ESTDELIVERY">Q2 22</SimpleData>
		<SimpleData name="STATUS">Under Construction</SimpleData>
		<SimpleData name="REPORT_EDITION_YEAR">2016-2019</SimpleData>
		<SimpleData name="LAST_EDITED_USER">SDE</SimpleData>
		<SimpleData name="LAST_EDITED_DATE">2025/10/16 20:11:02+00</SimpleData>
		<SimpleData name="GLOBALID">{E50429CC-A3D6-43FB-8F1A-F93ADDD25208}</SimpleData>
	</SchemaData></ExtendedData>
  </Placemark>
  <Placemark>
	<ExtendedData><SchemaData schemaUrl="#DCDevelopment">
		<SimpleData name="OBJECTID">580</SimpleData>
		<SimpleData name="PROJECTNAME">1900 N</SimpleData>
		<SimpleData name="WARD">2</SimpleData>
		<SimpleData name="LOCATION">1900 N St., NW</SimpleData>
		<SimpleData name="DEVELOPER">JBG Smith</SimpleData>
		<SimpleData name="PROJECTTYPE">Office</SimpleData>
		<SimpleData name="TYPE_SQFT">259000</SimpleData>
		<SimpleData name="ESTVALUEINMILLION">230000000</SimpleData>
		<SimpleData name="ESTDELIVERY">Q4 19</SimpleData>
		<SimpleData name="STATUS">Under Construction</SimpleData>
		<SimpleData name="REPORT_EDITION_YEAR">2016-2019</SimpleData>
		<SimpleData name="LAST_EDITED_USER">SDE</SimpleData>
		<SimpleData name="LAST_EDITED_DATE">2025/10/16 20:11:02+00</SimpleData>
		<SimpleData name="GLOBALID">{F7F09841-9F94-4B5F-B99E-CBC3C525C4C4}</SimpleData>
	</SchemaData></ExtendedData>
  </Placemark>
  <Placemark>
	<ExtendedData><SchemaData schemaUrl="#DCDevelopment">
		<SimpleData name="OBJECTID">581</SimpleData>
		<SimpleData name="PROJECTNAME">Signal House</SimpleData>
		<SimpleData name="WARD">5</SimpleData>
		<SimpleData name="LOCATION">350 Morse St., NE</SimpleData>
		<SimpleData name="DEVELOPER">Carr Enterprises</SimpleData>
		<SimpleData name="PROJECTTYPE">Office</SimpleData>
		<SimpleData name="TYPE_SQFT">214000</SimpleData>
		<SimpleData name="ESTVALUEINMILLION">135000000</SimpleData>
		<SimpleData name="ESTDELIVERY">Q1 21</SimpleData>
		<SimpleData name="STATUS">Under Construction</SimpleData>
		<SimpleData name="REPORT_EDITION_YEAR">2016-2019</SimpleData>
		<SimpleData name="LAST_EDITED_USER">SDE</SimpleData>
		<SimpleData name="LAST_EDITED_DATE">2025/10/16 20:11:02+00</SimpleData>
		<SimpleData name="GLOBALID">{5AF33487-71E6-47D3-8125-4718138FF0B4}</SimpleData>
	</SchemaData></ExtendedData>
  </Placemark>
  <Placemark>
	<ExtendedData><SchemaData schemaUrl="#DCDevelopment">
		<SimpleData name="OBJECTID">582</SimpleData>
		<SimpleData name="PROJECTNAME">Cannon House Office Building Renewal (Ph I)</SimpleData>
		<SimpleData name="WARD">6</SimpleData>
		<SimpleData name="LOCATION">27 Independence Ave., SE</SimpleData>
		<SimpleData name="DEVELOPER">Architect of the Capitol</SimpleData>
		<SimpleData name="PROJECTTYPE">Office</SimpleData>
		<SimpleData name="TYPE_SQFT">206500</SimpleData>
		<SimpleData name="ESTVALUEINMILLION">188000000</SimpleData>
		<SimpleData name="ESTDELIVERY">Q3 19</SimpleData>
		<SimpleData name="STATUS">Under Construction</SimpleData>
		<SimpleData name="REPORT_EDITION_YEAR">2016-2019</SimpleData>
		<SimpleData name="LAST_EDITED_USER">SDE</SimpleData>
		<SimpleData name="LAST_EDITED_DATE">2025/10/16 20:11:02+00</SimpleData>
		<SimpleData name="GLOBALID">{EDC81354-DFD6-42E5-B963-89ABCAA6BCA6}</SimpleData>
	</SchemaData></ExtendedData>
  </Placemark>
  <Placemark>
	<ExtendedData><SchemaData schemaUrl="#DCDevelopment">
		<SimpleData name="OBJECTID">583</SimpleData>
		<SimpleData name="PROJECTNAME">Cannon House Office Building Renewal (Ph II)</SimpleData>
		<SimpleData name="WARD">6</SimpleData>
		<SimpleData name="LOCATION">27 Independence Ave., SE</SimpleData>
		<SimpleData name="DEVELOPER">Architect of the Capitol</SimpleData>
		<SimpleData name="PROJECTTYPE">Office</SimpleData>
		<SimpleData name="TYPE_SQFT">206500</SimpleData>
		<SimpleData name="ESTVALUEINMILLION">188000000</SimpleData>
		<SimpleData name="ESTDELIVERY">Q4 20</SimpleData>
		<SimpleData name="STATUS">Under Construction</SimpleData>
		<SimpleData name="REPORT_EDITION_YEAR">2016-2019</SimpleData>
		<SimpleData name="LAST_EDITED_USER">SDE</SimpleData>
		<SimpleData name="LAST_EDITED_DATE">2025/10/16 20:11:02+00</SimpleData>
		<SimpleData name="GLOBALID">{CF8EA220-E108-41C3-AAD5-7336A4DBA0F1}</SimpleData>
	</SchemaData></ExtendedData>
  </Placemark>
  <Placemark>
	<ExtendedData><SchemaData schemaUrl="#DCDevelopment">
		<SimpleData name="OBJECTID">584</SimpleData>
		<SimpleData name="PROJECTNAME">900 New York Avenue</SimpleData>
		<SimpleData name="WARD">2</SimpleData>
		<SimpleData name="LOCATION">900 New York Ave., NW</SimpleData>
		<SimpleData name="DEVELOPER">Gould Property Company / Oxford Properties Group</SimpleData>
		<SimpleData name="PROJECTTYPE">Office</SimpleData>
		<SimpleData name="TYPE_SQFT">575000</SimpleData>
		<SimpleData name="ESTVALUEINMILLION">250000000</SimpleData>
		<SimpleData name="STATUS">Pipeline</SimpleData>
		<SimpleData name="REPORT_EDITION_YEAR">2016-2019</SimpleData>
		<SimpleData name="LAST_EDITED_USER">SDE</SimpleData>
		<SimpleData name="LAST_EDITED_DATE">2025/10/16 20:11:02+00</SimpleData>
		<SimpleData name="GLOBALID">{F5038C54-94A7-4263-B9C6-57E38279DDB3}</SimpleData>
	</SchemaData></ExtendedData>
  </Placemark>
  <Placemark>
	<ExtendedData><SchemaData schemaUrl="#DCDevelopment">
		<SimpleData name="OBJECTID">585</SimpleData>
		<SimpleData name="PROJECTNAME">1700M</SimpleData>
		<SimpleData name="WARD">2</SimpleData>
		<SimpleData name="LOCATION">1700 M St., NW</SimpleData>
		<SimpleData name="DEVELOPER">JBG Smith</SimpleData>
		<SimpleData name="PROJECTTYPE">Office</SimpleData>
		<SimpleData name="TYPE_SQFT">315435</SimpleData>
		<SimpleData name="ESTDELIVERY">2021/22</SimpleData>
		<SimpleData name="STATUS">Pipeline</SimpleData>
		<SimpleData name="REPORT_EDITION_YEAR">2016-2019</SimpleData>
		<SimpleData name="LAST_EDITED_USER">SDE</SimpleData>
		<SimpleData name="LAST_EDITED_DATE">2025/10/16 20:11:02+00</SimpleData>
		<SimpleData name="GLOBALID">{E2BA046C-03BC-44CA-9725-E12682FE36A1}</SimpleData>
	</SchemaData></ExtendedData>
  </Placemark>
  <Placemark>
	<ExtendedData><SchemaData schemaUrl="#DCDevelopment">
		<SimpleData name="OBJECTID">586</SimpleData>
		<SimpleData name="PROJECTNAME">The Yards (Parcel G)</SimpleData>
		<SimpleData name="WARD">6</SimpleData>
		<SimpleData name="LOCATION">1275 New Jersey Ave., SE</SimpleData>
		<SimpleData name="DEVELOPER">Brookfield Properties</SimpleData>
		<SimpleData name="PROJECTTYPE">Office</SimpleData>
		<SimpleData name="TYPE_SQFT">290422</SimpleData>
		<SimpleData name="STATUS">Pipeline</SimpleData>
		<SimpleData name="REPORT_EDITION_YEAR">2016-2019</SimpleData>
		<SimpleData name="LAST_EDITED_USER">SDE</SimpleData>
		<SimpleData name="LAST_EDITED_DATE">2025/10/16 20:11:02+00</SimpleData>
		<SimpleData name="GLOBALID">{79735220-B02C-4A48-B727-37A0718E9E10}</SimpleData>
	</SchemaData></ExtendedData>
  </Placemark>
  <Placemark>
	<ExtendedData><SchemaData schemaUrl="#DCDevelopment">
		<SimpleData name="OBJECTID">587</SimpleData>
		<SimpleData name="PROJECTNAME">Reunion Square (Building 4)</SimpleData>
		<SimpleData name="WARD">8</SimpleData>
		<SimpleData name="LOCATION">Shannon Place &amp; W St., SE</SimpleData>
		<SimpleData name="DEVELOPER">Four Points / Curtis Development</SimpleData>
		<SimpleData name="PROJECTTYPE">Office</SimpleData>
		<SimpleData name="TYPE_SQFT">281242</SimpleData>
		<SimpleData name="ESTDELIVERY">2022</SimpleData>
		<SimpleData name="STATUS">Pipeline</SimpleData>
		<SimpleData name="REPORT_EDITION_YEAR">2016-2019</SimpleData>
		<SimpleData name="LAST_EDITED_USER">SDE</SimpleData>
		<SimpleData name="LAST_EDITED_DATE">2025/10/16 20:11:02+00</SimpleData>
		<SimpleData name="GLOBALID">{3C0A5EEA-890A-4DDF-89E9-3A30C9FB240E}</SimpleData>
	</SchemaData></ExtendedData>
  </Placemark>
  <Placemark>
	<ExtendedData><SchemaData schemaUrl="#DCDevelopment">
		<SimpleData name="OBJECTID">588</SimpleData>
		<SimpleData name="PROJECTNAME">25 M</SimpleData>
		<SimpleData name="WARD">6</SimpleData>
		<SimpleData name="LOCATION">25 M St., SE</SimpleData>
		<SimpleData name="DEVELOPER">Akridge / Brandywine Realty Trust</SimpleData>
		<SimpleData name="PROJECTTYPE">Office</SimpleData>
		<SimpleData name="TYPE_SQFT">223000</SimpleData>
		<SimpleData name="ESTVALUEINMILLION">85000000</SimpleData>
		<SimpleData name="STATUS">Pipeline</SimpleData>
		<SimpleData name="REPORT_EDITION_YEAR">2016-2019</SimpleData>
		<SimpleData name="LAST_EDITED_USER">SDE</SimpleData>
		<SimpleData name="LAST_EDITED_DATE">2025/10/16 20:11:02+00</SimpleData>
		<SimpleData name="GLOBALID">{E73D8DEE-D368-4A73-A53D-3409028A762F}</SimpleData>
	</SchemaData></ExtendedData>
  </Placemark>
  <Placemark>
	<ExtendedData><SchemaData schemaUrl="#DCDevelopment">
		<SimpleData name="OBJECTID">589</SimpleData>
		<SimpleData name="PROJECTNAME">Saint Elizabeths East (Phase I)</SimpleData>
		<SimpleData name="WARD">8</SimpleData>
		<SimpleData name="LOCATION">Saint Elizabeths East Campus</SimpleData>
		<SimpleData name="DEVELOPER">Redbrick LMD / Gragg Cardona Partners / DMPED</SimpleData>
		<SimpleData name="PROJECTTYPE">Office</SimpleData>
		<SimpleData name="TYPE_SQFT">220000</SimpleData>
		<SimpleData name="ESTVALUEINMILLION">200000000</SimpleData>
		<SimpleData name="ESTDELIVERY">2022</SimpleData>
		<SimpleData name="STATUS">Pipeline</SimpleData>
		<SimpleData name="REPORT_EDITION_YEAR">2016-2019</SimpleData>
		<SimpleData name="ARCHITECT">Cunningham + Quill Architects, PLLC</SimpleData>
		<SimpleData name="LAST_EDITED_USER">SDE</SimpleData>
		<SimpleData name="LAST_EDITED_DATE">2025/10/16 20:11:02+00</SimpleData>
		<SimpleData name="GLOBALID">{661F6C19-6F23-4597-B768-4EA9F85BC2A9}</SimpleData>
	</SchemaData></ExtendedData>
  </Placemark>
  <Placemark>
	<ExtendedData><SchemaData schemaUrl="#DCDevelopment">
		<SimpleData name="OBJECTID">590</SimpleData>
		<SimpleData name="PROJECTNAME">300 7th Street</SimpleData>
		<SimpleData name="WARD">6</SimpleData>
		<SimpleData name="LOCATION">300 7th St., SW</SimpleData>
		<SimpleData name="DEVELOPER">Jair Lynch Real Estate Partners</SimpleData>
		<SimpleData name="PROJECTTYPE">Office</SimpleData>
		<SimpleData name="TYPE_SQFT">203414</SimpleData>
		<SimpleData name="ESTVALUEINMILLION">121549000</SimpleData>
		<SimpleData name="ESTDELIVERY">2021/22</SimpleData>
		<SimpleData name="STATUS">Pipeline</SimpleData>
		<SimpleData name="REPORT_EDITION_YEAR">2016-2019</SimpleData>
		<SimpleData name="LAST_EDITED_USER">SDE</SimpleData>
		<SimpleData name="LAST_EDITED_DATE">2025/10/16 20:11:02+00</SimpleData>
		<SimpleData name="GLOBALID">{6E4850B7-4E2C-41D3-83B6-F5FE3DC99EDF}</SimpleData>
	</SchemaData></ExtendedData>
  </Placemark>
  <Placemark>
	<ExtendedData><SchemaData schemaUrl="#DCDevelopment">
		<SimpleData name="OBJECTID">591</SimpleData>
		<SimpleData name="PROJECTNAME">Saint Elizabeths East Parcel 15</SimpleData>
		<SimpleData name="WARD">8</SimpleData>
		<SimpleData name="LOCATION">Saint Elizabeths East Campus</SimpleData>
		<SimpleData name="DEVELOPER">Redbrick LMD / Gragg Cardona Partners</SimpleData>
		<SimpleData name="PROJECTTYPE">Office</SimpleData>
		<SimpleData name="TYPE_SQFT">200000</SimpleData>
		<SimpleData name="ESTVALUEINMILLION">218600000</SimpleData>
		<SimpleData name="ESTDELIVERY">2023</SimpleData>
		<SimpleData name="STATUS">Pipeline</SimpleData>
		<SimpleData name="REPORT_EDITION_YEAR">2016-2019</SimpleData>
		<SimpleData name="ARCHITECT">Cunningham + Quill Architects, PLLC</SimpleData>
		<SimpleData name="LAST_EDITED_USER">SDE</SimpleData>
		<SimpleData name="LAST_EDITED_DATE">2025/10/16 20:11:02+00</SimpleData>
		<SimpleData name="GLOBALID">{FFC90EA3-7D52-4AB8-A6B5-E5FA0FF01AA1}</SimpleData>
	</SchemaData></ExtendedData>
  </Placemark>
  <Placemark>
	<ExtendedData><SchemaData schemaUrl="#DCDevelopment">
		<SimpleData name="OBJECTID">592</SimpleData>
		<SimpleData name="PROJECTNAME">Embassy of Australia</SimpleData>
		<SimpleData name="WARD">2</SimpleData>
		<SimpleData name="LOCATION">1601 Massachusetts Ave., NW</SimpleData>
		<SimpleData name="DEVELOPER">Commonwealth of Australia</SimpleData>
		<SimpleData name="PROJECTTYPE">Office</SimpleData>
		<SimpleData name="TYPE_SQFT">133244</SimpleData>
		<SimpleData name="ESTVALUEINMILLION">237000000</SimpleData>
		<SimpleData name="ESTDELIVERY">2022</SimpleData>
		<SimpleData name="STATUS">Pipeline</SimpleData>
		<SimpleData name="REPORT_EDITION_YEAR">2016-2019</SimpleData>
		<SimpleData name="LAST_EDITED_USER">SDE</SimpleData>
		<SimpleData name="LAST_EDITED_DATE">2025/10/16 20:11:02+00</SimpleData>
		<SimpleData name="GLOBALID">{D131F901-6996-42C1-B944-A891C5F1FF4D}</SimpleData>
	</SchemaData></ExtendedData>
  </Placemark>
  <Placemark>
	<ExtendedData><SchemaData schemaUrl="#DCDevelopment">
		<SimpleData name="OBJECTID">593</SimpleData>
		<SimpleData name="PROJECTNAME">Calvin Coolidge Senior High School</SimpleData>
		<SimpleData name="WARD">4</SimpleData>
		<SimpleData name="LOCATION">6315 5th St., NW</SimpleData>
		<SimpleData name="DEVELOPER">Department of General Services / DC Public Schools</SimpleData>
		<SimpleData name="PROJECTTYPE">Quality of Life</SimpleData>
		<SimpleData name="TYPE_SQFT">286300</SimpleData>
		<SimpleData name="ESTVALUEINMILLION">163000000</SimpleData>
		<SimpleData name="ESTDELIVERY">Q3 19</SimpleData>
		<SimpleData name="STATUS">Completed</SimpleData>
		<SimpleData name="REPORT_EDITION_YEAR">2016-2019</SimpleData>
		<SimpleData name="LAST_EDITED_USER">SDE</SimpleData>
		<SimpleData name="LAST_EDITED_DATE">2025/10/16 20:12:15+00</SimpleData>
		<SimpleData name="GLOBALID">{23DC0411-EF45-411D-8E23-A3A818EE9686}</SimpleData>
	</SchemaData></ExtendedData>
  </Placemark>
  <Placemark>
	<ExtendedData><SchemaData schemaUrl="#DCDevelopment">
		<SimpleData name="OBJECTID">594</SimpleData>
		<SimpleData name="PROJECTNAME">Murch Elementary School</SimpleData>
		<SimpleData name="WARD">3</SimpleData>
		<SimpleData name="LOCATION">4810 36th St., NW</SimpleData>
		<SimpleData name="DEVELOPER">Department of General Services / DC Public Schools</SimpleData>
		<SimpleData name="PROJECTTYPE">Quality of Life</SimpleData>
		<SimpleData name="TYPE_SQFT">112700</SimpleData>
		<SimpleData name="ESTVALUEINMILLION">83300000</SimpleData>
		<SimpleData name="ESTDELIVERY">Q3 18</SimpleData>
		<SimpleData name="STATUS">Completed</SimpleData>
		<SimpleData name="REPORT_EDITION_YEAR">2016-2019</SimpleData>
		<SimpleData name="LAST_EDITED_USER">SDE</SimpleData>
		<SimpleData name="LAST_EDITED_DATE">2025/10/16 20:12:15+00</SimpleData>
		<SimpleData name="GLOBALID">{89BCE30B-1EB1-41BD-8851-3EBC15914903}</SimpleData>
	</SchemaData></ExtendedData>
  </Placemark>
  <Placemark>
	<ExtendedData><SchemaData schemaUrl="#DCDevelopment">
		<SimpleData name="OBJECTID">595</SimpleData>
		<SimpleData name="PROJECTNAME">Corcoran Gallery of Art</SimpleData>
		<SimpleData name="WARD">2</SimpleData>
		<SimpleData name="LOCATION">500 17th St., NW</SimpleData>
		<SimpleData name="DEVELOPER">George Washington University</SimpleData>
		<SimpleData name="PROJECTTYPE">Quality of Life</SimpleData>
		<SimpleData name="TYPE_SQFT">100000</SimpleData>
		<SimpleData name="ESTVALUEINMILLION">80000000</SimpleData>
		<SimpleData name="ESTDELIVERY">Q3 18</SimpleData>
		<SimpleData name="STATUS">Completed</SimpleData>
		<SimpleData name="REPORT_EDITION_YEAR">2016-2019</SimpleData>
		<SimpleData name="LAST_EDITED_USER">SDE</SimpleData>
		<SimpleData name="LAST_EDITED_DATE">2025/10/16 20:12:15+00</SimpleData>
		<SimpleData name="GLOBALID">{6860999F-1C91-433B-B8E1-0FDE3E7791A7}</SimpleData>
	</SchemaData></ExtendedData>
  </Placemark>
  <Placemark>
	<ExtendedData><SchemaData schemaUrl="#DCDevelopment">
		<SimpleData name="OBJECTID">596</SimpleData>
		<SimpleData name="PROJECTNAME">Kimball Elementary School</SimpleData>
		<SimpleData name="WARD">7</SimpleData>
		<SimpleData name="LOCATION">3375 Minnesota Ave., SE</SimpleData>
		<SimpleData name="DEVELOPER">Department of General Services / DC Public Schools</SimpleData>
		<SimpleData name="PROJECTTYPE">Quality of Life</SimpleData>
		<SimpleData name="TYPE_SQFT">83400</SimpleData>
		<SimpleData name="ESTVALUEINMILLION">53500000</SimpleData>
		<SimpleData name="ESTDELIVERY">Q3 19</SimpleData>
		<SimpleData name="STATUS">Completed</SimpleData>
		<SimpleData name="REPORT_EDITION_YEAR">2016-2019</SimpleData>
		<SimpleData name="LAST_EDITED_USER">SDE</SimpleData>
		<SimpleData name="LAST_EDITED_DATE">2025/10/16 20:12:15+00</SimpleData>
		<SimpleData name="GLOBALID">{2312F28C-EBD0-449F-A638-9647E305B95E}</SimpleData>
	</SchemaData></ExtendedData>
  </Placemark>
  <Placemark>
	<ExtendedData><SchemaData schemaUrl="#DCDevelopment">
		<SimpleData name="OBJECTID">597</SimpleData>
		<SimpleData name="PROJECTNAME">Lawrence E. Boone Elementary School</SimpleData>
		<SimpleData name="WARD">8</SimpleData>
		<SimpleData name="LOCATION">2200 Minnesota Ave., SE</SimpleData>
		<SimpleData name="DEVELOPER">Department of General Services / DC Public Schools</SimpleData>
		<SimpleData name="PROJECTTYPE">Quality of Life</SimpleData>
		<SimpleData name="TYPE_SQFT">68000</SimpleData>
		<SimpleData name="ESTVALUEINMILLION">47000000</SimpleData>
		<SimpleData name="ESTDELIVERY">Q3 18</SimpleData>
		<SimpleData name="STATUS">Completed</SimpleData>
		<SimpleData name="REPORT_EDITION_YEAR">2016-2019</SimpleData>
		<SimpleData name="LAST_EDITED_USER">SDE</SimpleData>
		<SimpleData name="LAST_EDITED_DATE">2025/10/16 20:12:15+00</SimpleData>
		<SimpleData name="GLOBALID">{D271CE35-B3D5-438D-B364-7962CED191B7}</SimpleData>
	</SchemaData></ExtendedData>
  </Placemark>
  <Placemark>
	<ExtendedData><SchemaData schemaUrl="#DCDevelopment">
		<SimpleData name="OBJECTID">598</SimpleData>
		<SimpleData name="PROJECTNAME">Beacon Center</SimpleData>
		<SimpleData name="WARD">4</SimpleData>
		<SimpleData name="LOCATION">6100 Georgia Ave., NW</SimpleData>
		<SimpleData name="DEVELOPER">The Community Builders / Emory United Methodist Church</SimpleData>
		<SimpleData name="PROJECTTYPE">Quality of Life</SimpleData>
		<SimpleData name="TYPE_SQFT">58000</SimpleData>
		<SimpleData name="ESTVALUEINMILLION">42500000</SimpleData>
		<SimpleData name="ESTDELIVERY">Q4 18</SimpleData>
		<SimpleData name="STATUS">Completed</SimpleData>
		<SimpleData name="REPORT_EDITION_YEAR">2016-2019</SimpleData>
		<SimpleData name="LAST_EDITED_USER">SDE</SimpleData>
		<SimpleData name="LAST_EDITED_DATE">2025/10/16 20:12:15+00</SimpleData>
		<SimpleData name="GLOBALID">{893FB18E-9E8E-43B5-9DCA-7A995178C95F}</SimpleData>
	</SchemaData></ExtendedData>
  </Placemark>
  <Placemark>
	<ExtendedData><SchemaData schemaUrl="#DCDevelopment">
		<SimpleData name="OBJECTID">599</SimpleData>
		<SimpleData name="PROJECTNAME">Riverpoint</SimpleData>
		<SimpleData name="WARD">6</SimpleData>
		<SimpleData name="LOCATION">2100 2nd St., SW</SimpleData>
		<SimpleData name="DEVELOPER">Akridge / Western Development / Orr Partners / Jefferson Apartment Group</SimpleData>
		<SimpleData name="PROJECTTYPE">Residential</SimpleData>
		<SimpleData name="TYPE_SQFT">0</SimpleData>
		<SimpleData name="UNITS">481</SimpleData>
		<SimpleData name="ESTVALUEINMILLION">220000000</SimpleData>
		<SimpleData name="ESTDELIVERY">Q4 20</SimpleData>
		<SimpleData name="STATUS">Completed</SimpleData>
		<SimpleData name="REPORT_EDITION_YEAR">2020-2021</SimpleData>
		<SimpleData name="ARCHITECT"></SimpleData>
		<SimpleData name="LAST_EDITED_USER">SDE</SimpleData>
		<SimpleData name="LAST_EDITED_DATE">2025/10/16 20:12:51+00</SimpleData>
		<SimpleData name="GLOBALID">{153A5102-35BD-45F4-BB92-00803A6A62E2}</SimpleData>
	</SchemaData></ExtendedData>
  </Placemark>
  <Placemark>
	<ExtendedData><SchemaData schemaUrl="#DCDevelopment">
		<SimpleData name="OBJECTID">600</SimpleData>
		<SimpleData name="PROJECTNAME">West Half</SimpleData>
		<SimpleData name="WARD">6</SimpleData>
		<SimpleData name="LOCATION">1201 Half St., SE</SimpleData>
		<SimpleData name="DEVELOPER">JBG Smith</SimpleData>
		<SimpleData name="PROJECTTYPE">Residential</SimpleData>
		<SimpleData name="TYPE_SQFT">0</SimpleData>
		<SimpleData name="UNITS">465</SimpleData>
		<SimpleData name="ESTVALUEINMILLION">228000000</SimpleData>
		<SimpleData name="ESTDELIVERY">Q3 20</SimpleData>
		<SimpleData name="STATUS">Completed</SimpleData>
		<SimpleData name="REPORT_EDITION_YEAR">2020-2021</SimpleData>
		<SimpleData name="ARCHITECT"></SimpleData>
		<SimpleData name="LAST_EDITED_USER">SDE</SimpleData>
		<SimpleData name="LAST_EDITED_DATE">2025/10/16 20:12:51+00</SimpleData>
		<SimpleData name="GLOBALID">{E3CF7DD3-29CF-4237-97B2-315469766929}</SimpleData>
	</SchemaData></ExtendedData>
  </Placemark>
  <Placemark>
	<ExtendedData><SchemaData schemaUrl="#DCDevelopment">
		<SimpleData name="OBJECTID">601</SimpleData>
		<SimpleData name="PROJECTNAME">Watermark</SimpleData>
		<SimpleData name="WARD">6</SimpleData>
		<SimpleData name="LOCATION">1900 Half St., SW</SimpleData>
		<SimpleData name="DEVELOPER">Douglas Development Corporation</SimpleData>
		<SimpleData name="PROJECTTYPE">Residential</SimpleData>
		<SimpleData name="TYPE_SQFT">0</SimpleData>
		<SimpleData name="UNITS">453</SimpleData>
		<SimpleData name="ESTVALUEINMILLION">190000000</SimpleData>
		<SimpleData name="ESTDELIVERY">Q3 20</SimpleData>
		<SimpleData name="STATUS">Completed</SimpleData>
		<SimpleData name="REPORT_EDITION_YEAR">2020-2021</SimpleData>
		<SimpleData name="ARCHITECT"></SimpleData>
		<SimpleData name="LAST_EDITED_USER">SDE</SimpleData>
		<SimpleData name="LAST_EDITED_DATE">2025/10/16 20:12:51+00</SimpleData>
		<SimpleData name="GLOBALID">{10D6EAB9-399C-4585-A96C-4AC042998048}</SimpleData>
	</SchemaData></ExtendedData>
  </Placemark>
  <Placemark>
	<ExtendedData><SchemaData schemaUrl="#DCDevelopment">
		<SimpleData name="OBJECTID">602</SimpleData>
		<SimpleData name="PROJECTNAME">AVEC</SimpleData>
		<SimpleData name="WARD">6</SimpleData>
		<SimpleData name="LOCATION">901 H St., NE</SimpleData>
		<SimpleData name="DEVELOPER">Rappaport / Lustine Family / WC Smith</SimpleData>
		<SimpleData name="PROJECTTYPE">Residential</SimpleData>
		<SimpleData name="TYPE_SQFT">0</SimpleData>
		<SimpleData name="UNITS">419</SimpleData>
		<SimpleData name="ESTVALUEINMILLION">200000000</SimpleData>
		<SimpleData name="ESTDELIVERY">Q2 20</SimpleData>
		<SimpleData name="STATUS">Completed</SimpleData>
		<SimpleData name="REPORT_EDITION_YEAR">2020-2021</SimpleData>
		<SimpleData name="ARCHITECT"></SimpleData>
		<SimpleData name="LAST_EDITED_USER">SDE</SimpleData>
		<SimpleData name="LAST_EDITED_DATE">2025/10/16 20:12:51+00</SimpleData>
		<SimpleData name="GLOBALID">{B6FF2C22-3A45-4772-91AE-C4CCA3205063}</SimpleData>
	</SchemaData></ExtendedData>
  </Placemark>
  <Placemark>
	<ExtendedData><SchemaData schemaUrl="#DCDevelopment">
		<SimpleData name="OBJECTID">603</SimpleData>
		<SimpleData name="PROJECTNAME">The Garrett</SimpleData>
		<SimpleData name="WARD">6</SimpleData>
		<SimpleData name="LOCATION">150 Eye St., SE</SimpleData>
		<SimpleData name="DEVELOPER">WC Smith</SimpleData>
		<SimpleData name="PROJECTTYPE">Residential</SimpleData>
		<SimpleData name="TYPE_SQFT">0</SimpleData>
		<SimpleData name="UNITS">373</SimpleData>
		<SimpleData name="ESTVALUEINMILLION">170000000</SimpleData>
		<SimpleData name="ESTDELIVERY">Q4 20</SimpleData>
		<SimpleData name="STATUS">Completed</SimpleData>
		<SimpleData name="REPORT_EDITION_YEAR">2020-2021</SimpleData>
		<SimpleData name="ARCHITECT"></SimpleData>
		<SimpleData name="LAST_EDITED_USER">SDE</SimpleData>
		<SimpleData name="LAST_EDITED_DATE">2025/10/16 20:12:51+00</SimpleData>
		<SimpleData name="GLOBALID">{43CD6C11-A8B8-476E-892D-5469B264778E}</SimpleData>
	</SchemaData></ExtendedData>
  </Placemark>
  <Placemark>
	<ExtendedData><SchemaData schemaUrl="#DCDevelopment">
		<SimpleData name="OBJECTID">604</SimpleData>
		<SimpleData name="PROJECTNAME">Beckert’s Park</SimpleData>
		<SimpleData name="WARD">6</SimpleData>
		<SimpleData name="LOCATION">415 14th St., SE</SimpleData>
		<SimpleData name="DEVELOPER">Foulger-Pratt / Safeway</SimpleData>
		<SimpleData name="PROJECTTYPE">Residential</SimpleData>
		<SimpleData name="TYPE_SQFT">0</SimpleData>
		<SimpleData name="UNITS">325</SimpleData>
		<SimpleData name="ESTVALUEINMILLION">138000000</SimpleData>
		<SimpleData name="ESTDELIVERY">Q3 20</SimpleData>
		<SimpleData name="STATUS">Completed</SimpleData>
		<SimpleData name="REPORT_EDITION_YEAR">2020-2021</SimpleData>
		<SimpleData name="ARCHITECT"></SimpleData>
		<SimpleData name="LAST_EDITED_USER">SDE</SimpleData>
		<SimpleData name="LAST_EDITED_DATE">2025/10/16 20:12:51+00</SimpleData>
		<SimpleData name="GLOBALID">{EBF1E413-DCF8-4B2A-9807-1FBB2DCC514F}</SimpleData>
	</SchemaData></ExtendedData>
  </Placemark>
  <Placemark>
	<ExtendedData><SchemaData schemaUrl="#DCDevelopment">
		<SimpleData name="OBJECTID">605</SimpleData>
		<SimpleData name="PROJECTNAME">The Kelvin</SimpleData>
		<SimpleData name="WARD">6</SimpleData>
		<SimpleData name="LOCATION">1250 Half St., SE</SimpleData>
		<SimpleData name="DEVELOPER">Jair Lynch Real Estate Partners</SimpleData>
		<SimpleData name="PROJECTTYPE">Residential</SimpleData>
		<SimpleData name="TYPE_SQFT">0</SimpleData>
		<SimpleData name="UNITS">312</SimpleData>
		<SimpleData name="ESTVALUEINMILLION">155000000</SimpleData>
		<SimpleData name="ESTDELIVERY">Q3 20</SimpleData>
		<SimpleData name="STATUS">Completed</SimpleData>
		<SimpleData name="REPORT_EDITION_YEAR">2020-2021</SimpleData>
		<SimpleData name="ARCHITECT"></SimpleData>
		<SimpleData name="LAST_EDITED_USER">SDE</SimpleData>
		<SimpleData name="LAST_EDITED_DATE">2025/10/16 20:12:51+00</SimpleData>
		<SimpleData name="GLOBALID">{65506509-8FBF-45D2-982B-C5F555EA75DC}</SimpleData>
	</SchemaData></ExtendedData>
  </Placemark>
  <Placemark>
	<ExtendedData><SchemaData schemaUrl="#DCDevelopment">
		<SimpleData name="OBJECTID">606</SimpleData>
		<SimpleData name="PROJECTNAME">Illume (Phase I &amp; II)</SimpleData>
		<SimpleData name="WARD">6</SimpleData>
		<SimpleData name="LOCATION">809 &amp; 853 New Jersey Ave., SE</SimpleData>
		<SimpleData name="DEVELOPER">Greystar Development / J.P. Morgan Asset Management / Oxford Properties Group</SimpleData>
		<SimpleData name="PROJECTTYPE">Residential</SimpleData>
		<SimpleData name="TYPE_SQFT">0</SimpleData>
		<SimpleData name="UNITS">756</SimpleData>
		<SimpleData name="ESTVALUEINMILLION">0</SimpleData>
		<SimpleData name="ESTDELIVERY">Q2 22</SimpleData>
		<SimpleData name="STATUS">Under Construction</SimpleData>
		<SimpleData name="REPORT_EDITION_YEAR">2020-2021</SimpleData>
		<SimpleData name="ARCHITECT"></SimpleData>
		<SimpleData name="LAST_EDITED_USER">SDE</SimpleData>
		<SimpleData name="LAST_EDITED_DATE">2025/10/16 20:12:51+00</SimpleData>
		<SimpleData name="GLOBALID">{9CE7B3BD-F27E-466A-82CD-FB5820E585EB}</SimpleData>
	</SchemaData></ExtendedData>
  </Placemark>
  <Placemark>
	<ExtendedData><SchemaData schemaUrl="#DCDevelopment">
		<SimpleData name="OBJECTID">607</SimpleData>
		<SimpleData name="PROJECTNAME">Eckington Yards</SimpleData>
		<SimpleData name="WARD">5</SimpleData>
		<SimpleData name="LOCATION">1625 Eckington Pl. &amp; 1500 Harry Thomas Way, NE</SimpleData>
		<SimpleData name="DEVELOPER">The JBG Companies / LCOR</SimpleData>
		<SimpleData name="PROJECTTYPE">Residential</SimpleData>
		<SimpleData name="TYPE_SQFT">0</SimpleData>
		<SimpleData name="UNITS">681</SimpleData>
		<SimpleData name="ESTVALUEINMILLION">265000000</SimpleData>
		<SimpleData name="ESTDELIVERY">Q2 21</SimpleData>
		<SimpleData name="STATUS">Under Construction</SimpleData>
		<SimpleData name="REPORT_EDITION_YEAR">2020-2021</SimpleData>
		<SimpleData name="ARCHITECT"></SimpleData>
		<SimpleData name="LAST_EDITED_USER">SDE</SimpleData>
		<SimpleData name="LAST_EDITED_DATE">2025/10/16 20:12:51+00</SimpleData>
		<SimpleData name="GLOBALID">{B9C491DB-8118-4721-91E8-04A2965F9233}</SimpleData>
	</SchemaData></ExtendedData>
  </Placemark>
  <Placemark>
	<ExtendedData><SchemaData schemaUrl="#DCDevelopment">
		<SimpleData name="OBJECTID">608</SimpleData>
		<SimpleData name="PROJECTNAME">Armature Works</SimpleData>
		<SimpleData name="WARD">6</SimpleData>
		<SimpleData name="LOCATION">1200 3rd St., NE</SimpleData>
		<SimpleData name="DEVELOPER">Trammell Crow Company / High Street Residential / MetLife</SimpleData>
		<SimpleData name="PROJECTTYPE">Residential</SimpleData>
		<SimpleData name="TYPE_SQFT">0</SimpleData>
		<SimpleData name="UNITS">635</SimpleData>
		<SimpleData name="ESTVALUEINMILLION">400000000</SimpleData>
		<SimpleData name="ESTDELIVERY">Q2 22</SimpleData>
		<SimpleData name="STATUS">Under Construction</SimpleData>
		<SimpleData name="REPORT_EDITION_YEAR">2020-2021</SimpleData>
		<SimpleData name="ARCHITECT"></SimpleData>
		<SimpleData name="LAST_EDITED_USER">SDE</SimpleData>
		<SimpleData name="LAST_EDITED_DATE">2025/10/16 20:12:51+00</SimpleData>
		<SimpleData name="GLOBALID">{65463C40-9712-4C7E-A611-295BB781384E}</SimpleData>
	</SchemaData></ExtendedData>
  </Placemark>
  <Placemark>
	<ExtendedData><SchemaData schemaUrl="#DCDevelopment">
		<SimpleData name="OBJECTID">609</SimpleData>
		<SimpleData name="PROJECTNAME">Sursum Corda Redevelopment (Phase I)</SimpleData>
		<SimpleData name="WARD">6</SimpleData>
		<SimpleData name="LOCATION">North Capitol St., M St., 1st St., L St., NW</SimpleData>
		<SimpleData name="DEVELOPER">Toll Brothers</SimpleData>
		<SimpleData name="PROJECTTYPE">Residential</SimpleData>
		<SimpleData name="TYPE_SQFT">0</SimpleData>
		<SimpleData name="UNITS">562</SimpleData>
		<SimpleData name="ESTVALUEINMILLION">226000000</SimpleData>
		<SimpleData name="ESTDELIVERY">Q2 22</SimpleData>
		<SimpleData name="STATUS">Under Construction</SimpleData>
		<SimpleData name="REPORT_EDITION_YEAR">2020-2021</SimpleData>
		<SimpleData name="ARCHITECT"></SimpleData>
		<SimpleData name="LAST_EDITED_USER">SDE</SimpleData>
		<SimpleData name="LAST_EDITED_DATE">2025/10/16 20:12:51+00</SimpleData>
		<SimpleData name="GLOBALID">{D865D1F5-7C01-4605-909D-F3F3FDEA8A89}</SimpleData>
	</SchemaData></ExtendedData>
  </Placemark>
  <Placemark>
	<ExtendedData><SchemaData schemaUrl="#DCDevelopment">
		<SimpleData name="OBJECTID">610</SimpleData>
		<SimpleData name="PROJECTNAME">NoMa CNTR</SimpleData>
		<SimpleData name="WARD">6</SimpleData>
		<SimpleData name="LOCATION">1005 1st St., NE</SimpleData>
		<SimpleData name="DEVELOPER">Perseus TDC / Four Points / Buccini Pollin Group / Sunwater Management</SimpleData>
		<SimpleData name="PROJECTTYPE">Residential</SimpleData>
		<SimpleData name="TYPE_SQFT">0</SimpleData>
		<SimpleData name="UNITS">500</SimpleData>
		<SimpleData name="ESTVALUEINMILLION">330000000</SimpleData>
		<SimpleData name="ESTDELIVERY">Q4 22</SimpleData>
		<SimpleData name="STATUS">Under Construction</SimpleData>
		<SimpleData name="REPORT_EDITION_YEAR">2020-2021</SimpleData>
		<SimpleData name="ARCHITECT"></SimpleData>
		<SimpleData name="LAST_EDITED_USER">SDE</SimpleData>
		<SimpleData name="LAST_EDITED_DATE">2025/10/16 20:12:51+00</SimpleData>
		<SimpleData name="GLOBALID">{F7A0805A-7373-41CB-BF84-8218DF7FDC9D}</SimpleData>
	</SchemaData></ExtendedData>
  </Placemark>
  <Placemark>
	<ExtendedData><SchemaData schemaUrl="#DCDevelopment">
		<SimpleData name="OBJECTID">611</SimpleData>
		<SimpleData name="PROJECTNAME">Museum Place</SimpleData>
		<SimpleData name="WARD">6</SimpleData>
		<SimpleData name="LOCATION">65 I St., SW</SimpleData>
		<SimpleData name="DEVELOPER">Lowe</SimpleData>
		<SimpleData name="PROJECTTYPE">Residential</SimpleData>
		<SimpleData name="TYPE_SQFT">0</SimpleData>
		<SimpleData name="UNITS">492</SimpleData>
		<SimpleData name="ESTVALUEINMILLION">200000000</SimpleData>
		<SimpleData name="ESTDELIVERY">Q4 22</SimpleData>
		<SimpleData name="STATUS">Under Construction</SimpleData>
		<SimpleData name="REPORT_EDITION_YEAR">2020-2021</SimpleData>
		<SimpleData name="ARCHITECT"></SimpleData>
		<SimpleData name="LAST_EDITED_USER">SDE</SimpleData>
		<SimpleData name="LAST_EDITED_DATE">2025/10/16 20:12:51+00</SimpleData>
		<SimpleData name="GLOBALID">{2DD93938-46B5-4E9E-A03E-A8D5F0B55904}</SimpleData>
	</SchemaData></ExtendedData>
  </Placemark>
  <Placemark>
	<ExtendedData><SchemaData schemaUrl="#DCDevelopment">
		<SimpleData name="OBJECTID">612</SimpleData>
		<SimpleData name="PROJECTNAME">Bryant Street (Phase I)</SimpleData>
		<SimpleData name="WARD">5</SimpleData>
		<SimpleData name="LOCATION">680 Rhode Island Ave., NE</SimpleData>
		<SimpleData name="DEVELOPER">MRP Realty / FRP Development Corp</SimpleData>
		<SimpleData name="PROJECTTYPE">Residential</SimpleData>
		<SimpleData name="TYPE_SQFT">0</SimpleData>
		<SimpleData name="UNITS">487</SimpleData>
		<SimpleData name="ESTVALUEINMILLION">0</SimpleData>
		<SimpleData name="ESTDELIVERY">Q3 21</SimpleData>
		<SimpleData name="STATUS">Under Construction</SimpleData>
		<SimpleData name="REPORT_EDITION_YEAR">2020-2021</SimpleData>
		<SimpleData name="ARCHITECT"></SimpleData>
		<SimpleData name="LAST_EDITED_USER">SDE</SimpleData>
		<SimpleData name="LAST_EDITED_DATE">2025/10/16 20:12:51+00</SimpleData>
		<SimpleData name="GLOBALID">{96182EDA-D97E-443B-B2C2-F520C2FA4FB3}</SimpleData>
	</SchemaData></ExtendedData>
  </Placemark>
  <Placemark>
	<ExtendedData><SchemaData schemaUrl="#DCDevelopment">
		<SimpleData name="OBJECTID">613</SimpleData>
		<SimpleData name="PROJECTNAME">300 M</SimpleData>
		<SimpleData name="WARD">6</SimpleData>
		<SimpleData name="LOCATION">300 M St., NE</SimpleData>
		<SimpleData name="DEVELOPER">LCOR</SimpleData>
		<SimpleData name="PROJECTTYPE">Residential</SimpleData>
		<SimpleData name="TYPE_SQFT">0</SimpleData>
		<SimpleData name="UNITS">457</SimpleData>
		<SimpleData name="ESTVALUEINMILLION">212000000</SimpleData>
		<SimpleData name="ESTDELIVERY">Q4 22</SimpleData>
		<SimpleData name="STATUS">Under Construction</SimpleData>
		<SimpleData name="REPORT_EDITION_YEAR">2020-2021</SimpleData>
		<SimpleData name="ARCHITECT"></SimpleData>
		<SimpleData name="LAST_EDITED_USER">SDE</SimpleData>
		<SimpleData name="LAST_EDITED_DATE">2025/10/16 20:12:51+00</SimpleData>
		<SimpleData name="GLOBALID">{80B0A0FF-9277-4971-9F41-CC7433819279}</SimpleData>
	</SchemaData></ExtendedData>
  </Placemark>
  <Placemark>
	<ExtendedData><SchemaData schemaUrl="#DCDevelopment">
		<SimpleData name="OBJECTID">614</SimpleData>
		<SimpleData name="PROJECTNAME">Northeast Heights</SimpleData>
		<SimpleData name="WARD">7</SimpleData>
		<SimpleData name="LOCATION">3924 - 3968 Minnesota Ave., NE</SimpleData>
		<SimpleData name="DEVELOPER">Cedar Realty Trust / Trammell Crow Company</SimpleData>
		<SimpleData name="PROJECTTYPE">Retail</SimpleData>
		<SimpleData name="TYPE_SQFT">194600</SimpleData>
		<SimpleData name="UNITS">0</SimpleData>
		<SimpleData name="ESTVALUEINMILLION">420000000</SimpleData>
		<SimpleData name="ESTDELIVERY">2022-28</SimpleData>
		<SimpleData name="STATUS">Pipeline</SimpleData>
		<SimpleData name="REPORT_EDITION_YEAR">2020-2021</SimpleData>
		<SimpleData name="ARCHITECT"></SimpleData>
		<SimpleData name="LAST_EDITED_USER">SDE</SimpleData>
		<SimpleData name="LAST_EDITED_DATE">2025/10/16 20:13:28+00</SimpleData>
		<SimpleData name="GLOBALID">{7EA64246-698D-4DC2-A690-E4EA9A39DBD1}</SimpleData>
	</SchemaData></ExtendedData>
  </Placemark>
  <Placemark>
	<ExtendedData><SchemaData schemaUrl="#DCDevelopment">
		<SimpleData name="OBJECTID">615</SimpleData>
		<SimpleData name="PROJECTNAME">Upton Place</SimpleData>
		<SimpleData name="WARD">3</SimpleData>
		<SimpleData name="LOCATION">4000 Wisconsin Ave. NW</SimpleData>
		<SimpleData name="DEVELOPER">Donohoe Companies</SimpleData>
		<SimpleData name="PROJECTTYPE">Retail</SimpleData>
		<SimpleData name="TYPE_SQFT">100000</SimpleData>
		<SimpleData name="UNITS">0</SimpleData>
		<SimpleData name="ESTVALUEINMILLION">0</SimpleData>
		<SimpleData name="ESTDELIVERY">2024</SimpleData>
		<SimpleData name="STATUS">Pipeline</SimpleData>
		<SimpleData name="REPORT_EDITION_YEAR">2020-2021</SimpleData>
		<SimpleData name="ARCHITECT"></SimpleData>
		<SimpleData name="LAST_EDITED_USER">SDE</SimpleData>
		<SimpleData name="LAST_EDITED_DATE">2025/10/16 20:13:28+00</SimpleData>
		<SimpleData name="GLOBALID">{8485F4EC-508F-4DDA-B24A-5D9BD42C7BE2}</SimpleData>
	</SchemaData></ExtendedData>
  </Placemark>
  <Placemark>
	<ExtendedData><SchemaData schemaUrl="#DCDevelopment">
		<SimpleData name="OBJECTID">616</SimpleData>
		<SimpleData name="PROJECTNAME">Skyland Town Center (Block 3)</SimpleData>
		<SimpleData name="WARD">7</SimpleData>
		<SimpleData name="LOCATION">Alabama Ave. &amp; Naylor Rd., SE</SimpleData>
		<SimpleData name="DEVELOPER">Rappaport / WC Smith</SimpleData>
		<SimpleData name="PROJECTTYPE">Retail</SimpleData>
		<SimpleData name="TYPE_SQFT">42400</SimpleData>
		<SimpleData name="UNITS">0</SimpleData>
		<SimpleData name="ESTVALUEINMILLION">17000000</SimpleData>
		<SimpleData name="ESTDELIVERY">2022</SimpleData>
		<SimpleData name="STATUS">Pipeline</SimpleData>
		<SimpleData name="REPORT_EDITION_YEAR">2020-2021</SimpleData>
		<SimpleData name="ARCHITECT"></SimpleData>
		<SimpleData name="LAST_EDITED_USER">SDE</SimpleData>
		<SimpleData name="LAST_EDITED_DATE">2025/10/16 20:13:28+00</SimpleData>
		<SimpleData name="GLOBALID">{24C84D0D-8428-4D19-8D7B-ACA00D35DAC5}</SimpleData>
	</SchemaData></ExtendedData>
  </Placemark>
  <Placemark>
	<ExtendedData><SchemaData schemaUrl="#DCDevelopment">
		<SimpleData name="OBJECTID">617</SimpleData>
		<SimpleData name="PROJECTNAME">113 Potomac Avenue</SimpleData>
		<SimpleData name="WARD">6</SimpleData>
		<SimpleData name="LOCATION">113 Potomac Ave., SW</SimpleData>
		<SimpleData name="DEVELOPER">Toll Brothers</SimpleData>
		<SimpleData name="PROJECTTYPE">Retail</SimpleData>
		<SimpleData name="TYPE_SQFT">41000</SimpleData>
		<SimpleData name="UNITS">0</SimpleData>
		<SimpleData name="ESTVALUEINMILLION">250000000</SimpleData>
		<SimpleData name="ESTDELIVERY">2023</SimpleData>
		<SimpleData name="STATUS">Pipeline</SimpleData>
		<SimpleData name="REPORT_EDITION_YEAR">2020-2021</SimpleData>
		<SimpleData name="ARCHITECT"></SimpleData>
		<SimpleData name="LAST_EDITED_USER">SDE</SimpleData>
		<SimpleData name="LAST_EDITED_DATE">2025/10/16 20:13:28+00</SimpleData>
		<SimpleData name="GLOBALID">{33020A57-75E4-48FA-BB6B-FB43682882C9}</SimpleData>
	</SchemaData></ExtendedData>
  </Placemark>
  <Placemark>
	<ExtendedData><SchemaData schemaUrl="#DCDevelopment">
		<SimpleData name="OBJECTID">618</SimpleData>
		<SimpleData name="PROJECTNAME">North Building</SimpleData>
		<SimpleData name="WARD">5</SimpleData>
		<SimpleData name="LOCATION">1329 5th St., NE</SimpleData>
		<SimpleData name="DEVELOPER">EDENS / Gables Residential</SimpleData>
		<SimpleData name="PROJECTTYPE">Retail</SimpleData>
		<SimpleData name="TYPE_SQFT">23100</SimpleData>
		<SimpleData name="UNITS">0</SimpleData>
		<SimpleData name="ESTVALUEINMILLION">140000000</SimpleData>
		<SimpleData name="ESTDELIVERY">2023</SimpleData>
		<SimpleData name="STATUS">Pipeline</SimpleData>
		<SimpleData name="REPORT_EDITION_YEAR">2020-2021</SimpleData>
		<SimpleData name="ARCHITECT"></SimpleData>
		<SimpleData name="LAST_EDITED_USER">SDE</SimpleData>
		<SimpleData name="LAST_EDITED_DATE">2025/10/16 20:13:28+00</SimpleData>
		<SimpleData name="GLOBALID">{9E21E440-99AF-4FD1-BB45-EB2AD43878CC}</SimpleData>
	</SchemaData></ExtendedData>
  </Placemark>
  <Placemark>
	<ExtendedData><SchemaData schemaUrl="#DCDevelopment">
		<SimpleData name="OBJECTID">619</SimpleData>
		<SimpleData name="PROJECTNAME">Waterfront Station II</SimpleData>
		<SimpleData name="WARD">6</SimpleData>
		<SimpleData name="LOCATION">1000 4th St., SW</SimpleData>
		<SimpleData name="DEVELOPER">Hoffman &amp; Associates / CityPartners / Affordable Housing Developers / Paramount Development Corp. / DMPED</SimpleData>
		<SimpleData name="PROJECTTYPE">Retail</SimpleData>
		<SimpleData name="TYPE_SQFT">19700</SimpleData>
		<SimpleData name="UNITS">0</SimpleData>
		<SimpleData name="ESTVALUEINMILLION">165000000</SimpleData>
		<SimpleData name="ESTDELIVERY">2023</SimpleData>
		<SimpleData name="STATUS">Pipeline</SimpleData>
		<SimpleData name="REPORT_EDITION_YEAR">2020-2021</SimpleData>
		<SimpleData name="ARCHITECT"></SimpleData>
		<SimpleData name="LAST_EDITED_USER">SDE</SimpleData>
		<SimpleData name="LAST_EDITED_DATE">2025/10/16 20:13:28+00</SimpleData>
		<SimpleData name="GLOBALID">{79E5AF35-AE4F-4572-83EF-D28F1AC5FC17}</SimpleData>
	</SchemaData></ExtendedData>
  </Placemark>
  <Placemark>
	<ExtendedData><SchemaData schemaUrl="#DCDevelopment">
		<SimpleData name="OBJECTID">620</SimpleData>
		<SimpleData name="PROJECTNAME">The Yards (Parcel I)</SimpleData>
		<SimpleData name="WARD">6</SimpleData>
		<SimpleData name="LOCATION">Canal &amp; N Sts., SE</SimpleData>
		<SimpleData name="DEVELOPER">Brookfield Properties</SimpleData>
		<SimpleData name="PROJECTTYPE">Retail</SimpleData>
		<SimpleData name="TYPE_SQFT">16000</SimpleData>
		<SimpleData name="UNITS">0</SimpleData>
		<SimpleData name="ESTVALUEINMILLION">0</SimpleData>
		<SimpleData name="ESTDELIVERY">2023</SimpleData>
		<SimpleData name="STATUS">Pipeline</SimpleData>
		<SimpleData name="REPORT_EDITION_YEAR">2020-2021</SimpleData>
		<SimpleData name="ARCHITECT"></SimpleData>
		<SimpleData name="LAST_EDITED_USER">SDE</SimpleData>
		<SimpleData name="LAST_EDITED_DATE">2025/10/16 20:13:28+00</SimpleData>
		<SimpleData name="GLOBALID">{E89076BC-150B-4D10-BAFE-8A99140510CF}</SimpleData>
	</SchemaData></ExtendedData>
  </Placemark>
  <Placemark>
	<ExtendedData><SchemaData schemaUrl="#DCDevelopment">
		<SimpleData name="OBJECTID">621</SimpleData>
		<SimpleData name="PROJECTNAME">The Clara on Martin Luther King, Jr. Ave</SimpleData>
		<SimpleData name="WARD">8</SimpleData>
		<SimpleData name="LOCATION">2313 Martin Luther King Jr. Ave, SE</SimpleData>
		<SimpleData name="DEVELOPER">Banneker Ventures / Masjid Muhammad</SimpleData>
		<SimpleData name="PROJECTTYPE">Retail</SimpleData>
		<SimpleData name="TYPE_SQFT">14000</SimpleData>
		<SimpleData name="UNITS">0</SimpleData>
		<SimpleData name="ESTVALUEINMILLION">43000000</SimpleData>
		<SimpleData name="ESTDELIVERY">2022</SimpleData>
		<SimpleData name="STATUS">Pipeline</SimpleData>
		<SimpleData name="REPORT_EDITION_YEAR">2020-2021</SimpleData>
		<SimpleData name="ARCHITECT"></SimpleData>
		<SimpleData name="LAST_EDITED_USER">SDE</SimpleData>
		<SimpleData name="LAST_EDITED_DATE">2025/10/16 20:13:28+00</SimpleData>
		<SimpleData name="GLOBALID">{24F09F6A-3B94-43C1-83A8-286163CFDD38}</SimpleData>
	</SchemaData></ExtendedData>
  </Placemark>
  <Placemark>
	<ExtendedData><SchemaData schemaUrl="#DCDevelopment">
		<SimpleData name="OBJECTID">622</SimpleData>
		<SimpleData name="PROJECTNAME">City Ridge</SimpleData>
		<SimpleData name="WARD">3</SimpleData>
		<SimpleData name="LOCATION">3900 Wisconsin Ave., NW</SimpleData>
		<SimpleData name="DEVELOPER">Roadside / North America Sekisui House</SimpleData>
		<SimpleData name="PROJECTTYPE">Retail</SimpleData>
		<SimpleData name="TYPE_SQFT">196000</SimpleData>
		<SimpleData name="UNITS">0</SimpleData>
		<SimpleData name="ESTVALUEINMILLION">715000000</SimpleData>
		<SimpleData name="ESTDELIVERY">Q2 22</SimpleData>
		<SimpleData name="STATUS">Under Construction</SimpleData>
		<SimpleData name="REPORT_EDITION_YEAR">2020-2021</SimpleData>
		<SimpleData name="ARCHITECT"></SimpleData>
		<SimpleData name="LAST_EDITED_USER">SDE</SimpleData>
		<SimpleData name="LAST_EDITED_DATE">2025/10/16 20:13:28+00</SimpleData>
		<SimpleData name="GLOBALID">{68800D96-7450-434D-9624-22D9406D2A33}</SimpleData>
	</SchemaData></ExtendedData>
  </Placemark>
  <Placemark>
	<ExtendedData><SchemaData schemaUrl="#DCDevelopment">
		<SimpleData name="OBJECTID">623</SimpleData>
		<SimpleData name="PROJECTNAME">Crest at Skyland Town Center</SimpleData>
		<SimpleData name="WARD">7</SimpleData>
		<SimpleData name="LOCATION">Alabama Ave. &amp; Naylor Rd., SE</SimpleData>
		<SimpleData name="DEVELOPER">Rappaport / WC Smith / Washington East</SimpleData>
		<SimpleData name="PROJECTTYPE">Retail</SimpleData>
		<SimpleData name="TYPE_SQFT">117000</SimpleData>
		<SimpleData name="UNITS">0</SimpleData>
		<SimpleData name="ESTVALUEINMILLION">199000000</SimpleData>
		<SimpleData name="ESTDELIVERY">Q1 21</SimpleData>
		<SimpleData name="STATUS">Under Construction</SimpleData>
		<SimpleData name="REPORT_EDITION_YEAR">2020-2021</SimpleData>
		<SimpleData name="ARCHITECT"></SimpleData>
		<SimpleData name="LAST_EDITED_USER">SDE</SimpleData>
		<SimpleData name="LAST_EDITED_DATE">2025/10/16 20:13:28+00</SimpleData>
		<SimpleData name="GLOBALID">{0AD70B57-B6EF-4254-A85E-94892E3E44AB}</SimpleData>
	</SchemaData></ExtendedData>
  </Placemark>
  <Placemark>
	<ExtendedData><SchemaData schemaUrl="#DCDevelopment">
		<SimpleData name="OBJECTID">624</SimpleData>
		<SimpleData name="PROJECTNAME">The Wharf (Phase II)</SimpleData>
		<SimpleData name="WARD">6</SimpleData>
		<SimpleData name="LOCATION">Southwest Waterfront</SimpleData>
		<SimpleData name="DEVELOPER">Hoffman &amp; Associates / Madison Marquette</SimpleData>
		<SimpleData name="PROJECTTYPE">Retail</SimpleData>
		<SimpleData name="TYPE_SQFT">95000</SimpleData>
		<SimpleData name="UNITS">0</SimpleData>
		<SimpleData name="ESTVALUEINMILLION">1150000000</SimpleData>
		<SimpleData name="ESTDELIVERY">Q3 22</SimpleData>
		<SimpleData name="STATUS">Under Construction</SimpleData>
		<SimpleData name="REPORT_EDITION_YEAR">2020-2021</SimpleData>
		<SimpleData name="ARCHITECT"></SimpleData>
		<SimpleData name="LAST_EDITED_USER">SDE</SimpleData>
		<SimpleData name="LAST_EDITED_DATE">2025/10/16 20:13:28+00</SimpleData>
		<SimpleData name="GLOBALID">{72170F3C-B59A-4A6C-9E2B-0059C9B39F7D}</SimpleData>
	</SchemaData></ExtendedData>
  </Placemark>
  <Placemark>
	<ExtendedData><SchemaData schemaUrl="#DCDevelopment">
		<SimpleData name="OBJECTID">625</SimpleData>
		<SimpleData name="PROJECTNAME">Eckington Yards</SimpleData>
		<SimpleData name="WARD">5</SimpleData>
		<SimpleData name="LOCATION">1625 Eckington Pl. &amp; 1500 Harry Thomas Way, NE</SimpleData>
		<SimpleData name="DEVELOPER">The JBG Companies / LCOR</SimpleData>
		<SimpleData name="PROJECTTYPE">Retail</SimpleData>
		<SimpleData name="TYPE_SQFT">67300</SimpleData>
		<SimpleData name="UNITS">0</SimpleData>
		<SimpleData name="ESTVALUEINMILLION">265000000</SimpleData>
		<SimpleData name="ESTDELIVERY">Q2 21</SimpleData>
		<SimpleData name="STATUS">Under Construction</SimpleData>
		<SimpleData name="REPORT_EDITION_YEAR">2020-2021</SimpleData>
		<SimpleData name="ARCHITECT"></SimpleData>
		<SimpleData name="LAST_EDITED_USER">SDE</SimpleData>
		<SimpleData name="LAST_EDITED_DATE">2025/10/16 20:13:28+00</SimpleData>
		<SimpleData name="GLOBALID">{D46297E8-423E-4A43-B54B-6BDBEF389419}</SimpleData>
	</SchemaData></ExtendedData>
  </Placemark>
  <Placemark>
	<ExtendedData><SchemaData schemaUrl="#DCDevelopment">
		<SimpleData name="OBJECTID">626</SimpleData>
		<SimpleData name="PROJECTNAME">Armature Works</SimpleData>
		<SimpleData name="WARD">6</SimpleData>
		<SimpleData name="LOCATION">1200 3rd St., NE</SimpleData>
		<SimpleData name="DEVELOPER">Trammell Crow Company / High Street Residential / MetLife</SimpleData>
		<SimpleData name="PROJECTTYPE">Retail</SimpleData>
		<SimpleData name="TYPE_SQFT">60000</SimpleData>
		<SimpleData name="UNITS">0</SimpleData>
		<SimpleData name="ESTVALUEINMILLION">400000000</SimpleData>
		<SimpleData name="ESTDELIVERY">Q2 22</SimpleData>
		<SimpleData name="STATUS">Under Construction</SimpleData>
		<SimpleData name="REPORT_EDITION_YEAR">2020-2021</SimpleData>
		<SimpleData name="ARCHITECT"></SimpleData>
		<SimpleData name="LAST_EDITED_USER">SDE</SimpleData>
		<SimpleData name="LAST_EDITED_DATE">2025/10/16 20:13:28+00</SimpleData>
		<SimpleData name="GLOBALID">{17165178-FF88-440B-A17E-EEEC93E322DB}</SimpleData>
	</SchemaData></ExtendedData>
  </Placemark>
  <Placemark>
	<ExtendedData><SchemaData schemaUrl="#DCDevelopment">
		<SimpleData name="OBJECTID">627</SimpleData>
		<SimpleData name="PROJECTNAME">The Hartley</SimpleData>
		<SimpleData name="WARD">4</SimpleData>
		<SimpleData name="LOCATION">6900 Georgia Ave., NW</SimpleData>
		<SimpleData name="DEVELOPER">Hines / Urban Atlantic / Triden Development / Bridge Investment Group</SimpleData>
		<SimpleData name="PROJECTTYPE">Retail</SimpleData>
		<SimpleData name="TYPE_SQFT">60000</SimpleData>
		<SimpleData name="UNITS">0</SimpleData>
		<SimpleData name="ESTVALUEINMILLION">0</SimpleData>
		<SimpleData name="ESTDELIVERY">Q1 22</SimpleData>
		<SimpleData name="STATUS">Under Construction</SimpleData>
		<SimpleData name="REPORT_EDITION_YEAR">2020-2021</SimpleData>
		<SimpleData name="ARCHITECT"></SimpleData>
		<SimpleData name="LAST_EDITED_USER">SDE</SimpleData>
		<SimpleData name="LAST_EDITED_DATE">2025/10/16 20:13:28+00</SimpleData>
		<SimpleData name="GLOBALID">{E49B9598-2C28-4BF3-A089-61A4117677FB}</SimpleData>
	</SchemaData></ExtendedData>
  </Placemark>
  <Placemark>
	<ExtendedData><SchemaData schemaUrl="#DCDevelopment">
		<SimpleData name="OBJECTID">628</SimpleData>
		<SimpleData name="PROJECTNAME">NoMa CNTR</SimpleData>
		<SimpleData name="WARD">6</SimpleData>
		<SimpleData name="LOCATION">1005 1st St., NE</SimpleData>
		<SimpleData name="DEVELOPER">Perseus TDC / Four Points / Buccini Pollin Group / Sunwater Management</SimpleData>
		<SimpleData name="PROJECTTYPE">Retail</SimpleData>
		<SimpleData name="TYPE_SQFT">39900</SimpleData>
		<SimpleData name="UNITS">0</SimpleData>
		<SimpleData name="ESTVALUEINMILLION">330000000</SimpleData>
		<SimpleData name="ESTDELIVERY">Q4 22</SimpleData>
		<SimpleData name="STATUS">Under Construction</SimpleData>
		<SimpleData name="REPORT_EDITION_YEAR">2020-2021</SimpleData>
		<SimpleData name="ARCHITECT"></SimpleData>
		<SimpleData name="LAST_EDITED_USER">SDE</SimpleData>
		<SimpleData name="LAST_EDITED_DATE">2025/10/16 20:13:28+00</SimpleData>
		<SimpleData name="GLOBALID">{82F216A8-1856-417E-A62C-DE92BAFD82CD}</SimpleData>
	</SchemaData></ExtendedData>
  </Placemark>
  <Placemark>
	<ExtendedData><SchemaData schemaUrl="#DCDevelopment">
		<SimpleData name="OBJECTID">629</SimpleData>
		<SimpleData name="PROJECTNAME">Press House at Union District</SimpleData>
		<SimpleData name="WARD">6</SimpleData>
		<SimpleData name="LOCATION">301 - 331 N St., NE</SimpleData>
		<SimpleData name="DEVELOPER">Foulger-Pratt</SimpleData>
		<SimpleData name="PROJECTTYPE">Retail</SimpleData>
		<SimpleData name="TYPE_SQFT">27282</SimpleData>
		<SimpleData name="UNITS">0</SimpleData>
		<SimpleData name="ESTVALUEINMILLION">180000000</SimpleData>
		<SimpleData name="ESTDELIVERY">Q2 21</SimpleData>
		<SimpleData name="STATUS">Under Construction</SimpleData>
		<SimpleData name="REPORT_EDITION_YEAR">2020-2021</SimpleData>
		<SimpleData name="ARCHITECT"></SimpleData>
		<SimpleData name="LAST_EDITED_USER">SDE</SimpleData>
		<SimpleData name="LAST_EDITED_DATE">2025/10/16 20:13:28+00</SimpleData>
		<SimpleData name="GLOBALID">{B150617E-D06A-4AED-AFC0-353CC6C87D36}</SimpleData>
	</SchemaData></ExtendedData>
  </Placemark>
  <Placemark>
	<ExtendedData><SchemaData schemaUrl="#DCDevelopment">
		<SimpleData name="OBJECTID">630</SimpleData>
		<SimpleData name="PROJECTNAME">Hecht Warehouse (1515 New York Avenue)</SimpleData>
		<SimpleData name="WARD">5</SimpleData>
		<SimpleData name="LOCATION">1515 New York Ave., NE</SimpleData>
		<SimpleData name="DEVELOPER">Douglas Development Corporation</SimpleData>
		<SimpleData name="PROJECTTYPE">Retail</SimpleData>
		<SimpleData name="TYPE_SQFT">93000</SimpleData>
		<SimpleData name="UNITS">0</SimpleData>
		<SimpleData name="ESTVALUEINMILLION">27000000</SimpleData>
		<SimpleData name="ESTDELIVERY">Q4 19</SimpleData>
		<SimpleData name="STATUS">Completed</SimpleData>
		<SimpleData name="REPORT_EDITION_YEAR">2020-2021</SimpleData>
		<SimpleData name="ARCHITECT"></SimpleData>
		<SimpleData name="LAST_EDITED_USER">SDE</SimpleData>
		<SimpleData name="LAST_EDITED_DATE">2025/10/16 20:13:28+00</SimpleData>
		<SimpleData name="GLOBALID">{A605E528-AF17-4A5D-B8F3-7B3D3CACE8C0}</SimpleData>
	</SchemaData></ExtendedData>
  </Placemark>
  <Placemark>
	<ExtendedData><SchemaData schemaUrl="#DCDevelopment">
		<SimpleData name="OBJECTID">631</SimpleData>
		<SimpleData name="PROJECTNAME">RiverPoint</SimpleData>
		<SimpleData name="WARD">6</SimpleData>
		<SimpleData name="LOCATION">2100 2nd St., SW</SimpleData>
		<SimpleData name="DEVELOPER">Akridge / Western Development / Orr Partners / Jefferson Apartment Group</SimpleData>
		<SimpleData name="PROJECTTYPE">Retail</SimpleData>
		<SimpleData name="TYPE_SQFT">70400</SimpleData>
		<SimpleData name="UNITS">0</SimpleData>
		<SimpleData name="ESTVALUEINMILLION">220000000</SimpleData>
		<SimpleData name="ESTDELIVERY">Q4 20</SimpleData>
		<SimpleData name="STATUS">Completed</SimpleData>
		<SimpleData name="REPORT_EDITION_YEAR">2020-2021</SimpleData>
		<SimpleData name="ARCHITECT"></SimpleData>
		<SimpleData name="LAST_EDITED_USER">SDE</SimpleData>
		<SimpleData name="LAST_EDITED_DATE">2025/10/16 20:13:28+00</SimpleData>
		<SimpleData name="GLOBALID">{13A51CAB-A538-4FE9-8F81-5F9566551D06}</SimpleData>
	</SchemaData></ExtendedData>
  </Placemark>
  <Placemark>
	<ExtendedData><SchemaData schemaUrl="#DCDevelopment">
		<SimpleData name="OBJECTID">632</SimpleData>
		<SimpleData name="PROJECTNAME">Beckert’s Park</SimpleData>
		<SimpleData name="WARD">6</SimpleData>
		<SimpleData name="LOCATION">415 14th St., SE</SimpleData>
		<SimpleData name="DEVELOPER">Foulger-Pratt / Safeway</SimpleData>
		<SimpleData name="PROJECTTYPE">Retail</SimpleData>
		<SimpleData name="TYPE_SQFT">68000</SimpleData>
		<SimpleData name="UNITS">0</SimpleData>
		<SimpleData name="ESTVALUEINMILLION">138000000</SimpleData>
		<SimpleData name="ESTDELIVERY">Q3 20</SimpleData>
		<SimpleData name="STATUS">Completed</SimpleData>
		<SimpleData name="REPORT_EDITION_YEAR">2020-2021</SimpleData>
		<SimpleData name="ARCHITECT"></SimpleData>
		<SimpleData name="LAST_EDITED_USER">SDE</SimpleData>
		<SimpleData name="LAST_EDITED_DATE">2025/10/16 20:13:28+00</SimpleData>
		<SimpleData name="GLOBALID">{90A88936-EA4F-47BB-9224-BA1982F76853}</SimpleData>
	</SchemaData></ExtendedData>
  </Placemark>
  <Placemark>
	<ExtendedData><SchemaData schemaUrl="#DCDevelopment">
		<SimpleData name="OBJECTID">633</SimpleData>
		<SimpleData name="PROJECTNAME">Shops at Penn Branch (Phase I)</SimpleData>
		<SimpleData name="WARD">7</SimpleData>
		<SimpleData name="LOCATION">3200 Pennsylvania Ave., SE</SimpleData>
		<SimpleData name="DEVELOPER">Jair Lynch Real Estate Partners</SimpleData>
		<SimpleData name="PROJECTTYPE">Retail</SimpleData>
		<SimpleData name="TYPE_SQFT">65000</SimpleData>
		<SimpleData name="UNITS">0</SimpleData>
		<SimpleData name="ESTVALUEINMILLION">25000000</SimpleData>
		<SimpleData name="ESTDELIVERY">Q4 19</SimpleData>
		<SimpleData name="STATUS">Completed</SimpleData>
		<SimpleData name="REPORT_EDITION_YEAR">2020-2021</SimpleData>
		<SimpleData name="ARCHITECT"></SimpleData>
		<SimpleData name="LAST_EDITED_USER">SDE</SimpleData>
		<SimpleData name="LAST_EDITED_DATE">2025/10/16 20:13:28+00</SimpleData>
		<SimpleData name="GLOBALID">{781BB33E-C316-4A6D-9B5D-DBB5E29DFE78}</SimpleData>
	</SchemaData></ExtendedData>
  </Placemark>
  <Placemark>
	<ExtendedData><SchemaData schemaUrl="#DCDevelopment">
		<SimpleData name="OBJECTID">634</SimpleData>
		<SimpleData name="PROJECTNAME">250 Massachusetts Avenue</SimpleData>
		<SimpleData name="WARD">2</SimpleData>
		<SimpleData name="LOCATION">250 Massachusetts Ave., NW</SimpleData>
		<SimpleData name="DEVELOPER">Property Group Partners</SimpleData>
		<SimpleData name="PROJECTTYPE">Retail</SimpleData>
		<SimpleData name="TYPE_SQFT">58400</SimpleData>
		<SimpleData name="UNITS">0</SimpleData>
		<SimpleData name="ESTVALUEINMILLION">275000000</SimpleData>
		<SimpleData name="ESTDELIVERY">Q4 19</SimpleData>
		<SimpleData name="STATUS">Completed</SimpleData>
		<SimpleData name="REPORT_EDITION_YEAR">2020-2021</SimpleData>
		<SimpleData name="ARCHITECT"></SimpleData>
		<SimpleData name="LAST_EDITED_USER">SDE</SimpleData>
		<SimpleData name="LAST_EDITED_DATE">2025/10/16 20:13:28+00</SimpleData>
		<SimpleData name="GLOBALID">{60256790-0716-4470-8DFF-F9F612E016D0}</SimpleData>
	</SchemaData></ExtendedData>
  </Placemark>
  <Placemark>
	<ExtendedData><SchemaData schemaUrl="#DCDevelopment">
		<SimpleData name="OBJECTID">635</SimpleData>
		<SimpleData name="PROJECTNAME">The Wren</SimpleData>
		<SimpleData name="WARD">1</SimpleData>
		<SimpleData name="LOCATION">965 Florida Ave., NW</SimpleData>
		<SimpleData name="DEVELOPER">MRP Realty / JBG Smith / Ellis Development Group</SimpleData>
		<SimpleData name="PROJECTTYPE">Retail</SimpleData>
		<SimpleData name="TYPE_SQFT">49200</SimpleData>
		<SimpleData name="UNITS">0</SimpleData>
		<SimpleData name="ESTVALUEINMILLION">153000000</SimpleData>
		<SimpleData name="ESTDELIVERY">Q3 20</SimpleData>
		<SimpleData name="STATUS">Completed</SimpleData>
		<SimpleData name="REPORT_EDITION_YEAR">2020-2021</SimpleData>
		<SimpleData name="ARCHITECT"></SimpleData>
		<SimpleData name="LAST_EDITED_USER">SDE</SimpleData>
		<SimpleData name="LAST_EDITED_DATE">2025/10/16 20:13:28+00</SimpleData>
		<SimpleData name="GLOBALID">{14CE62D8-2F85-401D-BB71-6C16A2BEE458}</SimpleData>
	</SchemaData></ExtendedData>
  </Placemark>
  <Placemark>
	<ExtendedData><SchemaData schemaUrl="#DCDevelopment">
		<SimpleData name="OBJECTID">636</SimpleData>
		<SimpleData name="PROJECTNAME">Hecht Warehouse District (Pappas Building)</SimpleData>
		<SimpleData name="WARD">5</SimpleData>
		<SimpleData name="LOCATION">1401 Okie St., NE</SimpleData>
		<SimpleData name="DEVELOPER">Douglas Development Corporation</SimpleData>
		<SimpleData name="PROJECTTYPE">Retail</SimpleData>
		<SimpleData name="TYPE_SQFT">46800</SimpleData>
		<SimpleData name="UNITS">0</SimpleData>
		<SimpleData name="ESTVALUEINMILLION">9000000</SimpleData>
		<SimpleData name="ESTDELIVERY">Q4 19</SimpleData>
		<SimpleData name="STATUS">Completed</SimpleData>
		<SimpleData name="REPORT_EDITION_YEAR">2020-2021</SimpleData>
		<SimpleData name="ARCHITECT"></SimpleData>
		<SimpleData name="LAST_EDITED_USER">SDE</SimpleData>
		<SimpleData name="LAST_EDITED_DATE">2025/10/16 20:13:28+00</SimpleData>
		<SimpleData name="GLOBALID">{C82BE180-E0B5-420A-BEC9-C78D47C3E117}</SimpleData>
	</SchemaData></ExtendedData>
  </Placemark>
  <Placemark>
	<ExtendedData><SchemaData schemaUrl="#DCDevelopment">
		<SimpleData name="OBJECTID">637</SimpleData>
		<SimpleData name="PROJECTNAME">AVEC</SimpleData>
		<SimpleData name="WARD">6</SimpleData>
		<SimpleData name="LOCATION">901 H St., NE</SimpleData>
		<SimpleData name="DEVELOPER">Rappaport / Lustine Family / WC Smith</SimpleData>
		<SimpleData name="PROJECTTYPE">Retail</SimpleData>
		<SimpleData name="TYPE_SQFT">43700</SimpleData>
		<SimpleData name="UNITS">0</SimpleData>
		<SimpleData name="ESTVALUEINMILLION">200000000</SimpleData>
		<SimpleData name="ESTDELIVERY">Q2 20</SimpleData>
		<SimpleData name="STATUS">Completed</SimpleData>
		<SimpleData name="REPORT_EDITION_YEAR">2020-2021</SimpleData>
		<SimpleData name="ARCHITECT"></SimpleData>
		<SimpleData name="LAST_EDITED_USER">SDE</SimpleData>
		<SimpleData name="LAST_EDITED_DATE">2025/10/16 20:13:28+00</SimpleData>
		<SimpleData name="GLOBALID">{7949B78D-89FE-4086-9F02-E83EC2EC8DAA}</SimpleData>
	</SchemaData></ExtendedData>
  </Placemark>
  <Placemark>
	<ExtendedData><SchemaData schemaUrl="#DCDevelopment">
		<SimpleData name="OBJECTID">638</SimpleData>
		<SimpleData name="PROJECTNAME">West Half</SimpleData>
		<SimpleData name="WARD">6</SimpleData>
		<SimpleData name="LOCATION">1201 Half St., SE</SimpleData>
		<SimpleData name="DEVELOPER">JBG Smith</SimpleData>
		<SimpleData name="PROJECTTYPE">Retail</SimpleData>
		<SimpleData name="TYPE_SQFT">42000</SimpleData>
		<SimpleData name="UNITS">0</SimpleData>
		<SimpleData name="ESTVALUEINMILLION">228000000</SimpleData>
		<SimpleData name="ESTDELIVERY">Q3 20</SimpleData>
		<SimpleData name="STATUS">Completed</SimpleData>
		<SimpleData name="REPORT_EDITION_YEAR">2020-2021</SimpleData>
		<SimpleData name="ARCHITECT"></SimpleData>
		<SimpleData name="LAST_EDITED_USER">SDE</SimpleData>
		<SimpleData name="LAST_EDITED_DATE">2025/10/16 20:13:28+00</SimpleData>
		<SimpleData name="GLOBALID">{08C9A759-59B2-4E6E-9EE3-1A45B6096BBD}</SimpleData>
	</SchemaData></ExtendedData>
  </Placemark>
  <Placemark>
	<ExtendedData><SchemaData schemaUrl="#DCDevelopment">
		<SimpleData name="OBJECTID">639</SimpleData>
		<SimpleData name="PROJECTNAME">McMillan Sand Filtration Site</SimpleData>
		<SimpleData name="WARD">5</SimpleData>
		<SimpleData name="LOCATION">North Capitol St. &amp; Michigan Ave., NW</SimpleData>
		<SimpleData name="DEVELOPER">Jair Lynch Real Estate Partners / Trammell Crow Company / EYA</SimpleData>
		<SimpleData name="PROJECTTYPE">Quality of Life</SimpleData>
		<SimpleData name="TYPE_SQFT">1017500</SimpleData>
		<SimpleData name="ESTVALUEINMILLION">720000000</SimpleData>
		<SimpleData name="ESTDELIVERY">2023</SimpleData>
		<SimpleData name="STATUS">Pipeline</SimpleData>
		<SimpleData name="REPORT_EDITION_YEAR">2016-2019</SimpleData>
		<SimpleData name="LAST_EDITED_USER">SDE</SimpleData>
		<SimpleData name="LAST_EDITED_DATE">2025/10/16 20:12:15+00</SimpleData>
		<SimpleData name="GLOBALID">{37ED8BED-CB14-4351-9FAA-9A92B20619B2}</SimpleData>
	</SchemaData></ExtendedData>
  </Placemark>
  <Placemark>
	<ExtendedData><SchemaData schemaUrl="#DCDevelopment">
		<SimpleData name="OBJECTID">640</SimpleData>
		<SimpleData name="PROJECTNAME">The Kelvin</SimpleData>
		<SimpleData name="WARD">6</SimpleData>
		<SimpleData name="LOCATION">1250 Half St., SE</SimpleData>
		<SimpleData name="DEVELOPER">Jair Lynch Real Estate Partners</SimpleData>
		<SimpleData name="PROJECTTYPE">Retail</SimpleData>
		<SimpleData name="TYPE_SQFT">59000</SimpleData>
		<SimpleData name="ESTVALUEINMILLION">155000000</SimpleData>
		<SimpleData name="ESTDELIVERY">Q4 19</SimpleData>
		<SimpleData name="STATUS">Under Construction</SimpleData>
		<SimpleData name="REPORT_EDITION_YEAR">2016-2019</SimpleData>
		<SimpleData name="LAST_EDITED_USER">SDE</SimpleData>
		<SimpleData name="LAST_EDITED_DATE">2025/10/16 20:13:28+00</SimpleData>
		<SimpleData name="GLOBALID">{986B74DE-9FA4-4D99-8308-BDB3696E7246}</SimpleData>
	</SchemaData></ExtendedData>
  </Placemark>
  <Placemark>
	<ExtendedData><SchemaData schemaUrl="#DCDevelopment">
		<SimpleData name="OBJECTID">641</SimpleData>
		<SimpleData name="PROJECTNAME">citizenM</SimpleData>
		<SimpleData name="WARD">6</SimpleData>
		<SimpleData name="LOCATION">555 E STREET SW</SimpleData>
		<SimpleData name="DEVELOPER">DC Strategy Group / Paramount / CityPartners / Potomac Investment Properties / Adams Investment Group</SimpleData>
		<SimpleData name="PROJECTTYPE">Hospitality</SimpleData>
		<SimpleData name="TYPE_SQFT">130000</SimpleData>
		<SimpleData name="UNITS">252</SimpleData>
		<SimpleData name="ESTVALUEINMILLION">120000000</SimpleData>
		<SimpleData name="ESTDELIVERY">Q2 20</SimpleData>
		<SimpleData name="STATUS">Under Construction</SimpleData>
		<SimpleData name="REPORT_EDITION_YEAR">2016-2019</SimpleData>
		<SimpleData name="LAST_EDITED_USER">SDE</SimpleData>
		<SimpleData name="LAST_EDITED_DATE">2025/10/16 20:10:22+00</SimpleData>
		<SimpleData name="GLOBALID">{B53A3F6A-3197-4CDD-9E2D-8F09A88F8558}</SimpleData>
	</SchemaData></ExtendedData>
  </Placemark>
  <Placemark>
	<ExtendedData><SchemaData schemaUrl="#DCDevelopment">
		<SimpleData name="OBJECTID">642</SimpleData>
		<SimpleData name="PROJECTNAME">AC Hotel</SimpleData>
		<SimpleData name="WARD">2</SimpleData>
		<SimpleData name="LOCATION">1112 19th Street, NW</SimpleData>
		<SimpleData name="DEVELOPER">OTO Development</SimpleData>
		<SimpleData name="PROJECTTYPE">Hospitality</SimpleData>
		<SimpleData name="TYPE_SQFT">125650</SimpleData>
		<SimpleData name="UNITS">219</SimpleData>
		<SimpleData name="ESTVALUEINMILLION">41000000</SimpleData>
		<SimpleData name="ESTDELIVERY">Q4 19</SimpleData>
		<SimpleData name="STATUS">Under Construction</SimpleData>
		<SimpleData name="REPORT_EDITION_YEAR">2016-2019</SimpleData>
		<SimpleData name="ARCHITECT">WDG Architecture</SimpleData>
		<SimpleData name="LAST_EDITED_USER">SDE</SimpleData>
		<SimpleData name="LAST_EDITED_DATE">2025/10/16 20:10:22+00</SimpleData>
		<SimpleData name="GLOBALID">{74950F77-5220-4D64-AC50-D9ED8FA7F034}</SimpleData>
	</SchemaData></ExtendedData>
  </Placemark>
  <Placemark>
	<ExtendedData><SchemaData schemaUrl="#DCDevelopment">
		<SimpleData name="OBJECTID">643</SimpleData>
		<SimpleData name="PROJECTNAME">Armature Works</SimpleData>
		<SimpleData name="WARD">6</SimpleData>
		<SimpleData name="LOCATION">1200 3rd Street, NE</SimpleData>
		<SimpleData name="DEVELOPER">Trammell Crow Company / High Street Residential</SimpleData>
		<SimpleData name="PROJECTTYPE">Hospitality</SimpleData>
		<SimpleData name="TYPE_SQFT">147000</SimpleData>
		<SimpleData name="UNITS">204</SimpleData>
		<SimpleData name="ESTVALUEINMILLION">0</SimpleData>
		<SimpleData name="ESTDELIVERY">2021</SimpleData>
		<SimpleData name="STATUS">Pipeline</SimpleData>
		<SimpleData name="REPORT_EDITION_YEAR">2016-2019</SimpleData>
		<SimpleData name="ARCHITECT">Shalom Baranes Associates / Leo A Daly</SimpleData>
		<SimpleData name="LAST_EDITED_USER">SDE</SimpleData>
		<SimpleData name="LAST_EDITED_DATE">2025/10/16 20:10:22+00</SimpleData>
		<SimpleData name="GLOBALID">{5F091A45-61D6-45EE-9831-EFA63A23668F}</SimpleData>
	</SchemaData></ExtendedData>
  </Placemark>
  <Placemark>
	<ExtendedData><SchemaData schemaUrl="#DCDevelopment">
		<SimpleData name="OBJECTID">644</SimpleData>
		<SimpleData name="PROJECTNAME">CFPB HQ Modernization</SimpleData>
		<SimpleData name="WARD">2</SimpleData>
		<SimpleData name="LOCATION">1700 G St., NW</SimpleData>
		<SimpleData name="DEVELOPER">General Services Administration</SimpleData>
		<SimpleData name="PROJECTTYPE">Office</SimpleData>
		<SimpleData name="TYPE_SQFT">503000</SimpleData>
		<SimpleData name="ESTVALUEINMILLION">139000000</SimpleData>
		<SimpleData name="STATUS">Under Construction</SimpleData>
		<SimpleData name="REPORT_EDITION_YEAR">2016-2019</SimpleData>
		<SimpleData name="ARCHITECT">RTKL Associates / SOM</SimpleData>
		<SimpleData name="LAST_EDITED_USER">SDE</SimpleData>
		<SimpleData name="LAST_EDITED_DATE">2025/10/16 20:11:02+00</SimpleData>
		<SimpleData name="GLOBALID">{A10F6842-696A-4A5A-AB44-87FAFDDCE42E}</SimpleData>
	</SchemaData></ExtendedData>
  </Placemark>
  <Placemark>
	<ExtendedData><SchemaData schemaUrl="#DCDevelopment">
		<SimpleData name="OBJECTID">645</SimpleData>
		<SimpleData name="PROJECTNAME">Fillmore School</SimpleData>
		<SimpleData name="WARD">2</SimpleData>
		<SimpleData name="LOCATION">1801 35th St., NW</SimpleData>
		<SimpleData name="DEVELOPER">S&amp;R Foundation</SimpleData>
		<SimpleData name="PROJECTTYPE">Education</SimpleData>
		<SimpleData name="TYPE_SQFT">37426</SimpleData>
		<SimpleData name="ESTDELIVERY">2018</SimpleData>
		<SimpleData name="STATUS">Pipeline</SimpleData>
		<SimpleData name="REPORT_EDITION_YEAR">2016-2019</SimpleData>
		<SimpleData name="ARCHITECT">Barnes Vanze Architects</SimpleData>
		<SimpleData name="LAST_EDITED_USER">SDE</SimpleData>
		<SimpleData name="LAST_EDITED_DATE">2025/10/16 20:09:37+00</SimpleData>
		<SimpleData name="GLOBALID">{690CE9EE-C588-45E3-903E-AA77499F76E5}</SimpleData>
	</SchemaData></ExtendedData>
  </Placemark>
  <Placemark>
	<ExtendedData><SchemaData schemaUrl="#DCDevelopment">
		<SimpleData name="OBJECTID">646</SimpleData>
		<SimpleData name="PROJECTNAME">Homewood Suites</SimpleData>
		<SimpleData name="WARD">2</SimpleData>
		<SimpleData name="LOCATION">465 New York Ave., NW</SimpleData>
		<SimpleData name="DEVELOPER">Magna Hospitality / IBG Partners, LLC</SimpleData>
		<SimpleData name="PROJECTTYPE">Hospitality</SimpleData>
		<SimpleData name="TYPE_SQFT">103000</SimpleData>
		<SimpleData name="UNITS">160</SimpleData>
		<SimpleData name="STATUS">Completed</SimpleData>
		<SimpleData name="REPORT_EDITION_YEAR">2016-2019</SimpleData>
		<SimpleData name="ARCHITECT">BBGM</SimpleData>
		<SimpleData name="LAST_EDITED_USER">SDE</SimpleData>
		<SimpleData name="LAST_EDITED_DATE">2025/10/16 20:10:22+00</SimpleData>
		<SimpleData name="GLOBALID">{4D7E32EE-2BE8-4A52-A8F0-15F220FCB0DE}</SimpleData>
	</SchemaData></ExtendedData>
  </Placemark>
  <Placemark>
	<ExtendedData><SchemaData schemaUrl="#DCDevelopment">
		<SimpleData name="OBJECTID">647</SimpleData>
		<SimpleData name="PROJECTNAME">Trump International Hotel, The Old Post Office</SimpleData>
		<SimpleData name="WARD">2</SimpleData>
		<SimpleData name="LOCATION">1100 Pennsylvania Ave., NW</SimpleData>
		<SimpleData name="DEVELOPER">Trump Hotel Collection</SimpleData>
		<SimpleData name="PROJECTTYPE">Hospitality</SimpleData>
		<SimpleData name="TYPE_SQFT">536000</SimpleData>
		<SimpleData name="UNITS">263</SimpleData>
		<SimpleData name="ESTVALUEINMILLION">200000000</SimpleData>
		<SimpleData name="STATUS">Under Construction</SimpleData>
		<SimpleData name="REPORT_EDITION_YEAR">2016-2019</SimpleData>
		<SimpleData name="ARCHITECT">WDG Arhictecture / Beyer Blinder Belle Architects &amp; Planners LLP</SimpleData>
		<SimpleData name="LAST_EDITED_USER">SDE</SimpleData>
		<SimpleData name="LAST_EDITED_DATE">2025/10/16 20:10:22+00</SimpleData>
		<SimpleData name="GLOBALID">{C0C61908-6AF3-40ED-B45B-255FEED771D5}</SimpleData>
	</SchemaData></ExtendedData>
  </Placemark>
  <Placemark>
	<ExtendedData><SchemaData schemaUrl="#DCDevelopment">
		<SimpleData name="OBJECTID">648</SimpleData>
		<SimpleData name="PROJECTNAME">Martin Luther King Jr. Library</SimpleData>
		<SimpleData name="WARD">2</SimpleData>
		<SimpleData name="LOCATION">9th &amp; G Sts., NW</SimpleData>
		<SimpleData name="DEVELOPER">DC Public Library</SimpleData>
		<SimpleData name="PROJECTTYPE">Hospitality</SimpleData>
		<SimpleData name="TYPE_SQFT">425000</SimpleData>
		<SimpleData name="ESTVALUEINMILLION">198000000</SimpleData>
		<SimpleData name="ESTDELIVERY">2020</SimpleData>
		<SimpleData name="STATUS">Pipeline</SimpleData>
		<SimpleData name="REPORT_EDITION_YEAR">2016-2019</SimpleData>
		<SimpleData name="ARCHITECT">Mecanoo / Martinez &amp; Johnson</SimpleData>
		<SimpleData name="LAST_EDITED_USER">SDE</SimpleData>
		<SimpleData name="LAST_EDITED_DATE">2025/10/16 20:10:22+00</SimpleData>
		<SimpleData name="GLOBALID">{FA6AAED7-42E0-49DD-ACFE-6705A7B7B455}</SimpleData>
	</SchemaData></ExtendedData>
  </Placemark>
  <Placemark>
	<ExtendedData><SchemaData schemaUrl="#DCDevelopment">
		<SimpleData name="OBJECTID">649</SimpleData>
		<SimpleData name="PROJECTNAME">Lacebark Alley</SimpleData>
		<SimpleData name="WARD">6</SimpleData>
		<SimpleData name="LOCATION">51 N St., 50 Patterson St. &amp; 1250 1st St., NE</SimpleData>
		<SimpleData name="DEVELOPER">The JBG Companies / Brandywine Realty Trust</SimpleData>
		<SimpleData name="PROJECTTYPE">Hospitality</SimpleData>
		<SimpleData name="TYPE_SQFT">33000</SimpleData>
		<SimpleData name="ESTVALUEINMILLION">275000000</SimpleData>
		<SimpleData name="ESTDELIVERY">2018</SimpleData>
		<SimpleData name="STATUS">Pipeline</SimpleData>
		<SimpleData name="REPORT_EDITION_YEAR">2016-2019</SimpleData>
		<SimpleData name="ARCHITECT">Shalom Baranes Associates / Cooper Carry / David M. Schwarz Architects</SimpleData>
		<SimpleData name="LAST_EDITED_USER">SDE</SimpleData>
		<SimpleData name="LAST_EDITED_DATE">2025/10/16 20:10:22+00</SimpleData>
		<SimpleData name="GLOBALID">{B48B3A23-5AD1-4A54-A136-EA58CB0491ED}</SimpleData>
	</SchemaData></ExtendedData>
  </Placemark>
  <Placemark>
	<ExtendedData><SchemaData schemaUrl="#DCDevelopment">
		<SimpleData name="OBJECTID">650</SimpleData>
		<SimpleData name="PROJECTNAME">1 M Street</SimpleData>
		<SimpleData name="WARD">6</SimpleData>
		<SimpleData name="LOCATION">1 M St., SE</SimpleData>
		<SimpleData name="DEVELOPER">Monument Realty</SimpleData>
		<SimpleData name="PROJECTTYPE">Office</SimpleData>
		<SimpleData name="TYPE_SQFT">116000</SimpleData>
		<SimpleData name="ESTDELIVERY">2018</SimpleData>
		<SimpleData name="STATUS">Pipeline</SimpleData>
		<SimpleData name="REPORT_EDITION_YEAR">2016-2019</SimpleData>
		<SimpleData name="ARCHITECT">HOK</SimpleData>
		<SimpleData name="LAST_EDITED_USER">SDE</SimpleData>
		<SimpleData name="LAST_EDITED_DATE">2025/10/16 20:11:02+00</SimpleData>
		<SimpleData name="GLOBALID">{785E9930-C39F-4EAC-8074-447194D98FE4}</SimpleData>
	</SchemaData></ExtendedData>
  </Placemark>
  <Placemark>
	<ExtendedData><SchemaData schemaUrl="#DCDevelopment">
		<SimpleData name="OBJECTID">651</SimpleData>
		<SimpleData name="PROJECTNAME">Fort Totten Square</SimpleData>
		<SimpleData name="WARD">4</SimpleData>
		<SimpleData name="LOCATION">South Dakota Ave. &amp; Riggs Rd., NE</SimpleData>
		<SimpleData name="DEVELOPER">Lowe Enterprises / The JBG Companies</SimpleData>
		<SimpleData name="PROJECTTYPE">Retail</SimpleData>
		<SimpleData name="TYPE_SQFT">130000</SimpleData>
		<SimpleData name="ESTVALUEINMILLION">120000000</SimpleData>
		<SimpleData name="STATUS">Completed</SimpleData>
		<SimpleData name="REPORT_EDITION_YEAR">2016-2019</SimpleData>
		<SimpleData name="ARCHITECT">Hickok Cole Architects</SimpleData>
		<SimpleData name="LAST_EDITED_USER">SDE</SimpleData>
		<SimpleData name="LAST_EDITED_DATE">2025/10/16 20:13:28+00</SimpleData>
		<SimpleData name="GLOBALID">{A22E8841-F763-47C5-8F5F-81F5910BA42C}</SimpleData>
	</SchemaData></ExtendedData>
  </Placemark>
  <Placemark>
	<ExtendedData><SchemaData schemaUrl="#DCDevelopment">
		<SimpleData name="OBJECTID">652</SimpleData>
		<SimpleData name="PROJECTNAME">Atlantic Plumbing DC</SimpleData>
		<SimpleData name="WARD">1</SimpleData>
		<SimpleData name="LOCATION">2112 8th St., NW</SimpleData>
		<SimpleData name="DEVELOPER">The JBG Companies / Walton Street Capital</SimpleData>
		<SimpleData name="PROJECTTYPE">Retail</SimpleData>
		<SimpleData name="TYPE_SQFT">19000</SimpleData>
		<SimpleData name="ESTVALUEINMILLION">100000000</SimpleData>
		<SimpleData name="STATUS">Completed</SimpleData>
		<SimpleData name="REPORT_EDITION_YEAR">2016-2019</SimpleData>
		<SimpleData name="ARCHITECT">Morris Adjmi Architects / Eric Colbert &amp; Associates, PC</SimpleData>
		<SimpleData name="LAST_EDITED_USER">SDE</SimpleData>
		<SimpleData name="LAST_EDITED_DATE">2025/10/16 20:13:28+00</SimpleData>
		<SimpleData name="GLOBALID">{84B3C929-215E-4D97-900A-DBF981B8436D}</SimpleData>
	</SchemaData></ExtendedData>
  </Placemark>
  <Placemark>
	<ExtendedData><SchemaData schemaUrl="#DCDevelopment">
		<SimpleData name="OBJECTID">653</SimpleData>
		<SimpleData name="PROJECTNAME">Uline Arena</SimpleData>
		<SimpleData name="WARD">6</SimpleData>
		<SimpleData name="LOCATION">1140 3rd St., NE</SimpleData>
		<SimpleData name="DEVELOPER">Douglas Development Corp.</SimpleData>
		<SimpleData name="PROJECTTYPE">Retail</SimpleData>
		<SimpleData name="TYPE_SQFT">73074</SimpleData>
		<SimpleData name="ESTVALUEINMILLION">125000000</SimpleData>
		<SimpleData name="STATUS">Under Construction</SimpleData>
		<SimpleData name="REPORT_EDITION_YEAR">2016-2019</SimpleData>
		<SimpleData name="ARCHITECT">Antunovich Associates</SimpleData>
		<SimpleData name="LAST_EDITED_USER">SDE</SimpleData>
		<SimpleData name="LAST_EDITED_DATE">2025/10/16 20:13:28+00</SimpleData>
		<SimpleData name="GLOBALID">{3B8E5353-E4E1-465E-AB39-C188B5BE7F2C}</SimpleData>
	</SchemaData></ExtendedData>
  </Placemark>
  <Placemark>
	<ExtendedData><SchemaData schemaUrl="#DCDevelopment">
		<SimpleData name="OBJECTID">654</SimpleData>
		<SimpleData name="PROJECTNAME">The Wharf (Ph I)</SimpleData>
		<SimpleData name="WARD">6</SimpleData>
		<SimpleData name="LOCATION">Southwest Waterfront</SimpleData>
		<SimpleData name="DEVELOPER">Hoffman-Madison Waterfront</SimpleData>
		<SimpleData name="PROJECTTYPE">Residential</SimpleData>
		<SimpleData name="UNITS">870</SimpleData>
		<SimpleData name="UNIT_TYPE">R/O</SimpleData>
		<SimpleData name="ESTVALUEINMILLION">1200000000</SimpleData>
		<SimpleData name="STATUS">Under Construction</SimpleData>
		<SimpleData name="REPORT_EDITION_YEAR">2016-2019</SimpleData>
		<SimpleData name="ARCHITECT">BBGM / Handel Architects / FOX Architects / Kohn Pedersen Fox &amp; Associates / MTFA Architecture / SK+I Architectural Design Group / SmithGroupJJR / WDG Architecture / Perkins Eastman DC</SimpleData>
		<SimpleData name="LAST_EDITED_USER">SDE</SimpleData>
		<SimpleData name="LAST_EDITED_DATE">2025/10/16 20:20:42+00</SimpleData>
		<SimpleData name="GLOBALID">{CB876056-6ACA-4523-81C1-BB6A314D9244}</SimpleData>
	</SchemaData></ExtendedData>
  </Placemark>
  <Placemark>
	<ExtendedData><SchemaData schemaUrl="#DCDevelopment">
		<SimpleData name="OBJECTID">655</SimpleData>
		<SimpleData name="PROJECTNAME">Capital View Library</SimpleData>
		<SimpleData name="WARD">7</SimpleData>
		<SimpleData name="LOCATION">5001 Central Ave., SE</SimpleData>
		<SimpleData name="DEVELOPER">DC Public Library</SimpleData>
		<SimpleData name="PROJECTTYPE">Hospitality</SimpleData>
		<SimpleData name="TYPE_SQFT">20000</SimpleData>
		<SimpleData name="ESTVALUEINMILLION">5000000</SimpleData>
		<SimpleData name="ESTDELIVERY">2017</SimpleData>
		<SimpleData name="STATUS">Pipeline</SimpleData>
		<SimpleData name="REPORT_EDITION_YEAR">2016-2019</SimpleData>
		<SimpleData name="ARCHITECT">R. McGhee &amp; Associates</SimpleData>
		<SimpleData name="LAST_EDITED_USER">SDE</SimpleData>
		<SimpleData name="LAST_EDITED_DATE">2025/10/16 20:10:22+00</SimpleData>
		<SimpleData name="GLOBALID">{D92820C5-FBDE-4705-8D95-77756E8D92C2}</SimpleData>
	</SchemaData></ExtendedData>
  </Placemark>
  <Placemark>
	<ExtendedData><SchemaData schemaUrl="#DCDevelopment">
		<SimpleData name="OBJECTID">656</SimpleData>
		<SimpleData name="PROJECTNAME">111 Massachusetts Avenue</SimpleData>
		<SimpleData name="WARD">6</SimpleData>
		<SimpleData name="LOCATION">111 Massachusetts Avenue</SimpleData>
		<SimpleData name="DEVELOPER">Douglas Development Corporation /</SimpleData>
		<SimpleData name="PROJECTTYPE">Office</SimpleData>
		<SimpleData name="TYPE_SQFT">318708</SimpleData>
		<SimpleData name="ESTVALUEINMILLION">74000000</SimpleData>
		<SimpleData name="ESTDELIVERY">2023</SimpleData>
		<SimpleData name="STATUS">Pipeline</SimpleData>
		<SimpleData name="REPORT_EDITION_YEAR">2016-2019</SimpleData>
		<SimpleData name="ARCHITECT">Studios Architecture</SimpleData>
		<SimpleData name="LAST_EDITED_USER">SDE</SimpleData>
		<SimpleData name="LAST_EDITED_DATE">2025/10/16 20:11:02+00</SimpleData>
		<SimpleData name="GLOBALID">{E958C7E4-ACFF-42D6-8009-94D21B5BD7F5}</SimpleData>
	</SchemaData></ExtendedData>
  </Placemark>
  <Placemark>
	<ExtendedData><SchemaData schemaUrl="#DCDevelopment">
		<SimpleData name="OBJECTID">657</SimpleData>
		<SimpleData name="PROJECTNAME">Square 696 (Phase I)</SimpleData>
		<SimpleData name="WARD">6</SimpleData>
		<SimpleData name="LOCATION">88 K Street, SE</SimpleData>
		<SimpleData name="DEVELOPER">Tishman Speyer</SimpleData>
		<SimpleData name="PROJECTTYPE">Residential</SimpleData>
		<SimpleData name="UNITS">400</SimpleData>
		<SimpleData name="UNIT_TYPE">R</SimpleData>
		<SimpleData name="ESTDELIVERY">Q1 20</SimpleData>
		<SimpleData name="STATUS">Under Construction</SimpleData>
		<SimpleData name="REPORT_EDITION_YEAR">2016-2019</SimpleData>
		<SimpleData name="ARCHITECT">Handel Arhictects</SimpleData>
		<SimpleData name="LAST_EDITED_USER">SDE</SimpleData>
		<SimpleData name="LAST_EDITED_DATE">2025/10/16 20:12:51+00</SimpleData>
		<SimpleData name="GLOBALID">{2F3A54DC-3AA0-42CF-A73E-A722E7114A0C}</SimpleData>
	</SchemaData></ExtendedData>
  </Placemark>
  <Placemark>
	<ExtendedData><SchemaData schemaUrl="#DCDevelopment">
		<SimpleData name="OBJECTID">658</SimpleData>
		<SimpleData name="PROJECTNAME">The Parks at Walter Reed (The Brooks &amp; The Vale)</SimpleData>
		<SimpleData name="WARD">4</SimpleData>
		<SimpleData name="LOCATION">6800 Georgia Ave., NW</SimpleData>
		<SimpleData name="DEVELOPER">Urban Atlantic / Hines / Triden Development</SimpleData>
		<SimpleData name="PROJECTTYPE">Residential</SimpleData>
		<SimpleData name="UNITS">390</SimpleData>
		<SimpleData name="UNIT_TYPE">R/O</SimpleData>
		<SimpleData name="ESTVALUEINMILLION">140000000</SimpleData>
		<SimpleData name="ESTDELIVERY">2020</SimpleData>
		<SimpleData name="STATUS">Pipeline</SimpleData>
		<SimpleData name="REPORT_EDITION_YEAR">2016-2019</SimpleData>
		<SimpleData name="ARCHITECT">Torti Gallas Urban</SimpleData>
		<SimpleData name="LAST_EDITED_USER">SDE</SimpleData>
		<SimpleData name="LAST_EDITED_DATE">2025/10/16 20:12:51+00</SimpleData>
		<SimpleData name="GLOBALID">{2CA9DDC3-7530-4970-BC9A-9FC660EEA9FE}</SimpleData>
	</SchemaData></ExtendedData>
  </Placemark>
  <Placemark>
	<ExtendedData><SchemaData schemaUrl="#DCDevelopment">
		<SimpleData name="OBJECTID">659</SimpleData>
		<SimpleData name="PROJECTNAME">Consumer Financial Protection Bureau HQ Modernization</SimpleData>
		<SimpleData name="WARD">2</SimpleData>
		<SimpleData name="LOCATION">1700 G Street, NW</SimpleData>
		<SimpleData name="DEVELOPER">General Services Administration</SimpleData>
		<SimpleData name="PROJECTTYPE">Office</SimpleData>
		<SimpleData name="TYPE_SQFT">481404</SimpleData>
		<SimpleData name="ESTVALUEINMILLION">139000000</SimpleData>
		<SimpleData name="ESTDELIVERY">Q4 17</SimpleData>
		<SimpleData name="STATUS">Completed</SimpleData>
		<SimpleData name="REPORT_EDITION_YEAR">2016-2019</SimpleData>
		<SimpleData name="ARCHITECT">RTKL Associates / SOM</SimpleData>
		<SimpleData name="LAST_EDITED_USER">SDE</SimpleData>
		<SimpleData name="LAST_EDITED_DATE">2025/10/16 20:11:02+00</SimpleData>
		<SimpleData name="GLOBALID">{7AAD91D6-5CDE-4BB1-BD04-3D8103831D49}</SimpleData>
	</SchemaData></ExtendedData>
  </Placemark>
  <Placemark>
	<ExtendedData><SchemaData schemaUrl="#DCDevelopment">
		<SimpleData name="OBJECTID">660</SimpleData>
		<SimpleData name="PROJECTNAME">Hotel Zena</SimpleData>
		<SimpleData name="WARD">2</SimpleData>
		<SimpleData name="LOCATION">1155 14th St., NW</SimpleData>
		<SimpleData name="DEVELOPER">Pebblebrook Hotel Trust</SimpleData>
		<SimpleData name="PROJECTTYPE">Hospitality</SimpleData>
		<SimpleData name="TYPE_SQFT">106300</SimpleData>
		<SimpleData name="UNITS">191</SimpleData>
		<SimpleData name="ESTVALUEINMILLION">25000000</SimpleData>
		<SimpleData name="ESTDELIVERY">Q4 20</SimpleData>
		<SimpleData name="STATUS">Completed</SimpleData>
		<SimpleData name="REPORT_EDITION_YEAR">2020-2021</SimpleData>
		<SimpleData name="ARCHITECT"></SimpleData>
		<SimpleData name="LAST_EDITED_USER">SDE</SimpleData>
		<SimpleData name="LAST_EDITED_DATE">2025/10/16 20:10:22+00</SimpleData>
		<SimpleData name="GLOBALID">{A3BB63D2-7EC0-4226-938F-D610E0919B62}</SimpleData>
	</SchemaData></ExtendedData>
  </Placemark>
  <Placemark>
	<ExtendedData><SchemaData schemaUrl="#DCDevelopment">
		<SimpleData name="OBJECTID">661</SimpleData>
		<SimpleData name="PROJECTNAME">National Air and Space Museum</SimpleData>
		<SimpleData name="WARD">2</SimpleData>
		<SimpleData name="LOCATION">The National Mall</SimpleData>
		<SimpleData name="DEVELOPER">Smithsonian</SimpleData>
		<SimpleData name="PROJECTTYPE">Hospitality</SimpleData>
		<SimpleData name="TYPE_SQFT">687000</SimpleData>
		<SimpleData name="UNITS">0</SimpleData>
		<SimpleData name="ESTVALUEINMILLION">900000000</SimpleData>
		<SimpleData name="ESTDELIVERY">2024</SimpleData>
		<SimpleData name="STATUS">Under Construction</SimpleData>
		<SimpleData name="REPORT_EDITION_YEAR">2020-2021</SimpleData>
		<SimpleData name="ARCHITECT"></SimpleData>
		<SimpleData name="LAST_EDITED_USER">SDE</SimpleData>
		<SimpleData name="LAST_EDITED_DATE">2025/10/16 20:10:22+00</SimpleData>
		<SimpleData name="GLOBALID">{1C6ACF91-808C-4B6C-A486-D25DEA609266}</SimpleData>
	</SchemaData></ExtendedData>
  </Placemark>
  <Placemark>
	<ExtendedData><SchemaData schemaUrl="#DCDevelopment">
		<SimpleData name="OBJECTID">662</SimpleData>
		<SimpleData name="PROJECTNAME">80 M Street (addition)</SimpleData>
		<SimpleData name="WARD">6</SimpleData>
		<SimpleData name="LOCATION">80 M St., SE</SimpleData>
		<SimpleData name="DEVELOPER">Columbia Property Trust</SimpleData>
		<SimpleData name="PROJECTTYPE">Office</SimpleData>
		<SimpleData name="TYPE_SQFT">112000</SimpleData>
		<SimpleData name="UNITS">0</SimpleData>
		<SimpleData name="ESTVALUEINMILLION">0</SimpleData>
		<SimpleData name="ESTDELIVERY">Q4 21</SimpleData>
		<SimpleData name="STATUS">Under Construction</SimpleData>
		<SimpleData name="REPORT_EDITION_YEAR">2020-2021</SimpleData>
		<SimpleData name="ARCHITECT"></SimpleData>
		<SimpleData name="LAST_EDITED_USER">SDE</SimpleData>
		<SimpleData name="LAST_EDITED_DATE">2025/10/16 20:11:02+00</SimpleData>
		<SimpleData name="GLOBALID">{3E78A21B-1B2F-4B0B-972D-584B689220DB}</SimpleData>
	</SchemaData></ExtendedData>
  </Placemark>
  <Placemark>
	<ExtendedData><SchemaData schemaUrl="#DCDevelopment">
		<SimpleData name="OBJECTID">663</SimpleData>
		<SimpleData name="PROJECTNAME">5 M Street</SimpleData>
		<SimpleData name="WARD">6</SimpleData>
		<SimpleData name="LOCATION">5 M St., SW</SimpleData>
		<SimpleData name="DEVELOPER">JBG Smith</SimpleData>
		<SimpleData name="PROJECTTYPE">Office</SimpleData>
		<SimpleData name="TYPE_SQFT">226000</SimpleData>
		<SimpleData name="UNITS">0</SimpleData>
		<SimpleData name="ESTVALUEINMILLION">0</SimpleData>
		<SimpleData name="ESTDELIVERY"></SimpleData>
		<SimpleData name="STATUS">Pipeline</SimpleData>
		<SimpleData name="REPORT_EDITION_YEAR">2020-2021</SimpleData>
		<SimpleData name="ARCHITECT"></SimpleData>
		<SimpleData name="LAST_EDITED_USER">SDE</SimpleData>
		<SimpleData name="LAST_EDITED_DATE">2025/10/16 20:11:02+00</SimpleData>
		<SimpleData name="GLOBALID">{DFF98626-6448-4068-9949-1B355B106CB5}</SimpleData>
	</SchemaData></ExtendedData>
  </Placemark>
  <Placemark>
	<ExtendedData><SchemaData schemaUrl="#DCDevelopment">
		<SimpleData name="OBJECTID">664</SimpleData>
		<SimpleData name="PROJECTNAME">MLK Gateway II</SimpleData>
		<SimpleData name="WARD">8</SimpleData>
		<SimpleData name="LOCATION">1909 Martin L King Jr Ave., SE</SimpleData>
		<SimpleData name="DEVELOPER">Menkiti Group</SimpleData>
		<SimpleData name="PROJECTTYPE">Office</SimpleData>
		<SimpleData name="TYPE_SQFT">60000</SimpleData>
		<SimpleData name="UNITS">0</SimpleData>
		<SimpleData name="ESTVALUEINMILLION">0</SimpleData>
		<SimpleData name="ESTDELIVERY">2022</SimpleData>
		<SimpleData name="STATUS">Pipeline</SimpleData>
		<SimpleData name="REPORT_EDITION_YEAR">2020-2021</SimpleData>
		<SimpleData name="ARCHITECT"></SimpleData>
		<SimpleData name="LAST_EDITED_USER">SDE</SimpleData>
		<SimpleData name="LAST_EDITED_DATE">2025/10/16 20:11:02+00</SimpleData>
		<SimpleData name="GLOBALID">{EF6CDAF6-F354-434B-AE76-241B97FE8B06}</SimpleData>
	</SchemaData></ExtendedData>
  </Placemark>
  <Placemark>
	<ExtendedData><SchemaData schemaUrl="#DCDevelopment">
		<SimpleData name="OBJECTID">665</SimpleData>
		<SimpleData name="PROJECTNAME">New Residence Hall</SimpleData>
		<SimpleData name="WARD">5</SimpleData>
		<SimpleData name="LOCATION">Catholic University</SimpleData>
		<SimpleData name="DEVELOPER">Catholic University</SimpleData>
		<SimpleData name="PROJECTTYPE">Quality of Life</SimpleData>
		<SimpleData name="TYPE_SQFT">104000</SimpleData>
		<SimpleData name="UNITS">0</SimpleData>
		<SimpleData name="ESTVALUEINMILLION">35000000</SimpleData>
		<SimpleData name="ESTDELIVERY">2023</SimpleData>
		<SimpleData name="STATUS">Pipeline</SimpleData>
		<SimpleData name="REPORT_EDITION_YEAR">2020-2021</SimpleData>
		<SimpleData name="ARCHITECT"></SimpleData>
		<SimpleData name="LAST_EDITED_USER">SDE</SimpleData>
		<SimpleData name="LAST_EDITED_DATE">2025/10/16 20:12:15+00</SimpleData>
		<SimpleData name="GLOBALID">{58229878-F4ED-4D58-9237-1293A76E7A3C}</SimpleData>
	</SchemaData></ExtendedData>
  </Placemark>
  <Placemark>
	<ExtendedData><SchemaData schemaUrl="#DCDevelopment">
		<SimpleData name="OBJECTID">666</SimpleData>
		<SimpleData name="PROJECTNAME">Children's National Research &amp; Innovation Campus</SimpleData>
		<SimpleData name="WARD">4</SimpleData>
		<SimpleData name="LOCATION">7144 13th Place, NW</SimpleData>
		<SimpleData name="DEVELOPER">Children's National Medical Center</SimpleData>
		<SimpleData name="PROJECTTYPE">Quality of Life</SimpleData>
		<SimpleData name="TYPE_SQFT">380000</SimpleData>
		<SimpleData name="UNITS">0</SimpleData>
		<SimpleData name="ESTVALUEINMILLION">250000000</SimpleData>
		<SimpleData name="ESTDELIVERY">Q1 21</SimpleData>
		<SimpleData name="STATUS">Under Construction</SimpleData>
		<SimpleData name="REPORT_EDITION_YEAR">2020-2021</SimpleData>
		<SimpleData name="ARCHITECT"></SimpleData>
		<SimpleData name="LAST_EDITED_USER">SDE</SimpleData>
		<SimpleData name="LAST_EDITED_DATE">2025/10/16 20:12:15+00</SimpleData>
		<SimpleData name="GLOBALID">{6BB730EC-4939-47E7-9254-E8D4C4601872}</SimpleData>
	</SchemaData></ExtendedData>
  </Placemark>
  <Placemark>
	<ExtendedData><SchemaData schemaUrl="#DCDevelopment">
		<SimpleData name="OBJECTID">667</SimpleData>
		<SimpleData name="PROJECTNAME">Martin Luther King Jr. Library</SimpleData>
		<SimpleData name="WARD">2</SimpleData>
		<SimpleData name="LOCATION">9th &amp; G Sts., NW</SimpleData>
		<SimpleData name="DEVELOPER">Jair Lynch Real Estate Partners / DC Public Library</SimpleData>
		<SimpleData name="PROJECTTYPE">Quality of Life</SimpleData>
		<SimpleData name="TYPE_SQFT">400000</SimpleData>
		<SimpleData name="UNITS">0</SimpleData>
		<SimpleData name="ESTVALUEINMILLION">212000000</SimpleData>
		<SimpleData name="ESTDELIVERY">Q3 20</SimpleData>
		<SimpleData name="STATUS">Completed</SimpleData>
		<SimpleData name="REPORT_EDITION_YEAR">2020-2021</SimpleData>
		<SimpleData name="ARCHITECT"></SimpleData>
		<SimpleData name="LAST_EDITED_USER">SDE</SimpleData>
		<SimpleData name="LAST_EDITED_DATE">2025/10/16 20:12:15+00</SimpleData>
		<SimpleData name="GLOBALID">{3846C43E-3010-487D-8731-612EC5D42109}</SimpleData>
	</SchemaData></ExtendedData>
  </Placemark>
  <Placemark>
	<ExtendedData><SchemaData schemaUrl="#DCDevelopment">
		<SimpleData name="OBJECTID">668</SimpleData>
		<SimpleData name="PROJECTNAME">Bread for the City</SimpleData>
		<SimpleData name="WARD">8</SimpleData>
		<SimpleData name="LOCATION">17th &amp; Good Hope Rd., SE</SimpleData>
		<SimpleData name="DEVELOPER">Bread for the City</SimpleData>
		<SimpleData name="PROJECTTYPE">Quality of Life</SimpleData>
		<SimpleData name="TYPE_SQFT">27700</SimpleData>
		<SimpleData name="UNITS">0</SimpleData>
		<SimpleData name="ESTVALUEINMILLION">26000000</SimpleData>
		<SimpleData name="ESTDELIVERY">Q3 20</SimpleData>
		<SimpleData name="STATUS">Completed</SimpleData>
		<SimpleData name="REPORT_EDITION_YEAR">2020-2021</SimpleData>
		<SimpleData name="ARCHITECT"></SimpleData>
		<SimpleData name="LAST_EDITED_USER">SDE</SimpleData>
		<SimpleData name="LAST_EDITED_DATE">2025/10/16 20:12:15+00</SimpleData>
		<SimpleData name="GLOBALID">{CE887D4E-A354-4CF4-B6F1-18B25335C344}</SimpleData>
	</SchemaData></ExtendedData>
  </Placemark>
  <Placemark>
	<ExtendedData><SchemaData schemaUrl="#DCDevelopment">
		<SimpleData name="OBJECTID">669</SimpleData>
		<SimpleData name="PROJECTNAME">1313 L Street</SimpleData>
		<SimpleData name="WARD">2</SimpleData>
		<SimpleData name="LOCATION">1313 L St., NW</SimpleData>
		<SimpleData name="DEVELOPER">Lincoln Property Company</SimpleData>
		<SimpleData name="PROJECTTYPE">Residential</SimpleData>
		<SimpleData name="TYPE_SQFT">0</SimpleData>
		<SimpleData name="UNITS">222</SimpleData>
		<SimpleData name="ESTVALUEINMILLION">0</SimpleData>
		<SimpleData name="ESTDELIVERY">2023</SimpleData>
		<SimpleData name="STATUS">Pipeline</SimpleData>
		<SimpleData name="REPORT_EDITION_YEAR">2020-2021</SimpleData>
		<SimpleData name="ARCHITECT"></SimpleData>
		<SimpleData name="LAST_EDITED_USER">SDE</SimpleData>
		<SimpleData name="LAST_EDITED_DATE">2025/10/16 20:12:51+00</SimpleData>
		<SimpleData name="GLOBALID">{8E2DEBA5-8188-497B-B98A-E35BA82D6A3E}</SimpleData>
	</SchemaData></ExtendedData>
  </Placemark>
  <Placemark>
	<ExtendedData><SchemaData schemaUrl="#DCDevelopment">
		<SimpleData name="OBJECTID">670</SimpleData>
		<SimpleData name="PROJECTNAME">Cambria Hotel</SimpleData>
		<SimpleData name="WARD">6</SimpleData>
		<SimpleData name="LOCATION">69 Q St., SW</SimpleData>
		<SimpleData name="DEVELOPER">Donohoe Companies</SimpleData>
		<SimpleData name="PROJECTTYPE">Hospitality</SimpleData>
		<SimpleData name="TYPE_SQFT">77500</SimpleData>
		<SimpleData name="UNITS">154</SimpleData>
		<SimpleData name="ESTVALUEINMILLION">58000000</SimpleData>
		<SimpleData name="ESTDELIVERY">Q1 21</SimpleData>
		<SimpleData name="STATUS">Under Construction</SimpleData>
		<SimpleData name="REPORT_EDITION_YEAR">2020-2021</SimpleData>
		<SimpleData name="ARCHITECT"></SimpleData>
		<SimpleData name="LAST_EDITED_USER">SDE</SimpleData>
		<SimpleData name="LAST_EDITED_DATE">2025/10/16 20:10:22+00</SimpleData>
		<SimpleData name="GLOBALID">{2063212E-1076-4708-A579-72B385C03BA1}</SimpleData>
	</SchemaData></ExtendedData>
  </Placemark>
  <Placemark>
	<ExtendedData><SchemaData schemaUrl="#DCDevelopment">
		<SimpleData name="OBJECTID">671</SimpleData>
		<SimpleData name="PROJECTNAME">Parcel F1</SimpleData>
		<SimpleData name="WARD">6</SimpleData>
		<SimpleData name="LOCATION">N Place &amp; 1 1/2 St., SE</SimpleData>
		<SimpleData name="DEVELOPER">Brookfield Properties</SimpleData>
		<SimpleData name="PROJECTTYPE">Hospitality</SimpleData>
		<SimpleData name="TYPE_SQFT">66400</SimpleData>
		<SimpleData name="UNITS">0</SimpleData>
		<SimpleData name="ESTVALUEINMILLION">0</SimpleData>
		<SimpleData name="ESTDELIVERY">2024</SimpleData>
		<SimpleData name="STATUS">Pipeline</SimpleData>
		<SimpleData name="REPORT_EDITION_YEAR">2020-2021</SimpleData>
		<SimpleData name="ARCHITECT"></SimpleData>
		<SimpleData name="LAST_EDITED_USER">SDE</SimpleData>
		<SimpleData name="LAST_EDITED_DATE">2025/10/16 20:10:22+00</SimpleData>
		<SimpleData name="GLOBALID">{726C4808-9F0E-4D00-B496-D8A3CF90383D}</SimpleData>
	</SchemaData></ExtendedData>
  </Placemark>
  <Placemark>
	<ExtendedData><SchemaData schemaUrl="#DCDevelopment">
		<SimpleData name="OBJECTID">672</SimpleData>
		<SimpleData name="PROJECTNAME">280 12th Street</SimpleData>
		<SimpleData name="WARD">6</SimpleData>
		<SimpleData name="LOCATION">280 12th St., SW</SimpleData>
		<SimpleData name="DEVELOPER">Pacific Star Capital</SimpleData>
		<SimpleData name="PROJECTTYPE">Hospitality</SimpleData>
		<SimpleData name="TYPE_SQFT">0</SimpleData>
		<SimpleData name="UNITS">163</SimpleData>
		<SimpleData name="ESTVALUEINMILLION">0</SimpleData>
		<SimpleData name="ESTDELIVERY"></SimpleData>
		<SimpleData name="STATUS">Pipeline</SimpleData>
		<SimpleData name="REPORT_EDITION_YEAR">2020-2021</SimpleData>
		<SimpleData name="ARCHITECT"></SimpleData>
		<SimpleData name="LAST_EDITED_USER">SDE</SimpleData>
		<SimpleData name="LAST_EDITED_DATE">2025/10/16 20:10:22+00</SimpleData>
		<SimpleData name="GLOBALID">{8AF167BD-097C-4F76-8EB9-D8CCE88702A1}</SimpleData>
	</SchemaData></ExtendedData>
  </Placemark>
  <Placemark>
	<ExtendedData><SchemaData schemaUrl="#DCDevelopment">
		<SimpleData name="OBJECTID">673</SimpleData>
		<SimpleData name="PROJECTNAME">1900 N</SimpleData>
		<SimpleData name="WARD">2</SimpleData>
		<SimpleData name="LOCATION">1900 N St., NW</SimpleData>
		<SimpleData name="DEVELOPER">JBG Smith</SimpleData>
		<SimpleData name="PROJECTTYPE">Office</SimpleData>
		<SimpleData name="TYPE_SQFT">259000</SimpleData>
		<SimpleData name="UNITS">0</SimpleData>
		<SimpleData name="ESTVALUEINMILLION">230000000</SimpleData>
		<SimpleData name="ESTDELIVERY">Q4 19</SimpleData>
		<SimpleData name="STATUS">Completed</SimpleData>
		<SimpleData name="REPORT_EDITION_YEAR">2020-2021</SimpleData>
		<SimpleData name="ARCHITECT"></SimpleData>
		<SimpleData name="LAST_EDITED_USER">SDE</SimpleData>
		<SimpleData name="LAST_EDITED_DATE">2025/10/16 20:11:02+00</SimpleData>
		<SimpleData name="GLOBALID">{1F24D73A-485E-47F2-9A2F-A87510366891}</SimpleData>
	</SchemaData></ExtendedData>
  </Placemark>
  <Placemark>
	<ExtendedData><SchemaData schemaUrl="#DCDevelopment">
		<SimpleData name="OBJECTID">674</SimpleData>
		<SimpleData name="PROJECTNAME">1 M Street</SimpleData>
		<SimpleData name="WARD">6</SimpleData>
		<SimpleData name="LOCATION">1 M St., SE</SimpleData>
		<SimpleData name="DEVELOPER">Monument Realty</SimpleData>
		<SimpleData name="PROJECTTYPE">Office</SimpleData>
		<SimpleData name="TYPE_SQFT">129500</SimpleData>
		<SimpleData name="UNITS">0</SimpleData>
		<SimpleData name="ESTVALUEINMILLION">0</SimpleData>
		<SimpleData name="ESTDELIVERY">Q1 20</SimpleData>
		<SimpleData name="STATUS">Completed</SimpleData>
		<SimpleData name="REPORT_EDITION_YEAR">2020-2021</SimpleData>
		<SimpleData name="ARCHITECT"></SimpleData>
		<SimpleData name="LAST_EDITED_USER">SDE</SimpleData>
		<SimpleData name="LAST_EDITED_DATE">2025/10/16 20:11:02+00</SimpleData>
		<SimpleData name="GLOBALID">{50E29887-5D20-4C9B-A58D-230D9261DEAD}</SimpleData>
	</SchemaData></ExtendedData>
  </Placemark>
  <Placemark>
	<ExtendedData><SchemaData schemaUrl="#DCDevelopment">
		<SimpleData name="OBJECTID">675</SimpleData>
		<SimpleData name="PROJECTNAME">1275 New Jersey Avenue</SimpleData>
		<SimpleData name="WARD">6</SimpleData>
		<SimpleData name="LOCATION">1275 New Jersey Ave., SE</SimpleData>
		<SimpleData name="DEVELOPER">Brookfield Properties</SimpleData>
		<SimpleData name="PROJECTTYPE">Office</SimpleData>
		<SimpleData name="TYPE_SQFT">296200</SimpleData>
		<SimpleData name="UNITS">0</SimpleData>
		<SimpleData name="ESTVALUEINMILLION">0</SimpleData>
		<SimpleData name="ESTDELIVERY">Q4 21</SimpleData>
		<SimpleData name="STATUS">Under Construction</SimpleData>
		<SimpleData name="REPORT_EDITION_YEAR">2020-2021</SimpleData>
		<SimpleData name="ARCHITECT"></SimpleData>
		<SimpleData name="LAST_EDITED_USER">SDE</SimpleData>
		<SimpleData name="LAST_EDITED_DATE">2025/10/16 20:11:02+00</SimpleData>
		<SimpleData name="GLOBALID">{F4043C00-74D4-4207-9F14-82FFF9024770}</SimpleData>
	</SchemaData></ExtendedData>
  </Placemark>
  <Placemark>
	<ExtendedData><SchemaData schemaUrl="#DCDevelopment">
		<SimpleData name="OBJECTID">676</SimpleData>
		<SimpleData name="PROJECTNAME">Virgin Hotel</SimpleData>
		<SimpleData name="WARD">5</SimpleData>
		<SimpleData name="LOCATION">411 NEW YORK AVENUE NE</SimpleData>
		<SimpleData name="DEVELOPER">Brook Rose Development / D. B. Lee Development</SimpleData>
		<SimpleData name="PROJECTTYPE">Hospitality</SimpleData>
		<SimpleData name="TYPE_SQFT">111440</SimpleData>
		<SimpleData name="UNITS">178</SimpleData>
		<SimpleData name="STATUS">Pipeline</SimpleData>
		<SimpleData name="REPORT_EDITION_YEAR">2016-2019</SimpleData>
		<SimpleData name="LAST_EDITED_USER">SDE</SimpleData>
		<SimpleData name="LAST_EDITED_DATE">2025/10/16 20:10:22+00</SimpleData>
		<SimpleData name="GLOBALID">{D46E161B-EB3B-4FA6-8B70-1074973A383F}</SimpleData>
	</SchemaData></ExtendedData>
  </Placemark>
  <Placemark>
	<ExtendedData><SchemaData schemaUrl="#DCDevelopment">
		<SimpleData name="OBJECTID">677</SimpleData>
		<SimpleData name="PROJECTNAME">655 New York Avenue</SimpleData>
		<SimpleData name="WARD">6</SimpleData>
		<SimpleData name="LOCATION">655 New York Ave., NW</SimpleData>
		<SimpleData name="DEVELOPER">Douglas Development Corporation / Brookfield Properties</SimpleData>
		<SimpleData name="PROJECTTYPE">Office</SimpleData>
		<SimpleData name="TYPE_SQFT">653500</SimpleData>
		<SimpleData name="ESTVALUEINMILLION">185000000</SimpleData>
		<SimpleData name="ESTDELIVERY">Q3 19</SimpleData>
		<SimpleData name="STATUS">Completed</SimpleData>
		<SimpleData name="REPORT_EDITION_YEAR">2016-2019</SimpleData>
		<SimpleData name="LAST_EDITED_USER">SDE</SimpleData>
		<SimpleData name="LAST_EDITED_DATE">2025/10/16 20:11:02+00</SimpleData>
		<SimpleData name="GLOBALID">{369CED14-4C6E-4A31-AB26-F105C0789A44}</SimpleData>
	</SchemaData></ExtendedData>
  </Placemark>
  <Placemark>
	<ExtendedData><SchemaData schemaUrl="#DCDevelopment">
		<SimpleData name="OBJECTID">678</SimpleData>
		<SimpleData name="PROJECTNAME">2050 M Street</SimpleData>
		<SimpleData name="WARD">2</SimpleData>
		<SimpleData name="LOCATION">2050 M St., NW</SimpleData>
		<SimpleData name="DEVELOPER">Tishman Speyer</SimpleData>
		<SimpleData name="PROJECTTYPE">Office</SimpleData>
		<SimpleData name="TYPE_SQFT">353200</SimpleData>
		<SimpleData name="ESTDELIVERY">Q4 19</SimpleData>
		<SimpleData name="STATUS">Under Construction</SimpleData>
		<SimpleData name="REPORT_EDITION_YEAR">2016-2019</SimpleData>
		<SimpleData name="LAST_EDITED_USER">SDE</SimpleData>
		<SimpleData name="LAST_EDITED_DATE">2025/10/16 20:11:02+00</SimpleData>
		<SimpleData name="GLOBALID">{A35FF393-9E50-4B49-A94E-7FD9D2A1FFC6}</SimpleData>
	</SchemaData></ExtendedData>
  </Placemark>
  <Placemark>
	<ExtendedData><SchemaData schemaUrl="#DCDevelopment">
		<SimpleData name="OBJECTID">679</SimpleData>
		<SimpleData name="PROJECTNAME">1901 L Street</SimpleData>
		<SimpleData name="WARD">2</SimpleData>
		<SimpleData name="LOCATION">1901 L St., NW</SimpleData>
		<SimpleData name="DEVELOPER">The Meridian Group</SimpleData>
		<SimpleData name="PROJECTTYPE">Office</SimpleData>
		<SimpleData name="TYPE_SQFT">202000</SimpleData>
		<SimpleData name="ESTDELIVERY">Q4 19</SimpleData>
		<SimpleData name="STATUS">Under Construction</SimpleData>
		<SimpleData name="REPORT_EDITION_YEAR">2016-2019</SimpleData>
		<SimpleData name="LAST_EDITED_USER">SDE</SimpleData>
		<SimpleData name="LAST_EDITED_DATE">2025/10/16 20:11:02+00</SimpleData>
		<SimpleData name="GLOBALID">{D6265247-D510-49CB-8CBB-2C82CC43E056}</SimpleData>
	</SchemaData></ExtendedData>
  </Placemark>
  <Placemark>
	<ExtendedData><SchemaData schemaUrl="#DCDevelopment">
		<SimpleData name="OBJECTID">680</SimpleData>
		<SimpleData name="PROJECTNAME">South Building (Union Market)</SimpleData>
		<SimpleData name="WARD">5</SimpleData>
		<SimpleData name="LOCATION">1309 5th St., NE</SimpleData>
		<SimpleData name="DEVELOPER">EDENS</SimpleData>
		<SimpleData name="PROJECTTYPE">Office</SimpleData>
		<SimpleData name="TYPE_SQFT">222255</SimpleData>
		<SimpleData name="ESTVALUEINMILLION">92000000</SimpleData>
		<SimpleData name="STATUS">Pipeline</SimpleData>
		<SimpleData name="REPORT_EDITION_YEAR">2016-2019</SimpleData>
		<SimpleData name="LAST_EDITED_USER">SDE</SimpleData>
		<SimpleData name="LAST_EDITED_DATE">2025/10/16 20:11:02+00</SimpleData>
		<SimpleData name="GLOBALID">{DA006586-50B4-4F9E-A1D7-C26A404033BF}</SimpleData>
	</SchemaData></ExtendedData>
  </Placemark>
  <Placemark>
	<ExtendedData><SchemaData schemaUrl="#DCDevelopment">
		<SimpleData name="OBJECTID">681</SimpleData>
		<SimpleData name="PROJECTNAME">Bancroft Elementary School</SimpleData>
		<SimpleData name="WARD">1</SimpleData>
		<SimpleData name="LOCATION">1755 Newton St., NW</SimpleData>
		<SimpleData name="DEVELOPER">Department of General Services / DC Public Schools</SimpleData>
		<SimpleData name="PROJECTTYPE">Quality of Life</SimpleData>
		<SimpleData name="TYPE_SQFT">146000</SimpleData>
		<SimpleData name="ESTVALUEINMILLION">76000000</SimpleData>
		<SimpleData name="ESTDELIVERY">Q3 18</SimpleData>
		<SimpleData name="STATUS">Completed</SimpleData>
		<SimpleData name="REPORT_EDITION_YEAR">2016-2019</SimpleData>
		<SimpleData name="LAST_EDITED_USER">SDE</SimpleData>
		<SimpleData name="LAST_EDITED_DATE">2025/10/16 20:12:15+00</SimpleData>
		<SimpleData name="GLOBALID">{F8F21115-2D86-43DE-BC9F-C67C585AFF21}</SimpleData>
	</SchemaData></ExtendedData>
  </Placemark>
  <Placemark>
	<ExtendedData><SchemaData schemaUrl="#DCDevelopment">
		<SimpleData name="OBJECTID">682</SimpleData>
		<SimpleData name="PROJECTNAME">The Wren</SimpleData>
		<SimpleData name="WARD">1</SimpleData>
		<SimpleData name="LOCATION">965 Florida Ave., NW</SimpleData>
		<SimpleData name="DEVELOPER">MRP Realty / JBG Smith / Ellis Development Group</SimpleData>
		<SimpleData name="PROJECTTYPE">Residential</SimpleData>
		<SimpleData name="TYPE_SQFT">0</SimpleData>
		<SimpleData name="UNITS">433</SimpleData>
		<SimpleData name="ESTVALUEINMILLION">153000000</SimpleData>
		<SimpleData name="ESTDELIVERY">Q3 20</SimpleData>
		<SimpleData name="STATUS">Completed</SimpleData>
		<SimpleData name="REPORT_EDITION_YEAR">2020-2021</SimpleData>
		<SimpleData name="ARCHITECT"></SimpleData>
		<SimpleData name="LAST_EDITED_USER">SDE</SimpleData>
		<SimpleData name="LAST_EDITED_DATE">2025/10/16 20:12:51+00</SimpleData>
		<SimpleData name="GLOBALID">{4B06A3CF-40D7-4E82-8BE9-E98205694A48}</SimpleData>
	</SchemaData></ExtendedData>
  </Placemark>
  <Placemark>
	<ExtendedData><SchemaData schemaUrl="#DCDevelopment">
		<SimpleData name="OBJECTID">683</SimpleData>
		<SimpleData name="PROJECTNAME">City Ridge</SimpleData>
		<SimpleData name="WARD">3</SimpleData>
		<SimpleData name="LOCATION">3900 Wisconsin Ave., NW</SimpleData>
		<SimpleData name="DEVELOPER">Roadside / North America Sekisui House</SimpleData>
		<SimpleData name="PROJECTTYPE">Residential</SimpleData>
		<SimpleData name="TYPE_SQFT">0</SimpleData>
		<SimpleData name="UNITS">690</SimpleData>
		<SimpleData name="ESTVALUEINMILLION">715000000</SimpleData>
		<SimpleData name="ESTDELIVERY">Q2 22</SimpleData>
		<SimpleData name="STATUS">Under Construction</SimpleData>
		<SimpleData name="REPORT_EDITION_YEAR">2020-2021</SimpleData>
		<SimpleData name="ARCHITECT"></SimpleData>
		<SimpleData name="LAST_EDITED_USER">SDE</SimpleData>
		<SimpleData name="LAST_EDITED_DATE">2025/10/16 20:12:51+00</SimpleData>
		<SimpleData name="GLOBALID">{18D184B5-5F86-4824-B774-2AD91A602FDA}</SimpleData>
	</SchemaData></ExtendedData>
  </Placemark>
  <Placemark>
	<ExtendedData><SchemaData schemaUrl="#DCDevelopment">
		<SimpleData name="OBJECTID">684</SimpleData>
		<SimpleData name="PROJECTNAME">The Gantry (Building A-1)</SimpleData>
		<SimpleData name="WARD">5</SimpleData>
		<SimpleData name="LOCATION">300 Morse St., NE</SimpleData>
		<SimpleData name="DEVELOPER">Kettler / Carmel Partners</SimpleData>
		<SimpleData name="PROJECTTYPE">Residential</SimpleData>
		<SimpleData name="TYPE_SQFT">0</SimpleData>
		<SimpleData name="UNITS">450</SimpleData>
		<SimpleData name="ESTVALUEINMILLION">0</SimpleData>
		<SimpleData name="ESTDELIVERY">Q3 21</SimpleData>
		<SimpleData name="STATUS">Under Construction</SimpleData>
		<SimpleData name="REPORT_EDITION_YEAR">2020-2021</SimpleData>
		<SimpleData name="ARCHITECT"></SimpleData>
		<SimpleData name="LAST_EDITED_USER">SDE</SimpleData>
		<SimpleData name="LAST_EDITED_DATE">2025/10/16 20:12:51+00</SimpleData>
		<SimpleData name="GLOBALID">{EFD6D20A-E88C-456D-A5B2-64C6421FA5D6}</SimpleData>
	</SchemaData></ExtendedData>
  </Placemark>
  <Placemark>
	<ExtendedData><SchemaData schemaUrl="#DCDevelopment">
		<SimpleData name="OBJECTID">685</SimpleData>
		<SimpleData name="PROJECTNAME">Saint Elizabeths East (Parcel 13)</SimpleData>
		<SimpleData name="WARD">8</SimpleData>
		<SimpleData name="LOCATION">Saint Elizabeths East Campus</SimpleData>
		<SimpleData name="DEVELOPER">Neighborhood Development Company / MCG Capital / DMPED</SimpleData>
		<SimpleData name="PROJECTTYPE">Retail</SimpleData>
		<SimpleData name="TYPE_SQFT">21000</SimpleData>
		<SimpleData name="UNITS">0</SimpleData>
		<SimpleData name="ESTVALUEINMILLION">0</SimpleData>
		<SimpleData name="ESTDELIVERY">2024</SimpleData>
		<SimpleData name="STATUS">Pipeline</SimpleData>
		<SimpleData name="REPORT_EDITION_YEAR">2020-2021</SimpleData>
		<SimpleData name="ARCHITECT"></SimpleData>
		<SimpleData name="LAST_EDITED_USER">SDE</SimpleData>
		<SimpleData name="LAST_EDITED_DATE">2025/10/16 20:13:28+00</SimpleData>
		<SimpleData name="GLOBALID">{73193F5D-5A07-4B69-A819-08AE3D125416}</SimpleData>
	</SchemaData></ExtendedData>
  </Placemark>
  <Placemark>
	<ExtendedData><SchemaData schemaUrl="#DCDevelopment">
		<SimpleData name="OBJECTID">686</SimpleData>
		<SimpleData name="PROJECTNAME">Bryant Street (Phase I)</SimpleData>
		<SimpleData name="WARD">5</SimpleData>
		<SimpleData name="LOCATION">680 Rhode Island Ave., NE</SimpleData>
		<SimpleData name="DEVELOPER">MRP Realty / FRP Development Corp</SimpleData>
		<SimpleData name="PROJECTTYPE">Retail</SimpleData>
		<SimpleData name="TYPE_SQFT">40400</SimpleData>
		<SimpleData name="UNITS">0</SimpleData>
		<SimpleData name="ESTVALUEINMILLION">0</SimpleData>
		<SimpleData name="ESTDELIVERY">Q3 21</SimpleData>
		<SimpleData name="STATUS">Under Construction</SimpleData>
		<SimpleData name="REPORT_EDITION_YEAR">2020-2021</SimpleData>
		<SimpleData name="ARCHITECT"></SimpleData>
		<SimpleData name="LAST_EDITED_USER">SDE</SimpleData>
		<SimpleData name="LAST_EDITED_DATE">2025/10/16 20:13:28+00</SimpleData>
		<SimpleData name="GLOBALID">{2F1DD5FE-B6B5-440D-929B-CD362D48112B}</SimpleData>
	</SchemaData></ExtendedData>
  </Placemark>
  <Placemark>
	<ExtendedData><SchemaData schemaUrl="#DCDevelopment">
		<SimpleData name="OBJECTID">687</SimpleData>
		<SimpleData name="PROJECTNAME">The Kelvin</SimpleData>
		<SimpleData name="WARD">6</SimpleData>
		<SimpleData name="LOCATION">1250 Half St., SE</SimpleData>
		<SimpleData name="DEVELOPER">Jair Lynch Real Estate Partners</SimpleData>
		<SimpleData name="PROJECTTYPE">Retail</SimpleData>
		<SimpleData name="TYPE_SQFT">59000</SimpleData>
		<SimpleData name="UNITS">0</SimpleData>
		<SimpleData name="ESTVALUEINMILLION">155000000</SimpleData>
		<SimpleData name="ESTDELIVERY">Q3 20</SimpleData>
		<SimpleData name="STATUS">Completed</SimpleData>
		<SimpleData name="REPORT_EDITION_YEAR">2020-2021</SimpleData>
		<SimpleData name="ARCHITECT"></SimpleData>
		<SimpleData name="LAST_EDITED_USER">SDE</SimpleData>
		<SimpleData name="LAST_EDITED_DATE">2025/10/16 20:13:28+00</SimpleData>
		<SimpleData name="GLOBALID">{4AA3C3DC-1AEA-4B8D-8EC5-11273E48D729}</SimpleData>
	</SchemaData></ExtendedData>
  </Placemark>
  <Placemark>
	<ExtendedData><SchemaData schemaUrl="#DCDevelopment">
		<SimpleData name="OBJECTID">688</SimpleData>
		<SimpleData name="PROJECTNAME">Union Place (Phase II)</SimpleData>
		<SimpleData name="WARD">6</SimpleData>
		<SimpleData name="LOCATION">200 K St., NE</SimpleData>
		<SimpleData name="DEVELOPER">Toll Brothers</SimpleData>
		<SimpleData name="PROJECTTYPE">Residential</SimpleData>
		<SimpleData name="UNITS">525</SimpleData>
		<SimpleData name="ESTVALUEINMILLION">170000000</SimpleData>
		<SimpleData name="ESTDELIVERY">Q2 19</SimpleData>
		<SimpleData name="STATUS">Completed</SimpleData>
		<SimpleData name="REPORT_EDITION_YEAR">2016-2019</SimpleData>
		<SimpleData name="LAST_EDITED_USER">SDE</SimpleData>
		<SimpleData name="LAST_EDITED_DATE">2025/10/16 20:12:51+00</SimpleData>
		<SimpleData name="GLOBALID">{BE1B2479-36CF-46B4-ADC6-04533415E6E4}</SimpleData>
	</SchemaData></ExtendedData>
  </Placemark>
  <Placemark>
	<ExtendedData><SchemaData schemaUrl="#DCDevelopment">
		<SimpleData name="OBJECTID">689</SimpleData>
		<SimpleData name="PROJECTNAME">West Half</SimpleData>
		<SimpleData name="WARD">6</SimpleData>
		<SimpleData name="LOCATION">1201 Half St., SE</SimpleData>
		<SimpleData name="DEVELOPER">JBG Smith</SimpleData>
		<SimpleData name="PROJECTTYPE">Residential</SimpleData>
		<SimpleData name="UNITS">465</SimpleData>
		<SimpleData name="ESTVALUEINMILLION">228400000</SimpleData>
		<SimpleData name="ESTDELIVERY">Q1 20</SimpleData>
		<SimpleData name="STATUS">Under Construction</SimpleData>
		<SimpleData name="REPORT_EDITION_YEAR">2016-2019</SimpleData>
		<SimpleData name="LAST_EDITED_USER">SDE</SimpleData>
		<SimpleData name="LAST_EDITED_DATE">2025/10/16 20:12:51+00</SimpleData>
		<SimpleData name="GLOBALID">{3B95C059-BE03-44ED-BDCB-57D1C9D7F6D1}</SimpleData>
	</SchemaData></ExtendedData>
  </Placemark>
  <Placemark>
	<ExtendedData><SchemaData schemaUrl="#DCDevelopment">
		<SimpleData name="OBJECTID">690</SimpleData>
		<SimpleData name="PROJECTNAME">300 M</SimpleData>
		<SimpleData name="WARD">6</SimpleData>
		<SimpleData name="LOCATION">300 M St., NE</SimpleData>
		<SimpleData name="DEVELOPER">The Wilkes Company</SimpleData>
		<SimpleData name="PROJECTTYPE">Residential</SimpleData>
		<SimpleData name="UNITS">425</SimpleData>
		<SimpleData name="ESTVALUEINMILLION">158000000</SimpleData>
		<SimpleData name="ESTDELIVERY">2022</SimpleData>
		<SimpleData name="STATUS">Pipeline</SimpleData>
		<SimpleData name="REPORT_EDITION_YEAR">2016-2019</SimpleData>
		<SimpleData name="LAST_EDITED_USER">SDE</SimpleData>
		<SimpleData name="LAST_EDITED_DATE">2025/10/16 20:12:51+00</SimpleData>
		<SimpleData name="GLOBALID">{08A5A6ED-6755-4583-8E8B-BD9FB1270493}</SimpleData>
	</SchemaData></ExtendedData>
  </Placemark>
  <Placemark>
	<ExtendedData><SchemaData schemaUrl="#DCDevelopment">
		<SimpleData name="OBJECTID">691</SimpleData>
		<SimpleData name="PROJECTNAME">The Wharf (Phase II)</SimpleData>
		<SimpleData name="WARD">6</SimpleData>
		<SimpleData name="LOCATION">Southwest Waterfront</SimpleData>
		<SimpleData name="DEVELOPER">Hoffman &amp; Associates / Madison Marquette</SimpleData>
		<SimpleData name="PROJECTTYPE">Retail</SimpleData>
		<SimpleData name="TYPE_SQFT">119559</SimpleData>
		<SimpleData name="ESTVALUEINMILLION">1200000000</SimpleData>
		<SimpleData name="ESTDELIVERY">Q3 22</SimpleData>
		<SimpleData name="STATUS">Under Construction</SimpleData>
		<SimpleData name="REPORT_EDITION_YEAR">2016-2019</SimpleData>
		<SimpleData name="LAST_EDITED_USER">SDE</SimpleData>
		<SimpleData name="LAST_EDITED_DATE">2025/10/16 20:13:28+00</SimpleData>
		<SimpleData name="GLOBALID">{197DDF09-19DE-4FDE-8874-39C8B312E00E}</SimpleData>
	</SchemaData></ExtendedData>
  </Placemark>
  <Placemark>
	<ExtendedData><SchemaData schemaUrl="#DCDevelopment">
		<SimpleData name="OBJECTID">692</SimpleData>
		<SimpleData name="PROJECTNAME">Highline at Union Market</SimpleData>
		<SimpleData name="WARD">5</SimpleData>
		<SimpleData name="LOCATION">320 Florida Ave., NE</SimpleData>
		<SimpleData name="DEVELOPER">Level 2 Development /  Clark Enterprises</SimpleData>
		<SimpleData name="PROJECTTYPE">Residential</SimpleData>
		<SimpleData name="UNITS">317</SimpleData>
		<SimpleData name="UNIT_TYPE">R</SimpleData>
		<SimpleData name="ESTVALUEINMILLION">101000000</SimpleData>
		<SimpleData name="ESTDELIVERY">2019</SimpleData>
		<SimpleData name="STATUS">Pipeline</SimpleData>
		<SimpleData name="REPORT_EDITION_YEAR">2016-2019</SimpleData>
		<SimpleData name="ARCHITECT">Eric Colbert &amp; Associates, PC</SimpleData>
		<SimpleData name="LAST_EDITED_USER">SDE</SimpleData>
		<SimpleData name="LAST_EDITED_DATE">2025/10/16 20:12:51+00</SimpleData>
		<SimpleData name="GLOBALID">{EBBFA599-3F45-4E40-BC6A-9E00E9653E36}</SimpleData>
	</SchemaData></ExtendedData>
  </Placemark>
  <Placemark>
	<ExtendedData><SchemaData schemaUrl="#DCDevelopment">
		<SimpleData name="OBJECTID">693</SimpleData>
		<SimpleData name="PROJECTNAME">St. Paul's College Seminary &amp; Residence</SimpleData>
		<SimpleData name="WARD">5</SimpleData>
		<SimpleData name="LOCATION">3025 4th St., NE</SimpleData>
		<SimpleData name="DEVELOPER">Elm Street Development / Boundary Companies</SimpleData>
		<SimpleData name="PROJECTTYPE">Education</SimpleData>
		<SimpleData name="TYPE_SQFT">102000</SimpleData>
		<SimpleData name="STATUS">Pipeline</SimpleData>
		<SimpleData name="REPORT_EDITION_YEAR">2016-2019</SimpleData>
		<SimpleData name="ARCHITECT">N/A</SimpleData>
		<SimpleData name="LAST_EDITED_USER">SDE</SimpleData>
		<SimpleData name="LAST_EDITED_DATE">2025/10/16 20:09:37+00</SimpleData>
		<SimpleData name="GLOBALID">{3EF1147F-362B-4ABB-89D2-7AC6A1E045A8}</SimpleData>
	</SchemaData></ExtendedData>
  </Placemark>
  <Placemark>
	<ExtendedData><SchemaData schemaUrl="#DCDevelopment">
		<SimpleData name="OBJECTID">694</SimpleData>
		<SimpleData name="PROJECTNAME">The Modern at Fort Totten</SimpleData>
		<SimpleData name="WARD">5</SimpleData>
		<SimpleData name="LOCATION">5180 South Dakota Avenue, NE</SimpleData>
		<SimpleData name="DEVELOPER">Morris &amp; Gwendolyn Cafritz Foundation</SimpleData>
		<SimpleData name="PROJECTTYPE">Residential</SimpleData>
		<SimpleData name="UNITS">520</SimpleData>
		<SimpleData name="UNIT_TYPE">R</SimpleData>
		<SimpleData name="ESTVALUEINMILLION">135000000</SimpleData>
		<SimpleData name="ESTDELIVERY">Q3 17</SimpleData>
		<SimpleData name="STATUS">Completed</SimpleData>
		<SimpleData name="REPORT_EDITION_YEAR">2016-2019</SimpleData>
		<SimpleData name="ARCHITECT">EE&amp;K / MV+A Architects / Shalom Baranes Associates</SimpleData>
		<SimpleData name="LAST_EDITED_USER">SDE</SimpleData>
		<SimpleData name="LAST_EDITED_DATE">2025/10/16 20:12:51+00</SimpleData>
		<SimpleData name="GLOBALID">{350C2909-ADD2-479D-A77A-ED1CB24E50B2}</SimpleData>
	</SchemaData></ExtendedData>
  </Placemark>
  <Placemark>
	<ExtendedData><SchemaData schemaUrl="#DCDevelopment">
		<SimpleData name="OBJECTID">695</SimpleData>
		<SimpleData name="PROJECTNAME">Museum of the Bible</SimpleData>
		<SimpleData name="WARD">6</SimpleData>
		<SimpleData name="LOCATION">300 D Street, SW</SimpleData>
		<SimpleData name="DEVELOPER">Museum of the Bible</SimpleData>
		<SimpleData name="PROJECTTYPE">Hospitality</SimpleData>
		<SimpleData name="TYPE_SQFT">430000</SimpleData>
		<SimpleData name="ESTVALUEINMILLION">504000000</SimpleData>
		<SimpleData name="ESTDELIVERY">Q4 17</SimpleData>
		<SimpleData name="STATUS">Completed</SimpleData>
		<SimpleData name="REPORT_EDITION_YEAR">2016-2019</SimpleData>
		<SimpleData name="ARCHITECT">SmithGroupJJR</SimpleData>
		<SimpleData name="LAST_EDITED_USER">SDE</SimpleData>
		<SimpleData name="LAST_EDITED_DATE">2025/10/16 20:10:22+00</SimpleData>
		<SimpleData name="GLOBALID">{FD9B7D88-5002-43A6-9CF4-A89A317C349B}</SimpleData>
	</SchemaData></ExtendedData>
  </Placemark>
  <Placemark>
	<ExtendedData><SchemaData schemaUrl="#DCDevelopment">
		<SimpleData name="OBJECTID">696</SimpleData>
		<SimpleData name="PROJECTNAME">Martin Luther King Jr. Library</SimpleData>
		<SimpleData name="WARD">2</SimpleData>
		<SimpleData name="LOCATION">9th &amp; G Sts., NW</SimpleData>
		<SimpleData name="DEVELOPER">Jair Lynch Real Estate Partners / DC Public Library</SimpleData>
		<SimpleData name="PROJECTTYPE">Quality of Life</SimpleData>
		<SimpleData name="TYPE_SQFT">400000</SimpleData>
		<SimpleData name="ESTVALUEINMILLION">211600000</SimpleData>
		<SimpleData name="ESTDELIVERY">Q3 20</SimpleData>
		<SimpleData name="STATUS">Under Construction</SimpleData>
		<SimpleData name="REPORT_EDITION_YEAR">2016-2019</SimpleData>
		<SimpleData name="LAST_EDITED_USER">SDE</SimpleData>
		<SimpleData name="LAST_EDITED_DATE">2025/10/16 20:12:15+00</SimpleData>
		<SimpleData name="GLOBALID">{38B90C27-CF86-48FD-BAFC-E708669703B3}</SimpleData>
	</SchemaData></ExtendedData>
  </Placemark>
  <Placemark>
	<ExtendedData><SchemaData schemaUrl="#DCDevelopment">
		<SimpleData name="OBJECTID">697</SimpleData>
		<SimpleData name="PROJECTNAME">Riverpoint</SimpleData>
		<SimpleData name="WARD">6</SimpleData>
		<SimpleData name="LOCATION">2100 2nd St., SW</SimpleData>
		<SimpleData name="DEVELOPER">Akridge / Western Development Corp. / Jefferson Apartment Grp. / Orr Partners</SimpleData>
		<SimpleData name="PROJECTTYPE">Retail</SimpleData>
		<SimpleData name="TYPE_SQFT">70441</SimpleData>
		<SimpleData name="ESTVALUEINMILLION">220000000</SimpleData>
		<SimpleData name="ESTDELIVERY">Q1 20</SimpleData>
		<SimpleData name="STATUS">Under Construction</SimpleData>
		<SimpleData name="REPORT_EDITION_YEAR">2016-2019</SimpleData>
		<SimpleData name="LAST_EDITED_USER">SDE</SimpleData>
		<SimpleData name="LAST_EDITED_DATE">2025/10/16 20:13:28+00</SimpleData>
		<SimpleData name="GLOBALID">{91E21883-1B12-4534-A6CF-E59CEEE92213}</SimpleData>
	</SchemaData></ExtendedData>
  </Placemark>
  <Placemark>
	<ExtendedData><SchemaData schemaUrl="#DCDevelopment">
		<SimpleData name="OBJECTID">698</SimpleData>
		<SimpleData name="PROJECTNAME">Apollo</SimpleData>
		<SimpleData name="WARD">6</SimpleData>
		<SimpleData name="LOCATION">610 H St., NE</SimpleData>
		<SimpleData name="DEVELOPER">Insight Property Group</SimpleData>
		<SimpleData name="PROJECTTYPE">Residential</SimpleData>
		<SimpleData name="UNITS">431</SimpleData>
		<SimpleData name="UNIT_TYPE">R</SimpleData>
		<SimpleData name="ESTVALUEINMILLION">195000000</SimpleData>
		<SimpleData name="STATUS">Under Construction</SimpleData>
		<SimpleData name="REPORT_EDITION_YEAR">2016-2019</SimpleData>
		<SimpleData name="ARCHITECT">SK+I Architectural Design Group</SimpleData>
		<SimpleData name="LAST_EDITED_USER">SDE</SimpleData>
		<SimpleData name="LAST_EDITED_DATE">2025/10/16 20:12:51+00</SimpleData>
		<SimpleData name="GLOBALID">{D1F3C7FF-6EDA-4A33-A2AC-EBCC9B0D0D7A}</SimpleData>
	</SchemaData></ExtendedData>
  </Placemark>
  <Placemark>
	<ExtendedData><SchemaData schemaUrl="#DCDevelopment">
		<SimpleData name="OBJECTID">699</SimpleData>
		<SimpleData name="PROJECTNAME">SLS Lux Hotel &amp; Residences</SimpleData>
		<SimpleData name="WARD">6</SimpleData>
		<SimpleData name="LOCATION">901 5th Street, NW</SimpleData>
		<SimpleData name="DEVELOPER">Peebles Corporation / MacFarlane Partners</SimpleData>
		<SimpleData name="PROJECTTYPE">Hospitality</SimpleData>
		<SimpleData name="TYPE_SQFT">142500</SimpleData>
		<SimpleData name="UNITS">175</SimpleData>
		<SimpleData name="ESTVALUEINMILLION">135000000</SimpleData>
		<SimpleData name="ESTDELIVERY">2020</SimpleData>
		<SimpleData name="STATUS">Pipeline</SimpleData>
		<SimpleData name="REPORT_EDITION_YEAR">2016-2019</SimpleData>
		<SimpleData name="ARCHITECT">WDG Architecture</SimpleData>
		<SimpleData name="LAST_EDITED_USER">SDE</SimpleData>
		<SimpleData name="LAST_EDITED_DATE">2025/10/16 20:10:22+00</SimpleData>
		<SimpleData name="GLOBALID">{D3E8AE79-AF11-48B2-8611-955D65725B52}</SimpleData>
	</SchemaData></ExtendedData>
  </Placemark>
  <Placemark>
	<ExtendedData><SchemaData schemaUrl="#DCDevelopment">
		<SimpleData name="OBJECTID">700</SimpleData>
		<SimpleData name="PROJECTNAME">Renwick Gallery</SimpleData>
		<SimpleData name="WARD">2</SimpleData>
		<SimpleData name="LOCATION">1661 Pennsylvania Ave., NW</SimpleData>
		<SimpleData name="DEVELOPER">Smithsonian</SimpleData>
		<SimpleData name="PROJECTTYPE">Hospitality</SimpleData>
		<SimpleData name="TYPE_SQFT">34000</SimpleData>
		<SimpleData name="ESTVALUEINMILLION">30000000</SimpleData>
		<SimpleData name="STATUS">Completed</SimpleData>
		<SimpleData name="REPORT_EDITION_YEAR">2016-2019</SimpleData>
		<SimpleData name="ARCHITECT">Westlake Reed Leskosky</SimpleData>
		<SimpleData name="LAST_EDITED_USER">SDE</SimpleData>
		<SimpleData name="LAST_EDITED_DATE">2025/10/16 20:10:22+00</SimpleData>
		<SimpleData name="GLOBALID">{CB2F97B1-AEA5-4ADA-94FA-7F2D063C57B7}</SimpleData>
	</SchemaData></ExtendedData>
  </Placemark>
  <Placemark>
	<ExtendedData><SchemaData schemaUrl="#DCDevelopment">
		<SimpleData name="OBJECTID">701</SimpleData>
		<SimpleData name="PROJECTNAME">Four Constitution Square</SimpleData>
		<SimpleData name="WARD">6</SimpleData>
		<SimpleData name="LOCATION">150 M St., NE</SimpleData>
		<SimpleData name="DEVELOPER">StonebridgeCarras / Walton Street Capital</SimpleData>
		<SimpleData name="PROJECTTYPE">Office</SimpleData>
		<SimpleData name="TYPE_SQFT">505000</SimpleData>
		<SimpleData name="ESTVALUEINMILLION">250000000</SimpleData>
		<SimpleData name="ESTDELIVERY">2018</SimpleData>
		<SimpleData name="STATUS">Pipeline</SimpleData>
		<SimpleData name="REPORT_EDITION_YEAR">2016-2019</SimpleData>
		<SimpleData name="ARCHITECT">HOK</SimpleData>
		<SimpleData name="LAST_EDITED_USER">SDE</SimpleData>
		<SimpleData name="LAST_EDITED_DATE">2025/10/16 20:11:02+00</SimpleData>
		<SimpleData name="GLOBALID">{1A2513C1-F911-49E7-A941-402DA2FF6854}</SimpleData>
	</SchemaData></ExtendedData>
  </Placemark>
  <Placemark>
	<ExtendedData><SchemaData schemaUrl="#DCDevelopment">
		<SimpleData name="OBJECTID">702</SimpleData>
		<SimpleData name="PROJECTNAME">National Law Enforcement Museum</SimpleData>
		<SimpleData name="WARD">2</SimpleData>
		<SimpleData name="LOCATION">E STREET NW FROM 4TH STREET NW TO 5TH STREET NW</SimpleData>
		<SimpleData name="DEVELOPER">NLEOMF</SimpleData>
		<SimpleData name="PROJECTTYPE">Hospitality</SimpleData>
		<SimpleData name="TYPE_SQFT">55000</SimpleData>
		<SimpleData name="ESTVALUEINMILLION">103000000</SimpleData>
		<SimpleData name="ESTDELIVERY">Q4 18</SimpleData>
		<SimpleData name="STATUS">Completed</SimpleData>
		<SimpleData name="REPORT_EDITION_YEAR">2016-2019</SimpleData>
		<SimpleData name="LAST_EDITED_USER">SDE</SimpleData>
		<SimpleData name="LAST_EDITED_DATE">2025/10/16 20:10:22+00</SimpleData>
		<SimpleData name="GLOBALID">{D9D5656D-21E3-427A-8905-73E902B3620A}</SimpleData>
	</SchemaData></ExtendedData>
  </Placemark>
  <Placemark>
	<ExtendedData><SchemaData schemaUrl="#DCDevelopment">
		<SimpleData name="OBJECTID">703</SimpleData>
		<SimpleData name="PROJECTNAME">Saint Elizabeths East (Phase I)</SimpleData>
		<SimpleData name="WARD">8</SimpleData>
		<SimpleData name="LOCATION">Saint Elizabeths East Campus</SimpleData>
		<SimpleData name="DEVELOPER">Redbrick / Gragg Cardona Partners / Flaherty &amp; Collins / AEDC / DMPED</SimpleData>
		<SimpleData name="PROJECTTYPE">Office</SimpleData>
		<SimpleData name="TYPE_SQFT">170000</SimpleData>
		<SimpleData name="ESTVALUEINMILLION">300000000</SimpleData>
		<SimpleData name="ESTDELIVERY">2019</SimpleData>
		<SimpleData name="STATUS">Pipeline</SimpleData>
		<SimpleData name="REPORT_EDITION_YEAR">2016-2019</SimpleData>
		<SimpleData name="ARCHITECT">Cunningham + Quill Architects, PLLC</SimpleData>
		<SimpleData name="LAST_EDITED_USER">SDE</SimpleData>
		<SimpleData name="LAST_EDITED_DATE">2025/10/16 20:11:02+00</SimpleData>
		<SimpleData name="GLOBALID">{F349DE32-FF86-4662-AAD3-055737DE1BDA}</SimpleData>
	</SchemaData></ExtendedData>
  </Placemark>
  <Placemark>
	<ExtendedData><SchemaData schemaUrl="#DCDevelopment">
		<SimpleData name="OBJECTID">704</SimpleData>
		<SimpleData name="PROJECTNAME">Sentinel Square (Phase III)</SimpleData>
		<SimpleData name="WARD">6</SimpleData>
		<SimpleData name="LOCATION">45 L Street, NE</SimpleData>
		<SimpleData name="DEVELOPER">Trammell Crow Company</SimpleData>
		<SimpleData name="PROJECTTYPE">Office</SimpleData>
		<SimpleData name="TYPE_SQFT">545000</SimpleData>
		<SimpleData name="ESTVALUEINMILLION">250000000</SimpleData>
		<SimpleData name="ESTDELIVERY">Q1 20</SimpleData>
		<SimpleData name="STATUS">Under Construction</SimpleData>
		<SimpleData name="REPORT_EDITION_YEAR">2016-2019</SimpleData>
		<SimpleData name="ARCHITECT">SmithGroupJJR</SimpleData>
		<SimpleData name="LAST_EDITED_USER">SDE</SimpleData>
		<SimpleData name="LAST_EDITED_DATE">2025/10/16 20:11:02+00</SimpleData>
		<SimpleData name="GLOBALID">{02C807B7-F638-49DE-8B9B-5541154F1A9F}</SimpleData>
	</SchemaData></ExtendedData>
  </Placemark>
  <Placemark>
	<ExtendedData><SchemaData schemaUrl="#DCDevelopment">
		<SimpleData name="OBJECTID">705</SimpleData>
		<SimpleData name="PROJECTNAME">Storey Park</SimpleData>
		<SimpleData name="WARD">6</SimpleData>
		<SimpleData name="LOCATION">1005 1st Street, NE</SimpleData>
		<SimpleData name="DEVELOPER">Perseus Realty / Four Points / Greencourt Capital</SimpleData>
		<SimpleData name="PROJECTTYPE">Residential</SimpleData>
		<SimpleData name="UNITS">472</SimpleData>
		<SimpleData name="UNIT_TYPE">R</SimpleData>
		<SimpleData name="ESTVALUEINMILLION">330000000</SimpleData>
		<SimpleData name="ESTDELIVERY">2021</SimpleData>
		<SimpleData name="STATUS">Pipeline</SimpleData>
		<SimpleData name="REPORT_EDITION_YEAR">2016-2019</SimpleData>
		<SimpleData name="ARCHITECT">HKS PC</SimpleData>
		<SimpleData name="LAST_EDITED_USER">SDE</SimpleData>
		<SimpleData name="LAST_EDITED_DATE">2025/10/16 20:12:51+00</SimpleData>
		<SimpleData name="GLOBALID">{57C69301-377C-4FF5-B781-E39B141E0968}</SimpleData>
	</SchemaData></ExtendedData>
  </Placemark>
  <Placemark>
	<ExtendedData><SchemaData schemaUrl="#DCDevelopment">
		<SimpleData name="OBJECTID">706</SimpleData>
		<SimpleData name="PROJECTNAME">City Ridge</SimpleData>
		<SimpleData name="WARD">3</SimpleData>
		<SimpleData name="LOCATION">3900 Wisconsin Ave., NW</SimpleData>
		<SimpleData name="DEVELOPER">Roadside</SimpleData>
		<SimpleData name="PROJECTTYPE">Office</SimpleData>
		<SimpleData name="TYPE_SQFT">170000</SimpleData>
		<SimpleData name="UNITS">0</SimpleData>
		<SimpleData name="ESTVALUEINMILLION">715000000</SimpleData>
		<SimpleData name="ESTDELIVERY">Q2 22</SimpleData>
		<SimpleData name="STATUS">Under Construction</SimpleData>
		<SimpleData name="REPORT_EDITION_YEAR">2020-2021</SimpleData>
		<SimpleData name="ARCHITECT"></SimpleData>
		<SimpleData name="LAST_EDITED_USER">SDE</SimpleData>
		<SimpleData name="LAST_EDITED_DATE">2025/10/16 20:11:02+00</SimpleData>
		<SimpleData name="GLOBALID">{CBE1324B-60DE-42C5-8BF8-360903DF9C9B}</SimpleData>
	</SchemaData></ExtendedData>
  </Placemark>
  <Placemark>
	<ExtendedData><SchemaData schemaUrl="#DCDevelopment">
		<SimpleData name="OBJECTID">707</SimpleData>
		<SimpleData name="PROJECTNAME">555 Pennsylvania Avenue</SimpleData>
		<SimpleData name="WARD">2</SimpleData>
		<SimpleData name="LOCATION">555 Pennsylvania Ave., NW</SimpleData>
		<SimpleData name="DEVELOPER">John Hopkins University</SimpleData>
		<SimpleData name="PROJECTTYPE">Quality of Life</SimpleData>
		<SimpleData name="TYPE_SQFT">400000</SimpleData>
		<SimpleData name="UNITS">0</SimpleData>
		<SimpleData name="ESTVALUEINMILLION">200000000</SimpleData>
		<SimpleData name="ESTDELIVERY">2023</SimpleData>
		<SimpleData name="STATUS">Pipeline</SimpleData>
		<SimpleData name="REPORT_EDITION_YEAR">2020-2021</SimpleData>
		<SimpleData name="ARCHITECT"></SimpleData>
		<SimpleData name="LAST_EDITED_USER">SDE</SimpleData>
		<SimpleData name="LAST_EDITED_DATE">2025/10/16 20:12:15+00</SimpleData>
		<SimpleData name="GLOBALID">{D661A8E5-641E-4006-9A55-64679D1A970E}</SimpleData>
	</SchemaData></ExtendedData>
  </Placemark>
  <Placemark>
	<ExtendedData><SchemaData schemaUrl="#DCDevelopment">
		<SimpleData name="OBJECTID">708</SimpleData>
		<SimpleData name="PROJECTNAME">Medstar Georgetown University Hospital Pavilion</SimpleData>
		<SimpleData name="WARD">2</SimpleData>
		<SimpleData name="LOCATION">3800 Reservoir Rd., NW</SimpleData>
		<SimpleData name="DEVELOPER">MedStar Georgetown University Hospital / Trammell Crow Company</SimpleData>
		<SimpleData name="PROJECTTYPE">Quality of Life</SimpleData>
		<SimpleData name="TYPE_SQFT">497000</SimpleData>
		<SimpleData name="UNITS">0</SimpleData>
		<SimpleData name="ESTVALUEINMILLION">560000000</SimpleData>
		<SimpleData name="ESTDELIVERY">Q1 23</SimpleData>
		<SimpleData name="STATUS">Under Construction</SimpleData>
		<SimpleData name="REPORT_EDITION_YEAR">2020-2021</SimpleData>
		<SimpleData name="ARCHITECT"></SimpleData>
		<SimpleData name="LAST_EDITED_USER">SDE</SimpleData>
		<SimpleData name="LAST_EDITED_DATE">2025/10/16 20:12:15+00</SimpleData>
		<SimpleData name="GLOBALID">{9910E69B-8F60-4F21-925C-B5C3999C777D}</SimpleData>
	</SchemaData></ExtendedData>
  </Placemark>
  <Placemark>
	<ExtendedData><SchemaData schemaUrl="#DCDevelopment">
		<SimpleData name="OBJECTID">709</SimpleData>
		<SimpleData name="PROJECTNAME">The Wharf (Phase II) - Pendry Hotel</SimpleData>
		<SimpleData name="WARD">6</SimpleData>
		<SimpleData name="LOCATION">Southwest Waterfront</SimpleData>
		<SimpleData name="DEVELOPER">Hoffman &amp; Associates / Madison Marquette</SimpleData>
		<SimpleData name="PROJECTTYPE">Hospitality</SimpleData>
		<SimpleData name="TYPE_SQFT">80000</SimpleData>
		<SimpleData name="UNITS">131</SimpleData>
		<SimpleData name="ESTVALUEINMILLION">1150000000</SimpleData>
		<SimpleData name="ESTDELIVERY">Q3 22</SimpleData>
		<SimpleData name="STATUS">Under Construction</SimpleData>
		<SimpleData name="REPORT_EDITION_YEAR">2020-2021</SimpleData>
		<SimpleData name="ARCHITECT"></SimpleData>
		<SimpleData name="LAST_EDITED_USER">SDE</SimpleData>
		<SimpleData name="LAST_EDITED_DATE">2025/10/16 20:10:22+00</SimpleData>
		<SimpleData name="GLOBALID">{EBC0EB81-810A-48EF-8678-44A358D7F805}</SimpleData>
	</SchemaData></ExtendedData>
  </Placemark>
  <Placemark>
	<ExtendedData><SchemaData schemaUrl="#DCDevelopment">
		<SimpleData name="OBJECTID">710</SimpleData>
		<SimpleData name="PROJECTNAME">1050 17th Street</SimpleData>
		<SimpleData name="WARD">2</SimpleData>
		<SimpleData name="LOCATION">1050 17th St., NW</SimpleData>
		<SimpleData name="DEVELOPER">The Lenkin Company</SimpleData>
		<SimpleData name="PROJECTTYPE">Office</SimpleData>
		<SimpleData name="TYPE_SQFT">148600</SimpleData>
		<SimpleData name="UNITS">0</SimpleData>
		<SimpleData name="ESTVALUEINMILLION">0</SimpleData>
		<SimpleData name="ESTDELIVERY">Q2 20</SimpleData>
		<SimpleData name="STATUS">Completed</SimpleData>
		<SimpleData name="REPORT_EDITION_YEAR">2020-2021</SimpleData>
		<SimpleData name="ARCHITECT"></SimpleData>
		<SimpleData name="LAST_EDITED_USER">SDE</SimpleData>
		<SimpleData name="LAST_EDITED_DATE">2025/10/16 20:11:02+00</SimpleData>
		<SimpleData name="GLOBALID">{7F4FE7C3-0EDC-44D5-A1D9-4B8D98E26013}</SimpleData>
	</SchemaData></ExtendedData>
  </Placemark>
  <Placemark>
	<ExtendedData><SchemaData schemaUrl="#DCDevelopment">
		<SimpleData name="OBJECTID">711</SimpleData>
		<SimpleData name="PROJECTNAME">The Wharf (Phase II)</SimpleData>
		<SimpleData name="WARD">6</SimpleData>
		<SimpleData name="LOCATION">Southwest Waterfront</SimpleData>
		<SimpleData name="DEVELOPER">Hoffman &amp; Associates / Madison Marquette</SimpleData>
		<SimpleData name="PROJECTTYPE">Office</SimpleData>
		<SimpleData name="TYPE_SQFT">547000</SimpleData>
		<SimpleData name="UNITS">0</SimpleData>
		<SimpleData name="ESTVALUEINMILLION">1150000000</SimpleData>
		<SimpleData name="ESTDELIVERY">Q3 22</SimpleData>
		<SimpleData name="STATUS">Under Construction</SimpleData>
		<SimpleData name="REPORT_EDITION_YEAR">2020-2021</SimpleData>
		<SimpleData name="ARCHITECT"></SimpleData>
		<SimpleData name="LAST_EDITED_USER">SDE</SimpleData>
		<SimpleData name="LAST_EDITED_DATE">2025/10/16 20:11:02+00</SimpleData>
		<SimpleData name="GLOBALID">{37B03DF9-9F9B-46F9-96C4-28FF821C9858}</SimpleData>
	</SchemaData></ExtendedData>
  </Placemark>
  <Placemark>
	<ExtendedData><SchemaData schemaUrl="#DCDevelopment">
		<SimpleData name="OBJECTID">712</SimpleData>
		<SimpleData name="PROJECTNAME">MOB Hotel</SimpleData>
		<SimpleData name="WARD">5</SimpleData>
		<SimpleData name="LOCATION">400 FLORIDA AVENUE NE</SimpleData>
		<SimpleData name="DEVELOPER">Ranger Properties</SimpleData>
		<SimpleData name="PROJECTTYPE">Hospitality</SimpleData>
		<SimpleData name="TYPE_SQFT">65903</SimpleData>
		<SimpleData name="UNITS">155</SimpleData>
		<SimpleData name="STATUS">Pipeline</SimpleData>
		<SimpleData name="REPORT_EDITION_YEAR">2016-2019</SimpleData>
		<SimpleData name="LAST_EDITED_USER">SDE</SimpleData>
		<SimpleData name="LAST_EDITED_DATE">2025/10/16 20:10:22+00</SimpleData>
		<SimpleData name="GLOBALID">{4FA1293D-06C6-4673-911E-6B53BF068584}</SimpleData>
	</SchemaData></ExtendedData>
  </Placemark>
  <Placemark>
	<ExtendedData><SchemaData schemaUrl="#DCDevelopment">
		<SimpleData name="OBJECTID">713</SimpleData>
		<SimpleData name="PROJECTNAME">250 Massachusetts Avenue</SimpleData>
		<SimpleData name="WARD">2</SimpleData>
		<SimpleData name="LOCATION">250 Massachusetts Ave., NW</SimpleData>
		<SimpleData name="DEVELOPER">Property Group Partners</SimpleData>
		<SimpleData name="PROJECTTYPE">Office</SimpleData>
		<SimpleData name="TYPE_SQFT">507764</SimpleData>
		<SimpleData name="ESTVALUEINMILLION">275000000</SimpleData>
		<SimpleData name="ESTDELIVERY">Q4 19</SimpleData>
		<SimpleData name="STATUS">Under Construction</SimpleData>
		<SimpleData name="REPORT_EDITION_YEAR">2016-2019</SimpleData>
		<SimpleData name="LAST_EDITED_USER">SDE</SimpleData>
		<SimpleData name="LAST_EDITED_DATE">2025/10/16 20:11:02+00</SimpleData>
		<SimpleData name="GLOBALID">{BB120850-B63E-4BF6-AD71-1CBAD6376ACD}</SimpleData>
	</SchemaData></ExtendedData>
  </Placemark>
  <Placemark>
	<ExtendedData><SchemaData schemaUrl="#DCDevelopment">
		<SimpleData name="OBJECTID">714</SimpleData>
		<SimpleData name="PROJECTNAME">Sibley Memorial Hospital Tower</SimpleData>
		<SimpleData name="WARD">3</SimpleData>
		<SimpleData name="LOCATION">5255 Loughboro Rd., NW</SimpleData>
		<SimpleData name="DEVELOPER">Sibley Memorial Hospital</SimpleData>
		<SimpleData name="PROJECTTYPE">Quality of Life</SimpleData>
		<SimpleData name="TYPE_SQFT">127000</SimpleData>
		<SimpleData name="ESTVALUEINMILLION">35000000</SimpleData>
		<SimpleData name="ESTDELIVERY">Q3 19</SimpleData>
		<SimpleData name="STATUS">Completed</SimpleData>
		<SimpleData name="REPORT_EDITION_YEAR">2016-2019</SimpleData>
		<SimpleData name="LAST_EDITED_USER">SDE</SimpleData>
		<SimpleData name="LAST_EDITED_DATE">2025/10/16 20:12:15+00</SimpleData>
		<SimpleData name="GLOBALID">{1F00D617-BA59-4BB0-B002-C31493C07CCF}</SimpleData>
	</SchemaData></ExtendedData>
  </Placemark>
  <Placemark>
	<ExtendedData><SchemaData schemaUrl="#DCDevelopment">
		<SimpleData name="OBJECTID">715</SimpleData>
		<SimpleData name="PROJECTNAME">Parc Riverside (Phase II)</SimpleData>
		<SimpleData name="WARD">6</SimpleData>
		<SimpleData name="LOCATION">1010 Half St., SE</SimpleData>
		<SimpleData name="DEVELOPER">Toll Brothers</SimpleData>
		<SimpleData name="PROJECTTYPE">Residential</SimpleData>
		<SimpleData name="TYPE_SQFT">0</SimpleData>
		<SimpleData name="UNITS">308</SimpleData>
		<SimpleData name="ESTVALUEINMILLION">103000000</SimpleData>
		<SimpleData name="ESTDELIVERY">Q2 20</SimpleData>
		<SimpleData name="STATUS">Completed</SimpleData>
		<SimpleData name="REPORT_EDITION_YEAR">2020-2021</SimpleData>
		<SimpleData name="ARCHITECT"></SimpleData>
		<SimpleData name="LAST_EDITED_USER">SDE</SimpleData>
		<SimpleData name="LAST_EDITED_DATE">2025/10/16 20:12:51+00</SimpleData>
		<SimpleData name="GLOBALID">{46182673-9F75-4F9A-BE67-552D1A9B5914}</SimpleData>
	</SchemaData></ExtendedData>
  </Placemark>
  <Placemark>
	<ExtendedData><SchemaData schemaUrl="#DCDevelopment">
		<SimpleData name="OBJECTID">716</SimpleData>
		<SimpleData name="PROJECTNAME">Saint Elizabeths East (Parcel 17)</SimpleData>
		<SimpleData name="WARD">8</SimpleData>
		<SimpleData name="LOCATION">Saint Elizabeths East Campus</SimpleData>
		<SimpleData name="DEVELOPER">Redbrick LMD / Gragg Cardona Partners / DMPED</SimpleData>
		<SimpleData name="PROJECTTYPE">Retail</SimpleData>
		<SimpleData name="TYPE_SQFT">31000</SimpleData>
		<SimpleData name="UNITS">0</SimpleData>
		<SimpleData name="ESTVALUEINMILLION">170000000</SimpleData>
		<SimpleData name="ESTDELIVERY">2023</SimpleData>
		<SimpleData name="STATUS">Pipeline</SimpleData>
		<SimpleData name="REPORT_EDITION_YEAR">2020-2021</SimpleData>
		<SimpleData name="ARCHITECT"></SimpleData>
		<SimpleData name="LAST_EDITED_USER">SDE</SimpleData>
		<SimpleData name="LAST_EDITED_DATE">2025/10/16 20:13:28+00</SimpleData>
		<SimpleData name="GLOBALID">{AE39BAB2-5966-442F-9255-D5370914CD12}</SimpleData>
	</SchemaData></ExtendedData>
  </Placemark>
  <Placemark>
	<ExtendedData><SchemaData schemaUrl="#DCDevelopment">
		<SimpleData name="OBJECTID">717</SimpleData>
		<SimpleData name="PROJECTNAME">ART Place at Fort Totten (Phase II)</SimpleData>
		<SimpleData name="WARD">5</SimpleData>
		<SimpleData name="LOCATION">5300 South Dakota Ave., NE</SimpleData>
		<SimpleData name="DEVELOPER">Morris &amp; Gwendolyn Cafritz Foundation</SimpleData>
		<SimpleData name="PROJECTTYPE">Retail</SimpleData>
		<SimpleData name="TYPE_SQFT">95000</SimpleData>
		<SimpleData name="UNITS">0</SimpleData>
		<SimpleData name="ESTVALUEINMILLION">0</SimpleData>
		<SimpleData name="ESTDELIVERY">Q4 22</SimpleData>
		<SimpleData name="STATUS">Under Construction</SimpleData>
		<SimpleData name="REPORT_EDITION_YEAR">2020-2021</SimpleData>
		<SimpleData name="ARCHITECT"></SimpleData>
		<SimpleData name="LAST_EDITED_USER">SDE</SimpleData>
		<SimpleData name="LAST_EDITED_DATE">2025/10/16 20:13:28+00</SimpleData>
		<SimpleData name="GLOBALID">{0B4E556E-1E82-4FD1-AD74-FC81037CB6CD}</SimpleData>
	</SchemaData></ExtendedData>
  </Placemark>
  <Placemark>
	<ExtendedData><SchemaData schemaUrl="#DCDevelopment">
		<SimpleData name="OBJECTID">718</SimpleData>
		<SimpleData name="PROJECTNAME">Bond Bread</SimpleData>
		<SimpleData name="WARD">1</SimpleData>
		<SimpleData name="LOCATION">2114 Georgia Ave., NW</SimpleData>
		<SimpleData name="DEVELOPER">Fivesquares Development / EDENS / Menkiti Group / Howard University</SimpleData>
		<SimpleData name="PROJECTTYPE">Retail</SimpleData>
		<SimpleData name="TYPE_SQFT">74000</SimpleData>
		<SimpleData name="ESTVALUEINMILLION">150000000</SimpleData>
		<SimpleData name="STATUS">Pipeline</SimpleData>
		<SimpleData name="REPORT_EDITION_YEAR">2016-2019</SimpleData>
		<SimpleData name="LAST_EDITED_USER">SDE</SimpleData>
		<SimpleData name="LAST_EDITED_DATE">2025/10/16 20:13:28+00</SimpleData>
		<SimpleData name="GLOBALID">{B350E77C-2A93-44A6-84EA-D907EBF555CE}</SimpleData>
	</SchemaData></ExtendedData>
  </Placemark>
  <Placemark>
	<ExtendedData><SchemaData schemaUrl="#DCDevelopment">
		<SimpleData name="OBJECTID">719</SimpleData>
		<SimpleData name="PROJECTNAME">Press House at Union District</SimpleData>
		<SimpleData name="WARD">6</SimpleData>
		<SimpleData name="LOCATION">301 N STREET NE</SimpleData>
		<SimpleData name="DEVELOPER">Foulger-Pratt</SimpleData>
		<SimpleData name="PROJECTTYPE">Hospitality</SimpleData>
		<SimpleData name="TYPE_SQFT">80366</SimpleData>
		<SimpleData name="UNITS">175</SimpleData>
		<SimpleData name="ESTVALUEINMILLION">180000000</SimpleData>
		<SimpleData name="ESTDELIVERY">Q2 21</SimpleData>
		<SimpleData name="STATUS">Under Construction</SimpleData>
		<SimpleData name="REPORT_EDITION_YEAR">2016-2019</SimpleData>
		<SimpleData name="LAST_EDITED_USER">SDE</SimpleData>
		<SimpleData name="LAST_EDITED_DATE">2025/10/16 20:10:22+00</SimpleData>
		<SimpleData name="GLOBALID">{C1F37A38-C49B-4358-9504-E4D713D9C46F}</SimpleData>
	</SchemaData></ExtendedData>
  </Placemark>
</Folder>
</Document></kml>
