OBJECTID,PROJECTNAME,WARD,LOCATION,DEVELOPER,PROJECTTYPE,TYPE_SQFT,UNITS,UNIT_TYPE,ESTVALUEINMILLION,ESTDELIVERY,STATUS,LATITUDE,LONGITUDE,REPORT_EDITION_YEAR,ARCHITECT,CREATED_USER,CREATED_DATE,LAST_EDITED_USER,LAST_EDITED_DATE,GLOBALID
1,17xM,2,1700 M St. NW,Skanska,Office,317000,,,216000000,Q2 24,Completed,38.905406,-77.038834,2024-2025,,,,,,{44933299-0483-4621-BE99-09DC4C354795}
2,Reunion Square (Building 4),8,Shannon Place & W St. SE,Curtis Development / Four Points / Blue Sky Housing,Office,227000,,,0,Q1 24,Completed,38.865241,-76.99096,2024-2025,,,,,,{D532C423-7ADD-49CB-A96E-6794401B8F4B}
3,MLK Gateway II,8,1909 Martin L King Jr Ave. SE,Menkiti Group,Office,60000,,,70500000,Q1 24,Completed,38.867224,-76.988901,2024-2025,,,,,,{EA30A5DA-AA45-4F10-B507-EDBC7ADA25F6}
4,The Oliver,1,2711 - 2719 Georgia Ave. NW,Rock Creek Property Group / Howard University,Office,41000,,,62000000,Q3 24,Completed,38.925115,-77.022258,2024-2025,,,,,,{D08B7329-12F9-40B0-8F4E-E302D04C213F}
5,The Community Partnership for the Prevention of Homelessness,4,14 Kennedy St. NW,The Community Partnership for the Prevention of Homelessness,Office,20000,,,8000000,Q3 24,Completed,38.956436,-77.010428,2024-2025,,,,,,{63C47A40-8B83-4EC3-BE7E-06A3850E0D5F}
6,611 Division Avenue,7,611 Division Ave. NE,The Cox Development Group,Office,12000,,,0,Q2 24,Completed,38.897659,-76.925616,2024-2025,,,,,,{6D07D4E6-6D10-46F7-8CFD-E4E2BB681570}
7,226 Massachusetts Avenue,6,226 Massachusetts Ave. NE,Heritage Foundation,Office,5500,,,0,Q4 24,Completed,38.895084,-77.002532,2024-2025,,,,,,{4CFF2098-7859-4911-AC22-2BE895B801C3}
8,Federal Reserve Renovation & Expansion,2,1951 & 2051 Constitution Avenue NW,The Federal Reserve Board,Office,826000,,,0,,Under Construction,38.892855,-77.044194,2024-2025,,,,,,{77DE8125-C734-4C02-B48C-5C7B591F6381}
9,Cybersecurity & Infrastructure Security Agency HQ,8,2701 Martin Luther King Jr. Ave. SE,General Services Administration,Office,630000,,,524000000,Q1 27,Under Construction,38.851981,-77.000374,2024-2025,,,,,,{CFE67A12-0D6C-4F91-A2D3-D4E43ACD0273}
10,600 5th Street,2,600 5th St. NW,Stonebridge Associates / Rockefeller Group,Office,415000,,,370000000,Q4 25,Under Construction,38.897837,-77.019472,2024-2025,,,,,,{BFD8F3DB-090A-4338-86AD-7462F5160FED}
11,USDA South Building (Wing 7 Modernization),6,1400 Independence Ave. SW,U.S. Department of Agriculture,Office,250000,,,114000000,Q2 25,Under Construction,38.886773,-77.031541,2024-2025,,,,,,{5425AAAF-9F08-4D02-B5F1-1835EACD59B1}
12,AIA Headquarters Modernization,2,1735 New York Ave. NW,American Institute of Architects,Office,180000,,,60000000,Q2 25,Under Construction,38.896541,-77.040894,2024-2025,,,,,,{436F8D2B-BC54-497A-ACE3-574C6451D365}
13,Cannon House Office Building Renewal (Ph IV),6,27 Independence Ave. SE,Architect of the Capitol,Office,170000,,,188000000,Q4 25,Under Construction,38.886239,-77.006633,2024-2025,,,,,,{6E569E19-0E5A-4540-BFE5-3652423FF6C0}
14,The Milken Center for Advancing the American Dream,2,1501 - 1505 Pennsylvania Ave. NW & 730 15th St. NW,Milken Family Foundation / Akridge,Office,132000,,,0,Q3 25,Under Construction,38.899124,-77.033909,2024-2025,,,,,,{5D53E04E-DBF9-4530-8093-B97335F4C20C}
15,Carl F. West Estates,1,1370 Harvard St. NW,DMA Companies / National Caucus & Center on Black Aging,Office,10000,,,134000000,Q1 26,Under Construction,38.926488,-77.031429,2024-2025,,,,,,{FC585D0B-DA3E-40FA-A18C-03CE73767825}
16,EucKal - 1724 Kalorama Road,1,1724 Kalorama Rd. NW,Jubilee Housing,Office,7500,,,16000000,Q2 25,Under Construction,38.920794,-77.039455,2024-2025,,,,,,{4D525E73-018A-4C66-8D40-ABE96FA4C7B7}
17,900 New York Avenue,2,900 New York Ave. NW,Gould Property Company / Oxford Properties Group,Office,575000,,,0,,Pipeline,38.901517,-77.024405,2024-2025,,,,,,{A7EDFF3F-9FF1-496E-B367-C6AFD707A899}
18,Navy Yard - Parcel O,6,1000 O St. SE,Redbrick LMD,Office,400000,,,0,2029,Pipeline,38.872238,-76.993226,2024-2025,,,,,,{8B685BE0-3487-44D0-9CBA-40720FA42F08}
19,Reunion Square (Building 2),8,Martin Luther King Jr. Ave. W St. & Shannon Place SE,Four Points / Curtis Development,Office,400000,,,0,,Pipeline,38.864754,-76.990112,2024-2025,,,,,,{469EFE48-9F26-464F-AB6B-54CF1BC032A6}
20,725 12th Street,2,725 12th St. NW,BXP,Office,306000,,,0,2028,Pipeline,38.898741,-77.02732,2024-2025,,,,,,{6F3AA378-FCB2-4D15-9979-8FD582C3A1BB}
21,The Bridge District (Phase V),8,Howard Rd. SE,Redbrick LMD,Office,250000,,,0,,Pipeline,38.864545,-76.997911,2024-2025,,,,,,{BEE6FE83-8C28-4C9A-874A-4AD9DD5C8F0E}
22,Saint Elizabeths East (Parcel 17 - Bldg 2),8,Saint Elizabeths East Campus,Redbrick LMD / Gragg Cardona Partners / DMPED,Office,154000,,,0,,Pipeline,38.845248,-76.988885,2024-2025,,,,,,{AAE49B13-FEF4-4922-A3EA-861D66C70C41}
23,525 Rhode Island Avenue,5,525 Rhode Island Ave. NE,The Wilkes Company,Office,130000,,,57000000,,Pipeline,38.920286,-76.998079,2024-2025,,,,,,{DF9EAE6E-1E77-4BE6-A196-67F6EA25E422}
24,Saint Elizabeths East (Parcel 7),8,Saint Elizabeths East Campus,St. Elizabeths Legacy Partners / Menkiti Group / DMPED,Office,124300,,,0,,Pipeline,38.846047,-76.995065,2024-2025,,,,,,{8E020864-EDB5-4D0C-8D55-FD92248679C9}
25,2000 14th Street,1,2000 14th St. NW,Reeves CMC Venture (Capri Investment Group / MRP Realty / CSG Urban Partners) / DMPED,Office,108000,,,300000000,2030,Pipeline,38.917444,-77.032404,2024-2025,,,,,,{55C213CE-0EC7-45A7-9C4B-E8FF7D750891}
26,2828 Tenth Street,5,2828 Tenth St. NE,The Wilkes Company,Office,100000,,,42000000,,Pipeline,38.926199,-76.992687,2024-2025,,,,,,{27867C4B-3298-4E93-90ED-D5FFCA860096}
27,Upton Place on Wisconsin,3,4000 Wisconsin Ave. NW & 3990 Upton St. NW,Donohoe Development / AIMCO,Retail,110400,,,290000000,Q1 24,Completed,38.94169,-77.076897,2024-2025,,,,,,{CC03825F-61DE-4419-8491-57F920FC8813}
28,Vermeer,6,113 Potomac Ave. SW,Toll Brothers,Retail,37000,,,259000000,Q4 24,Completed,38.870201,-77.011838,2024-2025,,,,,,{A43044AD-AE84-40AB-92AA-B9952299C28C}
29,ART Place at Fort Totten (Aldi),5,5300 South Dakota Ave. NE,Morris & Gwendolyn Cafritz Foundation,Retail,24000,,,0,Q4 24,Completed,38.954829,-77.00012,2024-2025,,,,,,{AAFE4C91-6C4B-42C9-A731-C9D8BC85FA95}
30,The Westerly,6,350 Maple Drive SW,Hoffman & Associates / Paramount Development Corp. / Affordable Housing Developers / CityPartners / DMPED,Retail,20000,,,179000000,Q1 24,Completed,38.878393,-77.017095,2024-2025,,,,,,{129FA95D-4C5B-44E8-8A9C-3F65E18DE5D8}
31,The Clara on Martin Luther King Jr. Ave,8,2323 Martin Luther King Jr. Ave. SE,Banneker Ventures / Masjid Muhammad,Retail,14000,,,43000000,Q3 24,Completed,38.86324,-76.991883,2024-2025,,,,,,{40712068-BEF7-4918-AAD2-62F2DF20F1F5}
32,17xM,2,1700 M St. NW,Skanska,Retail,13000,,,216000000,Q2 24,Completed,38.905406,-77.038834,2024-2025,,,,,,{9983030B-4B30-4FD1-A472-08C148DB3355}
33,The Arbor at Takoma,4,218 Cedar St. NW,Neighborhood Development Company,Retail,8400,,,22000000,Q3 24,Completed,38.975293,-77.015943,2024-2025,,,,,,{99660FD0-C975-4620-AFE0-D3CA49F52CFC}
34,MLK Gateway II,8,1909 Martin L King Jr Ave. SE,Menkiti Group,Retail,8000,,,70500000,Q1 24,Completed,38.867224,-76.988901,2024-2025,,,,,,{C0B59324-E49E-4C24-939A-76DC74E30C99}
35,Elle Apartments,2,1111 20th St. NW,WILLCO Companies,Retail,8000,,,40000000,Q2 24,Completed,38.904084,-77.044497,2024-2025,,,,,,{34DC41FC-3753-496B-9F08-CF32DEEAE8DC}
36,OZMA,6,44 M St. NE,Skanska,Retail,7700,,,128000000,Q3 24,Completed,38.906078,-77.006823,2024-2025,,,,,,{95CE2B4B-1D3D-4724-AD4A-9B5909A58A90}
37,Residences at Mazza,3,5300 Wisconsin Ave. NW,Tishman Speyer,Retail,90000,,,150000000,Q2 25,Under Construction,38.959718,-77.085767,2024-2025,,,,,,{2E6B3052-4A53-40FC-AECF-F334C2F271A9}
38,Reservoir District,5,North Capitol St. & Michigan Ave. NW,Vision McMillan Partners (Jair Lynch Real Estate Partners / Trammell Crow Company),Retail,80000,,,720000000,2029,Under Construction,38.923912,-77.010582,2024-2025,,,,,,{121BC09C-EE44-4E30-9B50-69391242EE3F}
39,The Bridge District (Phase I),8,632 Howard Rd. SE,Redbrick LMD,Retail,45000,,,350000000,Q1 25,Under Construction,38.86513,-77.000747,2024-2025,,,,,,{7D086F47-88EF-4C23-87DE-E5A0E3B45282}
40,The Stacks (Phase I),6,101 V St. SW,Akridge / National Real Estate Development,Retail,40000,,,650000000,Q1 25,Under Construction,38.864802,-77.012899,2024-2025,,,,,,{0BCB9BB7-3927-4DC5-A81D-025BA3DBA23A}
41,Northern Bus Garage Reconstruction Project,4,4615 14th St. NW,WMATA,Retail,27500,,,500000000,Q2 27,Under Construction,38.947554,-77.032352,2024-2025,,,,,,{1E9BEA14-E82E-4572-99D7-D7EB5FA6A620}
42,The Yards DC Urby,8,110 N St. SE,Brookfield Properties / Urby,Retail,26000,,,0,Q1 25,Under Construction,38.874279,-77.005206,2024-2025,,,,,,{CACADEBF-0208-49C9-B25B-4734BFC79989}
43,The Edmonson,8,1130 Sumner Rd. SE,Preservation of Affordable Housing / DC Housing Authority,Retail,20000,,,0,Q4 26,Under Construction,38.861368,-76.99779,2024-2025,,,,,,{A9F1079D-8841-473A-B809-F41FC33BE272}
44,The Langston,1,1840 7th St. NW,Quadrangle Development / Capstone Development / Howard University,Retail,15400,,,112000000,Q1 25,Under Construction,38.914781,-77.022191,2024-2025,,,,,,{81FDE485-86A5-4CA2-936B-CF63F9D4DB3A}
45,111 Massachusetts Avenue,6,111 Massachusetts Ave. NW,Georgetown University,Retail,13200,,,168000000,Q3 25,Under Construction,38.89967,-77.013174,2024-2025,,,,,,{04996233-C6AB-48A7-849A-0E8CB0E180EA}
46,600 5th Street,2,600 5th St. NW,Stonebridge Associates / Rockefeller Group,Retail,12600,,,370000000,Q4 25,Under Construction,38.897837,-77.019472,2024-2025,,,,,,{020A175A-8FA1-4CCE-AFAE-7D0E4AC7C8B2}
47,East River Park (Northeast Heights - East Parcels),7,Minnesota Ave. & Benning Rd. NE,Standard Real Estate Investments,Retail,127400,,,325000000,2027,Pipeline,38.893692,-76.948405,2024-2025,,,,,,{C69E4973-FEE3-4053-A90D-C063536DBE0D}
48,The Portals,6,1250 Maryland Ave. SW,Lowe,Retail,53000,,,0,2027,Pipeline,38.883695,-77.029431,2024-2025,,,,,,{61F10E08-894E-4E99-B478-6475E2D8A782}
49,Reservation 13 (Bundle 2),7,19th St. Massachusetts Ave. Independence Ave. SE,Frontier Development & Hospitality Group / A. Wash & Associates,Retail,60000,,,0,,Pipeline,38.885662,-76.974267,2024-2025,,,,,,{11AB9E6F-0972-463F-A36E-C922F70F442C}
50,Fletcher Johnson @ The Park,7,4650 Benning Rd. SE,Gragg Cardona Partners / Marshall Heights CDO / Foundation Housing / H2 Design Build,Retail,50000,,,400000000,,Pipeline,38.883961,-76.933812,2024-2025,,,,,,{5340B574-B5DF-4A47-A274-6A1CCB6ABC84}
51,Bond Bread and Washington Railway & Electric Company (WRECO),1,2112 & 2146 Georgia Ave. NW,EDENS / Menkiti Group / Fivesquares Development / Howard University,Retail,50000,,,0,,Pipeline,38.918814,-77.022445,2024-2025,,,,,,{1A8AC127-F605-4669-907E-24B5DBDA6AC5}
52,Saint Elizabeths East (Parcel 7),8,Saint Elizabeths East Campus,St. Elizabeths Legacy Partners / Menkiti Group / DMPED,Retail,29300,,,0,2027,Pipeline,38.846047,-76.995065,2024-2025,,,,,,{9E32DA6F-738A-48C2-9527-4AC9DD3F6F0E}
53,Reservation 13 (Bundle 1),7,19th St. Massachusetts Ave. Independence Ave. SE,Donatelli Development / Blue Skye Development & Construction,Retail,25000,,,700000000,,Pipeline,38.886176,-76.97539,2024-2025,,,,,,{E002DCCF-6D39-40AD-9A5D-97D4E7DE892A}
54,2000 14th Street,1,2000 14th St. NW,Reeves CMC Venture (Capri Investment Group / MRP Realty / CSG Urban Partners) / DMPED,Retail,22500,,,300000000,2030,Pipeline,38.917444,-77.032404,2024-2025,,,,,,{6624C9C1-80F8-4AC4-A363-B568C919964B}
55,The Lady Bird,3,4330 48th St. NW,Mill Creek Residential Trust,Retail,16500,,,160000000,2027,Pipeline,38.945742,-77.09504,2024-2025,,,,,,{F0C651F3-51EB-4D76-9FDB-CD4671126AF8}
56,Brookland Lanes,5,934 Michigan Ave. NE,Urban Investment Partners,Retail,21700,,,126000000,2027,Pipeline,38.935358,-76.993581,2024-2025,,,,,,{412A1B1D-6D8B-4A56-844A-6AE9119A70E2}
57,McCourt School of Public Policy,6,125 E St. NW,Georgetown University,Quality of Life,142000,,,0,Q3 24,Completed,38.896304,-77.013265,2024-2025,,,,SDE,2025/10/16 20:11:46+00,{FA8DF422-8B90-4E58-9996-0EED14BC5269}
58,John Francis Education Campus,2,2425 N St. NW,Department of General Services / DC Public Schools,Quality of Life,126000,,,97000000,Q3 24,Completed,38.907469,-77.052321,2024-2025,,,,SDE,2025/10/16 20:11:46+00,{2C9CED43-0BAE-4823-AEED-54D2A0CD073A}
59,Conway School of Nursing,5,7th St. & Michigan Ave. NE,Catholic University,Quality of Life,102000,,,85000000,Q2 24,Completed,38.933081,-76.997139,2024-2025,,,,SDE,2025/10/16 20:11:46+00,{5912782A-E508-4E24-995F-58EC224C5A26}
60,Dorothy Height Elementary School Modernization,4,1300 Allison St. NW,Department of General Services / DC Public Schools,Quality of Life,93000,,,65500000,Q3 24,Completed,38.9447,-77.030541,2024-2025,,,,SDE,2025/10/16 20:11:46+00,{36B77EE3-73A3-4F6F-8C81-BF7F668B94F6}
61,Myrtilla Miner Building,1,2400 6th St. NW,Howard University,Quality of Life,80000,,,50000000,Q4 24,Completed,38.923769,-77.021789,2024-2025,,,,SDE,2025/10/16 20:11:46+00,{9372495D-2AD5-4045-B5F2-1267A4A5C91A}
62,Garfield Elementary School Modernization,8,2435 Alabama Ave. SE,Department of General Services / DC Public Schools,Quality of Life,76000,,,60500000,Q3 24,Completed,38.851733,-76.970805,2024-2025,,,,SDE,2025/10/16 20:11:46+00,{E333B18E-865D-406E-832B-5092B9C7214E}
63,Whitlock Elementary School Modernization,7,533 48th Place NE,Department of General Services / DC Public Schools,Quality of Life,73000,,,45000000,Q3 24,Completed,38.897002,-76.933701,2024-2025,,,,SDE,2025/10/16 20:11:46+00,{A62DFEA6-85B3-444E-93CB-EA8646DDF48F}
64,Joy Evans Therapeutic Recreation Center,7,3030 G St. SE,Department of General Services / Department of Parks and Recreation,Quality of Life,37000,,,40400000,Q4 24,Completed,38.880914,-76.96326,2024-2025,,,,SDE,2025/10/16 20:11:46+00,{27383379-CA93-47F6-96F1-C3A08954DB4E}
65,Alice Deal Middle School Classroom Addition,3,3815 Fort Dr. NW,Department of General Services / DC Public Schools,Quality of Life,23300,,,18600000,Q3 24,Completed,38.95339,-77.075579,2024-2025,,,,SDE,2025/10/16 20:11:46+00,{64FE7F26-4D1D-461A-AEF8-17586BE2352F}
66,Reservoir Park Recreation Center,5,10 Lower Service Court NW,Department of General Services / Vision McMillan Partners,Quality of Life,17500,,,137670000,Q2 24,Completed,38.923186,-77.010072,2024-2025,,,,SDE,2025/10/16 20:11:46+00,{465F6E1D-DFBF-40BE-ABD5-700A1F3590BC}
67,Cedar Hill Regional Medical Center,8,1200 Pecan St. SE,Universal Health Services / Department of General Services,Quality of Life,407000,,,434000000,Q2 25,Under Construction,38.850685,-76.994729,2024-2025,,,,SDE,2025/10/16 20:11:46+00,{4F33B449-D248-4340-8F70-C7B423A82ED5}
68,Henle Village Redevelopment,2,1595 Tondorf Rd. NW,Georgetown University,Quality of Life,243900,,,0,Q3 25,Under Construction,38.910455,-77.073382,2024-2025,,,,SDE,2025/10/16 20:11:46+00,{964B4BB9-2F28-4E69-8380-E36D3A8555DB}
69,111 Massachusetts Avenue,6,111 Massachusetts Ave. NW,Georgetown University,Quality of Life,240100,,,150000000,Q3 25,Under Construction,38.89967,-77.013174,2024-2025,,,,SDE,2025/10/16 20:11:46+00,{6DB483EC-2CD2-4994-91A5-D1C4CDD28CC6}
70,MacArthur High School Modernization,3,4530 MacArthur Blvd. NW,Department of General Services / DC Public Schools,Quality of Life,120000,,,85000000,Q3 26,Under Construction,38.907762,-77.086167,2024-2025,,,,SDE,2025/10/16 20:11:46+00,{37C2D074-B6AF-4A84-9176-A889DF93558F}
71,Truesdell Elementary School,4,800 Ingraham St. NW,Department of General Services / DC Public Schools,Quality of Life,105000,,,72000000,Q3 25,Under Construction,38.953913,-77.024708,2024-2025,,,,SDE,2025/10/16 20:11:46+00,{75026C00-5548-4208-8A1C-3AD201041E63}
72,Alan & Amy Meltzer Center for Athletic Performance,3,American University Campus,American University,Quality of Life,91500,,,85000000,Q4 25,Under Construction,38.938294,-77.091031,2024-2025,,,,SDE,2025/10/16 20:11:46+00,{2597652E-1180-4361-B7C4-96C8139DB3AB}
73,4301 Harewood Road,5,4301 Harewood Rd. NE,Washington Latin Public Charter School / Washington Yu Ying Public Charter School,Quality of Life,90000,,,27000000,Q3 26,Under Construction,38.942512,-77.006967,2024-2025,,,,SDE,2025/10/16 20:11:46+00,{D03DE60B-101D-4EA1-A479-C6DA663714B3}
74,Neval Thomas Elementary School Modernization,7,650 Anacostia Ave. NE,Department of General Services / DC Public Schools,Quality of Life,80030,,,78800000,Q3 26,Under Construction,38.901439,-76.95199,2024-2025,,,,SDE,2025/10/16 20:11:46+00,{3E1A8BC2-5DAD-452A-BE3A-95720FFC1AB0}
75,Spingarn High School (DCIA),5,2500 Benning Rd. NE,Department of General Services Department of Employment Services,Quality of Life,50000,,,64000000,Q4 25,Under Construction,38.899095,-76.970987,2024-2025,,,,SDE,2025/10/16 20:11:46+00,{F7E2841B-D617-49AC-B178-4660DD664D0B}
76,New Fort Dupont Ice Arena,7,3779 Ely Place SE,Department of General Services,Quality of Life,43600,,,39130000,Q2 25,Under Construction,38.882831,-76.950928,2024-2025,,,,SDE,2025/10/16 20:11:46+00,{47E58CA2-A88F-4998-9117-A6F28CB7799D}
77,Reservoir District (Medical Buildings),5,North Capitol St. & Michigan Ave. NW,Vision McMillan Partners (Jair Lynch Real Estate Partners / Trammell Crow Company),Quality of Life,860000,,,0,,Pipeline,38.925951,-77.010179,2024-2025,,,,SDE,2025/10/16 20:11:46+00,{F3CDF474-EF4F-4DED-A7C6-2F19038BD753}
78,DC Correctional Treatment Facility Annex,7,1901 D St. SE,Government of the District of Columbia,Quality of Life,473900,,,477000000,2031-35,Pipeline,38.883047,-76.974837,2024-2025,,,,SDE,2025/10/16 20:11:46+00,{B39B52AD-F14A-4DC4-8CE1-F34D9703898F}
79,Howard University Hospital,1,2041 Georgia Ave. NW,Howard University,Quality of Life,421800,,,650000000,,Pipeline,38.919871,-77.020055,2024-2025,,,,SDE,2025/10/16 20:11:46+00,{56A7F6ED-3C0E-4025-9E78-0AA472A2953B}
80,National Research Center for Health Disparities,1,2300 Georgia Ave. NW,Howard University / Capstone Development / Quadrangle Development / EDENS,Quality of Life,378000,,,215000000,,Pipeline,38.920158,-77.022481,2024-2025,,,,SDE,2025/10/16 20:11:46+00,{22C6065C-9801-455E-9285-AA905E49AF00}
81,Daniel Tsai Hall (New Law Building),6,120 F St. NW,Georgetown University,Quality of Life,165000,,,0,2028,Pipeline,38.896888,-77.013387,2024-2025,,,,SDE,2025/10/16 20:11:46+00,{E6E79AF7-58AA-4CCD-87E2-BD3241273846}
82,Crummell Community Center,5,1900 Gallaudet St. NE,Department of General Services,Quality of Life,50000,,,0,2027,Pipeline,38.913558,-76.986199,2024-2025,,,,SDE,2025/10/16 20:11:46+00,{5F380B5A-92ED-4E67-8FF9-BCBEC03E4C23}
83,Jelleff Recreation Center,2,3265 S St. NW,Department of General Services / Department of Parks and Recreation,Quality of Life,25000,,,28800000,2027,Pipeline,38.915607,-77.066145,2024-2025,,,,SDE,2025/10/16 20:11:46+00,{3E9F2B8C-BFEB-4368-9D8F-09317BD5568A}
84,Ward 7 Emergency Department,7,Benning Rd. & C St. NE,Universal Health Services,Quality of Life,10000,,,23000000,2026,Pipeline,38.885588,-76.935223,2024-2025,,,,SDE,2025/10/16 20:11:46+00,{569FE833-4311-40D7-9350-A56C310EC08B}
85,11th Street Bridge Park,8,11th Street Bridge,Building Bridges Across the River / DC Department of Transportation,Quality of Life,,,,92000000,2027,Pipeline,38.871298,-76.990471,2024-2025,,,,SDE,2025/10/16 20:11:46+00,{95B151A1-0E44-4C44-A252-9FE822CFE699}
86,Cobb Park,6,200 H St. NW,Department of General Services / Department of Parks and Recreation,Quality of Life,,,,2100000,2025,Pipeline,38.899856,-77.014308,2024-2025,,,,SDE,2025/10/16 20:11:46+00,{0B220184-71CA-4DA2-B257-FD8EA4E51E24}
87,Upton Place on Wisconsin,3,4000 Wisconsin Ave. NW & 3990 Upton St. NW,Donohoe Development / AIMCO,Residential,748000,689,R,290000000,Q1 24,Completed,38.94169,-77.076897,2024-2025,,,,,,{4CC08C72-7660-469C-A8B5-3ADD0B3A3FEC}
88,Annex on 12th,6,300 12th St. SW,Carmel Partners,Residential,423000,562,R,0,Q4 24,Completed,38.885543,-77.027749,2024-2025,,,,,,{CCBEFA29-7B2F-4D21-A697-2BCE2EBABCC4}
89,Vermeer,6,113 Potomac Ave. SW,Toll Brothers,Residential,509000,501,R,259000000,Q4 24,Completed,38.870201,-77.011838,2024-2025,,,,,,{0A32EC18-1546-47E1-B64A-018611CF4AC5}
90,The Westerly,6,350 Maple Dr. SW,Hoffman & Associates / Paramount Development Corp. / Affordable Housing Developers / CityPartners / DMPED,Residential,385000,449,R,179000000,Q1 24,Completed,38.878393,-77.017095,2024-2025,,,,,,{5D8E6B22-FDA6-4CA9-BFBD-F27985FE6294}
91,The Iris,6,1133 North Capitol St. NE,MRP Realty / Ares Capital Corp. / CSG Urban Partners / Taylor Adams Associates,Residential,360000,430,R,130000000,Q2 24,Completed,38.905188,-77.008606,2024-2025,,,,,,{B1D86DDD-19D5-49DB-975B-289D4F5FE3EE}
92,The Florian,5,1 Florida Ave. NE,Aria Development Group,Residential,300000,388,R,0,Q3 24,Completed,38.910237,-77.008394,2024-2025,,,,,,{A474ABAA-4072-4F7F-A405-E07E179E4BD1}
93,The Glade on Laurel,4,6896 Laurel St. NW,Douglas Development Corporation,Residential,267000,353,R,107000000,Q4 24,Completed,38.973759,-77.013442,2024-2025,,,,,,{775D8240-258A-42C2-8913-430925A5EE26}
94,Reynard at the Parks,4,1100 Dahlia St. NW,Urban Atlantic,Residential,300000,345,R,100000000,Q3 24,Completed,38.975099,-77.027261,2024-2025,,,,,,{61A989B1-BA19-430F-A949-FA9890AE8536}
95,J.Coopers Row,6,1319 South Capitol St. SW,Jefferson Apartment Group,Residential,270000,320,R,130000000,Q2 24,Completed,38.873874,-77.009523,2024-2025,,,,,,{7C372963-49B2-4FE5-8317-EA7CD0329464}
96,The Crosby,6,300 K St. NW,Quadrangle Development / The Wilkes Company,Residential,290900,302,R,160000000,Q2 24,Completed,38.902243,-77.015461,2024-2025,,,,,,{97DC5FE7-BF89-4CED-9DC2-0D071E0DEE32}
97,The Stacks (Phase I),6,101 V St. SW,Akridge / National Real Estate Development,Residential,786000,1100,R,650000000,Q1 25,Under Construction,38.864802,-77.012899,2024-2025,,,,,,{D235C228-E841-4914-A914-BEDBC31A8F88}
98,Wardman Park Redevelopment,3,2650 Woodley Rd. NW,Carmel Partners,Residential,952000,900,R,500000000,2025,Under Construction,38.923894,-77.054587,2024-2025,,,,,,{ED3861BB-CBFB-46DA-B66D-17478668034E}
99,The Bridge District (Phase I),8,632 Howard Rd. SE,Redbrick LMD,Residential,660000,757,R,350000000,Q1 25,Under Construction,38.86513,-77.000747,2024-2025,,,,,,{5DB78A8A-1231-41F0-93AA-5435788B0DF2}
100,Reservoir District,5,North Capitol St. & Michigan Ave. NW,Vision McMillan Partners (Jair Lynch Real Estate Partners / Trammell Crow Company),Residential,925000,730,R/O,720000000,2029,Under Construction,38.923912,-77.010582,2024-2025,,,,,,{E68D04ED-B48B-42CC-A4F6-71DCB46A2A99}
101,The Yards DC Urby,8,110 N St. SE,Brookfield Properties / Urby,Residential,354000,466,R,0,Q1 25,Under Construction,38.874279,-77.005206,2024-2025,,,,,,{55B50422-C9D4-424E-9E06-B50AE72D7B27}
102,Worthington Woods,8,4336-50 Livingstown Rd SE & 4401-4550 3rd St. SE,Anacostia Economic Development Corporation / Montgomery Housing Partnership,Residential,235200,394,R,132000000,Q4 25,Under Construction,38.825025,-77.002211,2024-2025,,,,,,{E7BF6D05-FD44-42C2-8033-F60AD9D4C564}
103,Modera H Street,5,801 17th St. NE,Mill Creek Residential Trust / Bridge Investment Group / BNY Mellon,Residential,243750,325,R,0,Q1 25,Under Construction,38.900763,-76.97813,2024-2025,,,,,,{56A0D04F-B499-41B8-9DC0-09C63BA5ADB1}
104,Residences at Mazza,3,5300 Wisconsin Ave. NW,Tishman Speyer,Residential,243750,321,R,150000000,Q2 25,Under Construction,38.959718,-77.085767,2024-2025,,,,,,{35D84907-26E6-4DFA-BFC9-7226681A754C}
105,1125 15th Street,2,1125 15th St. NW,Willow Bridge Property Company ,Residential,267900,264,R,199570000,Q1 26,Under Construction,38.904469,-77.034104,2024-2025,,,,,,{85BA57E7-E893-456D-A452-69F8D4AE544C}
106,Edgewood 611,5,611 Edgewood Terrace NE,Enterprise,Residential,156000,258,R,121000000,Q3 25,Under Construction,38.923115,-76.997877,2024-2025,,,,,,{8DC114FA-6FF1-4758-95A9-06CA9EDBE807}
107,Reservation 13 (Bundle 1),7,19th St. Massachusetts Ave. Independence Ave. SE,Donatelli Development / Blue Skye Development & Construction,Residential,1036500,1000,R/O,700000000,2033,Pipeline,38.886176,-76.97539,2024-2025,,,,,,{B01A9B1A-6D0C-423B-AE09-69388694AEC3}
108,Fletcher Johnson @ The Park,7,4650 Benning Rd. SE,Gragg Cardona Partners / Marshall Heights CDO / Foundation Housing / H2 Design Build,Residential,793000,879,R/O,400000000,,Pipeline,38.883961,-76.933812,2024-2025,,,,,,{BEA4A57B-04A4-4DEF-AA3F-941263B2A1BC}
109,East River Park (Northeast Heights - East Parcels),7,Minnesota Ave. & Benning Rd. NE,Standard Real Estate Investments,Residential,724000,855,R,325000000,2027,Pipeline,38.893692,-76.948405,2024-2025,,,,,,{2CE4DD81-3D10-4F6F-BC1E-876001AADC9E}
110,Martin's View Redevelopment,8,"4337 – 4347 Martin Luther King Jr. Ave. SW; 4353 – 4363 Martin Luther King Jr Ave. SW; 201 – 211 Elmira St. SW; 200 – 210 Elmira St. SW",Kaye Stern Properties / Bensahel Capital,Residential,554000,821,R,0,2030,Pipeline,38.826372,-77.013443,2024-2025,,,,,,{4B818A99-3D62-4E23-BDBF-0D9ACEBA6468}
111,2 Patterson Street,6,2 Patterson St. NE,Monument Realty / Morningstar Community Development / Community Housing Partners,Residential,435000,660,R,0,2028,Pipeline,38.90682,-77.008519,2024-2025,,,,,,{D47EBA3A-B36F-41CD-948B-15E1DF354886}
112,The Bridge District (Phase II),8,633 Howard Rd. SE,Redbrick LMD,Residential,520000,645,R,0,2028,Pipeline,38.864632,-77.000789,2024-2025,,,,,,{74F001F1-E218-4B03-A51D-0DBAC2F47B85}
113,1001 6th Street,6,1001 6th St. NW / 501 K St. NW,BXP / Steuart Investment Company,Residential,500000,539,R,0,2028,Pipeline,38.902785,-77.019434,2024-2025,,,,,,{C01F21B4-7134-42C0-88F5-B5A8DFE918AA}
114,The Geneva,2,1825 & 1875 Connecticut Ave. NW,Post Brothers,Residential,875500,525,R,700000000,2028,Pipeline,38.915103,-77.045721,2024-2025,,,,,,{841F8098-AF03-4D69-889A-707C85D91D29}
115,850 South Capitol Street,6,850 South Capitol St. SE,WC Smith,Residential,540400,520,R,260000000,2030,Pipeline,38.880557,-77.008179,2024-2025,,,,,,{D6319258-F7F8-454A-A23C-D38694EE4F08}
116,450 5th Street,2,450 5th St. NW,The Georgetown Company,Residential,385000,500,R,0,,Pipeline,38.895608,-77.019298,2024-2025,,,,,,{0518DC18-3AA6-4198-A899-257650B98C38}
117,Salamander Washington D.C.,6,1330 Maryland Ave. SW,Salamander Resort & Hotel,Hospitality,424000,373,H,35000000,Q4 24,Completed,38.883602,-77.030449,2024-2025,,,,,,{C63DFCD4-9391-4D2A-9650-4751DA325852}
118,Arlo DC,6,333 G St. & 704 3rd St. NW,Quadrum Global,Hospitality,235600,445,H,0,Q4 24,Completed,38.898462,-77.015552,2024-2025,,,,,,{9C7F3C6A-FB42-40B1-828B-00BDFE273C2D}
119,Hotel AKA Washington Circle,2,1 Washington Circle NW,Electra America Hospitality Group,Hospitality,80000,151,H,30000000,Q2 24,Completed,38.903398,-77.049772,2024-2025,,,,,,{FA4A680B-D909-4828-9349-68175D7EC9D3}
120,Folger Shakespeare Library North Hall,6,201 East Capitol St. SE,Folger Shakespeare Library / JFW,Hospitality,12000,,,80500000,Q2 24,Completed,38.889433,-77.002768,2024-2025,,,,,,{B9101169-788F-4DBF-A55C-8E6D6B741790}
121,The Westerly,6,350 Maple Drive SW,Hoffman & Associates / Paramount Development Corp. / Affordable Housing Developers / CityPartners / DMPED,Hospitality,9283,,,179000000,Q1 24,Completed,38.878393,-77.017095,2024-2025,,,,,,{5BE53940-94A3-4916-8A34-9FEA90CEE915}
122,Grand Hyatt Renovation,2,1000 H St. NW,Host Hotels & Resorts,Hospitality,,902,H,27000000,Q4 24,Completed,38.899341,-77.026488,2024-2025,,,,,,{3DDBEAD2-1A94-4C28-8B68-3029E6F50CB7}
123,Capital Hilton Renovation,2,1001 16th St. NW,Ashford Hospitality Trust,Hospitality,,559,H,0,Q1 24,Completed,38.90317,-77.035928,2024-2025,,,,,,{64031AC0-1A94-4B69-BEB1-A870395301C5}
124,Le Meridien Madison,2,1177 15th St. NW,Crescent Real Estate,Hospitality,,356,H,15000000,Q3 24,Completed,38.905379,-77.034097,2024-2025,,,,,,{BD34115A-DE8D-44AF-B111-3F4E3B97661C}
125,Four Seasons Hotel Renovation,2,2800 Pennsylvania Ave. NW,Strategic Hotels & Resorts,Hospitality,,63,H,20000000,Q4 24,Completed,38.90445,-77.057226,2024-2025,,,,,,{679CC341-403D-4800-8076-8C07B9A32F1F}
126,Capital One Arena Modernization,2,601 F St. NW,Monumental Sports & Entertainment / Government of the District of Columbia,Hospitality,1200000,,,800000000,Q3 27,Under Construction,38.89794,-77.020955,2024-2025,,,,,,{4076AE1D-8B46-467C-B9BE-1F7480758F7C}
127,Smithsonian National Air and Space Museum,2,The National Mall,Smithsonian,Hospitality,687000,,,900000000,Q4 26,Under Construction,38.888205,-77.019848,2024-2025,,,,,,{FE3D49E6-2991-4D9C-A2C8-5EF75C518577}
128,1776 K Street,2,1776 K St. NW,Palmetto Hospitality of Washington DC,Hospitality,214300,278,H,0,Q1 26,Under Construction,38.902181,-77.041236,2024-2025,,,,,,{71A82D07-AFD9-4103-A8EC-983BF8FF6032}
129,Base Camp,2,1600 M St. NW,National Geographic Society,Hospitality,110000,,,0,Q4 26,Under Construction,38.905123,-77.037293,2024-2025,,,,,,{93CB161A-F6D1-42A1-B2BC-79D5BD93C20C}
130,citizenM - Georgetown,2,3401 K St. NW,citizenM,Hospitality,80000,230,H,0,Q2 25,Under Construction,38.904138,-77.068113,2024-2025,,,,,,{BD962352-9AEF-4B5E-A42B-EBC74E237170}
131,The Milken Center for Advancing the American Dream,2,1501 - 1505 Pennsylvania Ave. NW & 730 15th St. NW,Akridge / Milken Family Foundation,Hospitality,70000,,,0,Q3 25,Under Construction,38.899124,-77.033909,2024-2025,,,,,,{99B0D1BF-5BD3-499F-9231-F161EB59CCA1}
132,Mint House,2,1010 Vermont Ave. NW,Altus Realty Partners / McLean Partners,Hospitality,66000,85,H,50000000,Q2 25,Under Construction,38.903075,-77.033817,2024-2025,,,,,,{D2D8E260-2707-41BA-AC65-C59E1EFCBC89}
133,The Sixty D.C.,2,1337 Connecticut Ave. NW,Valor Development,Hospitality,50000,73,H,39000000,Q2 25,Under Construction,38.908286,-77.042228,2024-2025,,,,,,{1B559465-9E3B-4576-A4DA-C2833F4C9597}
134,Ford's Theatre Expansion,2,512 - 514 10th St. NW,Ford's Theatre Society,Hospitality,34600,,,40000000,Q1 25,Under Construction,38.896607,-77.026303,2024-2025,,,,,,{B33E655E-DD12-4C10-9FD9-8295391736A1}
135,The Canal House of Georgetown,2,1023 31st St. NW,Douglas Development Corporation,Hospitality,31000,106,H,38000000,Q1 25,Under Construction,38.903265,-77.060821,2024-2025,,,,,,{5B29BDDC-EFFD-472A-A255-8303D66B3F14}
136,National Museum of the U.S. Navy,8,Washington Navy Yard,Navy History and Heritage Command,Hospitality,240000,,,475000000,2027,Pipeline,38.875889,-76.998252,2024-2025,,,,,,{C4B347B1-53D6-4A47-9C4E-9B8AC0C84A2E}
137,DC Archives & Records Center,3,4200 Connecticut Ave. NW,Department of General Services,Hospitality,185000,,,72000000,2016,Pipeline,38.943756,-77.066236,2024-2025,,,,,,{993B5A21-1408-4CE6-868F-3C28FF5B8A8D}
138,Bond Bread and Washington Railway & Electric Company (WRECO),1,2112 & 2146 Georgia Ave. NW,EDENS / Menkiti Group / Fivesquares Development / Howard University,Hospitality,124600,180,H,0,,Pipeline,38.918814,-77.022445,2024-2025,,,,,,{7E1B14FA-ABAC-4F4E-A2BA-3CB8722FB7B1}
139,2000 14th Street,1,2000 14th St. NW,Reeves CMC Venture (Capri Investment Group / MRP Realty / CSG Urban Partners) / DMPED,Hospitality,120800,116,H,300000000,2030,Pipeline,38.917444,-77.032404,2024-2025,,,,,,{DA1D93C5-AC73-42D8-A4FC-D620D8F1AE78}
140,1271 5th Street,5,1271 5th St. NE,EDENS,Hospitality,73300,125,H,0,,Pipeline,38.907759,-76.998153,2024-2025,,,,,,{B7D815F2-8920-479A-9AE4-84BA5CFF021E}
141,The Bazaar House by José Andrés,2,3000 M St. NW,Thor Equities,Hospitality,72500,67,H,0,2027,Pipeline,38.905001,-77.059359,2024-2025,,,,,,{F3987E1F-F2BC-4C8A-BDC6-15473C74A265}
142,923 - 927 5th Street,6,923 - 927 5th St. NW,Kline Operations,Hospitality,70000,152,H,0,,Pipeline,38.902086,-77.018663,2024-2025,,,,,,{66E70545-7EF4-43C0-958A-E8CC734BB854}
143,601 Indiana Avenue,2,601 Indiana Ave. NW,Calco Hospitality,Hospitality,62000,122,H,0,,Pipeline,38.894641,-77.020261,2024-2025,,,,,,{E76D453C-2E47-4630-8B7E-DA1EB4CCA49A}
144,Bezos Learning Center at the National Air and Space Museum,2,600 Independence Ave. SW,Smithsonian,Hospitality,50000,,,130000000,2027,Pipeline,38.88817,-77.018294,2024-2025,,,,,,{BCF1F8D9-BD7D-4AE8-A407-74EC37ECA640}
145,11th Street Bridge Park,8,11th Street Bridge,Building Bridges Across the River / DC Department of Transportation,Hospitality,,,,92000000,2027,Pipeline,38.871298,-76.990471,2024-2025,,,,,,{D3B9A96C-4676-4F5E-9533-8910FC238765}
146,Center for the American Dream & Milken Foundation Building,6,1505 PENNSYLVANIA AVENUE SE,Akridge / Milken Family Foundation,Hospitality,69000,,,,Q1 21,Under Construction,,,2016-2019,,,,SDE,2025/10/16 20:10:22+00,{2B9F9B6C-F9B1-4CA5-B189-84ED25010B48}
147,9 1/2 Street Initiative (Grimke School),1,912 U STREET NW,Community Three,Hospitality,12000,,,45000000,2020-23,Pipeline,,,2016-2019,,,,SDE,2025/10/16 20:10:22+00,{38BF5249-9A6F-4716-9A13-3CE61606E976}
148,D.C. United Stadium,6,100 POTOMAC AVENUE SW,DC United / DC Government,Hospitality,421000,,,400000000,Q3 18,Completed,,,2016-2019,,,,SDE,2025/10/16 20:10:22+00,{59CC16C5-DD37-4D30-AC10-60389BEC78A5}
149,CityCenterDC (Conrad Hotel),2,950 NEW YORK AVENUE NW,Hines / Qatari Diar,Hospitality,358000,360,,270000000,Q1 19,Completed,,,2016-2019,,,,SDE,2025/10/16 20:10:22+00,{0A1B7875-4D40-49A3-8DBF-8CF3B487FA6C}
150,W Hotel,2,515 15TH STREET NW,Marriott,Hospitality,187000,324,,50000000,Q2 19,Completed,,,2016-2019,,,,SDE,2025/10/16 20:10:22+00,{CA0EC84E-9533-4AE5-B037-9D55FD7C045F}
151,Saint Elizabeths East (New Hospital),8,Saint Elizabeths East Campus,DC Government,Quality of Life,322000,,,300000000,2022,Pipeline,,,2016-2019,"Cunningham + Quill Architects, PLLC",,,SDE,2025/10/16 20:12:15+00,{F244007A-1997-4704-92C1-D81FDDBB277D}
152,55 H Street,6,"55 H St., NW",Georgetown University,Quality of Life,220000,,,,,Pipeline,,,2016-2019,,,,SDE,2025/10/16 20:12:15+00,{6279D11D-A16E-4979-B697-2CC18614297C}
153,Banneker Academic High School,6,"925 Rhode Island Ave., NW",Department of General Services / DC Public Schools,Quality of Life,175000,,,152000000,2021,Pipeline,,,2016-2019,,,,SDE,2025/10/16 20:12:15+00,{90CF4CFB-654C-4B1B-A6C2-FFA73BC742B1}
154,Skyland Town Center (Ph II B),7,"Alabama Ave. & Naylor Rd., SE",Rappaport / WC Smith / Washington East,Quality of Life,120000,,,,2022,Pipeline,,,2016-2019,,,,SDE,2025/10/16 20:12:15+00,{2EDC3BBB-BAF1-41EE-90EA-8D85A22E77CE}
155,West Elementary School,4,"1335 Farragut St., NW",Department of General Services / DC Public Schools,Quality of Life,88600,,,77500000,2021,Pipeline,,,2016-2019,,,,SDE,2025/10/16 20:12:15+00,{1E1A6883-058A-4A38-864C-1AC3AEC5E2E3}
156,Eastern Market Park,6,"701 Pennsylvania Ave., SE",Department of General Services / Department of Parks & Recreation,Quality of Life,,,,14000000,2021,Pipeline,,,2016-2019,,,,SDE,2025/10/16 20:12:15+00,{2D46096F-7C35-4E4B-81BE-BB270961EB74}
157,Franklin Park,2,"13th, 14th, I, & K Sts., NW",Department of General Services / National Park Service,Quality of Life,,,,18000000,2020,Pipeline,,,2016-2019,,,,SDE,2025/10/16 20:12:15+00,{2F191EAD-FF19-4C71-95DA-B7DAD6D15AAF}
158,The Batley,5,"1270 4th St., NE",EDENS / Trammell Crow Residential / Level 2 Development,Residential,,432,,150000000,Q2 19,Completed,,,2016-2019,,,,SDE,2025/10/16 20:12:51+00,{916EB34D-1B56-4A40-85D2-5E647E1AAD63}
159,Novel South Capitol,6,"2 I St., SE",Crescent Development / RCP Development Company,Residential,,355,,,Q1 19,Completed,,,2016-2019,,,,SDE,2025/10/16 20:12:51+00,{65441B14-59F2-4036-9767-21C552C683AB}
160,RESA at Tyber Place,6,"22 M St., NE",Skanska USA Commercial Development,Residential,,326,,112000000,Q2 19,Completed,,,2016-2019,,,,SDE,2025/10/16 20:12:51+00,{0B4480AF-3B98-45DC-BA8A-82A6020A6CA3}
161,Trellis House,1,"907 Barry Place, NW",Gateway Investment Partners / RISE / Howard University,Residential,,319,,70000000,Q3 18,Completed,,,2016-2019,,,,SDE,2025/10/16 20:12:51+00,{A4CAD6E2-2407-4D15-A3B1-0E2700BD2537}
162,The Highline at Union Market,5,"320 Florida Ave., NE",Level 2 Development / Federal Capital Partners / Clark Enterprises / W5 Group,Residential,,318,,101300000,Q2 19,Completed,,,2016-2019,,,,SDE,2025/10/16 20:12:51+00,{8DAFB4A6-03FC-4FFC-9871-61A0E6548D84}
163,The Sonnet,1,"1441 U St., NW",High Street Residential,Residential,,288,,150000000,Q3 18,Completed,,,2016-2019,,,,SDE,2025/10/16 20:12:51+00,{2176D532-C27F-40DB-92B2-226817989803}
164,The Jamison,5,"3750 Jamison St., NE",Fort Lincoln New Town Corporation,Residential,,236,,70000000,Q3 19,Completed,,,2016-2019,,,,SDE,2025/10/16 20:12:51+00,{996B0B6B-1BE7-4C40-99A9-A681C40D8E90}
165,Arcade Sunshine,1,"713 - 735 Lamont St., NW",Holladay Corporation,Residential,,225,,,Q1 19,Completed,,,2016-2019,,,,SDE,2025/10/16 20:12:51+00,{8E206464-A071-46E2-A730-AD5BF449019E}
166,City Ridge,3,"3900 Wisconsin Ave., NW",Roadside Development / North America Sekisui House,Residential,,687,,700000000,Q2 22,Under Construction,,,2016-2019,,,,SDE,2025/10/16 20:12:51+00,{8AEB9651-4DCA-42B9-8576-05D14653BDF6}
167,Eckington Yards,5,"1625 Eckington Pl. & 1500 Harry Thomas Way, NE",The JBG Companies,Residential,,681,,265000000,Q3 21,Under Construction,,,2016-2019,,,,SDE,2025/10/16 20:12:51+00,{71F03C90-862F-4FDE-AFBD-302AC41D5A2A}
168,The Gantry,5,"300 Morse St., NE",Kettler /  Carmel Partners,Residential,,550,,,Q3 21,Under Construction,,,2016-2019,,,,SDE,2025/10/16 20:12:51+00,{BBC05D5B-6033-42B9-AA80-AD3AEFCED9F2}
169,Riverpoint,6,"2100 2nd St., SW",Akridge / Western Development Corp. / Jefferson Apartment Grp. / Orr Partners,Residential,,481,,220000000,Q2 20,Under Construction,,,2016-2019,,,,SDE,2025/10/16 20:12:51+00,{5FA61412-93A5-4F28-9B54-3BE1374033B3}
170,1900 Half Street,6,"1900 Half St., SW",Douglas Development Corporation,Residential,,453,,190000000,Q4 20,Under Construction,,,2016-2019,,,,SDE,2025/10/16 20:12:51+00,{E3B1387C-BC01-4080-9A7E-195A81FA2867}
171,The Wren,1,"965 Florida Ave., NW",MRP Realty / JBG Smith / Ellis Development Group,Residential,,433,,152600000,Q4 20,Under Construction,,,2016-2019,,,,SDE,2025/10/16 20:12:51+00,{502E63EB-A137-4AE6-8F11-161DA1A73BDE}
172,AVEC,6,"901 H St., NE",Rappaport / WC Smith / Lustine Realty Company,Residential,,419,,200000000,Q4 19,Under Construction,,,2016-2019,,,,SDE,2025/10/16 20:12:51+00,{20E9D1C3-938E-4F6B-B7A5-9EC0A266F3B0}
173,Crossing DC,6,"949 1st St., SE",Tishman Speyer,Residential,,418,,,Q1 20,Under Construction,,,2016-2019,,,,SDE,2025/10/16 20:12:51+00,{034284CF-1438-4E27-8DAF-1F28191EE00A}
174,Upton Place,3,4000 Wisconsin Ave. NW,Donohoe Companies / Holladay Corporation,Residential,,689,,,2023,Pipeline,,,2016-2019,,,,SDE,2025/10/16 20:12:51+00,{2BBEA1D1-1170-485D-B1D8-74CD71566FB2}
175,McMillan Sand Filtration Site,5,"North Capitol St. & Michigan Ave., NW",Jair Lynch Real Estate Partners / Trammell Crow Company / EYA,Residential,,660,,720000000,2023,Pipeline,,,2016-2019,,,,SDE,2025/10/16 20:12:51+00,{E0001909-A33C-4AF4-BA55-4C9E75F88D20}
176,Armature Works,6,"1200 3rd St., NE",Trammell Crow Company / High Street Residential / MetLife,Residential,,635,,400000000,2022,Pipeline,,,2016-2019,,,,SDE,2025/10/16 20:12:51+00,{E2E87C57-C18B-48D3-8F67-39343ECE64F3}
177,Museum Place,6,"65 I St., SW",Lowe,Residential,,489,,200000000,2022,Pipeline,,,2016-2019,,,,SDE,2025/10/16 20:12:51+00,{3509BFF1-A79C-4EC8-A8CD-6B767AE570B0}
178,Storey Park,6,"1005 1st St., NE",Four Points / Perseus Realty / Buccini Pollin Group,Residential,,472,,330000000,2022,Pipeline,,,2016-2019,,,,SDE,2025/10/16 20:12:51+00,{A0A11338-40C6-4E3F-99BE-85BDA9FA3BF8}
179,Waterfront Station II,6,"1000 4th St., SW",Hoffman & Associates / Paramount Development / CityPartners / Affordable Housing Developers,Residential,,456,,157000000,2022,Pipeline,,,2016-2019,,,,SDE,2025/10/16 20:12:51+00,{9CD3226B-C5EB-4D1B-8769-CD9283BEFFC7}
180,Bond Bread,1,"2114 Georgia Ave., NW",Fivesquares Development / EDENS / Menkiti Group / Howard University,Residential,,450,,150000000,,Pipeline,,,2016-2019,,,,SDE,2025/10/16 20:12:51+00,{ED7490A2-7392-4E0D-BC59-06A3664F5C12}
181,1200 5th Street,6,"1200 5th St., NW",MidCity,Residential,,363,,,2023,Pipeline,,,2016-2019,,,,SDE,2025/10/16 20:12:51+00,{6921D0A0-12C7-480A-B573-069161DB4DCB}
182,Eckington Yards,5,"1625 Eckington Pl. & 1500 Harry Thomas Way, NE",The JBG Companies,Residential,,681,,265000000,Q3 21,Under Construction,,,2016-2019,,,,SDE,2025/10/16 20:12:51+00,{36357E88-776C-4FF8-ABEF-9E93F27C8F77}
183,Shops at Penn Hill (Phase I),7,"3200 Pennsylvania Ave., SE",Jair Lynch Real Estate Partners,Retail,65000,,,25000000,2019,Completed,,,2016-2019,,,,SDE,2025/10/16 20:13:28+00,{C2C600E3-C7DE-4FB8-A945-92CE609A3066}
184,CityCenterDC (Conrad Hotel),2,"950 New York Ave., NW",Hines / Qatari Diar,Retail,30000,,,270000000,Q1 19,Completed,,,2016-2019,,,,SDE,2025/10/16 20:13:28+00,{17CC69D8-ADEE-4E8B-B3C5-E16C5441B8A2}
185,The Batley,5,"1270 4th St., NE",EDENS / Level 2 Development / Trammell Crow Residential,Retail,29042,,,150000000,Q2 19,Completed,,,2016-2019,,,,SDE,2025/10/16 20:13:28+00,{7577E574-8673-4948-9DE5-30D6BABBA0C7}
186,Liz,2,"1701 14th St., NW",Fivesquares Development / Streetscape Partners / Whitman-Walker Health,Retail,26000,,,,Q3 19,Completed,,,2016-2019,,,,SDE,2025/10/16 20:13:28+00,{0E064686-4122-4722-AF0A-DC324B77767F}
187,Carnegie Library,2,"800 Mount Vernon Pl., NW",Apple / EventsDC,Retail,18896,,,30000000,Q2 19,Completed,,,2016-2019,,,,SDE,2025/10/16 20:13:28+00,{6DC00BF1-F8E8-4997-A5EA-13DAD5B81D95}
188,Union Place (Phase II),6,"200 K St., NE",Toll Brothers,Retail,16500,,,170000000,Q2 19,Completed,,,2016-2019,,,,SDE,2025/10/16 20:13:28+00,{4BC57643-6552-4C5A-853D-926D688F22F1}
189,Penn Eleven,6,"1101 - 1117 Pennsylvania Ave., SE",Perseus Realty / Westbrook Partners,Retail,16000,,,25000000,Q1 19,Completed,,,2016-2019,,,,SDE,2025/10/16 20:13:28+00,{F7D1A3E0-6951-4F06-8B7B-D720EAC041F5}
190,The Sonnet,1,"1441 U St., NW",High Street Residential,Retail,15552,,,150000000,Q3 18,Completed,,,2016-2019,,,,SDE,2025/10/16 20:13:28+00,{DEC95AE9-64CE-45D3-A179-91C217373CE5}
191,Maple View Flats,8,"2228 - 2252 Martin Luther King Jr. Ave., SE",Chapman Development / DHCD,Retail,15000,,,50000000,Q1 19,Completed,,,2016-2019,,,,SDE,2025/10/16 20:13:28+00,{606535E1-373F-4DA6-90ED-6161ADD3F398}
192,City Ridge,3,"3900 Wisconsin Ave., NW",Roadside Development / North America Sekisui House,Retail,194000,,,700000000,Q2 22,Under Construction,,,2016-2019,,,,SDE,2025/10/16 20:13:28+00,{855F8EDC-CF2D-4DA5-8400-3F64DDC9EAAA}
193,Skyland Town Center (Phase A),7,"Alabama Ave. & Naylor Rd., SE",Rappaport / WC Smith / Washington East,Retail,117000,,,175000000,Q3 20,Under Construction,,,2016-2019,,,,SDE,2025/10/16 20:13:28+00,{F0E69AE8-B076-4B74-92B7-20D021487F84}
194,1515 New York Avenue,5,"1515 New York Ave., NE",Douglas Development Corporation,Retail,92828,,,27000000,Q4 19,Under Construction,,,2016-2019,,,,SDE,2025/10/16 20:13:28+00,{CF3EA283-297F-4291-B544-6B7E429BE31B}
195,McMillan Sand Filtration Site,5,"North Capitol St. & Michigan Ave., NW",Jair Lynch Real Estate Partners / Trammell Crow Company / EYA / DMPED,Residential,,660,R/O,720000000,,Pipeline,,,2016-2019,Perkins Eastman DC / MV+A Architects / Shalom Baranes Associates,,,SDE,2025/10/16 20:20:42+00,{DDB4202B-9062-4EC1-9E51-1FCDFFB2F3C7}
196,Ballpark East,6,"1201 Half St., SE",The JBG Companies,Residential,,438,R/O,0,2019,Pipeline,,,2016-2019,"Eric Colbert & Associates, PC / ODA Architecture",,,SDE,2025/10/16 20:20:42+00,{09FEBFA5-1CB1-4DCC-AFDA-1A91D5245426}
197,The Griffith,1,"965 Florida Ave., NW",MRP Realty / Ellis Development Group /  Fundrise / JBG,Residential,,428,R,120000000,2020,Pipeline,,,2016-2019,Hord Coplan Macht Inc / PGN Architects PLLC,,,SDE,2025/10/16 20:12:51+00,{7658A82B-64A2-4C78-ACBC-AE04D07365A7}
198,300 M,6,"300 M St., NE",The Wilkes Company,Residential,,425,R,132000000,2018,Pipeline,,,2016-2019,WDG Architecture / Hickok Cole Architects,,,SDE,2025/10/16 20:12:51+00,{51190AC2-F271-469D-80D8-32651BDAE727}
199,901 H Street,6,"901 H St., NE",Rappaport / WC Smith / Lustine Realty Co.,Residential,,419,R,150000000,2019,Pipeline,,,2016-2019,Torti Gallas and Partners,,,SDE,2025/10/16 20:12:51+00,{3FD61BE9-9664-4FD6-99CE-CCD540FD20DD}
200,The Portals (Ph V),6,"1331 Maryland Ave., SW",Republic Properties Corporation,Residential,,393,R,185000000,2019,Pipeline,,,2016-2019,Robert A M Stern Architects / WDG Architecture,,,SDE,2025/10/16 20:12:51+00,{12A3FDC9-7677-4ACF-BB1B-053F8A644FEA}
201,RESA at Tyber Place,6,"22 M St., NE",Skanska,Residential,,326,R,75000000,2018,Pipeline,,,2016-2019,"Design Collective, Inc",,,SDE,2025/10/16 20:12:51+00,{CD14BBD3-C1A6-4594-BF5A-A6CA627225AD}
202,Reservation 13 (Ph I),7,"19th & Massachusetts Ave., SE",Donatelli Development / Blue Skye Development & Construction,Residential,,353,R,80000000,2019,Pipeline,,,2016-2019,GTM Architects,,,SDE,2025/10/16 20:12:51+00,{48524C19-289E-483E-A110-5C416B67890A}
203,Washington College of Law,3,"Tenley Campus (4300 Nebraska Ave., NW)",American University,Education,385100,,,129000000,,Completed,,,2016-2019,SmithGroupJJR,,,SDE,2025/10/16 20:09:37+00,{37C66C19-340C-4168-9D4F-DF2482A24614}
204,Ballou Senior High School,8,"3401 4th St., SE",DC Public Schools / Department of General Services,Education,365000,,,143000000,,Completed,,,2016-2019,Bowie Gridley Architects / Perkins+Will,,,SDE,2025/10/16 20:09:37+00,{428515B4-2ACC-4BFA-9C2D-BDCBAAB7035D}
205,Theodore Roosevelt High School,4,"4301 13th St., NW",DC Public Schools / Department of General Services,Education,328000,,,136000000,,Completed,,,2016-2019,Perkins Eastman DC,,,SDE,2025/10/16 20:09:37+00,{F43BAF0D-2CA7-4DDA-8EC6-3217B12BAE94}
206,District House,2,"2121 H St., NW",George Washington University,Education,322500,,,130000000,,Completed,,,2016-2019,Ayers Saint Gross,,,SDE,2025/10/16 20:09:37+00,{9D03C91C-9997-42DC-AC8A-3732C2B7BC85}
207,John R. Thompson Jr. Intercollegiate Athletic Center,2,Georgetown University,Georgetown University,Education,144000,,,62000000,,Completed,,,2016-2019,Populous / Bowie Gridley Architects,,,SDE,2025/10/16 20:09:37+00,{56C68859-9448-4A93-A768-8B7B2FCD0262}
208,KIPP DC,5,"1405 Brentwood Parkway, NE",KIPP DC,Education,125000,,,45000000,,Completed,,,2016-2019,Studios Architecture,,,SDE,2025/10/16 20:09:37+00,{E2A4A2CF-B7A1-425F-948C-BEE601105519}
209,Lafayette Elementary School,4,"5701 BRd. Branch Rd., NW",DC Public Schools / Department of General Services,Education,120000,,,79000000,,Completed,,,2016-2019,Hartman-Cox Architects / Grimm + Parker & Associates,,,SDE,2025/10/16 20:09:37+00,{C5FA9ACA-87A2-4BC3-84B8-491939DD3FD2}
210,Stuart-Hobson Middle School,6,"410 E St., NE",DC Public Schools / Department of General Services,Education,116000,,,41000000,,Completed,,,2016-2019,Hughes Group Architects,,,SDE,2025/10/16 20:09:37+00,{07398282-B64B-4183-A250-36A654B8C8CB}
211,River Terrace Elementary School,7,"420 34th St., NE",DC Public Schools / Department of General Services,Education,110500,,,36000000,,Completed,,,2016-2019,Fanning Howey / Bryant Mitchell Architects,,,SDE,2025/10/16 20:09:37+00,{F5AF4BB5-979D-43EE-A1DD-FA10AA605FB6}
212,New Sibley,3,"5255 Loughboro Rd., NW",Sibley Memorial Hospital,Education,470000,,,242000000,,Under Construction,,,2016-2019,Wilmot Sanz Inc,,,SDE,2025/10/16 20:09:37+00,{83DBCDA9-3D3B-48F5-A4F6-7A030E898920}
213,Duke Ellington School of the Arts,2,"3500 R St., NW",DC Public Schools / Department of General Services,Education,258072,,,177000000,,Under Construction,,,2016-2019,cox graae + spack architects / Lance Bailey & Associates Inc,,,SDE,2025/10/16 20:09:37+00,{8DE68B93-E0E8-41F0-9D81-56FDE2CA99B5}
214,Marie Reed Elementary School,1,"2201 18th St., NW",DC Public Schools / Department of General Services,Education,140000,,,62000000,,Under Construction,,,2016-2019,Quinn Evans Architects,,,SDE,2025/10/16 20:09:37+00,{DCAF8626-0B61-488E-99F9-E7477207F192}
215,Corcoran Gallery of Art,2,"500 17th St., NW",George Washington University,Education,100000,,,80000000,2018,Under Construction,,,2016-2019,Leo A Daly,,,SDE,2025/10/16 20:09:37+00,{886ED8E7-0959-46C6-B368-AC3CCF3DF702}
216,Watkins Elementary School,6,"420 12th St., SE",DC Public Schools / Department of General Services,Education,70826,,,39000000,,Under Construction,,,2016-2019,Perkins Eastman DC,,,SDE,2025/10/16 20:09:37+00,{709FA87E-0C5A-4219-8879-28EC063811D8}
217,MSSD Residence Hall,5,"800 Florida Ave., NE",Gallaudet University,Education,70000,,,28000000,,Under Construction,,,2016-2019,Gaudreau Architects / Dangermond Keane Architecture,,,SDE,2025/10/16 20:09:37+00,{F420E236-98E6-46C8-82C8-D34A68909955}
218,The Conway Center,7,"4430 Benning Rd., NE",SOME,Education,37659,,,90000000,,Under Construction,,,2016-2019,Wiencek + Associates,,,SDE,2025/10/16 20:09:37+00,{5D27B130-5FFD-4EBD-8880-059708C280C1}
219,Procter Hall,3,"3609 Woodley Rd., NW",National Cathedral School,Education,28000,,,13000000,,Under Construction,,,2016-2019,Hartman-Cox Architects,,,SDE,2025/10/16 20:09:37+00,{FCA8102C-03F6-4DE6-8F7D-FC64E6249077}
220,McMillan Sand Filtration Site,5,"North Capitol St. & Michigan Ave., NW",Jair Lynch Real Estate Partners / Trammell Crow Company / EYA / DMPED,Education,1000000,,,720000000,2019,Pipeline,,,2016-2019,Perkins Eastman DC / MV+A Architects / Shalom Baranes Associates,,,SDE,2025/10/16 20:09:37+00,{372D9F67-4FD6-4D3E-AE90-015B2FAAAA7B}
221,Georgetown University Hospital Pavilion,2,"3800 Reservoir Rd., NW",MedStar Georgetown University Hospital / Trammell Crow,Education,477000,,,567000000,2020,Pipeline,,,2016-2019,HKS PC / Shalom Baranes Associates,,,SDE,2025/10/16 20:09:37+00,{126C4A4F-C90E-4AD8-A6AD-3AF187BFFD18}
222,Bancroft Elementary School,1,"1755 Newton St., NW",DC Public Schools / Department of General Services,Education,146000,,,55000000,2018,Pipeline,,,2016-2019,Ayers Saint Gross,,,SDE,2025/10/16 20:09:37+00,{13B52C29-EA3A-472C-8142-768B4A534B02}
223,The Parks at Walter Reed,4,"6800 Georgia Ave., NW",Hines / Urban Atlantic / Triden Development Group / DMPED,Education,145000,,,1000000000,,Pipeline,,,2016-2019,Torti Gallas and Partners,,,SDE,2025/10/16 20:09:37+00,{3085E13F-9280-44D6-B99B-D101E8896016}
224,Skyland Town Center (Phase I),7,"Alabama Ave. & Naylor Rd., SE",Rappaport / WC Smith / Harrison-Malone / Washington East Foundation / DMPED,Retail,100419,,,150000000,2019,Pipeline,,,2016-2019,Torti Gallas and Partners,,,SDE,2025/10/16 20:13:28+00,{EA191975-121A-4F2A-BD5F-87952DB0324B}
225,Anthem Row,2,"800 K St., NW",The Meridian Group,Retail,70000,,,,2017,Pipeline,,,2016-2019,Hickok Cole Architects,,,SDE,2025/10/16 20:13:28+00,{D536934A-52C9-46CA-B209-78668910475A}
226,The Griffith,1,"965 Florida Ave., NW",MRP Realty / Ellis Development Group /  Fundrise / JBG,Retail,51540,,,120000000,2020,Pipeline,,,2016-2019,Hord Coplan Macht Inc / PGN Architects PLLC,,,SDE,2025/10/16 20:13:28+00,{5019C160-E72A-44B2-AC63-3E5C3036F8EA}
227,700 Penn,6,"700 Pennsylvania Avenue, SE",Stanton Development / Eastbanc / Jarvis Company / Dantes Partners / Clark Enterprises,Retail,60000,,,226700000,Q4 17,Completed,,,2016-2019,Esocoff & Associates Architects,,,SDE,2025/10/16 20:13:28+00,{C217C389-EA17-4EC8-9450-EBAAA0C38353}
228,Midtown Center,2,"1150 15th Street, NW",Carr Properties,Retail,44000,,,350000000,Q2 18,Completed,,,2016-2019,WDG Architecture / SHoP,,,SDE,2025/10/16 20:13:28+00,{BA777AEE-B2E3-473B-AD4B-27F1BDCA1596}
229,Agora,6,"800 New Jersey Avenue, SE",WC Smith,Retail,39000,,,141000000,Q1 18,Completed,,,2016-2019,SK+I Architectural Design Group,,,SDE,2025/10/16 20:13:28+00,{FC40BD19-33D3-4FB1-BBE3-9DDE06B5F962}
230,Edison,5,"1240 4th St., NE",EDENS / LCOR / Sang Oh & Company Inc.,Retail,27410,,,55000000,Q3 17,Completed,,,2016-2019,SK+I Architectural Design Group,,,SDE,2025/10/16 20:13:28+00,{50CF95EB-F68F-4CA8-8F0A-CF9D60CD5F05}
231,200 Massachusetts Avenue,2,"200 Massachusetts Avenue, NW",Property Group Partners,Retail,25250,,,200000000,Q2 18,Completed,,,2016-2019,Kevin Roche John Dinkeloo & Associates LLC,,,SDE,2025/10/16 20:13:28+00,{63E3ED81-64F7-492F-80EE-99FBA089B55A}
232,1221 Van,6,"1211 Van Street, SE",JBG Smith,Retail,23585,,,100000000,Q1 18,Completed,,,2016-2019,"Morris Adjmi Architects / Eric Colbert & Associates, PC",,,SDE,2025/10/16 20:13:28+00,{BE0609B6-DA66-46CE-96D0-98BEF67D738D}
233,The Line DC,1,"1770 Euclid Street, NW",Foxhall Partners / Friedman Capital Advisors / Sydell Group,Retail,20903,,,100000000,Q4 17,Completed,,,2016-2019,OPX,,,SDE,2025/10/16 20:13:28+00,{9BCD1FF4-A4DB-4E0A-88FC-E703E2DB2C6E}
234,Skyland Town Center (Ph I - Block 2),7,"Alabama Avenue & Naylor Road, SE",Rappaport / WC Smith / Washington East Foundation,Retail,117000,,,175000000,Q3 20,Under Construction,,,2016-2019,Torti Gallas and Partners,,,SDE,2025/10/16 20:13:28+00,{D19A1245-75B1-4877-B10A-40C2BB443946}
235,1515 New York Avenue,5,"1515 New York Avenue, NE",Douglas Development Corporation,Retail,92828,,,27000000,Q4 19,Under Construction,,,2016-2019,Bignell Watkins Hasser Architects,,,SDE,2025/10/16 20:13:28+00,{AB1BFB81-0BAB-4883-9E49-2042508EF3F0}
236,655 New York Avenue,6,"655 New York Avenue, NW",Douglas Development Corporation / Brookfield Office Properties,Retail,80551,,,185000000,Q4 18,Under Construction,,,2016-2019,,,,SDE,2025/10/16 20:13:28+00,{80C8DFCB-41DC-4A8B-894E-361CF49C47F1}
237,Riverpoint,6,"2100 2nd Street, SW",Akridge / Western Development / Redbrick LMD / Orr Partners / Jefferson Apartment Group,Retail,70441,,,220000000,Q2 20,Under Construction,,,2016-2019,Antunovich Associates,,,SDE,2025/10/16 20:13:28+00,{A530B223-8E7E-4062-AD05-8D83F420C7F8}
238,Anthem Row,2,"800 K Street, NW",The Meridian Group,Retail,70000,,,142000000,Q1 19,Under Construction,,,2016-2019,Hickok Cole Architects,,,SDE,2025/10/16 20:13:28+00,{E459B819-4AD2-4B76-A9C8-F3307A69603F}
239,Beckert's Park,6,"415 14th Street, SE",Foulger-Pratt / Safeway,Retail,68000,,,138000000,Q1 20,Under Construction,,,2016-2019,BKV Group,,,SDE,2025/10/16 20:13:28+00,{536F2B96-33AE-4BFF-BED4-CD856D036A20}
240,1250,6,"1250 Half Street, SE",Jair Lynch Real Estate Partners,Retail,60000,,,265000000,Q4 19,Under Construction,,,2016-2019,Hord Coplan Macht Inc ,,,SDE,2025/10/16 20:13:28+00,{C4118629-B926-4BF3-8E7A-7CBD5F04D32C}
241,250 Massachusetts Avenue,2,"250 Massachusetts Avenue, NW",Property Group Partners,Retail,58372,,,275000000,Q3 19,Under Construction,,,2016-2019,Kevin Roche John Dinkeloo & Associates LLC,,,SDE,2025/10/16 20:13:28+00,{DFB20740-BE74-430B-BE5F-E44FEB4702B1}
242,AVEC,6,"901 H Street, NE",Rappaport / WC Smith / Lustine Realty Co.,Retail,53469,,,200000000,Q3 19,Under Construction,,,2016-2019,Torti Gallas and Partners,,,SDE,2025/10/16 20:13:28+00,{FB0A61EB-A128-43AE-8C10-2CD2035E0501}
243,The Parks at Walter Reed,4,"6800 Georgia Ave., NW",Urban Atlantic / Hines / Triden Development / DMPED,Retail,170000,,,1000000000,2020-2032,Pipeline,,,2016-2019,Torti Gallas Urban,,,SDE,2025/10/16 20:13:28+00,{0CBAAF68-1FCC-411D-A53A-59CA4A7D0130}
244,3900 Wisconsin Avenue,3,"3900 Wisconsin Avenue, NW",Roadside Development / Sekisui House,Retail,153000,,,,2022,Pipeline,,,2016-2019,Shalom Baranes Associates,,,SDE,2025/10/16 20:13:28+00,{D9143117-4704-4574-BC7A-5BC322760F30}
245,The Wharf (Phase II),6,Southwest Waterfront,Hoffman-Madison Waterfront,Retail,119559,,,1200000000,2022,Pipeline,,,2016-2019,ODA Architecture / WDG Architecture / Rafael Vinoly Architects PC / Morris Adjmi Architects / Studios Architecture / Hollwich Kushner / Perkins Eastman DC / SHoP,,,SDE,2025/10/16 20:13:28+00,{A91B6BB1-069A-4458-8FB9-2433AC233D1A}
246,Bryant Street,5,"680 Rhode Island Ave., NE",MRP Realty / B&R Associates LP,Retail,490,,,,2020,Pipeline,,,2016-2019,SK+I Architectural Design Group,,,SDE,2025/10/16 20:13:28+00,{5B537CE2-CCDC-4AE8-B89F-5F5124F63DB6}
247,The Wharf (Phase I),6,Southwest Waterfront,Hoffman-Madison Waterfront,Residential,,870,R/O,1326000000,Q4 17,Completed,,,2016-2019,BBGM / Handel Architects / FOX Architects / Kohn Pedersen Fox & Associates / MTFA Architecture / SK+I Architectural Design Group / SmithGroupJJR / WDG Architecture / Perkins Eastman DC,,,SDE,2025/10/16 20:12:51+00,{C9713F0E-EE3C-4B3B-AFBC-17080735B34E}
248,Agora,6,"800 New Jersey Avenue, SE",WC Smith,Residential,,334,R,141000000,Q1 18,Completed,,,2016-2019,SK+I Architectural Design Group,,,SDE,2025/10/16 20:12:51+00,{8C8ADF76-D742-4813-BCA4-5DF208C803E3}
249,The Lydian,6,"400 K Street, NW",Quadrangle Development / The Wilkes Company,Residential,,324,R,138000000,Q2 18,Completed,,,2016-2019,"Davis, Carter, Scott ",,,SDE,2025/10/16 20:12:51+00,{60177A59-4D4F-46B2-9083-7E55E10D5E0A}
250,Trellis House,1,"907 Barry Place, NW",RISE / Gateway Investment Partners / Howard University,Residential,,319,R,70000000,Q3 18,Completed,,,2016-2019,Niles Bolton Associates,,,SDE,2025/10/16 20:12:51+00,{C5567595-0E34-4264-BDB1-9296CFEA0F7D}
251,Atlantic Apartment Homes,8,"4321 3rd Street, SE",WinnDevelopment,Residential,,303,R,69000000,Q2 18,Completed,,,2016-2019,The Architectural Team,,,SDE,2025/10/16 20:12:51+00,{75D5B257-2BAB-4163-B70E-6A59C0BB3A33}
252,Brookland Press,5,"806 Channing Place, NE",Douglas Development,Residential,,295,R,55726000,Q3 17,Completed,,,2016-2019,"Eric Colbert & Associates, PC / GTM Architects / Parker Rodriguez",,,SDE,2025/10/16 20:12:51+00,{E23CD7F0-828E-4E5C-8726-EAA3F9864564}
253,1221 Van,6,"1211 Van Street, SE",JBG Smith,Residential,,291,R,100000000,Q1 18,Completed,,,2016-2019,"Morris Adjmi Architects / Eric Colbert & Associates, PC",,,SDE,2025/10/16 20:12:51+00,{5D836787-CD46-407F-A6B4-87B7CAED110D}
254,Riverpoint,6,"2100 2nd Street, SW",Akridge / Western Development / Redbrick LMD / Orr Partners / Jefferson Apartment Group,Residential,,485,R,220000000,Q2 20,Under Construction,,,2016-2019,Antunovich Associates,,,SDE,2025/10/16 20:12:51+00,{9002D278-A45C-400B-B346-C1B904CFCC1C}
255,West Half,6,"1201 Half Street, SE",JBG Smith,Residential,,465,R,200000000,Q1 20,Under Construction,,,2016-2019,"Eric Colbert & Associates, PC / ODA Architecture",,,SDE,2025/10/16 20:12:51+00,{C2B98C53-BD5F-4744-A944-1EAD6ACC25BE}
256,1250,6,"1250 Half Street, SE",Jair Lynch Real Estate Partners / MacFarlane Partners,Residential,,439,R,265000000,Q4 19,Under Construction,,,2016-2019,Hord Coplan Macht Inc ,,,SDE,2025/10/16 20:12:51+00,{B68DC545-3E6E-4288-B564-854D07D892CA}
257,901 H Street,6,"901 H St., NE",Rappaport / WC Smith / Lustine Realty Co.,Retail,51500,,,150000000,2019,Pipeline,,,2016-2019,Torti Gallas and Partners,,,SDE,2025/10/16 20:13:28+00,{366AD058-01F0-482C-A99B-FA4DC1F6342A}
258,Lacebark Alley,6,"51 N St., 50 Patterson St. & 1250 1st St., NE",The JBG Companies /  Brandywine Realty Trust,Retail,30000,,,275000000,2018,Pipeline,,,2016-2019,Shalom Baranes Associates / Cooper Carry,,,SDE,2025/10/16 20:13:28+00,{08FF97DF-5C0D-42EE-87EB-C4EE9E5A28F5}
259,3220 Prospect,2,"3220 Prospect St., NW",McCaffery Interests,Retail,28246,,,,2018,Pipeline,,,2016-2019,N/A,,,SDE,2025/10/16 20:13:28+00,{79FA2C7C-560C-45DA-9142-1A183D937970}
260,Park Chelsea,6,"880 New Jersey Ave., SE",WC Smith,Residential,,429,R,150000000,,Completed,,,2016-2019,Esocoff & Associates Architects,,,SDE,2025/10/16 20:12:51+00,{120515CD-032B-468C-85BE-41CE892F0C97}
261,Hecht Warehouse District,5,"1401 New York Ave., NE",Douglas Development Corp.,Residential,,353,R,120000000,,Completed,,,2016-2019,Antunovich Associates,,,SDE,2025/10/16 20:12:51+00,{1A34163D-9835-4D4E-8105-D7C942F77370}
262,Fort Totten Square,4,"South Dakota Ave. & Riggs Rd., NE",Lowe Enterprises / The JBG Companies,Residential,,345,R,120000000,,Completed,,,2016-2019,Hickok Cole Architects,,,SDE,2025/10/16 20:12:51+00,{AD29D099-1DAA-41ED-B496-0D812126224A}
263,Arris,6,"1331 4th St., SE",Forest City Washington,Residential,,327,R,100000000,,Completed,,,2016-2019,Robert A M Stern Architects / WDG Architecture,,,SDE,2025/10/16 20:12:51+00,{4EC64161-5F7A-4EFD-9449-8EFCFEBEA8D5}
264,Atlantic Plumbing DC,1,"2112 8th St., NW",The JBG Companies / Walton Street Capital,Residential,,310,R,100000000,,Completed,,,2016-2019,"Morris Adjmi Architects / Eric Colbert & Associates, PC",,,SDE,2025/10/16 20:12:51+00,{E1B5662C-110F-4C43-ADA9-BF2F0F43C748}
265,Anthology,6,"625 H St., NE",Jair Lynch Real Estate Partners,Residential,,307,R,100000000,,Completed,,,2016-2019,Hord Coplan Macht Inc,,,SDE,2025/10/16 20:12:51+00,{824FD0E6-28DC-4732-835F-5F4CC36BA55F}
266,Dock 79,6,"100 Potomac Ave., SE",MRP Realty / FRP Development Corp.,Residential,,305,R,100000000,,Completed,,,2016-2019,SK+I Architectural Design Group,,,SDE,2025/10/16 20:12:51+00,{C553E943-1448-4862-850F-42234C68927F}
267,5333 Connecticut Avenue,3,"5333 Connecticut Ave., NW",Cafritz Interests,Residential,,262,R,61000000,,Completed,,,2016-2019,"Eric Colbert & Associates, PC",,,SDE,2025/10/16 20:12:51+00,{00281F8D-B8C2-4042-B07C-DA37522115BD}
268,The Wharf (Phase I),6,Southwest Waterfront,Hoffman-Madison Waterfront,Hospitality,630000,690,,1326000000,Q4 17,Completed,,,2016-2019,BBGM / Handel Architects / FOX Architects / Kohn Pedersen Fox & Associates / MTFA Architecture / SK+I Architectural Design Group / SmithGroupJJR / WDG Architecture / Perkins Eastman DC,,,SDE,2025/10/16 20:10:22+00,{103146C2-482D-4978-A5F7-572C4FCD0672}
269,D.C. United Stadium,6,"100 Potomac Avenue, SW",D.C. United / DC Government,Hospitality,421000,,,400000000,Q3 18,Completed,,,2016-2019,Populous / Marshall | Moya Design,,,SDE,2025/10/16 20:10:22+00,{B5D6693C-808E-4171-B36F-FA520E2F9804}
270,Eaton by DC,2,"1201 K Street, NW",Pacific Eagle Holdings,Hospitality,172000,209,,0,Q3 18,Completed,,,2016-2019,N/A,,,SDE,2025/10/16 20:10:22+00,{4AF8ACBE-2A1E-4143-BA30-500DF9C61394}
271,The Line DC,1,"1770 Euclid Street, NW",Foxhall Partners / Friedman Capital Advidors / Sydell Group,Hospitality,172041,227,,100000000,Q4 17,Completed,,,2016-2019,OPX,,,SDE,2025/10/16 20:10:22+00,{2B655A3E-77B7-40A9-80A6-E595079890C0}
272,The Darcy,2,"1515 Rhode Island Avenue, NW",KHP Capital Partners,Hospitality,87600,226,,0,Q2 17,Completed,,,2016-2019,N/A,,,SDE,2025/10/16 20:10:22+00,{5F5DCE48-DD75-4FDA-B6F8-C803F0BF9549}
273,99 M Street,6,"1st & M Street, SE",Skanska USA,Office,220000,,,116000000,Q2 18,Completed,,,2016-2019,Gensler,,,SDE,2025/10/16 20:11:02+00,{8E19B3FE-1516-421B-B9AB-ECB4DDFC5447}
274,700 Penn,6,"700 Pennsylvania Avenue, SE",Stanton Development / Eastbanc / Jarvis Company / Dantes Partners / Clark Enterprises,Office,150000,,,226700000,Q4 17,Completed,,,2016-2019,Esocoff & Associates Architects,,,SDE,2025/10/16 20:11:02+00,{A0A34B70-A1F0-46BA-BB7B-D012FAB95C65}
275,U.S. Department of Commerce - Herbert Hoover Building (Ph IV),2,"1401 Constitution Avenue, NW",General Services Administration,Office,109825,,,83000000,Q3 18,Completed,,,2016-2019,Gensler,,,SDE,2025/10/16 20:11:02+00,{F25C135B-8EBD-4410-9A39-3122EA377050}
276,901 4th Street,6,"901 4th Street, NW",The Bar Association of the District of Columbia,Office,89700,,,70000000,Q1 18,Completed,,,2016-2019,Hartman-Cox Architects,,,SDE,2025/10/16 20:11:02+00,{ED11FBBE-7FC8-45A6-9D34-0E20B98649E7}
277,655 New York Avenue,6,"655 New York Avenue, NW",Douglas Development Corporation / Brookfield Office Properties,Office,653474,,,185000000,Q4 18,Under Construction,,,2016-2019,Shalom Baranes Associates,,,SDE,2025/10/16 20:11:02+00,{1F2A9636-0AB7-4723-8D15-911E4486B8F8}
278,250 Massachusetts Avenue,2,"250 Massachusetts Avenue, NW",Property Group Partners,Office,507764,,,275000000,Q3 19,Under Construction,,,2016-2019,REX Architecture PC,,,SDE,2025/10/16 20:11:02+00,{16158727-1BA2-439E-A79F-64B2880B9C96}
279,2050 M Street,2,"2050 M Street, NW",Tishman Speyer,Office,353200,,,,Q4 19,Under Construction,,,2016-2019,Kevin Roche John Dinkeloo & Associates LLC,,,SDE,2025/10/16 20:11:02+00,{179944C9-FBF2-4086-BFF7-2523E14E3855}
280,Harry S. Truman Building Modernization (Ph IC),2,"2201 C St., NW",,Office,290536,,,97000000,Q3 18,Under Construction,,,2016-2019,,,,SDE,2025/10/16 20:11:02+00,{2DAB34F9-605F-47F8-928E-491F8468580F}
281,Center Building (DHS HQ),8,St. Elizabeths West Campus,General Services Administration,Office,284000,,,155000000,Q2 19,Under Construction,,,2016-2019,Shalom Baranes Associates,,,SDE,2025/10/16 20:11:02+00,{0FB7E7D0-5854-4BF4-A23D-BBB4078502D2}
282,One Freedom Plaza,2,"1301 Pennsylvania Avenue, NW",Quadrangle Development,Office,270040,,,0,Q2 19,Under Construction,,,2016-2019,JAHN,,,SDE,2025/10/16 20:11:02+00,{C05AB071-6FA9-4A7C-99A0-7D5EBE3A975F}
283,1900 N,2,"1900 N Street, NW",JBG Smith,Office,259000,,,225000000,Q2 20,Under Construction,,,2016-2019,Kohn Pedersen Fox & Associates,,,SDE,2025/10/16 20:11:02+00,{7587ECD1-9D3C-4161-8547-8DE04BB1495D}
284,L'Enfant Plaza Office - Southeast,6,"500 L'Enfant Plaza, SW",JBG Smith,Office,215185,,,75000000,Q3 19,Under Construction,,,2016-2019,JAHN,,,SDE,2025/10/16 20:11:02+00,{F80C4336-A0B7-4F4F-BDAC-4A21F2885604}
285,2100 Pennsylvania Avenue,2,"2100 Pennsylvania Avenue, NW",Boston Properties / George Washington University,Office,423562,,,,2022,Pipeline,,,2016-2019,WDG Architecture / Pelli Clarke Pelli Architects,,,SDE,2025/10/16 20:11:02+00,{9BD92AC3-2A8A-46E9-848F-92512840A4C0}
286,Market Terminal,5,"300, 325, 350 Morse St., NE",Douglas Development Corporation / Kettler / Carr Enterprises,Office,339042,,,,2020,Pipeline,,,2016-2019,Gensler,,,SDE,2025/10/16 20:11:02+00,{F2E0F31E-D6E0-46F4-8AF2-23ADDFC4208B}
287,Penn Quarter Place,2,"600 E Street, NW",S.C. Herman & Associates,Office,325000,,,,2020,Pipeline,,,2016-2019,Dep Designs,,,SDE,2025/10/16 20:11:02+00,{6A871D7C-F709-437F-933B-07872C0A2B35}
288,Maury Elementary School,6,"1250 Constitution Ave., NE",Department of General Services / DC Public Schools,Quality of Life,52800,,,52000000,Q3 19,Completed,,,2016-2019,,,,SDE,2025/10/16 20:12:15+00,{037A6697-77CD-4AFA-8D19-E6B83D7E216E}
289,Whittle School & Studios,3,"4000 Connecticut Ave., NW",The 601 W Companies / Whittle School & Studios,Quality of Life,620000,,,185000000,Q3 19,Under Construction,,,2016-2019,,,,SDE,2025/10/16 20:12:15+00,{D6366E5C-41EA-4FE4-8DF0-80582ABE1548}
290,Medstar Georgetown University Hospital Pavilion,2,"3800 Reservoir Rd., NW",MedStar Georgetown University Hospital / Trammell Crow Company,Quality of Life,497000,,,560000000,Q1 22,Under Construction,,,2016-2019,,,,SDE,2025/10/16 20:12:15+00,{BF05C1D4-AC6E-470C-8901-D73C9B2F2099}
291,Children's National Research & Innovation Campus,4,"7144 13th Pl., NW",Children's National Medical Center,Quality of Life,400000,,,250000000,Q4 20,Under Construction,,,2016-2019,,,,SDE,2025/10/16 20:12:15+00,{891153C8-AB5A-42CD-84F7-2B855A29B586}
292,Harriet Tubman Quadrangle,1,"2455 4th St., NW",Provident Group / Howard University,Quality of Life,158000,,,45000000,Q4 19,Under Construction,,,2016-2019,,,,SDE,2025/10/16 20:12:15+00,{7D2C9B8C-F43C-4A09-985F-864A9DB7C80B}
293,Jefferson Academy,6,"801 7th St., SW",Department of General Services / DC Public Schools,Quality of Life,109000,,,77900000,Q3 20,Under Construction,,,2016-2019,,,,SDE,2025/10/16 20:12:15+00,{4427EF2A-F614-4B11-AD94-0059C716E09B}
294,Georgetown Day School Tenleytown Campus,3,"4203 Davenport St., NW",Georgetown Day School,Quality of Life,88613,,,,Q3 20,Under Construction,,,2016-2019,,,,SDE,2025/10/16 20:12:15+00,{22A82A25-F2E0-4BD9-A347-335C3F84CF46}
295,Thaddeus Stevens School,2,"1050 21st St., NW",Akridge / Argos Group / Department of General Services / DC Public Schools,Quality of Life,40000,,,20000000,Q3 20,Under Construction,,,2016-2019,,,,SDE,2025/10/16 20:12:15+00,{3DB34BDC-3AB1-4AE9-A566-5CEE10555B34}
296,Bread for the City,8,"17th & Good Hope Rd., SE",Bread for the City,Quality of Life,27650,,,26000000,2020/21,Under Construction,,,2016-2019,,,,SDE,2025/10/16 20:12:15+00,{CDEE83C8-18FC-400E-8194-FCC3FD75C735}
297,Southwest Library,6,"900 Wesley Pl., SW",DC Public Library,Quality of Life,20792,,,18000000,Q1 21,Under Construction,,,2016-2019,,,,SDE,2025/10/16 20:12:15+00,{B1141113-5F42-4293-8D6C-A50A2ED3989C}
298,555 Pennsylvania Avenue,2,"555 Pennsylvania Ave., NW",John Hopkins University,Quality of Life,400000,,,200000000,2023,Pipeline,,,2016-2019,,,,SDE,2025/10/16 20:12:15+00,{81764F48-C2F1-4BA1-945D-9311DC6A504D}
299,The Wren,1,"965 Florida Avenue, NW",MRP Realty / Ellis Development Group / JBG Smith,Residential,,433,R,120000000,Q4 20,Under Construction,,,2016-2019,Hord Coplan Macht Inc / PGN Architects PLLC,,,SDE,2025/10/16 20:12:51+00,{DE27E96A-1787-49FF-9986-B138FA36F000}
300,Milton Gottesman Jewish Day School of the Nation's Capital,4,"6045 16th St., NW",Jewish Primary Day School,Quality of Life,60000,,,22000000,Q3 18,Completed,,,2016-2019,,,,SDE,2025/10/16 20:12:15+00,{0AE5102B-1528-4310-B9CD-08652C146C37}
301,Anthem Row,2,"800 K St., NW",The Meridian Group,Retail,70000,,,142000000,Q4 19,Under Construction,,,2016-2019,,,,SDE,2025/10/16 20:13:28+00,{3CB2A669-DFDF-4756-B00F-9B285E488BC6}
302,Beckert's Park,6,"415 14th St., SE",Foulger-Pratt / Safeway,Retail,68000,,,138000000,Q1 20,Under Construction,,,2016-2019,,,,SDE,2025/10/16 20:13:28+00,{96358AC6-2421-47DB-9A79-338E100C159A}
303,Eckington Yards,5,"1625 Eckington Pl. & 1500 Harry Thomas Way, NE",The JBG Companies,Retail,67264,,,265000000,Q3 21,Under Construction,,,2016-2019,,,,SDE,2025/10/16 20:13:28+00,{0CD7E7A5-D77E-419A-8DEC-02B03B2FFE10}
304,250 Massachusetts Avenue,2,"250 Massachusetts Ave., NW",Property Group Partners,Retail,58372,,,275000000,Q4 19,Under Construction,,,2016-2019,,,,SDE,2025/10/16 20:13:28+00,{3E61B7C2-3F4F-47C0-8940-A9AD93BE15F7}
305,East River Park,7,"Minnesota Ave. & Benning Rd., NE",Cedar Realty Trust,Retail,119500,,,,,Pipeline,,,2016-2019,,,,SDE,2025/10/16 20:13:28+00,{86EF3F07-7114-4773-A833-242360D83863}
306,Upton Place,3,4000 Wisconsin Ave. NW,Donohoe Companies / Holladay Corporation,Retail,100000,,,,2023,Pipeline,,,2016-2019,,,,SDE,2025/10/16 20:13:28+00,{F09A8A06-DD85-4289-AF74-73319D809885}
307,ART Place at Fort Totten (Phase II),5,Fort Totten Metrorail Station,Morris & Gwendolyn Cafritz Foundation,Retail,94914,,,,2022,Pipeline,,,2016-2019,,,,SDE,2025/10/16 20:13:28+00,{492791E8-B3BF-40CB-AF1C-22D8E28779C6}
308,McMillan Sand Filtration Site,5,"North Capitol St & Michigan Ave., NW",Jair Lynch Real Estate Partners / Trammell Crow Company / EYA,Retail,80000,,,720000000,2023,Pipeline,,,2016-2019,,,,SDE,2025/10/16 20:13:28+00,{366A60F9-2440-4291-A5D3-08C5AEB9CDB3}
309,Armature Works,6,"1200 3rd St., NE",Trammell Crow Company / High Street Residential / MetLife,Retail,60000,,,400000000,2022,Pipeline,,,2016-2019,,,,SDE,2025/10/16 20:13:28+00,{BD6DED97-06BE-467D-BFF1-780902B709FA}
310,Barry Farm,8,"Martin L. King Jr. Ave. & Summer Rd., SE",Preservation of Affordable Housing / A&R Development / DC Housing Authority,Retail,50000,,,500000000,2021,Pipeline,,,2016-2019,,,,SDE,2025/10/16 20:13:28+00,{1CB1B146-3167-4DD9-B4DB-54C6BB8698EB}
311,Storey Park,6,"1005 1st St., NE",Four Points / Perseus Realty / Buccini Pollin Group,Retail,27313,,,330000000,2022,Pipeline,,,2016-2019,,,,SDE,2025/10/16 20:13:28+00,{096AB953-C474-4A8D-A9F0-775CD059C060}
312,500 Penn Street,5,"500 Penn St., NE",EDENS / UDR,Retail,22714,,,150000000,2022,Pipeline,,,2016-2019,,,,SDE,2025/10/16 20:13:28+00,{DA8C10A0-6333-4F61-8B78-5BE984DC763B}
313,The Lady Bird,3,"4330 48th St., NW",Valor Development,Retail,16500,,,127000000,2022,Pipeline,,,2016-2019,,,,SDE,2025/10/16 20:13:28+00,{8DD2F440-655A-4C70-8F66-E87C6D10DC9A}
314,Eckington Yards,5,"1625 Eckington Pl. & 1500 Harry Thomas Way, NE",The JBG Companies,Retail,67264,,,265000000,,Under Construction,,,2016-2019,,,,SDE,2025/10/16 20:13:28+00,{4A0F286E-C5C3-44D4-B90E-FDD0688B83E9}
315,Hilton Washington D.C. National Mall,6,480 L'ENFANT PLAZA SW,"L'Enfant DC Hotel, LLC / Stanford Hotels Group",Hospitality,0,367,,49000000,Q2 19,Completed,,,2016-2019,,,,SDE,2025/10/16 20:10:22+00,{6B3C4227-A81B-4FA2-8BCA-B22F683792A4}
316,National Air and Space Museum,2,NATIONAL AIR AND SPACE MUSEUM,Smithsonian,Hospitality,687000,,,976000000,2025,Under Construction,,,2016-2019,,,,SDE,2025/10/16 20:10:22+00,{2E03DA27-0052-4E38-9615-3B7C7B46CE74}
317,ART Place at Fort Totten (Ph I),5,"5180 South Dakota Ave., NE",Morris & Gwendolyn Cafritz Foundation,Residential,,520,R,125000000,,Under Construction,,,2016-2019,EE&K / MV+A Architects / Shalom Baranes Associates,,,SDE,2025/10/16 20:12:51+00,{170C30A6-D646-4E56-8799-5BB7193677D0}
318,AVA NoMa,6,"55 M St., NE",AvalonBay,Residential,,438,R,145000000,,Under Construction,,,2016-2019,"KTGY Group, Inc",,,SDE,2025/10/16 20:12:51+00,{4B647689-4705-404D-866A-5C61E726FCFE}
319,Shapiro Residences,5,"1270 4th St., NE",Level 2 Development / EDENS,Residential,,430,R,150000000,,Under Construction,,,2016-2019,Shalom Baranes Associates,,,SDE,2025/10/16 20:12:51+00,{63349426-6C11-4804-989F-4C12EF55A9EE}
320,Camden NoMa (Ph II),6,"61 Pierce St., NE",Camden Property Trust,Residential,,405,R,130000000,,Under Construction,,,2016-2019,WDG Architecture,,,SDE,2025/10/16 20:12:51+00,{ACCB99E5-F5C5-4C5B-8134-DEABF5CF0617}
321,909 Half Street,6,"20 K St., SE",Ruben Companies / Related Companies,Residential,,383,R,100000000,,Under Construction,,,2016-2019,"Davis, Carter, Scott / Morris Adjmi Architects",,,SDE,2025/10/16 20:12:51+00,{AA6F14E5-FC92-46F5-B813-23769D62ABD7}
322,Eliot on 4th,6,"1001 4th St., SW",Forest City Washington / Vornado Realty Trust,Residential,,365,R,100000000,,Under Construction,,,2016-2019,Perkins Eastman DC,,,SDE,2025/10/16 20:12:51+00,{56F21E89-8166-4313-A0DD-0B0E0819467F}
323,33 N Street,6,"33 N St., NE",Wood Partners,Residential,,346,R,150000000,,Under Construction,,,2016-2019,Hickok Cole Architects,,,SDE,2025/10/16 20:12:51+00,{04DD96F9-5B0B-42DF-B7FB-81668F940A65}
324,Agora,6,"800 New Jersey Ave., SE",WC Smith,Residential,,334,R,141000000,,Under Construction,,,2016-2019,SK+I Architectural Design Group,,,SDE,2025/10/16 20:12:51+00,{4367F198-7702-49E1-9533-F24C7B13A64A}
325,F1rst,6,"1st & N Streets, SE",McCaffery Interests / Grosvenor Americas / Clark Enterprises Inc.,Hospitality,127200,170,,150000000,Q2 17,Completed,,,2016-2019,Hickok Cole Architects ,,,SDE,2025/10/16 20:10:22+00,{F9D85D61-1A21-4855-A179-2F7CCC6FF5DC}
326,Pod Hotel,2,"627 - 631 H Street, NW",Modus Hotels / Monument Realty / Cafritz Interests,Hospitality,61400,245,,60000000,Q1 17,Completed,,,2016-2019,"Davis, Carter, Scott",,,SDE,2025/10/16 20:10:22+00,{C50B61B6-DBF4-4B61-9292-F9789711BD15}
327,Hotel Hive,2,"2224 F St., NW",Abdo Development,Hospitality,25000,83,,0,Q1 17,Completed,,,2016-2019,Abdo Development / Akseizer Design Group,,,SDE,2025/10/16 20:10:22+00,{7744DEC9-29C2-4608-B773-D60AEAF6EAAF}
328,CityCenterDC (Conrad Hotel),2,"950 New York Avenue, NW",Hines / Qatari Diar,Hospitality,358000,360,,270000000,Q1 19,Under Construction,,,2016-2019,Herzog & de Meuron / HKS PC,,,SDE,2025/10/16 20:10:22+00,{A56112C9-2949-4026-998B-540F2C68A148}
329,Columbia Place,2,"901 L Street, NW",Quadrangle Dev. / Capstone Dev. / Marriott,Hospitality,350000,504,,225000000,Q4 18,Under Construction,,,2016-2019,Cooper Carry,,,SDE,2025/10/16 20:10:22+00,{0FF983CE-33B5-4209-AD11-84996853DCF3}
330,W Hotel,2,"515 15th Street, NW",Marriott,Hospitality,187000,325,,50000000,Q1 19,Under Construction,,,2016-2019,Perkins Eastman DC / Studio GAIA,,,SDE,2025/10/16 20:10:22+00,{4D6489E4-4A02-49E5-AD23-CFAB2CE0A023}
331,International Spy Museum,6,"900 L'Enfant Plaza, SW",JBG Smith,Hospitality,140000,,,162000000,Q1 19,Under Construction,,,2016-2019,Hickok Cole Architects / Rogers Stirk Harbour + Partners,,,SDE,2025/10/16 20:10:22+00,{60DA38CE-0673-4AA4-A3BA-6BE2C86CAA88}
332,555 E Street,6,"555 E Street, SW",CityPartners / Potomac Investment Properties / Adams Investment Group / Paramount Dev. / DC Strategy Group,Hospitality,130000,252,,120000000,Q2 20,Under Construction,,,2016-2019,Fxfowle Architects,,,SDE,2025/10/16 20:10:22+00,{BC51140C-0215-44AF-8086-DC62032E166E}
333,Entertainment and Sports Arena,8,"1110 Oak Drive, SE",Events DC / DC Government,Hospitality,116500,,,68000000,Q4 18,Under Construction,,,2016-2019,Michael Marshall Design / ROSSETTI,,,SDE,2025/10/16 20:10:22+00,{C44058EB-199A-4CCF-9250-5A380EED9652}
334,Thompson D.C. Hotel,6,"227 Tingey Street, SE",Forest City / JW Capital Partners / Geolo Capital,Hospitality,114800,225,,0,Q4 20,Under Construction,,,2016-2019,Studios Architecture,,,SDE,2025/10/16 20:10:22+00,{AAE863E5-512C-40D1-8ABA-3B4EAB44DE84}
335,Moxy Hotel,2,"1011 K St., NW",Douglas Development Corporation,Hospitality,64988,200,,35000000,Q4 18,Under Construction,,,2016-2019,FILLAT + Architecture ,,,SDE,2025/10/16 20:10:22+00,{43BBA6B9-566E-4675-929E-38A8AA078E10}
336,The Reach,2,"2700 F Street, NW",John F. Kennedy Center for the Performing Arts,Hospitality,72000,,,175000000,Q3 19,Under Construction,,,2016-2019,Steven Holl Architects,,,SDE,2025/10/16 20:10:22+00,{2601A7D4-990D-4C8E-BBC5-E6F18C2E3899}
337,National Air and Space Museum,2,The National Mall,Smithsonian,Hospitality,687000,,,976000000,2025,Pipeline,,,2016-2019,Quinn Evans Architects,,,SDE,2025/10/16 20:10:22+00,{028AF8AA-8BF7-476B-8056-1E9C2F682D60}
338,Storey Park,6,"1005 1st Street, NE",Perseus Realty / Four Points / Greencourt Capital,Hospitality,184436,235,,330000000,2021,Pipeline,,,2016-2019,HKS PC,,,SDE,2025/10/16 20:10:22+00,{38C345D5-1D43-47BA-BBC9-EFF6CEB04FF0}
339,411 New York Avenue,5,"411 New York Avenue, NE",Brook Rose Development / D.B. Lee Development Inc.,Hospitality,111440,178,,0,N/A,Pipeline,,,2016-2019,BBGM,,,SDE,2025/10/16 20:10:22+00,{3B89BAE8-C666-41D4-A806-2E0C705F2D6C}
340,3900 Wisconsin Avenue,3,"3900 Wisconsin Avenue, NW",Roadside Development / Sekisui House,Hospitality,100000,150,,0,2022,Pipeline,,,2016-2019,Shalom Baranes Associates,,,SDE,2025/10/16 20:10:22+00,{B2718EA3-55A0-4459-A047-E7DDDB930380}
341,601 K Street,6,"601 K Street, NW",Douglas Development Corporation,Hospitality,96755,234,,47000000,2020,Pipeline,,,2016-2019,FILLAT + Architecture ,,,SDE,2025/10/16 20:10:22+00,{32EED08C-63A0-4354-8C67-E61C574B39E1}
342,Cambria Hotel & Suites,6,"1535 Half St., SW",Donohoe Companies ,Hospitality,81000,154,,0,2022,Pipeline,,,2016-2019,BBGM,,,SDE,2025/10/16 20:10:22+00,{4A5CD5A2-43E3-43E3-A065-16D993E357A0}
343,Press House at Union District,6,"301 N Street, NE",Foulger-Pratt,Hospitality,80366,175,,180000000,2020,Pipeline,,,2016-2019,AA Studio / Torti Gallas and Partners,,,SDE,2025/10/16 20:10:22+00,{31EAC015-3046-4C7B-A599-EBB660901550}
344,The Wharf (Phase II),6,Southwest Waterfront,Hoffman-Madison Waterfront,Hospitality,80000,116,,1200000000,2022,Pipeline,,,2016-2019,ODA Architecture / WDG Architecture / Rafael Vinoly Architects PC / Morris Adjmi Architects / Studios Architecture / Hollwich Kushner / Perkins Eastman DC / SHoP,,,SDE,2025/10/16 20:10:22+00,{8C25C836-A253-45F0-8FF6-998D3799E7E2}
345,Eckington Yards,5,"1625 Eckington Place & 1500 Harry Thomas Way, NE",JBG Smith / The Boundary Companies,Retail,67264,,,,2020,Pipeline,,,2016-2019,"Eric Colbert & Associates, PC",,,SDE,2025/10/16 20:13:28+00,{111E33BA-632A-410C-A8F4-70C4A1F67D82}
346,200 Massachusetts Avenue,2,"200 Massachusetts Ave., NW",Property Group Partners / Center Place Holdings,Office,381746,,,200000000,,Under Construction,,,2016-2019,Kevin Roche John Dinkeloo & Associates LLC,,,SDE,2025/10/16 20:11:02+00,{EBF43FEA-EBE7-4CDD-9B1B-67451A4F5BC8}
347,600 Massachusetts Avenue,2,"600 Massachusetts Ave., NW",Gould Property Company / Oxford Properties Group,Office,381592,,,206000000,,Under Construction,,,2016-2019,CORE,,,SDE,2025/10/16 20:11:02+00,{773A89DF-F778-4210-B99E-08559EF02E15}
348,Harry S. Truman Building Modernization (Ph IC),2,"2201 C St., NW",General Services Administration,Office,290536,,,97000000,,Under Construction,,,2016-2019,Westlake Reed Leskosky,,,SDE,2025/10/16 20:11:02+00,{D5365C17-C6CF-4A95-ACEB-D1C710DF89E9}
349,The Shay,1,"1921 & 1924 8th St., NW",The JBG Companies,Residential,,242,R,50000000,,Completed,,,2016-2019,Miller Hull / BKV Group,,,SDE,2025/10/16 20:12:51+00,{FF137EE7-98DA-4B24-8D28-A0D755218045}
350,Murch Elementary School,3,"4810 36th St., NW",DC Public Schools / Department of General Services,Education,112700,,,83000000,2018,Pipeline,,,2016-2019,R. McGhee & Associates / Hord Coplan Macht Inc,,,SDE,2025/10/16 20:09:37+00,{3DBC68D5-BAC0-4E0C-8B3C-6A194A449A68}
351,Garrison Elementary School,2,"1200 S St., NW",DC Public Schools / Department of General Services,Education,60200,,,24000000,2017,Pipeline,,,2016-2019,Newman Architects / BELL Architects,,,SDE,2025/10/16 20:09:37+00,{9B672113-2890-4369-94DA-FEE99F49CA4C}
352,Hyde-Addison Elementary School Addition,2,"3246 P St., NW",DC Public Schools / Department of General Services,Education,30100,,,22000000,2018,Pipeline,,,2016-2019,BLOC Atlantic / Shinberg Levinas,,,SDE,2025/10/16 20:09:37+00,{B4A244C2-1143-4153-A122-FD1EE28EA77D}
353,Eagle Center (Phase III),8,"3400 Wheeler Rd., SE",Eagle Academy Public Charter School,Education,20000,,,,,Pipeline,,,2016-2019,Shinberg Levinas,,,SDE,2025/10/16 20:09:37+00,{888DEF87-DE92-4AAD-9946-76A293B72A5D}
354,The Watergate,2,"2650 Virginia Ave., NW",Euro Capital Properties,Hospitality,277000,336,,125000000,,Completed,,,2016-2019,BBGM,,,SDE,2025/10/16 20:10:22+00,{3E003496-9640-4AB1-8E5D-66EED74BE40E}
355,Hyatt Place DC Capitol / National Mall,6,"400 E St., SW",DC Strategy Group / Paramount /  CityPartners / Potomac Investment Prop.,Hospitality,170665,214,,65000000,,Completed,,,2016-2019,WDG Arhictecture / Nelson Architects,,,SDE,2025/10/16 20:10:22+00,{7DF22AD4-C4D6-4F71-8366-1A5F6388E6CF}
356,Homewood Suites & Hampton Inn,5,"501 New York Ave., NE",Baywood Hotels,Hospitality,160000,230,,,,Completed,,,2016-2019,BBGM,,,SDE,2025/10/16 20:10:22+00,{98703B27-A587-43B0-8A54-9FCBAF3E5288}
357,Hyatt Place Hotel,2,"2121 M St., NW",Renaissance Centro,Hospitality,109000,168,,37000000,,Completed,,,2016-2019,"Jonathan Nehmer + Associates, Inc. ",,,SDE,2025/10/16 20:10:22+00,{4B8D7C77-28E0-424C-BBA7-E0A7C0F1395C}
358,"Hampton Inn & Suites Washington, DC Ballpark",6,"1265 1st St., SE",Buccini Pollin Group,Hospitality,98000,168,,,,Completed,,,2016-2019,BBGM,,,SDE,2025/10/16 20:10:22+00,{DD2189AC-EB53-4FA4-B630-DE1D6283C9CA}
359,Capitol Quarter Community Building,6,"1000 5th St., SE",DC Housing Authority,Hospitality,21000,,,11000000,,Completed,,,2016-2019,Torti Gallas and Partners,,,SDE,2025/10/16 20:10:22+00,{4C7E900A-F052-4C78-BCE3-A652EACAEFD0}
360,Ridge Road Recreation Center,7,"800 Ridge Rd., SE",Department of Parks and Recreation,Hospitality,18000,,,16000000,,Completed,,,2016-2019,cox graae + spack architects,,,SDE,2025/10/16 20:10:22+00,{BAFC6A66-2AAD-4646-ADB3-AD2B0CEDBAE4}
361,900 16th Street,2,"900 16th St., NW",The JBG Companies,Hospitality,11722,,,,,Completed,,,2016-2019,Cooper Carry,,,SDE,2025/10/16 20:10:22+00,{82D3F70C-0687-4BBD-AD2E-33A94FFF2DB2}
362,The Wharf (Ph I),6,Southwest Waterfront,Hoffman-Madison Waterfront,Hospitality,645500,690,,1200000000,,Under Construction,,,2016-2019,BBGM / Handel Architects / FOX Architects / Kohn Pedersen Fox & Associates / MTFA Architecture / SK+I Architectural Design Group / SmithGroupJJR / WDG Architecture / Perkins Eastman DC,,,SDE,2025/10/16 20:10:22+00,{DC70312F-69B5-41A3-A0E0-16DBFBE9B7B8}
363,Museum of the Bible,6,"300 D St., SW",Museum of the Bible,Hospitality,430000,,,400000000,,Under Construction,,,2016-2019,SmithGroupJJR,,,SDE,2025/10/16 20:10:22+00,{8E1B60A4-A12D-4291-863E-53BE4D26BB4D}
364,National Museum of African-American History & Culture,2,1400 Constitution Ave NW,Smithsonian Institution,Hospitality,400000,,,385000000,,Under Construction,,,2016-2019,Davis Brody Bond Aedas LLP / Adjaye Associates / SmithGroupJJR / Freelon Group  ,,,SDE,2025/10/16 20:10:22+00,{6CC15E55-A1C4-4B3D-A8E0-0C905EAA136E}
365,CityCenterDC (Conrad Hotel),2,"950 New York Ave., NW",Hines / Qatari Diar,Hospitality,382000,360,,270000000,,Under Construction,,,2016-2019,Herzog & de Meuron / HKS PC,,,SDE,2025/10/16 20:10:22+00,{564E1E05-A202-47B9-8B67-4987F2075047}
366,D.C. United Stadium,6,"100 Potomac Ave., SW",DC Government / D.C. United,Hospitality,358126,,,287000000,,Under Construction,,,2016-2019,Populous / Marshall | Moya Design,,,SDE,2025/10/16 20:10:22+00,{32329664-2E65-45BA-B90B-59EF25F37653}
367,Columbia Place,2,"901 L St., NW",Capstone Development / Marriott / Quadrangle Development,Hospitality,350000,504,,225000000,,Under Construction,,,2016-2019,Cooper Carry,,,SDE,2025/10/16 20:10:22+00,{ACA77584-17E5-46DA-8577-10FB16E0D779}
368,The Line DC,1,"1780 Columbia Rd., NW",Sydell Group / Foxhall Partners / Friedman Capital Advisors,Hospitality,176671,227,,100000000,,Under Construction,,,2016-2019,OPX,,,SDE,2025/10/16 20:10:22+00,{AF242D8B-7BCB-45EE-A4EE-E9A5D1D17CB9}
369,International Spy Museum,6,"900 L'Enfant Plaza, SW",The JBG Companies / International Spy Museum,Hospitality,140000,,,162000000,,Under Construction,,,2016-2019,Hickok Cole Architects / Rogers Stirk Harbour + Partners,,,SDE,2025/10/16 20:10:22+00,{085C2EA2-F6FD-46FA-8E80-8B4C24EF0E14}
370,Homewood Suites,6,"50 M St., SE",Englewood LLC / C/G Investments,Hospitality,135200,195,,60000000,,Under Construction,,,2016-2019,Cooper Carry,,,SDE,2025/10/16 20:10:22+00,{432A94EB-6B45-4596-8F30-6997D5F7C345}
371,SLS Lux Hotel & Residences,6,"901 5th St., NW",Peebles Corporation / MacFarlane Partners,Hospitality,137950,198,,135000000,2019,Pipeline,,,2016-2019,WDG Architecture,,,SDE,2025/10/16 20:10:22+00,{0E848413-558F-444A-8026-6252EB1ADE1E}
372,555 E Street,6,"555 E St., SW",CityPartners / Potomac Investment Prop.,Hospitality,131500,190,,120000000,2019,Pipeline,,,2016-2019,Fxfowle Architects,,,SDE,2025/10/16 20:10:22+00,{6A7C9A2E-6F31-49BD-B6FA-D191116E0C18}
373,Latham Hotel,2,"3000 M St., NW",Thor Equities,Hospitality,99555,82,,,2019,Pipeline,,,2016-2019,Shalom Baranes Associates,,,SDE,2025/10/16 20:10:22+00,{4AA91CFA-A387-499C-A899-7CB56D88F4FA}
374,Press House at Union District,6,"301 N St., NE",Foulger-Pratt,Hospitality,80366,175,,150000000,2019,Pipeline,,,2016-2019,AA Studio / Torti Gallas and Partners,,,SDE,2025/10/16 20:10:22+00,{9729DB85-BB50-4D29-AAA2-C76B4BE33D63}
375,ShowPlace Icon,6,"N Pl. & 1 1/2 St., SE",Forest City Washington,Hospitality,66400,,,,2018,Pipeline,,,2016-2019,RTKL Associates,,,SDE,2025/10/16 20:10:22+00,{FB564B8B-3B26-4BD8-952F-0DED7F32886D}
376,Beacon Center,4,"6100 Georgia Ave., NW",Community Builders / Emory United Methodist Church,Hospitality,58000,,,36000000,2018,Pipeline,,,2016-2019,"Torti Gallas Urban, Inc.",,,SDE,2025/10/16 20:10:22+00,{EB617BED-197A-4788-AB20-A7D2CC40DCF4}
377,Cleveland Park Library,3,"3310 Connecticut Ave., NW",DC Public Library,Hospitality,26710,,,20000000,2018,Pipeline,,,2016-2019,Perkins Eastman DC,,,SDE,2025/10/16 20:10:22+00,{43F3A285-B4C2-47D2-8982-55BD1707DBDD}
378,Center Building (DHS HQ),8,St. Elizabeths West Campus,General Services Administration,Office,284000,,,155000000,,Under Construction,,,2016-2019,Shalom Baranes Associates,,,SDE,2025/10/16 20:11:02+00,{77B1993A-2E05-4C83-A486-353228CA6FC4}
379,One Freedom Plaza,2,"1301 Pennsylvania Ave., NW",Quadrangle Development,Office,270040,,,,,Under Construction,,,2016-2019,JAHN,,,SDE,2025/10/16 20:11:02+00,{76580AE9-DB30-46B3-B8BB-1E995687F1C9}
380,2112 Pennsylvania Avenue,2,"2110 Pennsylvania Ave., NW",Skanska / GWU,Office,243500,,,125000000,,Under Construction,,,2016-2019,Gensler,,,SDE,2025/10/16 20:11:02+00,{A1F45E14-25F9-4FF2-BF8A-657C94835A95}
381,44 & 88 M Street at Tyber Place,6,"44 & 88 M St., NE",Skanska USA,Office,540100,,,200000000,,Pipeline,,,2016-2019,"Davis, Carter, Scott",,,SDE,2025/10/16 20:11:02+00,{7FC5F8EF-8089-40E3-A77D-9FAC125B5E1B}
382,Lacebark Alley,6,"51 N St., 50 Patterson St. & 1250 1st St., NE",The JBG Companies / Brandywine Realty Trust,Office,366161,,,275000000,2018,Pipeline,,,2016-2019,Shalom Baranes Associates / Cooper Carry,,,SDE,2025/10/16 20:11:02+00,{30E8576F-307E-4977-8249-85E45477A748}
383,2050 M Street,2,"2050 M St., NW",Tishman Speyer,Office,359040,,,,2019,Pipeline,,,2016-2019,REX Architecture PC,,,SDE,2025/10/16 20:11:02+00,{CABC67D6-7379-4B61-B595-02805325CCAA}
384,Anthem Row,2,"800 K St., NW",The Meridian Group,Office,200000,,,,,Pipeline,,,2016-2019,Hickok Cole Architects,,,SDE,2025/10/16 20:11:02+00,{157998CC-09A4-408A-B8F8-362D6A2EE0FE}
385,2100 L Street,2,"2100 L St., NW",Akridge / Argos Group,Office,182000,,,147000000,2019,Pipeline,,,2016-2019,WDG Architecture / Jan Hendrix / Martinez & Johnson,,,SDE,2025/10/16 20:11:02+00,{06FAC113-5F87-4906-853E-B5B06273D701}
386,DC Water HQ,6,"125 O St., SE",DC Water,Office,151300,,,60000000,2017,Pipeline,,,2016-2019,SmithGroupJJR,,,SDE,2025/10/16 20:11:02+00,{679C354D-DF99-4F31-88D1-8BFBA605BD77}
387,1101 16th Street,2,"1101 16th St., NW",Akridge,Office,100000,,,95000000,,Pipeline,,,2016-2019,HOK,,,SDE,2025/10/16 20:11:02+00,{23903054-9AE5-4277-A0B6-BFD0117C988E}
388,1701 Rhode Island Avenue,2,"1701 Rhode Island Ave., NW",Akridge,Office,100000,,,88000000,2018,Pipeline,,,2016-2019,Hickok Cole Architects,,,SDE,2025/10/16 20:11:02+00,{307F2063-7321-40A5-8116-567E55B928ED}
389,Hecht Warehouse District (Hecht Building),5,"1401 New York Ave., NE",Douglas Development Corp.,Retail,201934,,,120000000,,Completed,,,2016-2019,Antunovich Associates,,,SDE,2025/10/16 20:13:28+00,{119D863F-500A-4845-9B5F-8F6E57E05EFE}
390,The Shops at Dakota Crossing  (Lowe's),5,"2425 Market St., NE",Ft. Lincoln New Town Corp. / Trammell Crow / CSG Urban Partners,Retail,130000,,,20000000,,Completed,,,2016-2019,Bignell Watkins Hasser Architects,,,SDE,2025/10/16 20:13:28+00,{34C05461-5448-4C02-81E6-35E7D691847D}
391,Manhattan Laundry,1,"1328 - 1346 Florida Ave., NW",Douglas Development Corp.,Retail,30000,,,,,Completed,,,2016-2019,BLDG Architects,,,SDE,2025/10/16 20:13:28+00,{1726B315-4388-4D9B-B266-BE78D103BADB}
392,The Shay,1,"1921 & 1924 8th St., NW",The JBG Companies,Retail,28000,,,50000000,,Completed,,,2016-2019,Miller Hull / BKV Group,,,SDE,2025/10/16 20:13:28+00,{F1881388-351F-4FA8-826D-F1B04DBCDD63}
393,Arris,6,"1331 4th St., SE",Forest City Washington,Retail,20000,,,100000000,,Completed,,,2016-2019,Robert A M Stern Architects / WDG Architecture,,,SDE,2025/10/16 20:13:28+00,{8054AFA7-9E0D-4720-B679-86CC102BCA00}
394,Dock 79,6,"100 Potomac Ave., SE",MRP Realty / FRP Development Corp.,Retail,18650,,,100000000,,Completed,,,2016-2019,MRP Realty / FRP Development Corp.,,,SDE,2025/10/16 20:13:28+00,{03BE4FEB-8D79-4655-9F80-CFA5240287D7}
395,601 Massachusetts Avenue,6,"601 Massachusetts Ave., NW",Boston Properties,Retail,18300,,,150000000,,Completed,,,2016-2019,Duda Paine Architects,,,SDE,2025/10/16 20:13:28+00,{50F005E6-A3AD-4BDC-A731-C1B4C88DE310}
396,Tenley View,3,"4600 Wisconsin Ave., NW",Douglas Development Corp.,Retail,17400,,,,,Completed,,,2016-2019,Shalom Baranes Associates,,,SDE,2025/10/16 20:13:28+00,{59EB731E-1B91-443D-9715-F7A903C596D3}
397,The Wharf (Ph I),6,Southwest Waterfront,Hoffman-Madison Waterfront,Retail,190000,,,1200000000,,Under Construction,,,2016-2019,BBGM / Handel Architects / FOX Architects / Kohn Pedersen Fox & Associates / MTFA Architecture / SK+I Architectural Design Group / SmithGroupJJR / WDG Architecture / Perkins Eastman DC,,,SDE,2025/10/16 20:13:28+00,{544E031F-C302-43AD-ABF5-DE8EA6BFC7E6}
398,The Shops at Dakota Crossing  (Ph III),5,"New York & South Dakota Aves., NE",Ft. Lincoln New Town Corp. / Trammell Crow / CSG Urban Partners,Retail,135000,,,60000000,,Under Construction,,,2016-2019,Bignell Watkins Hasser Architects,,,SDE,2025/10/16 20:13:28+00,{7BCD4BBB-32E3-4699-B311-63BF79DA508A}
399,ART Place at Fort Totten (Ph I),5,"5180 South Dakota Ave., NE",Morris & Gwendolyn Cafritz Foundation,Retail,104701,,,125000000,,Under Construction,,,2016-2019,EE&K / MV+A Architects / Shalom Baranes Associates,,,SDE,2025/10/16 20:13:28+00,{CE81A1E7-34A1-47AA-9A40-D448A268A50B}
400,Hecht Warehouse District (Pappas Building),5,"1401 Okie St., NE",Douglas Development Corp.,Retail,95335,,,9000000,,Under Construction,,,2016-2019,Antunovich Associates,,,SDE,2025/10/16 20:13:28+00,{8661329F-E895-4D5C-BE4C-BD1EF0DF4641}
401,655 New York Avenue,6,"655 New York Ave., NW",Douglas Development Corp. / Brookfield,Retail,80551,,,185000000,,Under Construction,,,2016-2019,Shalom Baranes Associates,,,SDE,2025/10/16 20:13:28+00,{0BB4D33A-3863-4511-B999-B5970C6C529E}
402,700 Penn,6,"700 Pennsylvania Ave., SE",Stanton Development / Eastbanc / Dantes Partners,Retail,60000,,,227000000,,Under Construction,,,2016-2019,Esocoff & Associates Architects,,,SDE,2025/10/16 20:13:28+00,{3E76F148-1FC8-4998-B0A6-1D87D0B2F523}
403,Apollo,6,"610 H St., NE",Insight Property Group,Retail,59000,,,195000000,,Under Construction,,,2016-2019,SK+I Architectural Design Group,,,SDE,2025/10/16 20:13:28+00,{26885192-7DF8-414B-97A2-3E08AA81A594}
404,Midtown Center,2,"1150 15th St., NW",Carr Properties,Retail,40000,,,375000000,,Under Construction,,,2016-2019,WDG Architecture / SHoP,,,SDE,2025/10/16 20:13:28+00,{EBC5DA63-1371-4C2C-8827-A37BDBAABCD1}
405,Agora,6,"800 New Jersey Ave., SE",WC Smith,Retail,39000,,,141000000,,Under Construction,,,2016-2019,SK+I Architectural Design Group,,,SDE,2025/10/16 20:13:28+00,{A2D230B7-FC26-48FE-865D-F1131A48E55A}
406,Capitol Gateway Marketplace,7,"58th & East Capitol Sts., NE",A&R Development /  DC Housing Authority,Retail,162200,,,100000000,,Pipeline,,,2016-2019,Bowman / Lessard Design,,,SDE,2025/10/16 20:13:28+00,{1E53672A-D850-4D69-9480-619C810644D3}
407,McMillan Sand Filtration Site,5,"North Capitol St. & Michigan Ave., NW",Jair Lynch Real Estate Partners / Trammell Crow Company / EYA / DMPED,Retail,125000,,,720000000,2019,Pipeline,,,2016-2019,Perkins Eastman DC / MV+A Architects / Shalom Baranes Associates,,,SDE,2025/10/16 20:13:28+00,{166FEFE4-5E41-4C03-B79C-ED26857D4B4E}
408,Armature Works,6,"1200 3rd Street, NE",Trammell Crow Company / High Street Residential,Retail,42000,,,,2021,Pipeline,,,2016-2019,Shalom Baranes / Leo A Daly,,,SDE,2025/10/16 20:13:28+00,{4A5954F1-3900-4432-8696-27E935DEB802}
409,Saint Elizabeths East (Phase I),8,Saint Elizabeths East Campus,Redbrick / Gragg Cardona Partners / Flaherty & Collins / AEDC / DMPED,Retail,30000,,,300000000,2025,Pipeline,,,2016-2019,"Cunningham + Quill Architects, PLLC",,,SDE,2025/10/16 20:13:28+00,{0E83240F-4F3D-471C-973F-4279CA0ACE38}
410,Storey Park,6,"1005 1st Street, NE",Perseus Realty / Four Points / Greencourt Capital,Retail,27313,,,330000000,2021,Pipeline,,,2016-2019,HKS PC,,,SDE,2025/10/16 20:13:28+00,{223C2A28-E114-435F-AD06-5705DBCC7087}
411,Waterfront Station II,6,"1000 4th Street, SW",PN Hoffman / Paramount Dev. / ER Bacon Dev. / CityPartners / Affordable Housing Dev. / DMPED,Retail,20807,,,157000000,2022,Pipeline,,,2016-2019,Torti Gallas and Partners,,,SDE,2025/10/16 20:13:28+00,{C8F24EA9-0FF3-4FC3-A62A-08962BC5FFAF}
412,Press House at Union District,6,"301 N Street, NE",Foulger-Pratt,Retail,27282,,,180000000,2020,Pipeline,,,2016-2019,Torti Gallas and Partners / AA Studio,,,SDE,2025/10/16 20:13:28+00,{4F9CFA0B-9837-4939-A49E-9CC58DCCF3D4}
413,The Wharf (Phase I),6,Southwest Waterfront,Hoffman-Madison Waterfront,Retail,190000,,,1326000000,Q4 17,Completed,,,2016-2019,BBGM / Handel Architects / FOX Architects / Kohn Pedersen Fox & Associates / MTFA Architecture / SK+I Architectural Design Group / SmithGroupJJR / WDG Architecture / Perkins Eastman DC,,,SDE,2025/10/16 20:13:28+00,{28A58159-7245-4715-8459-073D50FC25FC}
414,The Modern at Fort Totten,5,"5180 South Dakota Avenue, NE",Morris & Gwendolyn Cafritz Foundation,Retail,104701,,,135000000,Q3 17,Completed,,,2016-2019,EE&K / MV+A Architects / Shalom Baranes Associates,,,SDE,2025/10/16 20:13:28+00,{8BFE4702-C30B-43A0-9F26-FE1556D5FA51}
415,Eaton by DC,2,1201 K STREET NW,Pacific Eagle Holdings,Hospitality,172000,209,,,Q3 18,Completed,,,2016-2019,,,,SDE,2025/10/16 20:10:22+00,{AC64D068-214C-42B4-839C-85050853468B}
416,International Spy Museum,6,700 L'ENFANT PLAZA SW,International Spy Museum / JBG Smith,Hospitality,140000,,,162000000,Q2 19,Completed,,,2016-2019,,,,SDE,2025/10/16 20:10:22+00,{331112EA-536A-49D2-960D-8667DC7E0C2B}
417,Entertainment and Sports Arena,8,1100 OAK DRIVE SE,Events DC / DC Government,Hospitality,116500,,,68080000,Q3 18,Completed,,,2016-2019,,,,SDE,2025/10/16 20:10:22+00,{35900E09-8294-4FB6-8560-EF8FABE3141C}
418,Moxy Hotel,2,1011 K STREET NW,Douglas Development Corporation,Hospitality,64988,200,,40000000,Q4 18,Completed,,,2016-2019,,,,SDE,2025/10/16 20:10:22+00,{5E636C67-5CF5-4744-B444-F952E9E586CA}
419,601 Massachusetts Avenue,6,"601 Massachusetts Ave., NW",Boston Properties,Office,460500,,,150000000,,Completed,,,2016-2019,Duda Paine Architects,,,SDE,2025/10/16 20:11:02+00,{C3291FE8-B505-4579-8873-F6DE0348235B}
420,National Square,6,"500 D St., SW",Trammell Crow Company,Office,342000,,,140000000,,Completed,,,2016-2019,Gensler,,,SDE,2025/10/16 20:11:02+00,{301F55E1-578B-44B4-A8CB-B78093B56827}
421,2001 M Street,2,"2001 M St., NW",Brookfield,Office,270000,,,,,Completed,,,2016-2019,Lehman-Smith McLeish,,,SDE,2025/10/16 20:11:02+00,{92AE4AF2-3BD2-44F8-97C5-B73FA9AE04EB}
422,Department of the Interior (Phase VI),2,"1849 C St., NW",General Services Administration,Office,221357,,,60000000,,Completed,,,2016-2019,Shalom Baranes Associates,,,SDE,2025/10/16 20:11:02+00,{6D35993F-E054-464D-82D6-4CB65373F8B8}
423,Republic Square (Phase II),6,"660 North Capitol St., NW",Republic Properties Corporation,Office,197000,,,65000000,,Completed,,,2016-2019,Leo A Daly,,,SDE,2025/10/16 20:11:02+00,{F6907499-BC1E-4E34-BD7D-5249B6E248DF}
424,900 16th Street,2,"900 16th St., NW",The JBG Companies,Office,120000,,,,,Completed,,,2016-2019,Cooper Carry,,,SDE,2025/10/16 20:11:02+00,{7C7323F1-91F2-487E-B0A3-1273CDB1B46C}
425,1785 Massachusetts Avenue,2,"1785 Massachusetts Ave., NW",American Enterprise Institute,Office,92000,,,46000000,,Completed,,,2016-2019,Hartman-Cox Architects,,,SDE,2025/10/16 20:11:02+00,{E3692D6B-2E5E-4844-945D-0EBEA3348568}
426,MPD Sixth District Headquarters,7,"5002 Hayes St., NE",Department of General Services,Office,80000,,,25000000,,Completed,,,2016-2019,Sorg & Associates,,,SDE,2025/10/16 20:11:02+00,{05D50B14-CC77-430F-B194-C564F9302332}
427,LIUNA (addition),2,"905 16th St., NW",Laborers International Union of North America,Office,55505,,,,,Completed,,,2016-2019,Gensler,,,SDE,2025/10/16 20:11:02+00,{4149A502-8151-4693-982C-871ED56E2022}
428,Manhattan Laundry,1,"1328 - 1346 Florida Ave., NW",Douglas Development Corporation,Office,55000,,,,,Completed,,,2016-2019,BLDG Architects,,,SDE,2025/10/16 20:11:02+00,{CB40D3DB-7AA7-415B-BF7E-C88E1735DCCB}
429,Midtown Center,2,"1150 15th St., NW",Carr Properties,Office,820000,,,375000000,,Under Construction,,,2016-2019,WDG Architecture / SHoP,,,SDE,2025/10/16 20:11:02+00,{94930E47-4720-481A-A311-319D15CAC3CC}
430,655 New York Avenue,6,"655 New York Ave., NW",Douglas Development Corp. / Brookfield,Office,653474,,,185000000,,Under Construction,,,2016-2019,Shalom Baranes Associates,,,SDE,2025/10/16 20:11:02+00,{F5E40330-DE22-4B5B-AA44-A74F017DC2F6}
431,250 Massachusetts Avenue,2,"250 Massachusetts Ave., NW",Property Group Partners / Center Place Holdings,Office,516665,,,275000000,,Under Construction,,,2016-2019,Kevin Roche John Dinkeloo & Associates LLC,,,SDE,2025/10/16 20:11:02+00,{9E5229E6-87C6-4409-897D-50C63398643A}
432,1700M,2,"1700 M Street, NW",Vornado Realty Trust,Office,315435,,,,2021,Pipeline,,,2016-2019,Studios Architecture,,,SDE,2025/10/16 20:11:02+00,{267AE716-BDC0-46AA-8763-2F233393EB5E}
433,Reunion Square (Building 4),8,"Shannon Place & W Street, SE",Four Points / Curtis Development,Office,281242,,,,2021,Pipeline,,,2016-2019,Hickok Cole Architects,,,SDE,2025/10/16 20:11:02+00,{806A74F6-E95B-4DB6-ADDA-341F49D6FF68}
434,250 M at Canal Park,6,"250 M St., SE",WC Smith,Office,175000,,,125000000,2022,Pipeline,,,2016-2019,Hickok Cole Architects,,,SDE,2025/10/16 20:11:02+00,{C8E8983A-A2CD-4819-AB91-5CF0E92AC257}
435,300 7th Street,6,"300 7th St., SW",Urban Atlantic,Office,143414,,,,,Pipeline,,,2016-2019,N/A,,,SDE,2025/10/16 20:11:02+00,{620C954A-2BFC-4317-B341-D03F5FB67A1A}
436,Columbia Place,2,901 L STREET NW,Quadrangle Development / Capstone Development / Marriott,Hospitality,350000,504,,225000000,Q4 18,Completed,,,2016-2019,,,,SDE,2025/10/16 20:10:22+00,{0E5DFE2D-02BE-44E7-A82A-DB3865D1B454}
437,11th Street Bridge Park,8,11th Street Bridge,Building Bridges Across the River / DC Department of Transportation,Quality of Life,,,,74000000,2023,Pipeline,,,2016-2019,,,,SDE,2025/10/16 20:12:15+00,{B1EF0104-26C2-4811-BF2F-17EC1DEAEE6A}
438,Modern on M,6,"6th & M Sts., SW",Mill Creek Residential Trust,Residential,,276,,75000000,Q4 18,Completed,,,2016-2019,,,,SDE,2025/10/16 20:12:51+00,{1CD50A9D-CC25-423D-980E-B32A6B61023F}
439,Bryant Street (Phase I),5,"680 Rhode Island Ave., NE",MRP Realty / FRP Development Corp,Residential,,487,,,Q1 21,Under Construction,,,2016-2019,,,,SDE,2025/10/16 20:12:51+00,{50BD05C9-8E2D-4197-93EC-BDE19EB10C60}
440,Sursum Corda Redevelopment (Ph I),6,"North Capitol St., M St., 1st St., L St., NW",Toll Brothers,Residential,,562,,,2021/22,Pipeline,,,2016-2019,,,,SDE,2025/10/16 20:12:51+00,{8CBBEE20-FEB4-408C-8972-DD39954B4602}
441,655 New York Avenue,6,"655 New York Ave., NW",Douglas Development Corporation / Brookfield Properties,Retail,80551,,,185000000,Q3 19,Completed,,,2016-2019,,,,SDE,2025/10/16 20:13:28+00,{2CBA65E5-D552-4B97-BBC9-8624ECFF9D6B}
442,Press House at Union District,6,"301 N St., NE",Foulger-Pratt,Residential,,372,R,150000000,2019,Pipeline,,,2016-2019,AA Studio / Torti Gallas and Partners,,,SDE,2025/10/16 20:12:51+00,{770C0CA8-E623-481D-BA17-8E45068C56B0}
443,Paul Public Charter School,4,"5800 8th St., NW",Jair Lynch Real Estate Partners,Education,166000,,,22000000,,Completed,,,2016-2019,Shinberg Levinas,,,SDE,2025/10/16 20:09:37+00,{B0091B35-9CB7-4AFB-9C78-9312ED7CF04C}
444,AU East Campus,3,"3501 Nebraska Ave., NW",American University,Education,243000,,,115000000,,Under Construction,,,2016-2019,Stantec Architecture,,,SDE,2025/10/16 20:09:37+00,{12440B48-36BB-4C49-B8FB-0F0E63789C9D}
445,THE ARC (Ph III),8,"18th St. & Mississippi Ave., SE",WC Smith / Building Bridges Across the River,Education,13725,,,34000000,,Under Construction,,,2016-2019,Sanchez Palmer,,,SDE,2025/10/16 20:09:37+00,{9D45925E-D55B-46FA-89DD-3AD8629A9893}
446,Ballpark East,6,"1201 Half St., SE",The JBG Companies,Retail,61000,,,,,Pipeline,,,2016-2019,"Eric Colbert & Associates, PC / ODA Architecture",,,SDE,2025/10/16 20:13:28+00,{89A9DF7F-E842-4AEB-9862-36DF762532A9}
447,Consumer Financial Protection Bureau HQ Modernization,2,"1700 G Street, NW",General Services Administration,Retail,21596,,,139000000,Q4 17,Completed,,,2016-2019,RTKL Associates / SOM,,,SDE,2025/10/16 20:13:28+00,{1B87E88E-1FFF-4BB7-B4FF-B23D20C57C25}
448,Shops at Penn Hill (Phase I),7,"3200 Pennsylvania Avenue, SE",Jair Lynch Real Estate Partners,Retail,65000,,,15000000,Q1 19,Under Construction,,,2016-2019,Mushinksy Voelzke Associates,,,SDE,2025/10/16 20:13:28+00,{D528E01E-3340-4145-9F64-275D7038A0D9}
449,The Belgard,6,"33 N Street, NE",Wood Partners / MacFarlane Partners,Residential,,346,R,150000000,Q2 18,Completed,,,2016-2019,Hickok Cole Architects,,,SDE,2025/10/16 20:12:51+00,{9B2433DC-A1EC-441A-8215-6F82533E4F8D}
450,Plaza West,6,"1035 4th Street, NW",MissionFirst Development / The Henson Development Company Inc. ,Residential,,233,R,90100000,Q2 18,Completed,,,2016-2019,Hickok Cole Architects,,,SDE,2025/10/16 20:12:51+00,{883017BA-7FAB-4121-B957-B40F59DDEE2D}
451,Half Street,6,"Half & N Sts., SE",Jair Lynch Real Estate Partners / MacFarlane Partners,Retail,50000,,,152000000,2018,Pipeline,,,2016-2019,R.D. Jones & Associates / Hord Coplan Macht Inc,,,SDE,2025/10/16 20:13:28+00,{C1D0A7DA-D342-4483-BFDD-4F08DFEC2943}
452,Park Van Ness,3,"4455 Connecticut Ave., NW","Saul Centers, Inc.",Residential,,271,R,75000000,,Completed,,,2016-2019,Torti Gallas and Partners,,,SDE,2025/10/16 20:12:51+00,{4BB6DAFD-FADE-4475-9F96-88B045445DAA}
453,Corcoran Gallery of Art,2,"500 17th Street, NW",George Washington University,Hospitality,35000,,,80000000,Q3 18,Completed,,,2016-2019,Leo A Daly,,,SDE,2025/10/16 20:10:22+00,{83A5ECCF-1AA3-4F2A-9958-1E2DEABC7A72}
454,Four Constitution Square,6,"150 M Street, NE","StonebridgeCarras, LLC",Office,505000,,,250000000,Q2 19,Under Construction,,,2016-2019,HOK,,,SDE,2025/10/16 20:11:02+00,{8C34380F-6A43-408C-AC63-EC6AFD976709}
455,The Wharf (Phase II),6,Southwest Waterfront,Hoffman-Madison Waterfront,Office,547504,,,1200000000,2022,Pipeline,,,2016-2019,ODA Architecture / WDG Architecture / Rafael Vinoly Architects PC / Morris Adjmi Architects / Studios Architecture / Hollwich Kushner / Perkins Eastman DC / SHoP,,,SDE,2025/10/16 20:11:02+00,{EF501759-9128-477D-8AE1-25710A2ECAC7}
456,1270 4th Street,5,"1270 4th Street, NE",Level 2 Development / EDENS / Trammell Crow Residential,Residential,,432,R,150000000,Q1 19,Under Construction,,,2016-2019,Shalom Baranes Associates,,,SDE,2025/10/16 20:12:51+00,{7D33F012-A8CA-41D8-BB6F-7AA50DA7FA17}
457,AVEC,6,"901 H Street, NE",Rappaport / WC Smith / Lustine Realty Co.,Residential,,419,R,200000000,Q3 19,Under Construction,,,2016-2019,Torti Gallas and Partners,,,SDE,2025/10/16 20:12:51+00,{BF7174BA-0476-4CB9-B906-B7843CB51200}
458,The Garrett,6,"150 Eye Street, SE",WC Smith,Residential,,375,R,170000000,Q2 20,Under Construction,,,2016-2019,Kohn Pedersen Fox & Associates,,,SDE,2025/10/16 20:12:51+00,{017E61A8-3F72-4220-900B-ACB8AFB7A5EF}
459,1331,6,"1331 Maryland Avenue, SW",Republic Properties Corporation,Residential,,373,R,220000000,Q3 19,Under Construction,,,2016-2019,WDG Architecture / Robert A M Stern Architects,,,SDE,2025/10/16 20:12:51+00,{7982B426-E885-4EF2-9929-4F31EF727542}
460,Novel South Capitol,6,"2 I Street, SE",Crescent Development / RCP Development Company,Residential,,355,R,,Q1 19,Under Construction,,,2016-2019,SK+I Architectural Design Group,,,SDE,2025/10/16 20:12:51+00,{7CBC95A0-2E0F-49E8-9934-36B02F18FE44}
461,Eckington Yards,5,"1625 Eckington Place & 1500 Harry Thomas Way, NE",JBG Smith / The Boundary Companies,Residential,,695,R/O,,2020,Pipeline,,,2016-2019,"Eric Colbert & Associates, PC",,,SDE,2025/10/16 20:12:51+00,{C0BC30BE-4BF3-4712-B873-0E7F90084E99}
462,3900 Wisconsin Avenue,3,"3900 Wisconsin Avenue, NW",Roadside Development / Sekisui House,Residential,,652,R,,2022,Pipeline,,,2016-2019,Shalom Baranes Associates,,,SDE,2025/10/16 20:12:51+00,{487427B2-8A1B-47F7-8023-AF8FB05BE99A}
463,Bryant Street,5,"680 Rhode Island Ave., NE",MRP Realty / B&R Associates LP,Residential,,490,R,,2020,Pipeline,,,2016-2019,SK+I Architectural Design Group,,,SDE,2025/10/16 20:12:51+00,{0D23C1EE-43E0-4DF9-ACA0-55A98E5AFC7E}
464,Waterfront Station II,6,"1000 4th Street, SW",PN Hoffman / Paramount Dev. / ER Bacon Dev. / CityPartners / Affordable Housing Dev. / DMPED,Residential,,456,R,157000000,2022,Pipeline,,,2016-2019,Torti Gallas and Partners,,,SDE,2025/10/16 20:12:51+00,{367A36BC-01B7-4711-8578-86E4BD79BDF4}
465,Press House at Union District,6,"301 N Street, NE",Foulger-Pratt,Residential,,356,R,180000000,2020,Pipeline,,,2016-2019,Torti Gallas and Partners / AA Studio,,,SDE,2025/10/16 20:12:51+00,{918E595E-0B3A-4BF5-8852-25BEAB168253}
466,The Wharf (Phase II),6,"300 M Street, NE",Hoffman-Madison Waterfront,Residential,,425,R,147000000,2021,Pipeline,,,2016-2019,ODA Architecture / WDG Architecture / Rafael Vinoly Architects PC / Morris Adjmi Architects / Studios Architecture / Hollwich Kushner / Perkins Eastman DC / SHoP,,,SDE,2025/10/16 20:12:51+00,{573951BA-050C-439B-8755-E5938A6D5762}
467,The Alice and Eugene Ford Senior Building,6,"1900 Half Street, SW",MidCity,Residential,,415,R,,2021,Pipeline,,,2016-2019,Torti Gallas and Partners,,,SDE,2025/10/16 20:12:51+00,{528C1539-FC88-4520-92B0-A42BC5D8A5FC}
468,Saint Elizabeths East (Phase I),8,Saint Elizabeths East Campus,Redbrick / Gragg Cardona Partners / Flaherty & Collins / AEDC / DMPED,Residential,,312,R/O,300000000,2020,Pipeline,,,2016-2019,"Cunningham + Quill Architects, PLLC",,,SDE,2025/10/16 20:12:51+00,{2E1FD394-D2EE-4555-AD7F-47681E3EC4A8}
469,Midtown Center,2,"1150 15th Street, NW",Carr Properties,Office,821000,,,350000000,Q2 18,Completed,,,2016-2019,WDG Architecture / SHoP,,,SDE,2025/10/16 20:11:02+00,{0E4ECDAC-C2A9-43DA-9CA0-9EEAFD6ADAF8}
470,Alexander Court,2,"2001 K Street, NW",Rockrose Development,Office,780000,,,,Q2 18,Completed,,,2016-2019,FOX Architects / Pelli Clark Pelli Architects,,,SDE,2025/10/16 20:11:02+00,{05A7A53C-547C-459A-933C-B0860F3F030A}
471,The Wharf (Phase I),6,Southwest Waterfront,Hoffman-Madison Waterfront,Office,500000,,,1326000000,Q4 17,Completed,,,2016-2019,BBGM / Handel Architects / FOX Architects / Kohn Pedersen Fox & Associates / MTFA Architecture / SK+I Architectural Design Group / SmithGroupJJR / WDG Architecture / Perkins Eastman DC,,,SDE,2025/10/16 20:11:02+00,{F2B49D84-6330-4357-85C3-113FE4EF71F0}
472,200 Massachusetts Avenue,2,"200 Massachusetts Avenue, NW",Property Group Partners,Office,381746,,,200000000,Q2 18,Completed,,,2016-2019,Kevin Roche John Dinkeloo & Associates LLC,,,SDE,2025/10/16 20:11:02+00,{12F7439D-637C-43DD-89E2-7FF4928DEF09}
473,2112 Pennsylvania Avenue,2,"2112 Pennsylvania Avenue, NW",Skanska USA,Office,230000,,,126000000,Q2 18,Completed,,,2016-2019,Gensler,,,SDE,2025/10/16 20:11:02+00,{390BF813-16DB-464B-9882-DD2057D04692}
474,555 E Street (CitizenM),6,"555 E St., SW",CityPartners / Paramount Development Corp. / Potomac Investment Properties / Adams Investment Group / DC Strategy Group,Hospitality,130000,252,,120000000,Q3 20,Completed,,,2020-2021, ,,,SDE,2025/10/16 20:10:22+00,{5974C595-89A5-47A6-AAAC-32683540BDFD}
475,AC Hotel,2,"1112 19th St., NW",OTO Development,Hospitality,125700,219,,41000000,Q4 19,Completed,,,2020-2021, ,,,SDE,2025/10/16 20:10:22+00,{BB09E355-D59C-4A7B-A220-AE603967214A}
476,Thompson D.C. Hotel,6,"227 Tingey St., SE",Brookfield Properties / JW Capital Partners / Geolo Capital,Hospitality,114800,225,,0,Q1 20,Completed,,,2020-2021, ,,,SDE,2025/10/16 20:10:22+00,{06EC2AD7-4ED4-4E71-B0C8-53E9390C6411}
477,Yotel,6,"415 New Jersey Ave., NW",BLDG Management / Metrovest Equities,Hospitality,103000,373,,45000000,Q4 20,Completed,,,2020-2021, ,,,SDE,2025/10/16 20:10:22+00,{ED9F9EA5-ED13-4EDE-B179-48F025CC298A}
478,AC Hotel Washington D.C. Convention Center,6,"601 K St., NW",Douglas Development Corporation,Hospitality,96800,234,,47000000,Q3 20,Completed,,,2020-2021, ,,,SDE,2025/10/16 20:10:22+00,{B8E9544B-23F4-4F02-B4C1-9B9864664F29}
479,The Reach,2,"2700 F St., NW",The John F. Kennedy Center for the Performing Arts,Hospitality,72000,0,,175000000,Q3 19,Completed,,,2020-2021, ,,,SDE,2025/10/16 20:10:22+00,{8F551BB1-1C09-48E4-8788-495A0FD65469}
480,National Children's Museum,2,"1300 Pennsylvania Ave., NW",National Children's Museum,Hospitality,33000,0,,15000000,Q1 20,Completed,,,2020-2021, ,,,SDE,2025/10/16 20:10:22+00,{0696D267-6133-4327-AC60-4EA2CDD05802}
481,Franklin School (Planet Word),2,"13th & K Sts., NW",Franklin School Development LLC / DMPED,Hospitality,26300,0,,35000000,Q4 20,Completed,,,2020-2021, ,,,SDE,2025/10/16 20:10:22+00,{C8948EE2-79EC-4987-AEF6-5DC4D054DD73}
482,ART Place at Fort Totten (Phase II),5,"5300 South Dakota Ave., NE",Morris & Gwendolyn Cafritz Foundation,Hospitality,201000,0,,0,Q4 22,Under Construction,,,2020-2021, ,,,SDE,2025/10/16 20:10:22+00,{71E5709F-ADDD-4770-AF85-97869D8EA54C}
483,NoMa CNTR,6,"1005 1st St., NE",Perseus TDC / Four Points / Buccini Pollin Group / Sunwater Management,Hospitality,184400,235,,330000000,Q4 22,Under Construction,,,2020-2021, ,,,SDE,2025/10/16 20:10:22+00,{63EE97C9-804F-4639-90BB-A9CEEE54971B}
484,H. Carl Moultrie Courthouse,2,"500 Indiana Ave., NW",DC Superior Court,Office,176000,0,,97000000,2021,Under Construction,,,2020-2021, ,,,SDE,2025/10/16 20:11:02+00,{040A0F15-BD83-4AA8-9C7F-673CD397BBDF}
485,699 14th Street,2,"699 14th St., NW",Lincoln Property Company / Cara Real Estate,Office,149000,0,,0,Q1 21,Under Construction,,,2020-2021, ,,,SDE,2025/10/16 20:11:02+00,{F90829FC-BBA4-495B-BD08-08585FB20B38}
486,The Milken Center for Advancing the American Dream,2,"1501 - 1505 Pennsylvania Ave., NW & 730 15th St., NW",Akridge / Milken Family Foundation,Office,132000,0,,0,2024,Under Construction,,,2020-2021, ,,,SDE,2025/10/16 20:11:02+00,{525064AF-F22F-4063-AC59-DE452E0F1155}
487,2100 M Street,2,"2100 M St., NW",Meadow Partners / Network Realty Partners,Office,369100,0,,0,2022,Pipeline,,,2020-2021, ,,,SDE,2025/10/16 20:11:02+00,{26D4CCA9-211E-4299-994F-41D24A8F255C}
488,600 5th Street,2,"600 5th St., NW",Stonebridge Associates / Rockefeller Group,Office,355000,0,,300000000,2025,Pipeline,,,2020-2021, ,,,SDE,2025/10/16 20:11:02+00,{714CE0ED-80B8-4163-81A5-CCAE50DF8A86}
489,Saint Elizabeths East (Parcel 17),8,Saint Elizabeths East Campus,Redbrick LMD / Gragg Cardona Partners,Office,267000,0,,170000000,2023,Pipeline,,,2020-2021, ,,,SDE,2025/10/16 20:11:02+00,{36586F39-DAE5-46A8-B285-F252C1D97CAF}
490,Northeast Heights,7,"Minnesota Ave. & Benning Rd., NE",Cedar Realty Trust / Trammell Crow Company,Office,265000,0,,420000000,2022-28,Pipeline,,,2020-2021, ,,,SDE,2025/10/16 20:11:02+00,{1248308F-D899-44AF-BA00-2948A6502766}
491,Reunion Square (Building 4),8,"Shannon Place & W St., SE",Four Points / Curtis Development,Office,230000,0,,0,2023,Pipeline,,,2020-2021, ,,,SDE,2025/10/16 20:11:02+00,{E57FE62B-F204-4B95-BE40-B0A7E9B73714}
492,Cannon House Office Building Renewal (Ph III),6,"27 Independence Ave., SE",Architect of the Capitol,Office,206500,0,,188000000,2022,Pipeline,,,2020-2021, ,,,SDE,2025/10/16 20:11:02+00,{64BD030E-782F-4C1B-9985-326E4E47CA42}
493,300 7th Street,6,"300 7th St., SW",Jair Lynch Real Estate Partners,Office,203400,0,,122000000, ,Pipeline,,,2020-2021, ,,,SDE,2025/10/16 20:11:02+00,{C7CD5550-ADA3-4F8A-B054-8C81FBA970B9}
494,615 H Street,2,"615 H St., NW",Monument Realty,Office,69000,0,,55000000, ,Pipeline,,,2020-2021, ,,,SDE,2025/10/16 20:11:02+00,{58090B8B-2548-4723-8B8F-2C3C2ADB0A52}
495,Howard University Hospital (Phase I),1,"501 Bryant St., NW",Howard University,Quality of Life,478000,0,,450000000,2026,Pipeline,,,2020-2021, ,,,SDE,2025/10/16 20:12:15+00,{F024F47C-E07B-4C72-8F00-070CB928C618}
496,Saint Elizabeths East (New Hospital),8,"2730 Martin Luther King, Jr. Ave., SE",Government of the District of Columbia,Quality of Life,322000,0,,326000000,2024,Pipeline,,,2020-2021, ,,,SDE,2025/10/16 20:12:15+00,{99606789-ABE8-45FE-8358-D3E36B152602}
497,3999 8th Street,8,"3999 8th St., SE & 700 Yuma St., SE",KIPP DC,Quality of Life,158000,0,,105000000,2022,Pipeline,,,2020-2021, ,,,SDE,2025/10/16 20:12:15+00,{79D76033-1546-47F2-ADE8-6B6D6C2A1949}
498,Skyland Town Center (Block 1),7,"Alabama Ave. & Naylor Rd., SE",Rappaport / WC Smith,Quality of Life,131300,0,,72000000,2023,Pipeline,,,2020-2021, ,,,SDE,2025/10/16 20:12:15+00,{634E7E6C-8A1E-4D61-9466-FBB3BB678E0B}
499,New Fort Dupont Ice Arena,7,"3779 Ely Place, SE",Department of General Services,Quality of Life,78000,0,,25000000,2023,Pipeline,,,2020-2021, ,,,SDE,2025/10/16 20:12:15+00,{E3D5F465-C061-4D83-AD3E-AC7811922CA0}
500,Smothers Elementary School Modernization,7,"4400 Brooks St., NE",Department of General Services,Quality of Life,66100,0,,55000000,2022,Pipeline,,,2020-2021, ,,,SDE,2025/10/16 20:12:15+00,{982F4AAA-D976-4A9D-A6CA-05CB0955E3AB}
501,400 I Street,6,"400 Eye St., SW",Bozzuto / Dantes Partners / Westminster Presbyterian Church,Quality of Life,18513,0,,0,2024,Pipeline,,,2020-2021, ,,,SDE,2025/10/16 20:12:15+00,{98779FDB-8A3A-471C-879D-E7C044BC7BF5}
502,11th Street Bridge Park,8,11th St. Bridge,Building Bridges Across the River / DC Department of Transportation,Quality of Life,0,0,,74000000,2024,Pipeline,,,2020-2021, ,,,SDE,2025/10/16 20:12:15+00,{6881DF78-E151-4E18-B4BF-BE20316B8C74}
503,Banneker Academic High School,6,"10th & R Sts., NW",Department of General Services / DC Public Schools,Quality of Life,175000,0,,152000000,Q3 21,Under Construction,,,2020-2021, ,,,SDE,2025/10/16 20:12:15+00,{374DC5EB-6D5D-4D22-B4D8-73E953FDDB01}
504,Capitol Hill Montessori at Logan,6,"215 G St., NE",Department of General Services / DC Public Schools,Quality of Life,100000,0,,70000000,Q3 21,Under Construction,,,2020-2021, ,,,SDE,2025/10/16 20:12:15+00,{3E818F76-8609-4AB3-B1D3-BAFFA7DDA11C}
505,West Elementary School,4,"1335 Farragut St., NW",Department of General Services / DC Public Schools,Quality of Life,88600,0,,71000000,Q3 21,Under Construction,,,2020-2021, ,,,SDE,2025/10/16 20:12:15+00,{30F15D5B-52B1-4598-B485-31B6770D7184}
506,KIPP School (Phase III),7,"4801 Benning Rd., SE",KIPP DC,Quality of Life,84000,0,,21000000,Q2 21,Under Construction,,,2020-2021, ,,,SDE,2025/10/16 20:12:15+00,{8675A081-227D-4EFF-9284-0B685B7CE372}
507,Eaton Elementary School Modernization,3,"3301 Lowell St., NW",Department of General Services / DC Public Schools,Quality of Life,52600,0,,67000000,Q3 21,Under Construction,,,2020-2021, ,,,SDE,2025/10/16 20:12:15+00,{22A9EFB8-E43B-442B-B4A6-90B40EEE3436}
508,Southwest Library,6,"900 Wesley Place, SW",DC Public Library,Quality of Life,22000,0,,18000000,Q1 21,Under Construction,,,2020-2021, ,,,SDE,2025/10/16 20:12:15+00,{76449F18-47D4-4578-9979-DE8865A3A33A}
509,Lafayette Recreation Center,4,"5900 33rd St., NW",Department of General Services / Department of Parks & Recreation,Quality of Life,3300,0,,6000000,Q1 21,Under Construction,,,2020-2021, ,,,SDE,2025/10/16 20:12:15+00,{0750CDA1-4A32-40D4-919E-BB05B1194807}
510,Franklin Park,2,"13th, 14th, I, & K Sts., NW",Department of General Services / National Park Service,Quality of Life,0,0,,18000000,Q3 21,Under Construction,,,2020-2021, ,,,SDE,2025/10/16 20:12:15+00,{97810297-A5CB-4F01-91C3-DC25ADE7131F}
511,1145 19th Street,2,"1145 19th St., NW",The RMR Group Inc.,Quality of Life,130000,0,,26000000,Q3 20,Completed,,,2020-2021, ,,,SDE,2025/10/16 20:12:15+00,{56EA4BF7-A296-4621-BF08-0681C1921885}
512,Eliot-Hine Middle School Modernization,6,"1830 Constitution Ave., NE",Department of General Services / DC Public Schools,Quality of Life,143500,0,,84000000,Q4 20,Completed,,,2020-2021, ,,,SDE,2025/10/16 20:12:15+00,{D7731D02-D36E-45F5-B229-50EE8BFD74C0}
513,Jefferson Academy,6,"801 7th St., SW",Department of General Services / DC Public Schools,Quality of Life,109000,0,,78000000,Q2 20,Completed,,,2020-2021, ,,,SDE,2025/10/16 20:12:15+00,{3124875C-96DC-4710-9CF4-A1068D45C5CC}
514,Georgetown Day School Tenleytown Campus,3,"4203 Davenport St., NW",Georgetown Day School,Quality of Life,88600,0,,0,Q4 20,Completed,,,2020-2021, ,,,SDE,2025/10/16 20:12:15+00,{A7EE0C9E-6BCD-4A6C-9AA0-3EE1397044EC}
515,CW Harris Elementary School,7,"301 53rd St., SE",Department of General Services / DC Public Schools,Quality of Life,84000,0,,52000000,Q3 20,Completed,,,2020-2021, ,,,SDE,2025/10/16 20:12:15+00,{7436A25F-B831-4D9C-BF67-C7C7D0303F6D}
516,Houston Elementary School Modernization,7,"1100 50th Place, NE",Department of General Services / DC Public Schools,Quality of Life,82500,0,,55000000,Q3 20,Completed,,,2020-2021, ,,,SDE,2025/10/16 20:12:15+00,{00C1CD5C-5852-4D76-AF3F-DD7D2BF02AD1}
517,Thaddeus Stevens School,2,"1050 21st St., NW",Akridge / Argos Group / Department of General Services / DC Public Schools,Quality of Life,40000,0,,20000000,Q3 20,Completed,,,2020-2021, ,,,SDE,2025/10/16 20:12:15+00,{FD0CCF9A-9410-4F78-A5DD-5A3B269A1CB8}
518,Shepherd Park Community Center,4,"7800 14th St., NW",Department of General Services / Department of Parks and Recreation,Quality of Life,20000,0,,13000000,Q3 20,Completed,,,2020-2021, ,,,SDE,2025/10/16 20:12:15+00,{E2906E7D-95E4-437E-B836-5D7B9F57F89A}
519,Northeast Heights,7,"3924 - 3968 Minnesota Ave., NE",Cedar Realty Trust / Trammell Crow Company,Residential,0,1355,,0,2022-28,Pipeline,,,2020-2021, ,,,SDE,2025/10/16 20:12:51+00,{6560057F-DF06-4D72-B6F4-D1CE003A19AA}
520,100 V Street (Phase I),6,"1st, 2nd, T & V Sts., SW",Akridge,Residential,0,1100,,0,2023,Pipeline,,,2020-2021, ,,,SDE,2025/10/16 20:12:51+00,{861CF60F-DE1C-4E90-A968-86E6F1128F00}
521,Columbian Quarter (Phase I),8,"Suitland Parkway & Howard Rd., SE",Redbrick LMD,Residential,0,725,,260000000,2023,Pipeline,,,2020-2021, ,,,SDE,2025/10/16 20:12:51+00,{AEF42AFD-CF6A-4577-A2DD-F303A80AD7C5}
522,Upton Place,3,4000 Wisconsin Ave. NW,Donohoe Companies,Residential,0,689,,0,2024,Pipeline,,,2020-2021, ,,,SDE,2025/10/16 20:12:51+00,{F49D0DE5-FC70-4F0C-A4CD-36ADD1606916}
523,113 Potomac Avenue,6,"113 Potomac Ave., SW",Toll Brothers,Residential,0,520,,250000000,2023,Pipeline,,,2020-2021, ,,,SDE,2025/10/16 20:12:51+00,{519B54E6-C8BE-4430-8AFC-66CC770DB15E}
524,Bond Bread,1,"2114 Georgia Ave., NW",EDENS / Menkiti Group / Fivesquares Development / Howard University,Residential,0,450,,275000000,2025,Pipeline,,,2020-2021, ,,,SDE,2025/10/16 20:12:51+00,{DDF806CF-C55D-40CA-BC7E-DDC1523DBA08}
525,Waterfront Station II,6,"1000 4th St., SW",Hoffman & Associates / CityPartners / Affordable Housing Developers / Paramount Development Corp. / DMPED,Residential,0,449,,165000000,2023,Pipeline,,,2020-2021, ,,,SDE,2025/10/16 20:12:51+00,{950B2BD4-7F2C-4BC9-B39B-06A273FE6857}
526,The Yards (Parcel I),6,"Canal & N Sts., SE",Brookfield Properties,Residential,0,379,,0,2023,Pipeline,,,2020-2021, ,,,SDE,2025/10/16 20:12:51+00,{F4C78CAE-61DB-4F3E-B9C2-64F8B7886DB5}
527,400 I Street,6,"400 Eye St., SW",Bozzuto / Dantes Partners / Westminster Presbyterian Church,Residential,0,222,,0,2024,Pipeline,,,2020-2021, ,,,SDE,2025/10/16 20:12:51+00,{F8C7CD2F-8878-4DEC-ACFF-24DEF06D00F4}
528,Crossing DC (Phase I),6,"949 1st St., SE",Tishman Speyer,Residential,0,512,,0,Q4 20,Completed,,,2020-2021, ,,,SDE,2025/10/16 20:12:51+00,{FB511E4E-F238-4964-BE65-BB532AA6518E}
529,Armature Works,6,"1200 3rd St., NE",Trammell Crow Company / High Street Residential / MetLife,Hospitality,147000,204,,400000000,Q1 22,Under Construction,,,2020-2021, ,,,SDE,2025/10/16 20:10:22+00,{16BB781A-C43B-4F93-858A-9449014E3321}
530,Holiday Inn Express,6,"303 - 317 K St., NW",Habte Sequar,Hospitality,118000,247,,93000000,Q3 21,Under Construction,,,2020-2021, ,,,SDE,2025/10/16 20:10:22+00,{DC75753E-A7FB-4DB5-AD98-456D2998F57E}
531,The Milken Center for Advancing the American Dream,2,"1501 - 1505 Pennsylvania Ave., NW & 730 15th St., NW",Akridge / Milken Family Foundation,Hospitality,70000,0,,0,2024,Under Construction,,,2020-2021, ,,,SDE,2025/10/16 20:10:22+00,{C7EA0D9A-8B07-4995-81BE-36F0746743D5}
532,Banneker Hotel,2,"1315 16th Street, NW",Greystar Development / J.P. Morgan Asset Management / Oxford Properties Group,Hospitality,0,144,,0,Q3 21,Under Construction,,,2020-2021, ,,,SDE,2025/10/16 20:10:22+00,{841AFFD7-8B37-41B3-8D37-9C40AC8AFE88}
533,World War I Memorial,2,Pershing Park,Doughboy Foundation / U.S. WWI Centennial Commission,Hospitality,0,0,,42000000,Q4 21,Under Construction,,,2020-2021, ,,,SDE,2025/10/16 20:10:22+00,{1A75740F-ABA9-45EE-B496-BD2751DFA0F6}
534,Latham Hotel,2,"3000 M St., NW",Thor Equities,Hospitality,140000,256,,0,2024,Pipeline,,,2020-2021, ,,,SDE,2025/10/16 20:10:22+00,{C57D437F-9AF6-47C1-920B-37F0364D610E}
535,Bond Bread,1,"2114 Georgia Ave., NW",EDENS / Menkiti Group / Fivesquares Development / Howard University,Hospitality,135000,180,,275000000,2025,Pipeline,,,2020-2021, ,,,SDE,2025/10/16 20:10:22+00,{FA6D2489-5356-4825-9777-B9652E214AB7}
536,100 V Street (Phase I),6,"1st, 2nd, T & V Sts., SW",Akridge,Hospitality,66100,180,,0,2023,Pipeline,,,2020-2021, ,,,SDE,2025/10/16 20:10:22+00,{56FE26A9-BD8F-42A5-AB43-330AD6A06C2C}
537,45 Q Street,6,"45 Q St., SW",D.B. Lee Development & Construction,Hospitality,62000,190,,0, ,Pipeline,,,2020-2021, ,,,SDE,2025/10/16 20:10:22+00,{044B2CF9-BD67-4309-AEDE-621E679D3E13}
538,Waterfront Station II,6,"1000 4th St., SW",Hoffman & Associates / CityPartners / Affordable Housing Developers / Paramount Development Corp. / DMPED,Hospitality,9300,0,,165000000,2023,Pipeline,,,2020-2021, ,,,SDE,2025/10/16 20:10:22+00,{272A78B8-D8E6-4AA8-827B-88E8BB73775C}
539,Arlo DC,2,"333 G St. & 704 3rd St., NW",Quadrum Global,Hospitality,0,421,,0, ,Pipeline,,,2020-2021, ,,,SDE,2025/10/16 20:10:22+00,{09B33E0F-B083-4495-A21A-BA8C78D4E217}
540,citizenM Hotel,6,"1222 1st St., NE",Altus Realty Partners,Hospitality,0,290,,0,2022,Pipeline,,,2020-2021, ,,,SDE,2025/10/16 20:10:22+00,{E19BB835-D087-4C50-91DA-18D7E9AD3E47}
541,National Museum of the U.S. Navy,6,Washington Navy Yard,Navy History and Heritage Command,Hospitality,0,0,,450000000,2025,Pipeline,,,2020-2021, ,,,SDE,2025/10/16 20:10:22+00,{1259B6BC-979F-4383-97A4-61758905BB7C}
542,Sentinel Square III,6,"45 L St., NE",Trammell Crow Company,Office,545000,0,,250000000,Q2 20,Completed,,,2020-2021, ,,,SDE,2025/10/16 20:11:02+00,{92B6C34C-0A42-489B-8BEB-A1E86883AE37}
543,250 Massachusetts Avenue,2,"250 Massachusetts Ave., NW",Property Group Partners,Office,508000,0,,275000000,Q4 19,Completed,,,2020-2021, ,,,SDE,2025/10/16 20:11:02+00,{D54ECC93-BE53-4DE2-BC42-CD3CE4074B47}
544,2050 M Street,2,"2050 M St., NW",Tishman Speyer,Office,353200,0,,0,Q1 20,Completed,,,2020-2021, ,,,SDE,2025/10/16 20:11:02+00,{1106B897-5041-43C7-A869-77C6A0894F89}
545,1901 L Street,2,"1901 L St., NW",The Meridian Group,Office,202000,0,,0,Q1 20,Completed,,,2020-2021, ,,,SDE,2025/10/16 20:11:02+00,{2A27ECDF-D0DD-40E9-A3E2-26EECCBDE131}
546,2100 L Street,2,"2100 L St., NW",Akridge / Argos Group,Office,182000,0,,47000000,Q3 20,Completed,,,2020-2021, ,,,SDE,2025/10/16 20:11:02+00,{D5DBAEDC-6A06-4529-B8D4-224BD26CD955}
547,888 16th Street,2,"888 16th St., NW",Trammell Crow Company / Meadow Partners,Office,150000,0,,0,Q4 19,Completed,,,2020-2021, ,,,SDE,2025/10/16 20:11:02+00,{A65B0F74-F3E7-4A0F-A6A9-F435DF88B7B6}
548,Shops at Penn Branch (Phase I),7,"3200 Pennsylvania Ave., SE",Jair Lynch Real Estate Partners,Office,17000,0,,25000000,Q4 19,Completed,,,2020-2021, ,,,SDE,2025/10/16 20:11:02+00,{ED14A4F2-9B41-4EC4-B6DF-AE776BFC9CD2}
549,2100 Pennsylvania Avenue,2,"2100 Pennsylvania Ave., NW",Boston Properties / George Washington University,Office,423600,0,,360000000,Q2 22,Under Construction,,,2020-2021, ,,,SDE,2025/10/16 20:11:02+00,{4C6FD6EE-EE34-43DA-ACBF-005B2F78E01D}
550,Signal House,5,"1255 Union St., NE",Carr Properties,Office,214000,0,,135000000,Q1 21,Under Construction,,,2020-2021, ,,,SDE,2025/10/16 20:11:02+00,{024FAF27-1D82-42F9-A38B-2DE2EFD031EE}
551,250 M at Canal Park,6,"250 M St., SE",WC Smith,Office,180600,0,,132000000,Q1 21,Under Construction,,,2020-2021, ,,,SDE,2025/10/16 20:11:02+00,{B114AF96-0186-4A38-B540-9A88EEE06DC2}
552,AC Hotel,2,1112 19TH STREET NW,OTO Development,Hospitality,125650,219,,41000000,Q4 19,Under Construction,,,2016-2019,,,,SDE,2025/10/16 20:10:22+00,{308E8E9F-738B-4893-B4DB-9A17605E9F90}
553,Holiday Inn Express,6,317 K STREET NW,Habte Sequar,Hospitality,118000,247,,93000000,Q4 20,Under Construction,,,2016-2019,,,,SDE,2025/10/16 20:10:22+00,{51D556BB-D5FC-44A3-AD3B-821C346B9C17}
554,Thompson D.C. Hotel,6,227 TINGEY STREET SE,Brookfield Properties / JW Capital Partners / Geolo Capital,Hospitality,114800,225,,,Q1 20,Under Construction,,,2016-2019,,,,SDE,2025/10/16 20:10:22+00,{8987F67C-DFA0-4BE3-B1CF-EAD65ED7862A}
555,AC Hotel,6,601 K STREET NW,Douglas Development Corporation,Hospitality,96755,234,,47000000,Q4 20,Under Construction,,,2016-2019,,,,SDE,2025/10/16 20:10:22+00,{0EE1F41A-20B9-4BCA-9659-FE6EE7E8FD45}
556,Pendry Hotel,6,660 WATER STREET SW,Hoffman & Associates / Madison Marquette,Hospitality,80000,116,,1200000000,Q3 22,Under Construction,,,2016-2019,,,,SDE,2025/10/16 20:10:22+00,{6F048264-653F-44C3-ACFC-5F02F989CFA3}
557,The Reach,2,2700 F STREET NW,The John F. Kennedy Center for the Performing Arts,Hospitality,72000,,,175000000,Q3 19,Under Construction,,,2016-2019,,,,SDE,2025/10/16 20:10:22+00,{EA28FD9F-05CC-4231-8DA7-F2F1D6E61DDF}
558,Center for the American Dream & Milken Foundation Building,2,730 15TH STREET NW,Akridge / Milken Family Foundation,Hospitality,69000,,,,Q1 21,Under Construction,,,2016-2019,,,,SDE,2025/10/16 20:10:22+00,{0A0B1F4A-8E10-4410-A55B-8F5E72D07B4D}
559,ART Place at Fort Totten (Phase II),5,FORT TOTTEN METRO STATION ENTRANCE - SOUTH SIDE OF GALLOWAY STREET NE,Morris & Gwendolyn Cafritz Foundation,Hospitality,201064,,,,2022,Pipeline,,,2016-2019,,,,SDE,2025/10/16 20:10:22+00,{F7F30A8C-41DB-4320-9AFD-11E50758ED85}
560,Storey Park,6,1005 1ST STREET NE,Four Points / Perseus Realty / Buccini Pollin Group,Hospitality,184436,235,,330000000,2022,Pipeline,,,2016-2019,,,,SDE,2025/10/16 20:10:22+00,{AB703EF2-26B1-4F16-9863-A3E11CA03A0B}
561,Armature Works,6,1200 3RD STREET NE,Trammell Crow Company / High Street Residential / MetLife,Hospitality,147000,204,,400000000,2022,Pipeline,,,2016-2019,,,,SDE,2025/10/16 20:10:22+00,{0ABD4D32-EAFA-4CC3-A091-0FD8FE90E753}
562,Cambria Hotel,6,69 Q STREET SW,Donohoe Companies,Hospitality,77500,154,,58000000,2021,Pipeline,,,2016-2019,,,,SDE,2025/10/16 20:10:22+00,{C739BAED-A57F-4776-A00F-8ADF9A14A400}
563,Meininger Hotel,6,35 NEW YORK AVENUE NE,Altus Realty Partners,Hospitality,75000,154,,,2021,Pipeline,,,2016-2019,,,,SDE,2025/10/16 20:10:22+00,{A4782D13-0615-4EC1-B263-67D054D6D668}
564,Nationals Park Entertainment Venue,6,NATIONALS PARK BASEBALL STADIUM,Washington Nationals,Hospitality,35000,,,,,Pipeline,,,2016-2019,,,,SDE,2025/10/16 20:10:22+00,{A8BEE598-11D1-48BB-AEA4-F2D6F00E03D9}
565,9 1/2 Street Initiative (Grimke School),1,1925 VERMONT AVENUE NW,Community Three,Hospitality,12000,,,45000000,2020-23,Pipeline,,,2016-2019,,,,SDE,2025/10/16 20:10:22+00,{FD3E076C-01E4-44C8-9705-BD0ABB6CB551}
566,World War I Memorial,2,,U.S. WWI Centennial Commission,Hospitality,0,,,42000000,2021,Pipeline,,,2016-2019,,,,SDE,2025/10/16 20:10:22+00,{A8CA5D24-FD12-41BF-BDAA-783D55509AFB}
567,Four Constitution Square,6,"150 M St., NE",Stonebridge Associates / Walton Street Capital,Office,505000,,,250000000,Q2 19,Completed,,,2016-2019,,,,SDE,2025/10/16 20:11:02+00,{0C6BD507-D7A8-4D4E-850C-991F5EE106EB}
568,Center Building (DHS HQ),8,St. Elizabeths West Campus,General Services Administration,Office,276000,,,267800000,Q2 19,Completed,,,2016-2019,,,,SDE,2025/10/16 20:11:02+00,{4A88A491-A1CF-466E-9598-1E5744EC35F0}
569,One Freedom Plaza,2,"1301 Pennsylvania Ave., NW",Quadrangle Development,Office,270040,,,,Q1 19,Completed,,,2016-2019,,,,SDE,2025/10/16 20:11:02+00,{C9A7361A-D159-4EAA-A1E5-D81828FD028D}
570,500 L'Enfant Plaza,6,"500 L'Enfant Plaza, SW",JBG Smith,Office,215200,,,75000000,Q4 18,Completed,,,2016-2019,,,,SDE,2025/10/16 20:11:02+00,{F817411A-71E5-415C-B95B-1C2BDCAB023C}
571,1441 L Street,2,"1441 L St., NW",S.C. Herman & Associates,Office,207000,,,36000000,Q1 19,Completed,,,2016-2019,,,,SDE,2025/10/16 20:11:02+00,{17DD0188-3E72-4FDF-BA16-1A2D01D3B777}
572,DC Water HQ,6,"125 O St., SE",DC Water,Office,151300,,,60000000,Q4 18,Completed,,,2016-2019,,,,SDE,2025/10/16 20:11:02+00,{5AEC1BE4-12AC-4747-B419-947468F479FC}
573,2100 K Street,2,"2100 K St., NW",Blake Real Estate,Office,150000,,,,Q1 19,Completed,,,2016-2019,,,,SDE,2025/10/16 20:11:02+00,{D5BC026B-DCA4-410D-B42D-9EE1F7B4BB1D}
574,U.S. Department of Commerce - Herbert Hoover Building (Ph IV),2,"1401 Constitution Ave., NW",General Services Administration,Office,109800,,,83000000,Q3 18,Completed,,,2016-2019,,,,SDE,2025/10/16 20:11:02+00,{1918BE9C-2270-4886-A7EC-3DE4243C5252}
575,1701 Rhode Island Avenue,2,"1701 Rhode Island Ave., NW",Akridge,Office,100000,,,90000000,Q1 19,Completed,,,2016-2019,,,,SDE,2025/10/16 20:11:02+00,{CB04B7C9-A4E2-4F39-AE9D-21CD8CD67E27}
576,1101 16th Street,2,"1101 16th St., NW",Akridge,Office,100000,,,95000000,Q1 19,Completed,,,2016-2019,,,,SDE,2025/10/16 20:11:02+00,{8B08C260-F78D-47EB-BDD5-D6BDD2EBE15A}
577,The Wharf (Phase II),6,Southwest Waterfront,Hoffman & Associates / Madison Marquette,Office,547504,,,1200000000,Q3 22,Under Construction,,,2016-2019,,,,SDE,2025/10/16 20:11:02+00,{9D513184-91A6-403E-81A5-7349BD41E499}
578,Sentinel Square III,6,"45 L St., NE",Trammell Crow Company,Office,545000,,,250000000,Q2 20,Under Construction,,,2016-2019,,,,SDE,2025/10/16 20:11:02+00,{A38797C3-817C-4821-91F8-4F2371EFAA05}
579,2100 Pennsylvania Avenue,2,"2100 Pennsylvania Ave., NW",Boston Properties / George Washington University,Office,423562,,,360000000,Q2 22,Under Construction,,,2016-2019,,,,SDE,2025/10/16 20:11:02+00,{E50429CC-A3D6-43FB-8F1A-F93ADDD25208}
580,1900 N,2,"1900 N St., NW",JBG Smith,Office,259000,,,230000000,Q4 19,Under Construction,,,2016-2019,,,,SDE,2025/10/16 20:11:02+00,{F7F09841-9F94-4B5F-B99E-CBC3C525C4C4}
581,Signal House,5,"350 Morse St., NE",Carr Enterprises,Office,214000,,,135000000,Q1 21,Under Construction,,,2016-2019,,,,SDE,2025/10/16 20:11:02+00,{5AF33487-71E6-47D3-8125-4718138FF0B4}
582,Cannon House Office Building Renewal (Ph I),6,"27 Independence Ave., SE",Architect of the Capitol,Office,206500,,,188000000,Q3 19,Under Construction,,,2016-2019,,,,SDE,2025/10/16 20:11:02+00,{EDC81354-DFD6-42E5-B963-89ABCAA6BCA6}
583,Cannon House Office Building Renewal (Ph II),6,"27 Independence Ave., SE",Architect of the Capitol,Office,206500,,,188000000,Q4 20,Under Construction,,,2016-2019,,,,SDE,2025/10/16 20:11:02+00,{CF8EA220-E108-41C3-AAD5-7336A4DBA0F1}
584,900 New York Avenue,2,"900 New York Ave., NW",Gould Property Company / Oxford Properties Group,Office,575000,,,250000000,,Pipeline,,,2016-2019,,,,SDE,2025/10/16 20:11:02+00,{F5038C54-94A7-4263-B9C6-57E38279DDB3}
585,1700M,2,"1700 M St., NW",JBG Smith,Office,315435,,,,2021/22,Pipeline,,,2016-2019,,,,SDE,2025/10/16 20:11:02+00,{E2BA046C-03BC-44CA-9725-E12682FE36A1}
586,The Yards (Parcel G),6,"1275 New Jersey Ave., SE",Brookfield Properties,Office,290422,,,,,Pipeline,,,2016-2019,,,,SDE,2025/10/16 20:11:02+00,{79735220-B02C-4A48-B727-37A0718E9E10}
587,Reunion Square (Building 4),8,"Shannon Place & W St., SE",Four Points / Curtis Development,Office,281242,,,,2022,Pipeline,,,2016-2019,,,,SDE,2025/10/16 20:11:02+00,{3C0A5EEA-890A-4DDF-89E9-3A30C9FB240E}
588,25 M,6,"25 M St., SE",Akridge / Brandywine Realty Trust,Office,223000,,,85000000,,Pipeline,,,2016-2019,,,,SDE,2025/10/16 20:11:02+00,{E73D8DEE-D368-4A73-A53D-3409028A762F}
589,Saint Elizabeths East (Phase I),8,Saint Elizabeths East Campus,Redbrick LMD / Gragg Cardona Partners / DMPED,Office,220000,,,200000000,2022,Pipeline,,,2016-2019,"Cunningham + Quill Architects, PLLC",,,SDE,2025/10/16 20:11:02+00,{661F6C19-6F23-4597-B768-4EA9F85BC2A9}
590,300 7th Street,6,"300 7th St., SW",Jair Lynch Real Estate Partners,Office,203414,,,121549000,2021/22,Pipeline,,,2016-2019,,,,SDE,2025/10/16 20:11:02+00,{6E4850B7-4E2C-41D3-83B6-F5FE3DC99EDF}
591,Saint Elizabeths East Parcel 15,8,Saint Elizabeths East Campus,Redbrick LMD / Gragg Cardona Partners,Office,200000,,,218600000,2023,Pipeline,,,2016-2019,"Cunningham + Quill Architects, PLLC",,,SDE,2025/10/16 20:11:02+00,{FFC90EA3-7D52-4AB8-A6B5-E5FA0FF01AA1}
592,Embassy of Australia,2,"1601 Massachusetts Ave., NW",Commonwealth of Australia,Office,133244,,,237000000,2022,Pipeline,,,2016-2019,,,,SDE,2025/10/16 20:11:02+00,{D131F901-6996-42C1-B944-A891C5F1FF4D}
593,Calvin Coolidge Senior High School,4,"6315 5th St., NW",Department of General Services / DC Public Schools,Quality of Life,286300,,,163000000,Q3 19,Completed,,,2016-2019,,,,SDE,2025/10/16 20:12:15+00,{23DC0411-EF45-411D-8E23-A3A818EE9686}
594,Murch Elementary School,3,"4810 36th St., NW",Department of General Services / DC Public Schools,Quality of Life,112700,,,83300000,Q3 18,Completed,,,2016-2019,,,,SDE,2025/10/16 20:12:15+00,{89BCE30B-1EB1-41BD-8851-3EBC15914903}
595,Corcoran Gallery of Art,2,"500 17th St., NW",George Washington University,Quality of Life,100000,,,80000000,Q3 18,Completed,,,2016-2019,,,,SDE,2025/10/16 20:12:15+00,{6860999F-1C91-433B-B8E1-0FDE3E7791A7}
596,Kimball Elementary School,7,"3375 Minnesota Ave., SE",Department of General Services / DC Public Schools,Quality of Life,83400,,,53500000,Q3 19,Completed,,,2016-2019,,,,SDE,2025/10/16 20:12:15+00,{2312F28C-EBD0-449F-A638-9647E305B95E}
597,Lawrence E. Boone Elementary School,8,"2200 Minnesota Ave., SE",Department of General Services / DC Public Schools,Quality of Life,68000,,,47000000,Q3 18,Completed,,,2016-2019,,,,SDE,2025/10/16 20:12:15+00,{D271CE35-B3D5-438D-B364-7962CED191B7}
598,Beacon Center,4,"6100 Georgia Ave., NW",The Community Builders / Emory United Methodist Church,Quality of Life,58000,,,42500000,Q4 18,Completed,,,2016-2019,,,,SDE,2025/10/16 20:12:15+00,{893FB18E-9E8E-43B5-9DCA-7A995178C95F}
599,Riverpoint,6,"2100 2nd St., SW",Akridge / Western Development / Orr Partners / Jefferson Apartment Group,Residential,0,481,,220000000,Q4 20,Completed,,,2020-2021, ,,,SDE,2025/10/16 20:12:51+00,{153A5102-35BD-45F4-BB92-00803A6A62E2}
600,West Half,6,"1201 Half St., SE",JBG Smith,Residential,0,465,,228000000,Q3 20,Completed,,,2020-2021, ,,,SDE,2025/10/16 20:12:51+00,{E3CF7DD3-29CF-4237-97B2-315469766929}
601,Watermark,6,"1900 Half St., SW",Douglas Development Corporation,Residential,0,453,,190000000,Q3 20,Completed,,,2020-2021, ,,,SDE,2025/10/16 20:12:51+00,{10D6EAB9-399C-4585-A96C-4AC042998048}
602,AVEC,6,"901 H St., NE",Rappaport / Lustine Family / WC Smith,Residential,0,419,,200000000,Q2 20,Completed,,,2020-2021, ,,,SDE,2025/10/16 20:12:51+00,{B6FF2C22-3A45-4772-91AE-C4CCA3205063}
603,The Garrett,6,"150 Eye St., SE",WC Smith,Residential,0,373,,170000000,Q4 20,Completed,,,2020-2021, ,,,SDE,2025/10/16 20:12:51+00,{43CD6C11-A8B8-476E-892D-5469B264778E}
604,Beckert’s Park,6,"415 14th St., SE",Foulger-Pratt / Safeway,Residential,0,325,,138000000,Q3 20,Completed,,,2020-2021, ,,,SDE,2025/10/16 20:12:51+00,{EBF1E413-DCF8-4B2A-9807-1FBB2DCC514F}
605,The Kelvin,6,"1250 Half St., SE",Jair Lynch Real Estate Partners,Residential,0,312,,155000000,Q3 20,Completed,,,2020-2021, ,,,SDE,2025/10/16 20:12:51+00,{65506509-8FBF-45D2-982B-C5F555EA75DC}
606,Illume (Phase I & II),6,"809 & 853 New Jersey Ave., SE",Greystar Development / J.P. Morgan Asset Management / Oxford Properties Group,Residential,0,756,,0,Q2 22,Under Construction,,,2020-2021, ,,,SDE,2025/10/16 20:12:51+00,{9CE7B3BD-F27E-466A-82CD-FB5820E585EB}
607,Eckington Yards,5,"1625 Eckington Pl. & 1500 Harry Thomas Way, NE",The JBG Companies / LCOR,Residential,0,681,,265000000,Q2 21,Under Construction,,,2020-2021, ,,,SDE,2025/10/16 20:12:51+00,{B9C491DB-8118-4721-91E8-04A2965F9233}
608,Armature Works,6,"1200 3rd St., NE",Trammell Crow Company / High Street Residential / MetLife,Residential,0,635,,400000000,Q2 22,Under Construction,,,2020-2021, ,,,SDE,2025/10/16 20:12:51+00,{65463C40-9712-4C7E-A611-295BB781384E}
609,Sursum Corda Redevelopment (Phase I),6,"North Capitol St., M St., 1st St., L St., NW",Toll Brothers,Residential,0,562,,226000000,Q2 22,Under Construction,,,2020-2021, ,,,SDE,2025/10/16 20:12:51+00,{D865D1F5-7C01-4605-909D-F3F3FDEA8A89}
610,NoMa CNTR,6,"1005 1st St., NE",Perseus TDC / Four Points / Buccini Pollin Group / Sunwater Management,Residential,0,500,,330000000,Q4 22,Under Construction,,,2020-2021, ,,,SDE,2025/10/16 20:12:51+00,{F7A0805A-7373-41CB-BF84-8218DF7FDC9D}
611,Museum Place,6,"65 I St., SW",Lowe,Residential,0,492,,200000000,Q4 22,Under Construction,,,2020-2021, ,,,SDE,2025/10/16 20:12:51+00,{2DD93938-46B5-4E9E-A03E-A8D5F0B55904}
612,Bryant Street (Phase I),5,"680 Rhode Island Ave., NE",MRP Realty / FRP Development Corp,Residential,0,487,,0,Q3 21,Under Construction,,,2020-2021, ,,,SDE,2025/10/16 20:12:51+00,{96182EDA-D97E-443B-B2C2-F520C2FA4FB3}
613,300 M,6,"300 M St., NE",LCOR,Residential,0,457,,212000000,Q4 22,Under Construction,,,2020-2021, ,,,SDE,2025/10/16 20:12:51+00,{80B0A0FF-9277-4971-9F41-CC7433819279}
614,Northeast Heights,7,"3924 - 3968 Minnesota Ave., NE",Cedar Realty Trust / Trammell Crow Company,Retail,194600,0,,420000000,2022-28,Pipeline,,,2020-2021, ,,,SDE,2025/10/16 20:13:28+00,{7EA64246-698D-4DC2-A690-E4EA9A39DBD1}
615,Upton Place,3,4000 Wisconsin Ave. NW,Donohoe Companies,Retail,100000,0,,0,2024,Pipeline,,,2020-2021, ,,,SDE,2025/10/16 20:13:28+00,{8485F4EC-508F-4DDA-B24A-5D9BD42C7BE2}
616,Skyland Town Center (Block 3),7,"Alabama Ave. & Naylor Rd., SE",Rappaport / WC Smith,Retail,42400,0,,17000000,2022,Pipeline,,,2020-2021, ,,,SDE,2025/10/16 20:13:28+00,{24C84D0D-8428-4D19-8D7B-ACA00D35DAC5}
617,113 Potomac Avenue,6,"113 Potomac Ave., SW",Toll Brothers,Retail,41000,0,,250000000,2023,Pipeline,,,2020-2021, ,,,SDE,2025/10/16 20:13:28+00,{33020A57-75E4-48FA-BB6B-FB43682882C9}
618,North Building,5,"1329 5th St., NE",EDENS / Gables Residential,Retail,23100,0,,140000000,2023,Pipeline,,,2020-2021, ,,,SDE,2025/10/16 20:13:28+00,{9E21E440-99AF-4FD1-BB45-EB2AD43878CC}
619,Waterfront Station II,6,"1000 4th St., SW",Hoffman & Associates / CityPartners / Affordable Housing Developers / Paramount Development Corp. / DMPED,Retail,19700,0,,165000000,2023,Pipeline,,,2020-2021, ,,,SDE,2025/10/16 20:13:28+00,{79E5AF35-AE4F-4572-83EF-D28F1AC5FC17}
620,The Yards (Parcel I),6,"Canal & N Sts., SE",Brookfield Properties,Retail,16000,0,,0,2023,Pipeline,,,2020-2021, ,,,SDE,2025/10/16 20:13:28+00,{E89076BC-150B-4D10-BAFE-8A99140510CF}
621,"The Clara on Martin Luther King, Jr. Ave",8,"2313 Martin Luther King Jr. Ave, SE",Banneker Ventures / Masjid Muhammad,Retail,14000,0,,43000000,2022,Pipeline,,,2020-2021, ,,,SDE,2025/10/16 20:13:28+00,{24F09F6A-3B94-43C1-83A8-286163CFDD38}
622,City Ridge,3,"3900 Wisconsin Ave., NW",Roadside / North America Sekisui House,Retail,196000,0,,715000000,Q2 22,Under Construction,,,2020-2021, ,,,SDE,2025/10/16 20:13:28+00,{68800D96-7450-434D-9624-22D9406D2A33}
623,Crest at Skyland Town Center,7,"Alabama Ave. & Naylor Rd., SE",Rappaport / WC Smith / Washington East,Retail,117000,0,,199000000,Q1 21,Under Construction,,,2020-2021, ,,,SDE,2025/10/16 20:13:28+00,{0AD70B57-B6EF-4254-A85E-94892E3E44AB}
624,The Wharf (Phase II),6,Southwest Waterfront,Hoffman & Associates / Madison Marquette,Retail,95000,0,,1150000000,Q3 22,Under Construction,,,2020-2021, ,,,SDE,2025/10/16 20:13:28+00,{72170F3C-B59A-4A6C-9E2B-0059C9B39F7D}
625,Eckington Yards,5,"1625 Eckington Pl. & 1500 Harry Thomas Way, NE",The JBG Companies / LCOR,Retail,67300,0,,265000000,Q2 21,Under Construction,,,2020-2021, ,,,SDE,2025/10/16 20:13:28+00,{D46297E8-423E-4A43-B54B-6BDBEF389419}
626,Armature Works,6,"1200 3rd St., NE",Trammell Crow Company / High Street Residential / MetLife,Retail,60000,0,,400000000,Q2 22,Under Construction,,,2020-2021, ,,,SDE,2025/10/16 20:13:28+00,{17165178-FF88-440B-A17E-EEEC93E322DB}
627,The Hartley,4,"6900 Georgia Ave., NW",Hines / Urban Atlantic / Triden Development / Bridge Investment Group,Retail,60000,0,,0,Q1 22,Under Construction,,,2020-2021, ,,,SDE,2025/10/16 20:13:28+00,{E49B9598-2C28-4BF3-A089-61A4117677FB}
628,NoMa CNTR,6,"1005 1st St., NE",Perseus TDC / Four Points / Buccini Pollin Group / Sunwater Management,Retail,39900,0,,330000000,Q4 22,Under Construction,,,2020-2021, ,,,SDE,2025/10/16 20:13:28+00,{82F216A8-1856-417E-A62C-DE92BAFD82CD}
629,Press House at Union District,6,"301 - 331 N St., NE",Foulger-Pratt,Retail,27282,0,,180000000,Q2 21,Under Construction,,,2020-2021, ,,,SDE,2025/10/16 20:13:28+00,{B150617E-D06A-4AED-AFC0-353CC6C87D36}
630,Hecht Warehouse (1515 New York Avenue),5,"1515 New York Ave., NE",Douglas Development Corporation,Retail,93000,0,,27000000,Q4 19,Completed,,,2020-2021, ,,,SDE,2025/10/16 20:13:28+00,{A605E528-AF17-4A5D-B8F3-7B3D3CACE8C0}
631,RiverPoint,6,"2100 2nd St., SW",Akridge / Western Development / Orr Partners / Jefferson Apartment Group,Retail,70400,0,,220000000,Q4 20,Completed,,,2020-2021, ,,,SDE,2025/10/16 20:13:28+00,{13A51CAB-A538-4FE9-8F81-5F9566551D06}
632,Beckert’s Park,6,"415 14th St., SE",Foulger-Pratt / Safeway,Retail,68000,0,,138000000,Q3 20,Completed,,,2020-2021, ,,,SDE,2025/10/16 20:13:28+00,{90A88936-EA4F-47BB-9224-BA1982F76853}
633,Shops at Penn Branch (Phase I),7,"3200 Pennsylvania Ave., SE",Jair Lynch Real Estate Partners,Retail,65000,0,,25000000,Q4 19,Completed,,,2020-2021, ,,,SDE,2025/10/16 20:13:28+00,{781BB33E-C316-4A6D-9B5D-DBB5E29DFE78}
634,250 Massachusetts Avenue,2,"250 Massachusetts Ave., NW",Property Group Partners,Retail,58400,0,,275000000,Q4 19,Completed,,,2020-2021, ,,,SDE,2025/10/16 20:13:28+00,{60256790-0716-4470-8DFF-F9F612E016D0}
635,The Wren,1,"965 Florida Ave., NW",MRP Realty / JBG Smith / Ellis Development Group,Retail,49200,0,,153000000,Q3 20,Completed,,,2020-2021, ,,,SDE,2025/10/16 20:13:28+00,{14CE62D8-2F85-401D-BB71-6C16A2BEE458}
636,Hecht Warehouse District (Pappas Building),5,"1401 Okie St., NE",Douglas Development Corporation,Retail,46800,0,,9000000,Q4 19,Completed,,,2020-2021, ,,,SDE,2025/10/16 20:13:28+00,{C82BE180-E0B5-420A-BEC9-C78D47C3E117}
637,AVEC,6,"901 H St., NE",Rappaport / Lustine Family / WC Smith,Retail,43700,0,,200000000,Q2 20,Completed,,,2020-2021, ,,,SDE,2025/10/16 20:13:28+00,{7949B78D-89FE-4086-9F02-E83EC2EC8DAA}
638,West Half,6,"1201 Half St., SE",JBG Smith,Retail,42000,0,,228000000,Q3 20,Completed,,,2020-2021, ,,,SDE,2025/10/16 20:13:28+00,{08C9A759-59B2-4E6E-9EE3-1A45B6096BBD}
639,McMillan Sand Filtration Site,5,"North Capitol St. & Michigan Ave., NW",Jair Lynch Real Estate Partners / Trammell Crow Company / EYA,Quality of Life,1017500,,,720000000,2023,Pipeline,,,2016-2019,,,,SDE,2025/10/16 20:12:15+00,{37ED8BED-CB14-4351-9FAA-9A92B20619B2}
640,The Kelvin,6,"1250 Half St., SE",Jair Lynch Real Estate Partners,Retail,59000,,,155000000,Q4 19,Under Construction,,,2016-2019,,,,SDE,2025/10/16 20:13:28+00,{986B74DE-9FA4-4D99-8308-BDB3696E7246}
641,citizenM,6,555 E STREET SW,DC Strategy Group / Paramount / CityPartners / Potomac Investment Properties / Adams Investment Group,Hospitality,130000,252,,120000000,Q2 20,Under Construction,,,2016-2019,,,,SDE,2025/10/16 20:10:22+00,{B53A3F6A-3197-4CDD-9E2D-8F09A88F8558}
642,AC Hotel,2,"1112 19th Street, NW",OTO Development,Hospitality,125650,219,,41000000,Q4 19,Under Construction,,,2016-2019,WDG Architecture,,,SDE,2025/10/16 20:10:22+00,{74950F77-5220-4D64-AC50-D9ED8FA7F034}
643,Armature Works,6,"1200 3rd Street, NE",Trammell Crow Company / High Street Residential,Hospitality,147000,204,,0,2021,Pipeline,,,2016-2019,Shalom Baranes Associates / Leo A Daly,,,SDE,2025/10/16 20:10:22+00,{5F091A45-61D6-45EE-9831-EFA63A23668F}
644,CFPB HQ Modernization,2,"1700 G St., NW",General Services Administration,Office,503000,,,139000000,,Under Construction,,,2016-2019,RTKL Associates / SOM,,,SDE,2025/10/16 20:11:02+00,{A10F6842-696A-4A5A-AB44-87FAFDDCE42E}
645,Fillmore School,2,"1801 35th St., NW",S&R Foundation,Education,37426,,,,2018,Pipeline,,,2016-2019,Barnes Vanze Architects,,,SDE,2025/10/16 20:09:37+00,{690CE9EE-C588-45E3-903E-AA77499F76E5}
646,Homewood Suites,2,"465 New York Ave., NW","Magna Hospitality / IBG Partners, LLC",Hospitality,103000,160,,,,Completed,,,2016-2019,BBGM,,,SDE,2025/10/16 20:10:22+00,{4D7E32EE-2BE8-4A52-A8F0-15F220FCB0DE}
647,"Trump International Hotel, The Old Post Office",2,"1100 Pennsylvania Ave., NW",Trump Hotel Collection,Hospitality,536000,263,,200000000,,Under Construction,,,2016-2019,WDG Arhictecture / Beyer Blinder Belle Architects & Planners LLP,,,SDE,2025/10/16 20:10:22+00,{C0C61908-6AF3-40ED-B45B-255FEED771D5}
648,Martin Luther King Jr. Library,2,"9th & G Sts., NW",DC Public Library,Hospitality,425000,,,198000000,2020,Pipeline,,,2016-2019,Mecanoo / Martinez & Johnson,,,SDE,2025/10/16 20:10:22+00,{FA6AAED7-42E0-49DD-ACFE-6705A7B7B455}
649,Lacebark Alley,6,"51 N St., 50 Patterson St. & 1250 1st St., NE",The JBG Companies / Brandywine Realty Trust,Hospitality,33000,,,275000000,2018,Pipeline,,,2016-2019,Shalom Baranes Associates / Cooper Carry / David M. Schwarz Architects,,,SDE,2025/10/16 20:10:22+00,{B48B3A23-5AD1-4A54-A136-EA58CB0491ED}
650,1 M Street,6,"1 M St., SE",Monument Realty,Office,116000,,,,2018,Pipeline,,,2016-2019,HOK,,,SDE,2025/10/16 20:11:02+00,{785E9930-C39F-4EAC-8074-447194D98FE4}
651,Fort Totten Square,4,"South Dakota Ave. & Riggs Rd., NE",Lowe Enterprises / The JBG Companies,Retail,130000,,,120000000,,Completed,,,2016-2019,Hickok Cole Architects,,,SDE,2025/10/16 20:13:28+00,{A22E8841-F763-47C5-8F5F-81F5910BA42C}
652,Atlantic Plumbing DC,1,"2112 8th St., NW",The JBG Companies / Walton Street Capital,Retail,19000,,,100000000,,Completed,,,2016-2019,"Morris Adjmi Architects / Eric Colbert & Associates, PC",,,SDE,2025/10/16 20:13:28+00,{84B3C929-215E-4D97-900A-DBF981B8436D}
653,Uline Arena,6,"1140 3rd St., NE",Douglas Development Corp.,Retail,73074,,,125000000,,Under Construction,,,2016-2019,Antunovich Associates,,,SDE,2025/10/16 20:13:28+00,{3B8E5353-E4E1-465E-AB39-C188B5BE7F2C}
654,The Wharf (Ph I),6,Southwest Waterfront,Hoffman-Madison Waterfront,Residential,,870,R/O,1200000000,,Under Construction,,,2016-2019,BBGM / Handel Architects / FOX Architects / Kohn Pedersen Fox & Associates / MTFA Architecture / SK+I Architectural Design Group / SmithGroupJJR / WDG Architecture / Perkins Eastman DC,,,SDE,2025/10/16 20:20:42+00,{CB876056-6ACA-4523-81C1-BB6A314D9244}
655,Capital View Library,7,"5001 Central Ave., SE",DC Public Library,Hospitality,20000,,,5000000,2017,Pipeline,,,2016-2019,R. McGhee & Associates,,,SDE,2025/10/16 20:10:22+00,{D92820C5-FBDE-4705-8D95-77756E8D92C2}
656,111 Massachusetts Avenue,6,111 Massachusetts Avenue,Douglas Development Corporation /,Office,318708,,,74000000,2023,Pipeline,,,2016-2019,Studios Architecture,,,SDE,2025/10/16 20:11:02+00,{E958C7E4-ACFF-42D6-8009-94D21B5BD7F5}
657,Square 696 (Phase I),6,"88 K Street, SE",Tishman Speyer,Residential,,400,R,,Q1 20,Under Construction,,,2016-2019,Handel Arhictects,,,SDE,2025/10/16 20:12:51+00,{2F3A54DC-3AA0-42CF-A73E-A722E7114A0C}
658,The Parks at Walter Reed (The Brooks & The Vale),4,"6800 Georgia Ave., NW",Urban Atlantic / Hines / Triden Development,Residential,,390,R/O,140000000,2020,Pipeline,,,2016-2019,Torti Gallas Urban,,,SDE,2025/10/16 20:12:51+00,{2CA9DDC3-7530-4970-BC9A-9FC660EEA9FE}
659,Consumer Financial Protection Bureau HQ Modernization,2,"1700 G Street, NW",General Services Administration,Office,481404,,,139000000,Q4 17,Completed,,,2016-2019,RTKL Associates / SOM,,,SDE,2025/10/16 20:11:02+00,{7AAD91D6-5CDE-4BB1-BD04-3D8103831D49}
660,Hotel Zena,2,"1155 14th St., NW",Pebblebrook Hotel Trust,Hospitality,106300,191,,25000000,Q4 20,Completed,,,2020-2021, ,,,SDE,2025/10/16 20:10:22+00,{A3BB63D2-7EC0-4226-938F-D610E0919B62}
661,National Air and Space Museum,2,The National Mall,Smithsonian,Hospitality,687000,0,,900000000,2024,Under Construction,,,2020-2021, ,,,SDE,2025/10/16 20:10:22+00,{1C6ACF91-808C-4B6C-A486-D25DEA609266}
662,80 M Street (addition),6,"80 M St., SE",Columbia Property Trust,Office,112000,0,,0,Q4 21,Under Construction,,,2020-2021, ,,,SDE,2025/10/16 20:11:02+00,{3E78A21B-1B2F-4B0B-972D-584B689220DB}
663,5 M Street,6,"5 M St., SW",JBG Smith,Office,226000,0,,0, ,Pipeline,,,2020-2021, ,,,SDE,2025/10/16 20:11:02+00,{DFF98626-6448-4068-9949-1B355B106CB5}
664,MLK Gateway II,8,"1909 Martin L King Jr Ave., SE",Menkiti Group,Office,60000,0,,0,2022,Pipeline,,,2020-2021, ,,,SDE,2025/10/16 20:11:02+00,{EF6CDAF6-F354-434B-AE76-241B97FE8B06}
665,New Residence Hall,5,Catholic University,Catholic University,Quality of Life,104000,0,,35000000,2023,Pipeline,,,2020-2021, ,,,SDE,2025/10/16 20:12:15+00,{58229878-F4ED-4D58-9237-1293A76E7A3C}
666,Children's National Research & Innovation Campus,4,"7144 13th Place, NW",Children's National Medical Center,Quality of Life,380000,0,,250000000,Q1 21,Under Construction,,,2020-2021, ,,,SDE,2025/10/16 20:12:15+00,{6BB730EC-4939-47E7-9254-E8D4C4601872}
667,Martin Luther King Jr. Library,2,"9th & G Sts., NW",Jair Lynch Real Estate Partners / DC Public Library,Quality of Life,400000,0,,212000000,Q3 20,Completed,,,2020-2021, ,,,SDE,2025/10/16 20:12:15+00,{3846C43E-3010-487D-8731-612EC5D42109}
668,Bread for the City,8,"17th & Good Hope Rd., SE",Bread for the City,Quality of Life,27700,0,,26000000,Q3 20,Completed,,,2020-2021, ,,,SDE,2025/10/16 20:12:15+00,{CE887D4E-A354-4CF4-B6F1-18B25335C344}
669,1313 L Street,2,"1313 L St., NW",Lincoln Property Company,Residential,0,222,,0,2023,Pipeline,,,2020-2021, ,,,SDE,2025/10/16 20:12:51+00,{8E2DEBA5-8188-497B-B98A-E35BA82D6A3E}
670,Cambria Hotel,6,"69 Q St., SW",Donohoe Companies,Hospitality,77500,154,,58000000,Q1 21,Under Construction,,,2020-2021, ,,,SDE,2025/10/16 20:10:22+00,{2063212E-1076-4708-A579-72B385C03BA1}
671,Parcel F1,6,"N Place & 1 1/2 St., SE",Brookfield Properties,Hospitality,66400,0,,0,2024,Pipeline,,,2020-2021, ,,,SDE,2025/10/16 20:10:22+00,{726C4808-9F0E-4D00-B496-D8A3CF90383D}
672,280 12th Street,6,"280 12th St., SW",Pacific Star Capital,Hospitality,0,163,,0, ,Pipeline,,,2020-2021, ,,,SDE,2025/10/16 20:10:22+00,{8AF167BD-097C-4F76-8EB9-D8CCE88702A1}
673,1900 N,2,"1900 N St., NW",JBG Smith,Office,259000,0,,230000000,Q4 19,Completed,,,2020-2021, ,,,SDE,2025/10/16 20:11:02+00,{1F24D73A-485E-47F2-9A2F-A87510366891}
674,1 M Street,6,"1 M St., SE",Monument Realty,Office,129500,0,,0,Q1 20,Completed,,,2020-2021, ,,,SDE,2025/10/16 20:11:02+00,{50E29887-5D20-4C9B-A58D-230D9261DEAD}
675,1275 New Jersey Avenue,6,"1275 New Jersey Ave., SE",Brookfield Properties,Office,296200,0,,0,Q4 21,Under Construction,,,2020-2021, ,,,SDE,2025/10/16 20:11:02+00,{F4043C00-74D4-4207-9F14-82FFF9024770}
676,Virgin Hotel,5,411 NEW YORK AVENUE NE,Brook Rose Development / D. B. Lee Development,Hospitality,111440,178,,,,Pipeline,,,2016-2019,,,,SDE,2025/10/16 20:10:22+00,{D46E161B-EB3B-4FA6-8B70-1074973A383F}
677,655 New York Avenue,6,"655 New York Ave., NW",Douglas Development Corporation / Brookfield Properties,Office,653500,,,185000000,Q3 19,Completed,,,2016-2019,,,,SDE,2025/10/16 20:11:02+00,{369CED14-4C6E-4A31-AB26-F105C0789A44}
678,2050 M Street,2,"2050 M St., NW",Tishman Speyer,Office,353200,,,,Q4 19,Under Construction,,,2016-2019,,,,SDE,2025/10/16 20:11:02+00,{A35FF393-9E50-4B49-A94E-7FD9D2A1FFC6}
679,1901 L Street,2,"1901 L St., NW",The Meridian Group,Office,202000,,,,Q4 19,Under Construction,,,2016-2019,,,,SDE,2025/10/16 20:11:02+00,{D6265247-D510-49CB-8CBB-2C82CC43E056}
680,South Building (Union Market),5,"1309 5th St., NE",EDENS,Office,222255,,,92000000,,Pipeline,,,2016-2019,,,,SDE,2025/10/16 20:11:02+00,{DA006586-50B4-4F9E-A1D7-C26A404033BF}
681,Bancroft Elementary School,1,"1755 Newton St., NW",Department of General Services / DC Public Schools,Quality of Life,146000,,,76000000,Q3 18,Completed,,,2016-2019,,,,SDE,2025/10/16 20:12:15+00,{F8F21115-2D86-43DE-BC9F-C67C585AFF21}
682,The Wren,1,"965 Florida Ave., NW",MRP Realty / JBG Smith / Ellis Development Group,Residential,0,433,,153000000,Q3 20,Completed,,,2020-2021, ,,,SDE,2025/10/16 20:12:51+00,{4B06A3CF-40D7-4E82-8BE9-E98205694A48}
683,City Ridge,3,"3900 Wisconsin Ave., NW",Roadside / North America Sekisui House,Residential,0,690,,715000000,Q2 22,Under Construction,,,2020-2021, ,,,SDE,2025/10/16 20:12:51+00,{18D184B5-5F86-4824-B774-2AD91A602FDA}
684,The Gantry (Building A-1),5,"300 Morse St., NE",Kettler / Carmel Partners,Residential,0,450,,0,Q3 21,Under Construction,,,2020-2021, ,,,SDE,2025/10/16 20:12:51+00,{EFD6D20A-E88C-456D-A5B2-64C6421FA5D6}
685,Saint Elizabeths East (Parcel 13),8,Saint Elizabeths East Campus,Neighborhood Development Company / MCG Capital / DMPED,Retail,21000,0,,0,2024,Pipeline,,,2020-2021, ,,,SDE,2025/10/16 20:13:28+00,{73193F5D-5A07-4B69-A819-08AE3D125416}
686,Bryant Street (Phase I),5,"680 Rhode Island Ave., NE",MRP Realty / FRP Development Corp,Retail,40400,0,,0,Q3 21,Under Construction,,,2020-2021, ,,,SDE,2025/10/16 20:13:28+00,{2F1DD5FE-B6B5-440D-929B-CD362D48112B}
687,The Kelvin,6,"1250 Half St., SE",Jair Lynch Real Estate Partners,Retail,59000,0,,155000000,Q3 20,Completed,,,2020-2021, ,,,SDE,2025/10/16 20:13:28+00,{4AA3C3DC-1AEA-4B8D-8EC5-11273E48D729}
688,Union Place (Phase II),6,"200 K St., NE",Toll Brothers,Residential,,525,,170000000,Q2 19,Completed,,,2016-2019,,,,SDE,2025/10/16 20:12:51+00,{BE1B2479-36CF-46B4-ADC6-04533415E6E4}
689,West Half,6,"1201 Half St., SE",JBG Smith,Residential,,465,,228400000,Q1 20,Under Construction,,,2016-2019,,,,SDE,2025/10/16 20:12:51+00,{3B95C059-BE03-44ED-BDCB-57D1C9D7F6D1}
690,300 M,6,"300 M St., NE",The Wilkes Company,Residential,,425,,158000000,2022,Pipeline,,,2016-2019,,,,SDE,2025/10/16 20:12:51+00,{08A5A6ED-6755-4583-8E8B-BD9FB1270493}
691,The Wharf (Phase II),6,Southwest Waterfront,Hoffman & Associates / Madison Marquette,Retail,119559,,,1200000000,Q3 22,Under Construction,,,2016-2019,,,,SDE,2025/10/16 20:13:28+00,{197DDF09-19DE-4FDE-8874-39C8B312E00E}
692,Highline at Union Market,5,"320 Florida Ave., NE",Level 2 Development /  Clark Enterprises,Residential,,317,R,101000000,2019,Pipeline,,,2016-2019,"Eric Colbert & Associates, PC",,,SDE,2025/10/16 20:12:51+00,{EBBFA599-3F45-4E40-BC6A-9E00E9653E36}
693,St. Paul's College Seminary & Residence,5,"3025 4th St., NE",Elm Street Development / Boundary Companies,Education,102000,,,,,Pipeline,,,2016-2019,N/A,,,SDE,2025/10/16 20:09:37+00,{3EF1147F-362B-4ABB-89D2-7AC6A1E045A8}
694,The Modern at Fort Totten,5,"5180 South Dakota Avenue, NE",Morris & Gwendolyn Cafritz Foundation,Residential,,520,R,135000000,Q3 17,Completed,,,2016-2019,EE&K / MV+A Architects / Shalom Baranes Associates,,,SDE,2025/10/16 20:12:51+00,{350C2909-ADD2-479D-A77A-ED1CB24E50B2}
695,Museum of the Bible,6,"300 D Street, SW",Museum of the Bible,Hospitality,430000,,,504000000,Q4 17,Completed,,,2016-2019,SmithGroupJJR,,,SDE,2025/10/16 20:10:22+00,{FD9B7D88-5002-43A6-9CF4-A89A317C349B}
696,Martin Luther King Jr. Library,2,"9th & G Sts., NW",Jair Lynch Real Estate Partners / DC Public Library,Quality of Life,400000,,,211600000,Q3 20,Under Construction,,,2016-2019,,,,SDE,2025/10/16 20:12:15+00,{38B90C27-CF86-48FD-BAFC-E708669703B3}
697,Riverpoint,6,"2100 2nd St., SW",Akridge / Western Development Corp. / Jefferson Apartment Grp. / Orr Partners,Retail,70441,,,220000000,Q1 20,Under Construction,,,2016-2019,,,,SDE,2025/10/16 20:13:28+00,{91E21883-1B12-4534-A6CF-E59CEEE92213}
698,Apollo,6,"610 H St., NE",Insight Property Group,Residential,,431,R,195000000,,Under Construction,,,2016-2019,SK+I Architectural Design Group,,,SDE,2025/10/16 20:12:51+00,{D1F3C7FF-6EDA-4A33-A2AC-EBCC9B0D0D7A}
699,SLS Lux Hotel & Residences,6,"901 5th Street, NW",Peebles Corporation / MacFarlane Partners,Hospitality,142500,175,,135000000,2020,Pipeline,,,2016-2019,WDG Architecture,,,SDE,2025/10/16 20:10:22+00,{D3E8AE79-AF11-48B2-8611-955D65725B52}
700,Renwick Gallery,2,"1661 Pennsylvania Ave., NW",Smithsonian,Hospitality,34000,,,30000000,,Completed,,,2016-2019,Westlake Reed Leskosky,,,SDE,2025/10/16 20:10:22+00,{CB2F97B1-AEA5-4ADA-94FA-7F2D063C57B7}
701,Four Constitution Square,6,"150 M St., NE",StonebridgeCarras / Walton Street Capital,Office,505000,,,250000000,2018,Pipeline,,,2016-2019,HOK,,,SDE,2025/10/16 20:11:02+00,{1A2513C1-F911-49E7-A941-402DA2FF6854}
702,National Law Enforcement Museum,2,E STREET NW FROM 4TH STREET NW TO 5TH STREET NW,NLEOMF,Hospitality,55000,,,103000000,Q4 18,Completed,,,2016-2019,,,,SDE,2025/10/16 20:10:22+00,{D9D5656D-21E3-427A-8905-73E902B3620A}
703,Saint Elizabeths East (Phase I),8,Saint Elizabeths East Campus,Redbrick / Gragg Cardona Partners / Flaherty & Collins / AEDC / DMPED,Office,170000,,,300000000,2019,Pipeline,,,2016-2019,"Cunningham + Quill Architects, PLLC",,,SDE,2025/10/16 20:11:02+00,{F349DE32-FF86-4662-AAD3-055737DE1BDA}
704,Sentinel Square (Phase III),6,"45 L Street, NE",Trammell Crow Company,Office,545000,,,250000000,Q1 20,Under Construction,,,2016-2019,SmithGroupJJR,,,SDE,2025/10/16 20:11:02+00,{02C807B7-F638-49DE-8B9B-5541154F1A9F}
705,Storey Park,6,"1005 1st Street, NE",Perseus Realty / Four Points / Greencourt Capital,Residential,,472,R,330000000,2021,Pipeline,,,2016-2019,HKS PC,,,SDE,2025/10/16 20:12:51+00,{57C69301-377C-4FF5-B781-E39B141E0968}
706,City Ridge,3,"3900 Wisconsin Ave., NW",Roadside,Office,170000,0,,715000000,Q2 22,Under Construction,,,2020-2021, ,,,SDE,2025/10/16 20:11:02+00,{CBE1324B-60DE-42C5-8BF8-360903DF9C9B}
707,555 Pennsylvania Avenue,2,"555 Pennsylvania Ave., NW",John Hopkins University,Quality of Life,400000,0,,200000000,2023,Pipeline,,,2020-2021, ,,,SDE,2025/10/16 20:12:15+00,{D661A8E5-641E-4006-9A55-64679D1A970E}
708,Medstar Georgetown University Hospital Pavilion,2,"3800 Reservoir Rd., NW",MedStar Georgetown University Hospital / Trammell Crow Company,Quality of Life,497000,0,,560000000,Q1 23,Under Construction,,,2020-2021, ,,,SDE,2025/10/16 20:12:15+00,{9910E69B-8F60-4F21-925C-B5C3999C777D}
709,The Wharf (Phase II) - Pendry Hotel,6,Southwest Waterfront,Hoffman & Associates / Madison Marquette,Hospitality,80000,131,,1150000000,Q3 22,Under Construction,,,2020-2021, ,,,SDE,2025/10/16 20:10:22+00,{EBC0EB81-810A-48EF-8678-44A358D7F805}
710,1050 17th Street,2,"1050 17th St., NW",The Lenkin Company,Office,148600,0,,0,Q2 20,Completed,,,2020-2021, ,,,SDE,2025/10/16 20:11:02+00,{7F4FE7C3-0EDC-44D5-A1D9-4B8D98E26013}
711,The Wharf (Phase II),6,Southwest Waterfront,Hoffman & Associates / Madison Marquette,Office,547000,0,,1150000000,Q3 22,Under Construction,,,2020-2021, ,,,SDE,2025/10/16 20:11:02+00,{37B03DF9-9F9B-46F9-96C4-28FF821C9858}
712,MOB Hotel,5,400 FLORIDA AVENUE NE,Ranger Properties,Hospitality,65903,155,,,,Pipeline,,,2016-2019,,,,SDE,2025/10/16 20:10:22+00,{4FA1293D-06C6-4673-911E-6B53BF068584}
713,250 Massachusetts Avenue,2,"250 Massachusetts Ave., NW",Property Group Partners,Office,507764,,,275000000,Q4 19,Under Construction,,,2016-2019,,,,SDE,2025/10/16 20:11:02+00,{BB120850-B63E-4BF6-AD71-1CBAD6376ACD}
714,Sibley Memorial Hospital Tower,3,"5255 Loughboro Rd., NW",Sibley Memorial Hospital,Quality of Life,127000,,,35000000,Q3 19,Completed,,,2016-2019,,,,SDE,2025/10/16 20:12:15+00,{1F00D617-BA59-4BB0-B002-C31493C07CCF}
715,Parc Riverside (Phase II),6,"1010 Half St., SE",Toll Brothers,Residential,0,308,,103000000,Q2 20,Completed,,,2020-2021, ,,,SDE,2025/10/16 20:12:51+00,{46182673-9F75-4F9A-BE67-552D1A9B5914}
716,Saint Elizabeths East (Parcel 17),8,Saint Elizabeths East Campus,Redbrick LMD / Gragg Cardona Partners / DMPED,Retail,31000,0,,170000000,2023,Pipeline,,,2020-2021, ,,,SDE,2025/10/16 20:13:28+00,{AE39BAB2-5966-442F-9255-D5370914CD12}
717,ART Place at Fort Totten (Phase II),5,"5300 South Dakota Ave., NE",Morris & Gwendolyn Cafritz Foundation,Retail,95000,0,,0,Q4 22,Under Construction,,,2020-2021, ,,,SDE,2025/10/16 20:13:28+00,{0B4E556E-1E82-4FD1-AD74-FC81037CB6CD}
718,Bond Bread,1,"2114 Georgia Ave., NW",Fivesquares Development / EDENS / Menkiti Group / Howard University,Retail,74000,,,150000000,,Pipeline,,,2016-2019,,,,SDE,2025/10/16 20:13:28+00,{B350E77C-2A93-44A6-84EA-D907EBF555CE}
719,Press House at Union District,6,301 N STREET NE,Foulger-Pratt,Hospitality,80366,175,,180000000,Q2 21,Under Construction,,,2016-2019,,,,SDE,2025/10/16 20:10:22+00,{C1F37A38-C49B-4358-9504-E4D713D9C46F}
